|1091|1091| |Battle_of_Levounion|Battle_Of_Levounion| |Pechenegs|Pechenegs|  are defeated by  |Byzantine_Emperor|List_Of_Byzantine_Emperors| |Alexios_I_Komnenos|Alexios_I_Komnenos| .    |1386|1386| |Battle_of_the_Vikhra_River|Battle_Of_The_Vikhra_River| |Principality_of_Smolensk|Principality_Of_Smolensk|  is defeated by the  |Grand_Duchy_of_Lithuania|Grand_Duchy_Of_Lithuania|  and becomes its vassal.    |1429|1429| |Joan_of_Arc|Joan_Of_Arc|  arrives to relieve the  |Siege_of_Orléans|Siege_Of_Orléans| .    |1483|1483| |Gran_Canaria|Gran_Canaria| , the main island of the  |Canary_Islands|Canary_Islands| , is conquered by the  |Kingdom_of_Castile|Kingdom_Of_Castile| .    |1521|1521| |Swedish_War_of_Liberation|Swedish_War_Of_Liberation| |Battle_of_Västerås|Battle_Of_Västerås| .    |1770|1770| |James_Cook|James_Cook|  arrives in  |Australia|Australia|  at  |Botany_Bay|Botany_Bay| , which he names.    |1781|1781| |American_Revolutionary_War|American_Revolutionary_War| |Battle_of_Fort_Royal|Battle_Of_Fort_Royal|  off the coast of  |Martinique|Martinique| .    |1834|1834| |Charles_Darwin|Charles_Darwin|  during the  |second_survey_voyage_of_HMS_Beagle|Second_Voyage_Of_Hms_Beagle| , ascended the Bell mountain,  |Cerro_La_Campana|Cerro_La_Campana|  on 17 August 1834, his visit being commemorated by a memorial plaque. The Bell mountain,  |Cerro_La_Campana|Cerro_La_Campana| , which  |Charles_Darwin|Charles_Darwin|  ascended on 17 August 1834   |:File:Cerro_La_Campana.jpg|:File:Cerro_La_Campana.Jpg| |:File:Placa_de_darwin_en_cerro_La_Campana_Olmue_Chile.jpg|:File:Placa_De_Darwin_En_Cerro_La_Campana_Olmue_Chile.Jpg| |1861|1861| |American_Civil_War|American_Civil_War| |Marylands|Maryland| |House_of_Delegates|Maryland_House_Of_Delegates|  votes not to secede from the  |Union|Union| .    |1862|1862|    American Civil War: The  |Capture_of_New_Orleans|Capture_Of_New_Orleans|  by Union forces under  |David_Farragut|David_Farragut| .    |1864|1864| |Theta_Xi|Theta_Xi|  fraternity is founded at  |Rensselaer_Polytechnic_Institute|Rensselaer_Polytechnic_Institute| , the only fraternity to be founded during the  |American_Civil_War|American_Civil_War| . ;     |1903|1903|    A 30 million cubic-metre  |landslide|Frank_Slide|  kills 70 people in  |Frank|Frank,_Alberta| , in the  |District_of_Alberta|District_Of_Alberta| , Canada.    |1910|1910|    The  |Parliament_of_the_United_Kingdom|Parliament_Of_The_United_Kingdom|  passes the  |Peoples_Budget|Peoples_Budget| , the first budget in British history with the expressed intent of  |redistributing_wealth|Redistribution_Of_Wealth|  among the British public.    |1911|1911| |Tsinghua_University|Tsinghua_University| , one of  |mainland_Chinas|Mainland_China|  leading universities, is founded.     |1916|1916| |World_War_I|World_War_I| |6th_Indian_Division|6Th_Indian_Division|  surrenders to  |Ottoman_Forces|Ottoman_Empire|  at the  |Siege_of_Kut|Siege_Of_Kut|  in one of the largest surrenders of British forces up to that point.   1916    |Easter_Rising|Easter_Rising| |Dublin|Dublin| , bringing the Easter Rising to an end.    |1944|1944| |World_War_II|World_War_Ii| |Nancy_Wake|Nancy_Wake| , a leading figure in the  |French_Resistance|French_Resistance|  and the  |Gestapos|Gestapo|  most wanted person, parachutes back into France to be a liaison between London and the local  |maquis|Maquis|  group.    |1945|1945|    World War II: The  |German_army_in_Italy_surrenders|Operation_Sunrise|  to the Allies.   1945   World War II: Start of  |Operation_Manna|Operations_Manna_And_Chowhound| .   1945   World War II: The  HMS Goodall is torpedoed by U-286 outside the Kola Inlet becoming the last Royal Navy ship to be sunk in the European theatre of World War II.   1945   World War II:  |Führerbunker|Führerbunker| |Adolf_Hitler|Adolf_Hitler|  marries his longtime partner  |Eva_Braun|Eva_Braun|  in a Berlin bunker and designates  |Admiral|Admiral| |Karl_Dönitz|Karl_Dönitz|  as his successor; Hitler and Braun both commit suicide the following day.   1945    |Dachau_concentration_camp|Dachau_Concentration_Camp|  is liberated by United States troops.   1945   The Italian commune of  |Fornovo_di_Taro|Fornovo_Di_Taro|  is liberated from German forces by  |Brazilian|Brazilian_Expeditionary_Force|  forces.    |1946|1946|    The  |International_Military_Tribunal_for_the_Far_East|International_Military_Tribunal_For_The_Far_East|  convenes and indicts former  |Prime_Minister_of_Japan|Prime_Minister_Of_Japan| |Hideki_Tojo|Hideki_Tojo|  and 28 former Japanese leaders for  |war_crimes|War_Crime| .    |1951|1951| |Tibet|Tibet| an delegates to the  |Central_Peoples_Government|Central_Peoples_Government_Of_The_Peoples_Republic_Of_China|  arrive in Beijing and draft a  |Seventeen_Point_Agreement|Seventeen_Point_Agreement_For_The_Peaceful_Liberation_Of_Tibet|  for Chinese sovereignty and Tibetan autonomy.    |1953|1953|    The first U.S. experimental  |3D_television|3D_Television|  broadcast showed an episode of  Space Patrol  on Los Angeles  |ABC|American_Broadcasting_Company|  affiliate  |KECA-TV|Keca-Tv| .    |1965|1965| |Pakistans|Pakistan| |Space_and_Upper_Atmosphere_Research_Commission|Space_And_Upper_Atmosphere_Research_Commission|  successfully launches its seventh rocket in its Rehber series.    |1967|1967|    After refusing induction into the United States Army the previous day,  |Muhammad_Ali|Muhammad_Ali|  is stripped of his  |boxing|Boxing|  title.    |1968|1968|    The controversial musical  Hair , a product of the  |hippie|Hippie| |counter-culture|Counterculture_Of_The_1960S|  and  |sexual_revolution|Sexual_Revolution|  of the 1960s, opens at the  |Biltmore_Theatre|Biltmore_Theatre|  on  |Broadway|Broadway_Theatre| , with some of its songs becoming anthems of the  |anti-Vietnam_War_movement|Opposition_To_United_States_Involvement_In_The_Vietnam_War| .    |1970|1970| |Vietnam_War|Vietnam_War| |South_Vietnam|South_Vietnam| ese forces  |invade_Cambodia|Cambodian_Campaign|  to hunt  |Viet_Cong|Viet_Cong| .     |1974|1974| |Watergate_scandal|Watergate_Scandal| |Richard_Nixon|Richard_Nixon|  announces the release of edited transcripts of  |White_House|White_House|  tape recordings relating to the scandal.     |1975|1975|    Vietnam War:  |Operation_Frequent_Wind|Operation_Frequent_Wind| |Saigon|Saigon|  before an expected  |North_Vietnam|North_Vietnam| ese takeover. U.S. involvement in the war comes to an end.   1975   Vietnam War: The  |North_Vietnam|North_Vietnam| ese  |army|Peoples_Army_Of_Vietnam|  completes  |its_capture|East_Sea_Campaign|  of all parts of  |South_Vietnam|South_Vietnam| ese-held  |Trường_Sa_Islands|Spratly_Islands| .    |1986|1986|    A fire at the Central library of the City of  |Los_Angeles_Public_Library|Los_Angeles_Public_Library|  damages or destroys 400,000 books and other items.   1986    |Chernobyl_disaster|Chernobyl_Disaster| |1991|1991|    A  |cyclone|1991_Bangladesh_Cyclone|  strikes the  |Chittagong|Chittagong|  district of southeastern  |Bangladesh|Bangladesh|  with winds of around , killing at least 138,000 people and leaving as many as ten million homeless.   1991   The 7.0   |Racha_earthquake|1991_Racha_Earthquake|  affects  |Georgia|Georgia|  with a maximum  |MSK|Medvedev–Sponheuer–Karnik_Scale|  intensity of IX , killing 270 people.    |1992|1992| |Riots_in_Los_Angeles|1992_Los_Angeles_Riots| , following the acquittal of police officers charged with excessive force in the beating of  |Rodney_King|Rodney_King| . Over the next three days 63 people are killed and hundreds of buildings are destroyed.    |1997|1997|    The  |Chemical_Weapons_Convention|Chemical_Weapons_Convention|  of 1993 enters into force, outlawing the production, stockpiling and use of  |chemical_weapons|Chemical_Warfare|  by its signatories.    |2011|2011|    The  |Wedding_of_Prince_William_and_Catherine_Middleton|Wedding_Of_Prince_William_And_Catherine_Middleton|  takes place at  |Westminster_Abbey|Westminster_Abbey|  in London.    |2013|2013|    A powerful  |explosion|2013_Prague_Explosion|  occurs in an office building in  |Prague|Prague| , believed to have been caused by natural gas, injures 43 people.   2013    |National_Airlines_Flight_102|National_Airlines_Flight_102| , a  |Boeing_747-400|Boeing_747-400| , crashes during takeoff from  |Bagram_Airfield|Bagram_Airfield|  in  |Afghanistan|Afghanistan| , killing all seven people on board.     |2015|2015|    A baseball game between the  |Baltimore_Orioles|Baltimore_Orioles|  and the  |Chicago_White_Sox|Chicago_White_Sox|  sets the all-time low attendance mark for  |Major_League_Baseball|Major_League_Baseball| . Zero fans were in attendance for the game, as the stadium was officially closed to the public due to the  |2015_Baltimore_protests|2015_Baltimore_Protests| .            |912|912| |Minamoto_no_Mitsunaka|Minamoto_No_Mitsunaka| , Japanese samurai    |1469|1469| |William_II,_Landgrave_of_Hesse|William_Ii,_Landgrave_Of_Hesse| |1587|1587| |Sophie_of_Saxony,_Duchess_of_Pomerania|Sophie_Of_Saxony,_Duchess_Of_Pomerania| |1636|1636| |Esaias_Reusner|Esaias_Reusner| , German  |lute|Lute|  player and composer    |1665|1665| |James_Butler,_2nd_Duke_of_Ormonde|James_Butler,_2Nd_Duke_Of_Ormonde| , Irish general and politician,  |Lord_Lieutenant_of_Ireland|Lord_Lieutenant_Of_Ireland| |1667|1667| |John_Arbuthnot|John_Arbuthnot| , Scottish-English physician and polymath    |1686|1686| |Peregrine_Bertie,_2nd_Duke_of_Ancaster_and_Kesteven|Peregrine_Bertie,_2Nd_Duke_Of_Ancaster_And_Kesteven| , English politician,  |Lord_Great_Chamberlain|Lord_Great_Chamberlain| |1727|1727| |Jean-Georges_Noverre|Jean-Georges_Noverre| , French actor and dancer    |1745|1745| |Oliver_Ellsworth|Oliver_Ellsworth| , American lawyer and politician, 3rd  |Chief_Justice_of_the_United_States|Chief_Justice_Of_The_United_States| |1758|1758| |Georg_Carl_von_Döbeln|Georg_Carl_Von_Döbeln| , Swedish general    |1762|1762| |Jean-Baptiste_Jourdan|Jean-Baptiste_Jourdan| , French general and politician,  |French_Minister_of_Foreign_Affairs|Ministry_Of_Foreign_Affairs_And_International_Development| |1780|1780| |Charles_Nodier|Charles_Nodier| , French librarian and author    |1783|1783| |David_Cox|David_Cox| , English landscape painter    |1784|1784| |Samuel_Turell_Armstrong|Samuel_Turell_Armstrong| , American publisher and politician, 14th  |Lieutenant_Governor_of_Massachusetts|Lieutenant_Governor_Of_Massachusetts| |1810|1810| |Thomas_Adolphus_Trollope|Thomas_Adolphus_Trollope| , English journalist and author    |1814|1814| |Sadok_Barącz|Sadok_Barącz| ,  |Galician|Galicia|  religious leader, historian, folklorist, archivist    |1818|1818| |Alexander_II_of_Russia|Alexander_Ii_Of_Russia| |1837|1837| |Georges_Ernest_Boulanger|Georges_Ernest_Boulanger| , French general and politician,  |French_Minister_of_War|Minister_Of_Defence| |1842|1842| |Carl_Millöcker|Carl_Millöcker| , Austrian composer and conductor    |1847|1847| |Joachim_Andersen|Joachim_Andersen| , Danish flautist, composer, conductor, and co-founder of the Berlin Philharmonic Orchestra    |1848|1848| |Raja_Ravi_Varma|Raja_Ravi_Varma| , Indian painter and academic    |1854|1854| |Henri_Poincaré|Henri_Poincaré| , French mathematician, physicist, and engineer    |1858|1858| |Georgia_Hopley|Georgia_Hopley| , American journalist, temperance advocate, and the first woman  |prohibition_agent|Prohibition_Agent| |1863|1863| |Constantine_P._Cavafy|Constantine_P._Cavafy| , Egyptian-Greek journalist and poet   1863    |William_Randolph_Hearst|William_Randolph_Hearst| , American publisher and politician, founded the  |Hearst_Corporation|Hearst_Corporation|    1863    |Maria_Teresia_Ledóchowska|Maria_Teresia_Ledóchowska| , Austrian nun and missionary    |1872|1872| |Harry_Payne_Whitney|Harry_Payne_Whitney| , American businessman and lawyer   1872    |Forest_Ray_Moulton|Forest_Ray_Moulton| , American astronomer and academic    |1875|1875| |Rafael_Sabatini|Rafael_Sabatini| , Italian-English novelist and short story writer    |1878|1878| |Friedrich_Adler|Friedrich_Adler| , Jewish-German academic, artist and designer    |1879|1879| |Thomas_Beecham|Thomas_Beecham| , English conductor    |1880|1880| |Fethi_Okyar|Fethi_Okyar| , Turkish military officer, diplomat and politician    |1882|1882| |Auguste_Herbin|Auguste_Herbin| , French painter   1882    |Hendrik_Nicolaas_Werkman|Hendrik_Nicolaas_Werkman| , Dutch printer, typographer, and  |Nazi_resister|Dutch_Resistance| |1891|1891| |Bharathidasan|Bharathidasan| , Indian poet and activist    |1894|1894| |Marietta_Blau|Marietta_Blau| , Austrian physicist and academic    |1885|1885| |Egon_Erwin_Kisch|Egon_Erwin_Kisch| , Czech journalist and author    |1887|1887| |Raymond_Thorne|Raymond_Thorne| , American swimmer    |1893|1893| |Harold_Urey|Harold_Urey| , American chemist and astronomer,  |Nobel_Prize|Nobel_Prize_In_Chemistry|  laureate    |1895|1895| |Vladimir_Propp|Vladimir_Propp| , Russian scholar and critic   1895    |Malcolm_Sargent|Malcolm_Sargent| , English organist, composer, and conductor    |1899|1899| |Duke_Ellington|Duke_Ellington| , American pianist, composer, and bandleader   1899    |Mary_Petty|Mary_Petty| , American illustrator    |1900|1900| |Concha_de_Albornoz|Concha_De_Albornoz| , Spanish feminist and intellectual, exiled during the Spanish Civil War   1900    |Amelia_Best|Amelia_Best| , Australian politician, one of the first women elected to the  |Tasmanian_House_of_Assembly|Tasmanian_House_Of_Assembly| |1901|1901| |Hirohito|Hirohito| , Japanese emperor    |1907|1907| |Fred_Zinnemann|Fred_Zinnemann| , Austrian-American director and producer    |1908|1908| |Jack_Williamson|Jack_Williamson| , American author and academic    |1909|1909| |Tom_Ewell|Tom_Ewell| , American actor    |1912|1912| |Richard_Carlson|Richard_Carlson| , American actor, director, and screenwriter    |1915|1915| |Henry_H._Barschall|Henry_H._Barschall| , German-American physicist and academic    |1917|1917| |Maya_Deren|Maya_Deren| , Ukrainian-American director, poet, and photographer   1917    |Celeste_Holm|Celeste_Holm| , American actress and singer    |1918|1918| |George_Allen|George_Allen| , American football player and coach    |1919|1919| |Gérard_Oury|Gérard_Oury| , French actor, director, and screenwriter    |1920|1920| |Edward_Blishen|Edward_Blishen| , English author and radio host   1920    |Harold_Shapero|Harold_Shapero| , American composer    |1922|1922| |Helmut_Krackowizer|Helmut_Krackowizer| , Austrian motorcycle racer and journalist   1922    |Toots_Thielemans|Toots_Thielemans| , Belgian guitarist and harmonica player    |1923|1923| |Irvin_Kershner|Irvin_Kershner| , American actor, director, and producer    |1924|1924| |Al_Balding|Al_Balding| , Canadian golfer   1924    |Zizi_Jeanmaire|Zizi_Jeanmaire| , French ballerina and actress    |1925|1925| |John_Compton|John_Compton| , Saint Lucian lawyer and politician, 1st  |Prime_Minister_of_Saint_Lucia|Prime_Minister_Of_Saint_Lucia|    1925    |Iwao_Takamoto|Iwao_Takamoto| , American animator, director, and producer    |1926|1926| |Elmer_Kelton|Elmer_Kelton| , American journalist and author    |1927|1927| |Dorothy_Manley|Dorothy_Manley| , English sprinter   1927    |Bill_Slater|Bill_Slater| , English footballer    |1928|1928| |Carl_Gardner|Carl_Gardner| , American R & B/rock & roll singer    1928    |Heinz_Wolff|Heinz_Wolff| , German-English physiologist, engineer, and academic    |1929|1929| |Walter_Kempowski|Walter_Kempowski| , German author and academic   1929    |Mickey_McDermott|Mickey_Mcdermott| , American baseball player and coach   1929    |Peter_Sculthorpe|Peter_Sculthorpe| , Australian composer and conductor   1929    |Maurice_Strong|Maurice_Strong| , Canadian businessman and diplomat   1929    |Jeremy_Thorpe|Jeremy_Thorpe| , English lawyer and politician    |1930|1930| |Jean_Rochefort|Jean_Rochefort| , French actor and director    |1931|1931| |Frank_Auerbach|Frank_Auerbach| , British-German painter   1931    |Lonnie_Donegan|Lonnie_Donegan| , Scottish-English singer-songwriter and guitarist   1931    |Chris_Pearson|Chris_Pearson| , Canadian politician, 1st  |Premier_of_Yukon|Premier_Of_Yukon| |1932|1932| |Joy_Clements|Joy_Clements| , American soprano and actress   1932    |David_Tindle|David_Tindle| , English painter and educator    |1933|1933| |Ed_Charles|Ed_Charles| , African-American baseball player and coach   1933    |Mark_Eyskens|Mark_Eyskens| , Belgian economist and politician, 61st  |Prime_Minister_of_Belgium|Prime_Minister_Of_Belgium| |Rod_McKuen|Rod_Mckuen| , American singer-songwriter and poet   1933    |Willie_Nelson|Willie_Nelson| , American singer-songwriter, guitarist, producer, and actor    |1934|1934| |Luis_Aparicio|Luis_Aparicio| , Venezuelan-American baseball player   1934    |Peter_de_la_Billière|Peter_De_La_Billière| , English general   1934    |Erika_Fisch|Erika_Fisch| , German sprinter and hurdler   1934    |Pedro_Pires|Pedro_Pires| , Cape Verdean politician, 3rd  |President_of_Cape_Verde|President_Of_Cape_Verde| |1935|1935| |Otis_Rush|Otis_Rush| , American blues singer-songwriter and guitarist    |1936|1936| |Zubin_Mehta|Zubin_Mehta| , Indian bassist and conductor   1936    |Adolfo_Nicolás|Adolfo_Nicolás| , Spanish priest, 13th  |Superior_General_of_the_Society_of_Jesus|Superior_General_Of_The_Society_Of_Jesus| |Jacob_Rothschild,_4th_Baron_Rothschild|Jacob_Rothschild,_4Th_Baron_Rothschild| , English banker and philanthropist   1936    |April_Stevens|April_Stevens| , American pop singer    |1937|1937| |Arvo_Mets|Arvo_Mets| , Estonian-Russian poet and translator   1937    |Jill_Paton_Walsh|Jill_Paton_Walsh| , English author    |1938|1938| |Bernard_Madoff|Bernard_Madoff| , American businessman and financier   1938    |Klaus_Voormann|Klaus_Voormann| , German artist, bass player, and producer    |1940|1940| |Stephanos_of_Tallinn|Stephanos_Of_Tallinn| , Estonian metropolitan   1940    |Brian_Taber|Brian_Taber| , Australian cricketer    |1941|1941| |Jonah_Barrington|Jonah_Barrington| , English-Irish squash player   1941    |Dorothy_Edgington|Dorothy_Edgington| , British philosopher   1941    |Hanne_Darboven|Hanne_Darboven| , German painter    |1942|1942| |Lynda_Chalker,_Baroness_Chalker_of_Wallasey|Lynda_Chalker,_Baroness_Chalker_Of_Wallasey| , English politician,  |Minister_of_State_for_Europe|Minister_Of_State_For_Europe| |Rennie_Fritchie,_Baroness_Fritchie|Rennie_Fritchie,_Baroness_Fritchie| , English civil servant and academic   1942    |Galina_Kulakova|Galina_Kulakova| , Russian skier    |1943|1943| |Duane_Allen|Duane_Allen| , American country singer    1943    |Brenda_Dean,_Baroness_Dean_of_Thornton-le-Fylde|Brenda_Dean,_Baroness_Dean_Of_Thornton-Le-Fylde| , English union leader and politician   1943    |Ruth_Deech,_Baroness_Deech|Ruth_Deech,_Baroness_Deech| , English lawyer and academic    |1944|1944| |Francis_Lee|Francis_Lee| , English footballer and businessman    |1945|1945| |Brian_Charlesworth|Brian_Charlesworth| , English biologist, geneticist, and academic   1945    |Hugh_Hopper|Hugh_Hopper| , English bass guitarist   1945    |Catherine_Lara|Catherine_Lara| , French singer-songwriter and violinist   1945    |Tammi_Terrell|Tammi_Terrell| , American soul singer-songwriter    |1946|1946| |Aleksander_Wolszczan|Aleksander_Wolszczan| , Polish astronomer    |1947|1947| |Serge_Bernier|Serge_Bernier| , Canadian ice hockey player   1947    |Tommy_James|Tommy_James| , American singer-songwriter, guitarist, and producer   1947    |Johnny_Miller|Johnny_Miller| , American golfer and sportscaster   1947    |Jim_Ryun|Jim_Ryun| , American runner and politician    |1948|1948| |Bruce_Cutler|Bruce_Cutler| , American lawyer    |1950|1950| |Paul_Holmes|Paul_Holmes| , New Zealand journalist   1950    |Phillip_Noyce|Phillip_Noyce| , Australian director and producer   1950    |Debbie_Stabenow|Debbie_Stabenow| , American social worker and politician    |1951|1951| |Rick_Burleson|Rick_Burleson| , American baseball player   1951    |Dale_Earnhardt|Dale_Earnhardt| , American race car driver   1951    |John_Holmes|John_Holmes| , English diplomat,  |British_Ambassador_to_France|List_Of_Ambassadors_Of_The_United_Kingdom_To_France| |1952|1952| |Nora_Dunn|Nora_Dunn| , American actress and comedian   1952    |David_Icke|David_Icke| , English footballer and sportscaster   1952    |Bob_McClure|Bob_Mcclure| , American baseball player and coach   1952    |Rob_Nicholson|Rob_Nicholson| , Canadian lawyer and politician, 11th  |Canadian_Minister_of_Foreign_Affairs|Minister_Of_Foreign_Affairs| |Ron_Washington|Ron_Washington| , American baseball player and manager    |1954|1954| |Jake_Burton_Carpenter|Jake_Burton_Carpenter| , American snowboarder and businessman, founded  |Burton_Snowboards|Burton_Snowboards| |Jerry_Seinfeld|Jerry_Seinfeld| , American comedian, actor, and producer    |1955|1955| |Don_McKinnon|Don_Mckinnon| , Australian rugby league player   1955    |Kate_Mulgrew|Kate_Mulgrew| , American actress    |1956|1956| |Karen_Barad|Karen_Barad| , American physicist and philosopher    |1957|1957| |Daniel_Day-Lewis|Daniel_Day-Lewis| , British-Irish actor   1957    |Mark_Kendall|Mark_Kendall| , American guitarist and songwriter    |1958|1958| |Michelle_Pfeiffer|Michelle_Pfeiffer| , American actress   1958    |Eve_Plumb|Eve_Plumb| , American actress   1958    |Gary_Cohen|Gary_Cohen| , American baseball play-by-play announcer     |1960|1960| |Bill_Glasson|Bill_Glasson| , American golfer   1960    |Robert_J._Sawyer|Robert_J._Sawyer| , Canadian author and academic    |1962|1962| |Bruce_Driver|Bruce_Driver| , Canadian ice hockey player and coach   1962    |Rob_Druppers|Rob_Druppers| , Dutch runner   1962    |Stephan_Burger|Stephan_Burger| , German Catholic archbishop    |1963|1963| |Mike_Babcock|Mike_Babcock| , Canadian ice hockey player and coach    |1964|1964| |Federico_Castelluccio|Federico_Castelluccio| , Italian-American actor, director, producer, and screenwriter   1964    |Radek_Jaroš|Radek_Jaroš| , Czech mountaineer and author    |1965|1965| |Michel_Bussi|Michel_Bussi| , French geographer, author, and academic   1965    |Peter_Rauhofer|Peter_Rauhofer| , Austrian-American disc jockey and producer   1965    |Larisa_Turchinskaya|Larisa_Turchinskaya| , Russian-Australian heptathlete and coach   1965    |Brendon_Tuuta|Brendon_Tuuta| , New Zealand rugby league player   1966    |Christian_Tetzlaff|Christian_Tetzlaff| , German violinist   1966    |Phil_Tufnell|Phil_Tufnell| , English cricketer and radio host    |1967|1967| |Marcel_Albers|Marcel_Albers| , Dutch race car driver   1967    |Curtis_Joseph|Curtis_Joseph| , Canadian ice hockey player and coach    |1968|1968| |Kolinda_Grabar-Kitarović|Kolinda_Grabar-Kitarović| , 4th President of Croatia   1968    |Carnie_Wilson|Carnie_Wilson| , American singer-songwriter    |1969|1969| |Jack_Mackenroth|Jack_Mackenroth| , American swimmer, model, and fashion designer    |1970|1970| |Andre_Agassi|Andre_Agassi| , American tennis player   1970    |Uma_Thurman|Uma_Thurman| , American actress    |1972|1972| |Dustin_McDaniel|Dustin_Mcdaniel| , American lawyer and politician, 55th  |Arkansas_Attorney_General|Arkansas_Attorney_General| |1974|1974| |Jasper_Wood|Jasper_Wood| , Canadian violinist and educator   1974    |Anggun|Anggun| ,  |Diva|Diva| |Indonesia|Indonesia| |1975|1975| |Rafael_Betancourt|Rafael_Betancourt| , Venezuelan baseball player   1975    |Artem_Yashkin|Artem_Yashkin| , Ukrainian footballer    |1976|1976| |Fabio_Liverani|Fabio_Liverani| , Italian footballer and manager   1976    |Chiyotaikai_Ryūji|Chiyotaikai_Ryūji| , Japanese sumo wrestler    |1977|1977| |Zuzana_Hejdová|Zuzana_Hejdová| , Czech tennis player   1977    |Claus_Jensen|Claus_Jensen| , Danish footballer and sportscaster   1977    |Titus_ONeil|Titus_Oneil| , American football player and wrestler   1977    |Attila_Zsivoczky|Attila_Zsivoczky| , Hungarian decathlete and high jumper    |1978|1978| |Tony_Armas,_Jr.|Tony_Armas,_Jr.| , Venezuelan baseball player   1978    |Bob_Bryan|Bob_Bryan| , American tennis player   1978    |Mike_Bryan|Mike_Bryan| , American tennis player   1978    |Javier_Colon|Javier_Colon| , American singer-songwriter and musician   1978    |Craig_Gower|Craig_Gower| , Australian rugby player   1978    |Tyler_Labine|Tyler_Labine| , Canadian actor and comedian    |1979|1979| |Lee_Dong-gook|Lee_Dong-Gook| , South Korean footballer   1979    |Ryan_Sharp|Ryan_Sharp| , Scottish race car driver and manager    |1980|1980| |Mathieu_Biron|Mathieu_Biron| , Canadian ice hockey player   1980    |Kelly_Shoppach|Kelly_Shoppach| , American baseball player    |1981|1981| |Lisa_Allen|Lisa_Allen| , English chef   1981    |George_McCartney|George_Mccartney| , Northern Irish footballer   1981    |Émilie_Mondor|Émilie_Mondor| , Canadian runner    |1983|1983| |Jay_Cutler|Jay_Cutler| , American football player   1983    |Tommie_Harris|Tommie_Harris| , American football player   1983    |David_Lee|David_Lee| , American basketball player    |1984|1984| |Kirby_Cote|Kirby_Cote| , Canadian swimmer   1984    |Paulius_Jankūnas|Paulius_Jankūnas| , Lithuanian basketball player   1984    |Lina_Krasnoroutskaya|Lina_Krasnoroutskaya| , Russian tennis player   1984    |Vassilis_Xanthopoulos|Vassilis_Xanthopoulos| , Greek basketball player    |1985|1985| |Jean-François_Jacques|Jean-François_Jacques| , Canadian ice hockey player    |1986|1986| |Byun_Yo-han|Byun_Yo-Han| , South Korean actor    1986    |Lee_Chae-young|Lee_Chae-Young| , South Korean actress    1986    |Viljar_Veski|Viljar_Veski| , Estonian basketball player   1986    |Sisa_Waqa|Sisa_Waqa| , Fijian rugby league player   1986    |Monique_Alfradique|Monique_Alfradique| , Brazilian actress    |1987|1987| |Knut_Børsheim|Knut_Børsheim| , Norwegian golfer   1987    |Sara_Errani|Sara_Errani| , Italian tennis player    |1988|1988| |Elías_Hernández|Elías_Hernández| , Mexican footballer   1988    |Alfred_Hui|Alfred_Hui| , Hong Kong singer    1988    |Jovan_Leacock|Jovan_Leacock| , American football player   1988    |Jonathan_Toews|Jonathan_Toews| , Canadian ice hockey player   1988    |Younha|Younha| , South Korean singer-songwriter and record producer     |1991|1991| |Adam_Smith|Adam_Smith| , English footballer   1991    |Jung_Hye-sung|Jung_Hye-Sung| , South Korean actress     |1992|1992| |Emilio_Orozco|Emilio_Orozco| , American soccer player    |1994|1994| |Christina_Shakovets|Christina_Shakovets| , German tennis player    |1995|1995| |Victoria_Sinitsina|Victoria_Sinitsina| , Russian ice dancer    |1996|1996| |Katherine_Langford|Katherine_Langford| , Australian actress    |1998|1998| |Kimberly_Birrell|Kimberly_Birrell| , Australian tennis player    |2007|2007| |Infanta_Sofía_of_Spain|Infanta_Sofía_Of_Spain| , Spanish princess         |643|643| |Hou_Junji|Hou_Junji| , Chinese general and politician,  |Chancellor_of_the_Tang_dynasty|Chancellor_Of_The_Tang_Dynasty| |926|926| |Burchard_II,_Duke_of_Swabia|Burchard_Ii,_Duke_Of_Swabia| |1380|1380| |Catherine_of_Siena|Catherine_Of_Siena| , Italian mystic, philosopher, and saint    |1417|1417| |Louis_II_of_Anjou|Louis_Ii_Of_Anjou| |1594|1594| |Thomas_Cooper|Thomas_Cooper| , English bishop, lexicographer, and theologian    |1630|1630| |Agrippa_dAubigné|Agrippa_Daubigné| , French soldier and poet    |1658|1658| |John_Cleveland|John_Cleveland| , English poet and author    |1676|1676| |Michiel_de_Ruyter|Michiel_De_Ruyter| , Dutch admiral    |1688|1688| |Frederick_William,_Elector_of_Brandenburg|Frederick_William,_Elector_Of_Brandenburg| |1698|1698| |Charles_Cornwallis,_3rd_Baron_Cornwallis|Charles_Cornwallis,_3Rd_Baron_Cornwallis| , English politician,  |Lord_Lieutenant_of_Suffolk|Lord_Lieutenant_Of_Suffolk| |1707|1707| |George_Farquhar|George_Farquhar| , Irish-English actor and playwright    |1743|1743| |Charles-Irénée_Castel_de_Saint-Pierre|Charles-Irénée_Castel_De_Saint-Pierre| , French theorist and author    |1768|1768| |Georg_Brandt|Georg_Brandt| , Swedish chemist and mineralogist    |1771|1771| |Francesco_Bartolomeo_Rastrelli|Francesco_Bartolomeo_Rastrelli| , French-Italian architect, designed  |Winter_Palace|Winter_Palace|  and  |Catherine_Palace|Catherine_Palace| |1776|1776| |Edward_Wortley_Montagu|Edward_Wortley_Montagu| , English explorer and author    |1793|1793| |John_Michell|John_Michell| , English geologist and astronomer    |1798|1798| |Nikolaus_Poda_von_Neuhaus|Nikolaus_Poda_Von_Neuhaus| , Austrian entomologist and author    |1833|1833| |William_Babington|William_Babington| , Anglo-Irish  |physician|Physician|  and  |mineralogist|Mineralogy| |1854|1854| |Henry_Paget,_1st_Marquess_of_Anglesey|Henry_Paget,_1St_Marquess_Of_Anglesey| , English field marshal and politician,  |Lord_Lieutenant_of_Ireland|Lord_Lieutenant_Of_Ireland| |1903|1903| |Paul_Du_Chaillu|Paul_Du_Chaillu| , French-American anthropologist and zoologist    |1905|1905| |Ignacio_Cervantes|Ignacio_Cervantes| , Cuban pianist and composer    |1916|1916| |Jørgen_Pedersen_Gram|Jørgen_Pedersen_Gram| , Danish mathematician and academic    |1920|1920| |William_H._Seward_Jr.|William_H._Seward_Jr.| , American general and banker    |1921|1921| |Arthur_Mold|Arthur_Mold| , English cricketer    |1933|1933| |Constantine_P._Cavafy|Constantine_P._Cavafy| , Greek poet and journalist    |1937|1937| |William_Gillette|William_Gillette| , American actor and playwright    |1944|1944| |Bernardino_Machado|Bernardino_Machado| , Portuguese academic and politician, 3rd  |President_of_Portugal|President_Of_Portugal| |1945|1945| |Matthias_Kleinheisterkamp|Matthias_Kleinheisterkamp| , German  |SS|Ss|  officer    |1947|1947| |Irving_Fisher|Irving_Fisher| , American economist and statistician    |1951|1951| |Ludwig_Wittgenstein|Ludwig_Wittgenstein| , Austrian-English philosopher and academic    |1954|1954| |Kathleen_Clarice_Groom|Kathleen_Clarice_Groom| , Australian-English author and screenwriter    |1956|1956| |Harold_Bride|Harold_Bride| , English soldier and operator   1956    |Wilhelm_Ritter_von_Leeb|Wilhelm_Ritter_Von_Leeb| , German field marshal    |1959|1959| |Kenneth_Arthur_Noel_Anderson|Kenneth_Arthur_Noel_Anderson| , India-born English soldier and  |Governor_of_Gibraltar|Governor_Of_Gibraltar| |1964|1964| |Rae_Johnstone|Rae_Johnstone| , Australian jockey    |1966|1966| |William_Eccles|William_Eccles| , English physicist and engineer   1966    |Paula_Strasberg|Paula_Strasberg| , American actress, acting coach, and member of the Communist Party    |1967|1967| |J._B._Lenoir|J._B._Lenoir| , American singer-songwriter and guitarist    |1968|1968| |Lin_Zhao|Lin_Zhao| , Chinese dissident and Christian executed during the  |Cultural_Revolution|Cultural_Revolution| |1976|1976| |Edvard_Drabløs|Edvard_Drabløs| , Norwegian actor and director    |1978|1978| |Theo_Helfrich|Theo_Helfrich| , German race car driver    |1979|1979| |Muhsin_Ertuğrul|Muhsin_Ertuğrul| , Turkish actor and director   1979    |Hardie_Gramatky|Hardie_Gramatky| , American author and illustrator    |1980|1980| |Alfred_Hitchcock|Alfred_Hitchcock| , English-American director and producer    |1982|1982| |Raymond_Bussières|Raymond_Bussières| , French actor, producer, and screenwriter    |1992|1992| |Mae_Clarke|Mae_Clarke| , American actress    |1993|1993| |Michael_Gordon|Michael_Gordon| , American actor and director   1993    |Mick_Ronson|Mick_Ronson| , English guitarist, songwriter, and producer    |1997|1997| |Mike_Royko|Mike_Royko| , American journalist and author    |1998|1998| |Hal_Laycoe|Hal_Laycoe| , Canadian ice hockey player and coach    |2000|2000| |Phạm_Văn_Đồng|Phạm_Văn_Đồng| , Vietnamese lieutenant and politician, 2nd  |Prime_Minister_of_Vietnam|Prime_Minister_Of_Vietnam| |2001|2001| |Arthur_B._C._Walker,_Jr.|Arthur_B._C._Walker,_Jr.| , American physicist and academic    |2002|2002| |Bob_Akin|Bob_Akin| , American race car driver and journalist    |2003|2003| |Janko_Bobetko|Janko_Bobetko| , Croatian Army general and Chief of the General Staff    |2004|2004| |Sid_Smith|Sid_Smith| , Canadian ice hockey player and coach    |2005|2005| |William_J._Bell|William_J._Bell| , American screenwriter and producer   2005    |Louis_Leithold|Louis_Leithold| , American mathematician and academic    |2006|2006| |John_Kenneth_Galbraith|John_Kenneth_Galbraith| , Canadian-American economist and diplomat,  |United_States_Ambassador_to_India|United_States_Ambassador_To_India| |2007|2007| |Milt_Bocek|Milt_Bocek| , American baseball player and soldier   2007    |Josh_Hancock|Josh_Hancock| , American baseball player   2007    |Dick_Motz|Dick_Motz| , New Zealand cricketer and rugby player   2007    |Ivica_Račan|Ivica_Račan| , Croatian politician, 7th  |Prime_Minister_of_Croatia|Prime_Minister_Of_Croatia| |2008|2008| |Chuck_Daigh|Chuck_Daigh| , American race car driver   2008    |Albert_Hofmann|Albert_Hofmann| , Swiss chemist and academic    |2010|2010| |Sandy_Douglas|Sandy_Douglas| , English computer scientist and academic, designed  OXO     |2011|2011| |Siamak_Pourzand|Siamak_Pourzand| , Iranian journalist and critic    |2011|2011| |Joanna_Russ|Joanna_Russ| , American writer, academic and radical feminist    |2012|2012| |Shukri_Ghanem|Shukri_Ghanem| , Libyan politician,  |Prime_Minister_of_Libya|Prime_Minister_Of_Libya|    2012    |Joel_Goldsmith|Joel_Goldsmith| , American composer and conductor   2012    |Roland_Moreno|Roland_Moreno| . French engineer, invented the  |smart_card|Smart_Card|    2012    |Kenny_Roberts|Kenny_Roberts| , American singer-songwriter    |2013|2013| |Alex_Elisala|Alex_Elisala| , New Zealand-Australian rugby player   2013    |Pesah_Grupper|Pesah_Grupper| , Israeli politician, 13th  |Israel_Minister_of_Agriculture|Ministry_Of_Agriculture_And_Rural_Development|    2013    |Parekura_Horomia|Parekura_Horomia| , New Zealand politician, 40th  |Minister_of_Māori_Affairs|Minister_Of_Māori_Affairs|    2013    |John_La_Montaine|John_La_Montaine| , American pianist and composer   2013    |Ernest_Michael|Ernest_Michael| , American mathematician and scholar   2013    |Kevin_Moore|Kevin_Moore| , English footballer   2013    |Marianna_Zachariadi|Marianna_Zachariadi| , Greek pole vaulter    |2014|2014| |Iveta_Bartošová|Iveta_Bartošová| , Czech singer and actress   2014    |Al_Feldstein|Al_Feldstein| , American author and illustrator   2014    |Bob_Hoskins|Bob_Hoskins| , English actor   2014    |Michael_Kadosh|Michael_Kadosh| , Israeli footballer and manager    |2015|2015| |François_Michelin|François_Michelin| , French businessman   2015    |Jean_Nidetch|Jean_Nidetch| , American businesswoman, co-founded  |Weight_Watchers|Ww_International|    2015    |Calvin_Peete|Calvin_Peete| , American golfer   2015    |Dan_Walker|Dan_Walker| , American lawyer and politician, 36th  |Governor_of_Illinois|Governor_Of_Illinois| |2016|2016| |Renato_Corona|Renato_Corona| , Filipino lawyer and jurist, 23rd  |Chief_Justice_of_the_Supreme_Court_of_the_Philippines|Chief_Justice_Of_The_Supreme_Court_Of_The_Philippines| |2019|2019| |John_Singleton|John_Singleton| , American film director, producer and screenwriter   2019    |Josef_Šural|Josef_Šural| , Czech footballer         Christian  |feast_day|Calendar_Of_Saints| |Catherine_of_Siena|Catherine_Of_Siena| |Endelienta|Saint_Endelienta| |Hugh_of_Cluny|Hugh_Of_Cluny| |Robert_of_Molesme|Robert_Of_Molesme| |Torpes_of_Pisa|Torpes_Of_Pisa| |April_29|April_29| |Day_of_Remembrance_for_all_Victims_of_Chemical_Warfare|Day_Of_Remembrance_For_All_Victims_Of_Chemical_Warfare| |International_Dance_Day|International_Dance_Day| |Shōwa_Day|Shōwa_Day| , traditionally the start of the  |Golden_Week|Golden_Week|  holiday period, which is April 29 and May 3–5. 