|AD_65|Ad_65|    The  |freedman|Freedman| |Milichus|Milichus|  betrays  |Pisos_plot|Pisonian_Conspiracy|  to kill the  |Emperor|Roman_Emperor| |Nero|Nero|  and all the  |conspirators|List_Of_Conspiracies|  are arrested.    |531|531| |Battle_of_Callinicum|Battle_Of_Callinicum| |Byzantine|Byzantine_Empire|  army under  |Belisarius|Belisarius|  is defeated by the  |Persians|Sasanian_Empire|  at  |Raqqa|Raqqa|  .    |797|797|    Empress  |Irene|Irene_Of_Athens|  organizes a conspiracy against her son, the  |Byzantine|Byzantine_Empire|  emperor  |Constantine_VI|Constantine_Vi| . He is deposed and  |blinded|Political_Mutilation_In_Byzantine_Culture| . Shortly after, Constantine dies of his wounds; Irene proclaims herself  basileus .    |1012|1012| |Martyrdom|Martyrdom|  of  |Ælfheah|Ælfheah_Of_Canterbury|  in  |Greenwich|Greenwich| , England.    |1506|1506|    The  |Lisbon_Massacre|Lisbon_Massacre|  begins, in which accused Jews are being slaughtered by  |Portuguese|Portuguese_People|  Catholics.    |1529|1529|    Beginning of the  |Protestant_Reformation|Protestant_Reformation| |Second_Diet_of_Speyer|Second_Diet_Of_Speyer|  bans Lutheranism, a group of rulers  and  |independent_cities|Free_Imperial_City| |protests|Protestation_At_Speyer|  the reinstatement of the  |Edict_of_Worms|Edict_Of_Worms| .    |1539|1539| |Treaty_of_Frankfurt|Treaty_Of_Frankfurt|  signed.    |1608|1608|    In Ireland:  |ODohertys_Rebellion|Odohertys_Rebellion|  is launched by the  |Burning_of_Derry|Burning_Of_Derry| .    |1677|1677|    The French army  |captures_the_town_of_Cambrai|Siege_Of_Cambrai|  held by Spanish troops.    |1713|1713|    With no living male heirs,  |Charles_VI,_Holy_Roman_Emperor|Charles_Vi,_Holy_Roman_Emperor| , issues the  |Pragmatic_Sanction_of_1713|Pragmatic_Sanction_Of_1713|  to ensure that  |Habsburg|Habsburg|  lands and the  |Austrian_throne|Habsburg_Monarchy|  would be inheritable by a female; his daughter and successor,  |Maria_Theresa|Maria_Theresa|  was not actually born until 1717.    |1770|1770|    Captain  |James_Cook|James_Cook| , still holding the rank of lieutenant, sights the eastern coast of what is now Australia.   1770    |Marie_Antoinette|Marie_Antoinette|  marries  |Louis_XVI_of_France|Louis_Xvi_Of_France|  in a  |proxy_wedding|Proxy_Marriage| .    |1775|1775| |American_Revolutionary_War|American_Revolutionary_War| |battles_of_Lexington_and_Concord|Battles_Of_Lexington_And_Concord| .    |1782|1782| |John_Adams|John_Adams|  secures the  |Dutch_Republics|Dutch_Republic|  recognition of the United States as an independent government. The house which he had purchased in  |The_Hague|The_Hague| , Netherlands becomes the first  |American_embassy|Diplomatic_Missions_Of_The_United_States| .    |1809|1809|    An Austrian corps is defeated by the forces of the  |Duchy_of_Warsaw|Duchy_Of_Warsaw|  in the  |Battle_of_Raszyn|Battle_Of_Raszyn| , part of the struggles of the  |Fifth_Coalition|Fifth_Coalition| . On the same day the Austrian main army is defeated by a  |First_French_Empire|First_French_Empire|  Corps led by  |Louis-Nicolas_Davout|Louis-Nicolas_Davout|  at the  |Battle_of_Teugen-Hausen|Battle_Of_Teugen-Hausen|  in Bavaria, part of a four-day campaign that ended in a French victory.    |1810|1810| |Venezuela|Venezuela|  achieves home rule:  |Vicente_Emparán|Vicente_Emparán| ,  |Governor|Governor|  of the  |Captaincy_General|Captaincy_General|  is removed by the people of  |Caracas|Caracas|  and a  |junta|:Wiktionary:Junta|  is installed.    |1818|1818|    French physicist  |Augustin_Fresnel|Augustin-Jean_Fresnel|  signs his preliminary Note on the Theory of Diffraction . The document ends with what we now call the  |Fresnel_integrals|Fresnel_Integral| .    |1839|1839|    The  |Treaty_of_London|Treaty_Of_London|  establishes Belgium as a kingdom and guarantees its neutrality.    |1861|1861| |American_Civil_War|American_Civil_War| |Baltimore_riot_of_1861|Baltimore_Riot_Of_1861| |Secession|Secession_In_The_United_Statesconfederate_States_Of_America|  mob in  |Baltimore|Baltimore|  attacks United States Army troops marching through the city.    |1903|1903|    The  |Kishinev_pogrom|Kishinev_Pogrom|  in  |Kishinev|Kishinev|   begins, forcing tens of thousands of Jews to later seek refuge in  |Palestine|History_Of_Palestineottoman_Era|  and the  |Western_world|Western_World| .    |1927|1927| |Mae_West|Mae_West|  is sentenced to ten days in jail for  |obscenity|Obscenity|  for her play  Sex .    |1942|1942| |World_War_II|World_War_Ii| |ghetto|Ghetto|  is established, situated between the  |Lublin_Ghetto|Lublin_Ghetto|  and a  |Majdanek|Majdanek|  subcamp.    |1943|1943|    World War II: In Poland, the  |Warsaw_Ghetto_Uprising|Warsaw_Ghetto_Uprising|  begins, after  |German|Nazi_Germany|  troops enter the  |Warsaw_Ghetto|Warsaw_Ghetto|  to round up the remaining Jews.   1943    |Albert_Hofmann|Albert_Hofmann|  deliberately doses himself with  |LSD|Lsd|  for the first time, three days after having discovered its effects on  |April_16|April_16| .    |1956|1956|    Actress  |Grace_Kelly|Grace_Kelly|  marries  |Prince_Rainier_of_Monaco|Rainier_Iii,_Prince_Of_Monaco| .    |1960|1960|    Students in South Korea hold  |a_nationwide_pro-democracy_protest|April_Revolution|  against  |president|President_Of_South_Korea| |Syngman_Rhee|Syngman_Rhee| , eventually forcing him to resign.    |1971|1971| |Sierra_Leone|Sierra_Leone|  becomes a  |republic|Republic| , and  |Siaka_Stevens|Siaka_Stevens|  the president.   1971   Launch of  |Salyut_1|Salyut_1| , the first  |space_station|Space_Station| .   1971    |Charles_Manson|Charles_Manson|  is sentenced to death for  |conspiracy|Conspiracy|  in the  |Tate–LaBianca_murders|Tate–Labianca_Murders| .    |1973|1973|    The Portuguese  |Socialist_Party|Socialist_Party|  is founded in the German town of  |Bad_Münstereifel|Bad_Münstereifel| .    |1975|1975| |Indias|India|  first satellite  |Aryabhata|Aryabhata|  launched in orbit from  |Kapustin_Yar|Kapustin_Yar| ,  |Russia|Russia| .    |1984|1984|     Advance Australia Fair  is proclaimed as Australias  |national_anthem|National_Anthem| , and green and gold as the  |national_colours|National_Colours_Of_Australia| .    |1985|1985|    Two hundred  |ATF|Bureau_Of_Alcohol,_Tobacco_And_Firearms|  and  |FBI|Fbi|  agents lay siege to the compound of the  |white_supremacist|White_Supremacy| |survivalist|Survivalism|  group  |The_Covenant,_The_Sword,_and_the_Arm_of_the_Lord|The_Covenant,_The_Sword,_And_The_Arm_Of_The_Lord|  in Arkansas; the CSA surrenders two days later.    |1987|1987| |The_Simpsons|The_Simpsons|  first appear as a series of  |shorts|The_Simpsons|  on  The Tracey Ullman Show , first starting with  |Good_Night|Good_Night| .    |1989|1989|    A  |gun_turret|Gun_Turret| |explodes|Uss_Iowa_Turret_Explosion|  on the , killing 47 sailors.    |1993|1993|    The 51-day FBI  |siege|Waco_Siege|  of the  |Branch_Davidian|Branch_Davidian|  building in  |Waco,_Texas|Waco,_Texas| , USA, ends when a fire breaks out. 76 Davidians, including eighteen children under the age of ten, died in the fire.    |1995|1995| |Oklahoma_City_bombing|Oklahoma_City_Bombing| |Alfred_P._Murrah_Federal_Building|Alfred_P._Murrah_Federal_Building|  in  |Oklahoma_City|Oklahoma_City| , USA, is bombed, killing 168 people including 19 children under the age of six.    |1999|1999|    The German  |Bundestag|Bundestag| |returns|Decision_On_The_Capital_Of_Germany|  to Berlin.    |2000|2000| |Air_Philippines_Flight_541|Air_Philippines_Flight_541|  crashes in  |Samal,_Davao_del_Norte|Samal,_Davao_Del_Norte| , killing all 131 people on board.     |2005|2005|    Cardinal Joseph Ratzinger is  |elected|Papal_Conclave,_2005|  to the papacy and becomes  |Pope_Benedict_XVI|Pope_Benedict_Xvi| .    |2011|2011| |Fidel_Castro|Fidel_Castro|  resigns as  |First_Secretary_of_the_Communist_Party_of_Cuba|First_Secretary_Of_The_Communist_Party_Of_Cuba|  after holding the title since July 1961.    |2013|2013| |Boston_Marathon_bombing|Boston_Marathon_Bombing|  suspect  |Tamerlan_Tsarnaev|Tamerlan_Tsarnaev|  is killed in a shootout with police. His brother  |Dzhokhar|Dzhokhar_Tsarnaev|  is later captured hiding in a boat inside a backyard in the suburb of  |Watertown|Watertown,_Massachusetts| .        |626|626| |Eanflæd|Eanflæd| , English nun and saint    |1452|1452| |Frederick_IV|Frederick_Iv_Of_Naples| , King of Naples    |1483|1483| |Paolo_Giovio|Paolo_Giovio| , Italian historian, biographer, and bishop    |1593|1593| |Sir_John_Hobart,_2nd_Baronet|Sir_John_Hobart,_2Nd_Baronet| , English politician    |1603|1603| |Michel_Le_Tellier|Michel_Le_Tellier| , French politician,  |French_Minister_of_Defence|Minister_Of_Defence| |1613|1613| |Christoph_Bach|Christoph_Bach| , German musician    |1633|1633| |Willem_Drost|Willem_Drost| , Dutch painter    |1655|1655| |George_St_Lo|George_St_Lo| , Royal Navy officer and administrator    |1658|1658| |Johann_Wilhelm,_Elector_Palatine|Johann_Wilhelm,_Elector_Palatine| , German husband of  |Archduchess_Maria_Anna_Josepha_of_Austria|Archduchess_Maria_Anna_Josepha_Of_Austria| |1660|1660| |Sebastián_Durón|Sebastián_Durón| , Spanish composer    |1665|1665| |Jacques_Lelong|Jacques_Lelong| , French author    |1686|1686| |Vasily_Tatishchev|Vasily_Tatishchev| , Russian ethnographer and politician    |1715|1715| |James_Nares|James_Nares| , English organist and composer    |1721|1721| |Roger_Sherman|Roger_Sherman| , American lawyer and politician    |1734|1734| |Karl_von_Ordóñez|Karl_Von_Ordóñez| , Austrian violinist and composer    |1757|1757| |Edward_Pellew,_1st_Viscount_Exmouth|Edward_Pellew,_1St_Viscount_Exmouth| , English admiral and politician    |1758|1758| |William_Carnegie,_7th_Earl_of_Northesk|William_Carnegie,_7Th_Earl_Of_Northesk| , Scottish admiral    |1785|1785| |Alexandre_Pierre_François_Boëly|Alexandre_Pierre_François_Boëly| , French pianist and composer    |1787|1787| |Deaf_Smith|Deaf_Smith| , American soldier    |1793|1793| |Ferdinand_I_of_Austria|Ferdinand_I_Of_Austria| |1806|1806| |Sarah_Bagley|Sarah_Bagley| , American labor organizer    |1814|1814| |Louis_Amédée_Achard|Louis_Amédée_Achard| , French journalist and author    |1832|1832| |José_Echegaray|José_Echegaray| , Spanish poet and playwright,  |Nobel_Prize|Nobel_Prize_In_Literature|  laureate    |1835|1835| |Julius_Krohn|Julius_Krohn| , Finnish poet and journalist    |1863|1863| |Hemmo_Kallio|Hemmo_Kallio| , Finnish actor    |1872|1872| |Alice_Salomon|Alice_Salomon| , German social reformer    |1873|1873| |Sydney_Barnes|Sydney_Barnes| , English cricketer    |1874|1874| |Ernst_Rüdin|Ernst_Rüdin| , Swiss psychiatrist, geneticist, and eugenicist    |1877|1877| |Ole_Evinrude|Ole_Evinrude| , Norwegian-American engineer, invented the  |outboard_motor|Outboard_Motor| |1879|1879| |Arthur_Robertson|Arthur_Robertson| , Scottish runner    |1882|1882| |Getúlio_Vargas|Getúlio_Vargas| , Brazilian lawyer and politician, 14th  |President_of_Brazil|President_Of_Brazil| |1883|1883| |Henry_Jameson|Henry_Jameson| , American soccer player   1883    |Richard_von_Mises|Richard_Von_Mises| , Austrian-American mathematician and physicist    |1885|1885| |Karl_Tarvas|Karl_Tarvas| , Estonian architect    |1889|1889| |Otto_Georg_Thierack|Otto_Georg_Thierack| , German jurist and politician    |1891|1891| |Françoise_Rosay|Françoise_Rosay| , French actress    |1892|1892| |Germaine_Tailleferre|Germaine_Tailleferre| , French composer and educator    |1894|1894| |Elizabeth_Dilling|Elizabeth_Dilling| , American author and activist    |1897|1897| |Peter_de_Noronha|Peter_De_Noronha| , Indian businessman and philanthropist   1897    |Jiroemon_Kimura|Jiroemon_Kimura| , Japanese super-centenarian, oldest verified man ever    |1898|1898| |Constance_Talmadge|Constance_Talmadge| , American actress and producer    |1899|1899| |George_OBrien|George_Obrien| , American actor   1899    |Cemal_Tollu|Cemal_Tollu| , Turkish lieutenant and painter    |1900|1900| |Iracema_de_Alencar|Iracema_De_Alencar| , Brazilian film actress   1900    |Richard_Hughes|Richard_Hughes| , English author, poet, and playwright   1900    |Roland_Michener|Roland_Michener| , Canadian lawyer and politician, 20th  |Governor_General_of_Canada|Governor_General_Of_Canada|    1900    |Rhea_Silberta|Rhea_Silberta| , Yiddish songwriter and singing teacher    |1902|1902| |Veniamin_Kaverin|Veniamin_Kaverin| , Russian author and screenwriter    |1903|1903| |Eliot_Ness|Eliot_Ness| , American law enforcement agent     |1907|1907| |Alan_Wheatley|Alan_Wheatley| , English actor    |1908|1908| |Irena_Eichlerówna|Irena_Eichlerówna| , Polish actress    |1912|1912| |Glenn_T._Seaborg|Glenn_T._Seaborg| , American chemist and academic,  |Nobel_Prize|Nobel_Prize_In_Chemistry|  laureate    |1913|1913| |Ken_Carpenter|Ken_Carpenter| , American discus thrower and coach    |1917|1917| |Sven_Hassel|Sven_Hassel| , Danish-German soldier and author    |1919|1919| |Sol_Kaplan|Sol_Kaplan| , American pianist and composer    |1920|1920| |Gene_Leis|Gene_Leis| , American guitarist, composer, and producer   1920    |Marvin_Mandel|Marvin_Mandel| , American lawyer and politician, 56th  |Governor_of_Maryland|Governor_Of_Maryland|     1920    |John_ONeil|John_Oneil| , American baseball player and manager   1920    |Julien_Ries|Julien_Ries| , Belgian cardinal   1920    |Marian_Winters|Marian_Winters| , American actress    |1921|1921| |Anna_Lee_Aldred|Anna_Lee_Aldred| , American jockey    1921    |Leon_Henkin|Leon_Henkin| , American logician    1921    |Roberto_Tucci|Roberto_Tucci| , Italian Jesuit leader, cardinal, and theologian    |1922|1922| |Erich_Hartmann|Erich_Hartmann| , German colonel and pilot    |1925|1925| |John_Kraaijkamp,_Sr.|John_Kraaijkamp,_Sr.| , Dutch actor   1925    |Hugh_OBrian|Hugh_Obrian| , American actor    |1926|1926| |Rawya_Ateya|Rawya_Ateya| , Egyptian captain and politician    |1928|1928| |John_Horlock|John_Horlock| , English engineer and academic    1928    |Azlan_Shah_of_Perak|Azlan_Shah_Of_Perak| , Yang di-Pertuan Agong of Malaysia    |1931|1931| |Walter_Stewart|Walter_Stewart| , Canadian journalist and author    |1932|1932| |Fernando_Botero|Fernando_Botero| , Colombian painter and sculptor    |1933|1933| |Dickie_Bird|Dickie_Bird| , English cricketer and umpire   1933    |Jayne_Mansfield|Jayne_Mansfield| , American model and actress    1933    |Philip_Lavallin_Wroughton|Philip_Lavallin_Wroughton| , English captain and politician,  |Lord_Lieutenant_of_Berkshire|Lord_Lieutenant_Of_Berkshire| |1934|1934| |Dickie_Goodman|Dickie_Goodman| , American singer-songwriter and producer    |1935|1935| |Dudley_Moore|Dudley_Moore| , English actor, comedian, and pianist    1935    |Justin_Francis_Rigali|Justin_Francis_Rigali| , American cardinal    |1936|1936| |Wilfried_Martens|Wilfried_Martens| , Belgian politician, 60th  |Prime_Minister_of_Belgium|Prime_Minister_Of_Belgium|    1936    |Jack_Pardee|Jack_Pardee| , American football player and coach    |1937|1937| |Antonio_Carluccio|Antonio_Carluccio| , Italian-English chef and author    1937    |Elinor_Donahue|Elinor_Donahue| , American actress   1937    |Joseph_Estrada|Joseph_Estrada| , Filipino politician, 13th  |President_of_the_Philippines|President_Of_The_Philippines| |1938|1938| |Stanley_Fish|Stanley_Fish| , American theorist, author, and scholar    |1939|1939| |E._Clay_Shaw,_Jr.|E._Clay_Shaw,_Jr.| , American accountant, judge, and politician     |1941|1941| |Roberto_Carlos|Roberto_Carlos| , Brazilian singer-songwriter   1941    |Clark_Dimond|Clark_Dimond| , American musician and author   1941    |Michel_Roux|Michel_Roux| , French-English chef and author   1941    |Bobby_Russell|Bobby_Russell| , American singer-songwriter    |1942|1942| |Bas_Jan_Ader|Bas_Jan_Ader| , Dutch-American photographer and director   1942    |Alan_Price|Alan_Price| , English keyboard player, singer, and composer   1942    |Jack_Roush|Jack_Roush| , American businessman, founded  |Roush_Fenway_Racing|Roush_Fenway_Racing| |Maarten_van_den_Bergh|Maarten_Van_Den_Bergh| , American-Dutch businessman    |1943|1943| |Margo_MacDonald|Margo_Macdonald| , Scottish journalist and politician    1943    |Lorenzo_Sanz|Lorenzo_Sanz| , Spanish businessman    |1944|1944| |Keith_Erickson|Keith_Erickson| , American basketball player and sportscaster   1944    |James_Heckman|James_Heckman| , American economist and academic,  |Nobel_Prize|Nobel_Memorial_Prize_In_Economic_Sciences|  laureate   1944    |Bernie_Worrell|Bernie_Worrell| , American keyboard player and songwriter     |1946|1946| |Duygu_Asena|Duygu_Asena| , Turkish journalist, author, and activist   1946    |Tim_Curry|Tim_Curry| , English actor     |1947|1947| |Murray_Perahia|Murray_Perahia| , American pianist and conductor   1947    |Wilfrid_Stevenson,_Baron_Stevenson_of_Balmacara|Wilfrid_Stevenson,_Baron_Stevenson_Of_Balmacara| , English civil servant   1947    |Yan_Pascal_Tortelier|Yan_Pascal_Tortelier| , French violinist and conductor   1947    |Mark_Volman|Mark_Volman| , American singer-songwriter and guitarist    |1948|1948| |Stuart_McLean|Stuart_Mclean| , Canadian radio host and author   1948    |Rick_Miller|Rick_Miller| , American baseball player and manager    |1949|1949| |Paloma_Picasso|Paloma_Picasso| , French-Spanish fashion designer   1949    |Larry_Walters|Larry_Walters| , American truck driver and pilot    |1950|1950| |Julia_Cleverdon|Julia_Cleverdon| , English businesswoman and philanthropist    |1951|1951| |Barry_Brown|Barry_Brown| , American actor and playwright   1951    |Jóannes_Eidesgaard|Jóannes_Eidesgaard| , Faroese educator and politician,  |Prime_Minister_of_the_Faroe_Islands|Prime_Minister_Of_The_Faroe_Islands| |1952|1952| |Alexis_Argüello|Alexis_Argüello| , Nicaraguan boxer and politician   1952    |Tony_Plana|Tony_Plana| , Cuban-American actor and director   1952    |Michael_Trend|Michael_Trend| , English journalist and politician    |1953|1953| |Rod_Morgenstein|Rod_Morgenstein| , American drummer   1953    |Sara_Simeoni|Sara_Simeoni| , Italian high jumper   1953    |Ruby_Wax|Ruby_Wax| , British-based American comedian, actress, and screenwriter    |1954|1954| |Trevor_Francis|Trevor_Francis| , English footballer and manager   1954    |Bob_Rock|Bob_Rock| , Canadian guitarist, songwriter, and producer    |1956|1956| |Sue_Barker|Sue_Barker| , English tennis player and journalist   1956    |Randy_Carlyle|Randy_Carlyle| , Canadian ice hockey player and coach   1956    |Anne_Glover|Anne_Glover| , Scottish biologist and academic    |1957|1957| |Tony_Martin|Tony_Martin| , English singer-songwriter   1957    |Mukesh_Ambani|Mukesh_Ambani| , Indian businessman, chairman of  |Reliance_Industries|Reliance_Industries_Limited|  and currently the richest man in Asia      |1958|1958| |Steve_Antin|Steve_Antin| , American actor, director, producer, and screenwriter   1958    |Stevie_B|Stevie_B| , American singer-songwriter and record producer   1958    |Denis_OBrien|Denis_Obrien| , Irish businessman, founded  |BT_Ireland|Bt_Ireland| |Vytautas_Šapranauskas|Vytautas_Šapranauskas| , Lithuanian actor   1958    |Keith_Shine|Keith_Shine| , British academic and educator    |1959|1959| |Jane_Campbell,_Baroness_Campbell_of_Surbiton|Jane_Campbell,_Baroness_Campbell_Of_Surbiton| , English activist   1959    |Teofisto_Guingona_III|Teofisto_Guingona_Iii| , Filipino lawyer and politician   1959    |Donald_Markwell|Donald_Markwell| , Australian sociologist and academic    |1960|1960| |Nicoletta_Braschi|Nicoletta_Braschi| , Italian actress and producer   1960    |Ara_Gevorgyan|Ara_Gevorgyan| , Armenian pianist, composer, and producer   1960    |Roger_Merrett|Roger_Merrett| , Australian footballer and coach   1960    |John_Schweitz|John_Schweitz| , American basketball player and coach   1960    |Frank_Viola|Frank_Viola| , American baseball player and coach    |1961|1961| |Alan_Kirschenbaum|Alan_Kirschenbaum| , American producer and writer   1961    |Albert_Martinez|Albert_Martinez| , Filipino actor, director, and producer   1961    |Spike_Owen|Spike_Owen| , American baseball player and coach   1961    |Richard_Phelps|Richard_Phelps| , English pentathlete    |1962|1962| |Al_Unser_Jr.|Al_Unser_Jr.| , American race car driver    |1964|1964| |Gordon_Marshall|Gordon_Marshall| , Scottish footballer and coach   1964    |Kim_Weaver|Kim_Weaver| , American astrophysicist, astronomer, and academic    |1965|1965| |Natalie_Dessay|Natalie_Dessay| , French soprano and actress   1965    |Suge_Knight|Suge_Knight| , American record producer, co-founded  |Death_Row_Records|Death_Row_Records| |1966|1966| |Véronique_Gens|Véronique_Gens| , French soprano and actress   1966    |David_La_Haye|David_La_Haye| , Canadian actor, director, producer, and screenwriter   1966    |Julia_Neigel|Julia_Neigel| , Russian-German singer-songwriter and producer   1966    |Paul_Reiffel|Paul_Reiffel| , Australian cricketer and umpire   1966    |El_Samurai|El_Samurai| , Japanese wrestler    |1967|1967| |Philippe_Saint-André|Philippe_Saint-André| , French rugby player and coach   1967    |Steven_H_Silver|Steven_H_Silver| , American journalist and author   1967    |Dar_Williams|Dar_Williams| , American singer-songwriter and guitarist    |1968|1968| |Ashley_Judd|Ashley_Judd| , American actress and activist   1968    |Arshad_Warsi|Arshad_Warsi| , Indian film actor and producer    |1969|1969| |Andrew_Carnie|Andrew_Carnie| , Canadian-American linguist, author, and academic   1969    |Susan_Polgar|Susan_Polgar| , Hungarian-American chess player    |1970|1970| |Luis_Miguel|Luis_Miguel| , Mexican singer-songwriter and producer   1970    |Kelly_Holmes|Kelly_Holmes| , English runner   1970    |Abelardo_Fernández|Abelardo_Fernández| , Spanish footballer and manager    |1971|1971| |Brendon_Burns|Brendon_Burns| , Australian comedian, podcaster, writer and author   1971    |Scott_McCord|Scott_Mccord| , Canadian voice actor    |1972|1972| |Rivaldo|Rivaldo| , Brazilian footballer   1972    |Jeff_Wilkins|Jeff_Wilkins| , American football player    |1973|1973| |George_Gregan|George_Gregan| , Zambian-Australian rugby player and coach   1973    |Alessio_Scarpi|Alessio_Scarpi| , Italian footballer    |1975|1975| |Jason_Gillespie|Jason_Gillespie| , Australian cricketer and coach   1975    |Jussi_Jääskeläinen|Jussi_Jääskeläinen| , Finnish footballer    |1976|1976| |Ruud_Jolie|Ruud_Jolie| , Dutch guitarist   1976    |Scott_Padgett|Scott_Padgett| , American basketball player, coach, and radio host   1976    |Kim_Young-oh|Kim_Young-Oh| , South Korean author and illustrator    |1977|1977| |Joe_Beimel|Joe_Beimel| , American baseball player   1977    |Anju_Bobby_George|Anju_Bobby_George| , Indian long jumper   1977    |Lucien_Mettomo|Lucien_Mettomo| , Cameroonian footballer   1977    |Dennys_Reyes|Dennys_Reyes| , Mexican baseball player   1977    |Jonny_Storm|Jonny_Storm| , English wrestler and trainer    |1978|1978| |James_Franco|James_Franco| , American actor, director, producer, and screenwriter   1978    |Gabriel_Heinze|Gabriel_Heinze| , Argentinian footballer   1978    |Amanda_Sage|Amanda_Sage| , American-Austrian painter and educator    |1979|1979| |Rocky_Bernard|Rocky_Bernard| , American football player   1979    |Kate_Hudson|Kate_Hudson| , American actress   1979    |Zhao_Junzhe|Zhao_Junzhe| , Chinese footballer    |1980|1980| |Jason_Blaine|Jason_Blaine| , Canadian singer-songwriter   1980    |Robyn_Regehr|Robyn_Regehr| , Brazilian-Canadian ice hockey player    |1981|1981| |Hayden_Christensen|Hayden_Christensen| , Canadian actor and producer   1981    |Ryuta_Hara|Ryuta_Hara| , Japanese footballer   1981    |Martin_Havlát|Martin_Havlát| , Czech ice hockey player   1981    |James_Hibberd|James_Hibberd| , English cricketer   1981    |Troy_Polamalu|Troy_Polamalu| , American football player   1981    |Catalina_Sandino_Moreno|Catalina_Sandino_Moreno| , Colombian actress    |1982|1982| |Joseph_Hagerty|Joseph_Hagerty| , American gymnast   1982    |Filip_Jícha|Filip_Jícha| , Czech handball player   1982    |Samuel_C._Morrison,_Jr.|Samuel_C._Morrison,_Jr.| , Liberian-American journalist, producer, and screenwriter   1982    |Rocco_Sabato|Rocco_Sabato| , Italian footballer   1982    |Ignacio_Serricchio|Ignacio_Serricchio| , Argentinian-American actor   1982    |Sitiveni_Sivivatu|Sitiveni_Sivivatu| , New Zealand rugby player    |1983|1983| |Alberto_Callaspo|Alberto_Callaspo| , Venezuelan-American baseball player   1983    |Zach_Duke|Zach_Duke| , American baseball player   1983    |Joe_Mauer|Joe_Mauer| , American baseball player   1983    |Patrick_Platins|Patrick_Platins| , German footballer   1983    |Curtis_Thigpen|Curtis_Thigpen| , American baseball player    |1984|1984| |Christopher_Pearce|Christopher_Pearce| , English cricketer    |1985|1985| |Valon_Behrami|Valon_Behrami| , Swiss footballer   1985    |David_Cavazos|David_Cavazos| , Mexican singer-songwriter   1985    |Sabrina_Jalees|Sabrina_Jalees| , Canadian comedian, dancer, actress, presenter, and writer   1985    |Jan_Zimmermann|Jan_Zimmermann| , German footballer    |1986|1986| |Pascal_Angan|Pascal_Angan| , Beninese footballer   1986    |Candace_Parker|Candace_Parker| , American basketball player   1986    |Gabe_Pruitt|Gabe_Pruitt| , American basketball player   1986    |Will_Thursfield|Will_Thursfield| , English-Australian footballer    |1987|1987| |Luigi_Giorgi|Luigi_Giorgi| , Italian footballer   1987    |Joe_Hart|Joe_Hart| , English footballer   1987    |Daniel_Schuhmacher|Daniel_Schuhmacher| , German singer-songwriter   1987    |Maria_Sharapova|Maria_Sharapova| , Russian tennis player   1987    |Lauren_Wilson|Lauren_Wilson| , Canadian figure skater    |1988|1988| |Enrique_Esqueda|Enrique_Esqueda| , Mexican footballer    |1989|1989| |Dominik_Mader|Dominik_Mader| , German footballer   1989    |Sam_Tordoff|Sam_Tordoff| , English racing driver   1989    |Daisuke_Watabe|Daisuke_Watabe| , Japanese footballer   1989    |Genoveva_Añonma|Genoveva_Añonma| , Equatoguinean footballer    |1990|1990| |Jackie_Bradley,_Jr.|Jackie_Bradley,_Jr.| , American baseball player   1990    |Kim_Chiu|Kim_Chiu| , Filipino actress, singer, and dancer   1990    |Héctor_Herrera|Héctor_Herrera| , Mexican footballer   1990    |Kim_Him-chan|Kim_Him-Chan| , South Korean singer and dancer   1990    |Ayaka_Takahashi|Ayaka_Takahashi| , Japanese badminton player   1990    |Damien_Le_Tallec|Damien_Le_Tallec| , French footballer   1990    |Patrick_Wiegers|Patrick_Wiegers| , German footballer    |1991|1991| |Steve_Cook|Steve_Cook| , English footballer    |1993|1993| |Lia_Wälti|Lia_Wälti| , Swiss footballer          |843|843| |Judith_of_Bavaria|Judith_Of_Bavaria| , Frankish empress    |1012|1012| |Ælfheah_of_Canterbury|Ælfheah_Of_Canterbury| , English archbishop and saint    |1013|1013| |Hisham_II|Hisham_Ii| , Umayyad caliph of Córdoba    |1044|1044| |Gothelo_I|Gothelo_I,_Duke_Of_Lorraine| , duke of Lorraine    |1054|1054| |Leo_IX|Pope_Leo_Ix| , pope of the Catholic Church    |1321|1321| |Gerasimus_I|Gerasimus_I_Of_Constantinople| , patriarch of Constantinople    |1390|1390| |Robert_II|Robert_Ii_Of_Scotland| , king of Scotland    |1405|1405| |Thomas_West,_1st_Baron_West|Thomas_West,_1St_Baron_West| , English nobleman   |1431|1431| |Adolph_III|Adolph_Iii,_Count_Of_Waldeck| , count of Waldeck    |1560|1560| |Philip_Melanchthon|Philip_Melanchthon| , German theologian and reformer    |1567|1567| |Michael_Stifel|Michael_Stifel| , German monk and mathematician    |1578|1578| |Uesugi_Kenshin|Uesugi_Kenshin| , Japanese samurai and warlord    |1588|1588| |Paolo_Veronese|Paolo_Veronese| , Italian painter    |1608|1608| |Thomas_Sackville,_1st_Earl_of_Dorset|Thomas_Sackville,_1St_Earl_Of_Dorset| , English poet, playwright, and politician,  |Lord_High_Treasurer|Lord_High_Treasurer| |1618|1618| |Thomas_Bastard|Thomas_Bastard| , English priest and author    |1619|1619| |Jagat_Gosain|Jagat_Gosain| , Mughal empress     |1629|1629| |Sigismondo_dIndia|Sigismondo_Dindia| , Italian composer    |1632|1632| |Sigismund_III_Vasa|Sigismund_Iii_Vasa| , king of Sweden and Poland    |1686|1686| |Antonio_de_Solís_y_Ribadeneyra|Antonio_De_Solís_Y_Ribadeneyra| , Spanish historian and playwright    |1689|1689| |Christina|Christina,_Queen_Of_Sweden| , queen of Sweden    |1733|1733| |Elizabeth_Hamilton|Elizabeth_Hamilton,_Countess_Of_Orkney| , countess of Orkney    |1739|1739| |Nicholas_Saunderson|Nicholas_Saunderson| , English mathematician and academic    |1768|1768| |Canaletto|Canaletto| , Italian painter and etcher    |1776|1776| |Jacob_Emden|Jacob_Emden| , German rabbi and author    |1791|1791| |Richard_Price|Richard_Price| , Welsh-English preacher and philosopher    |1813|1813| |Benjamin_Rush|Benjamin_Rush| , American physician and educator    |1824|1824| |Lord_Byron|Lord_Byron| , English-Scottish poet and playwright    |1831|1831| |Johann_Gottlieb_Friedrich_von_Bohnenberger|Johann_Gottlieb_Friedrich_Von_Bohnenberger| , German astronomer and mathematician    |1833|1833| |James_Gambier,_1st_Baron_Gambier|James_Gambier,_1St_Baron_Gambier| , Bahamian-English admiral and politician, 36th  |Commodore_Governor_of_Newfoundland|List_Of_Lieutenant_Governors_Of_Newfoundland_And_Labrador| |1840|1840| |Jean-Jacques_Lartigue|Jean-Jacques_Lartigue| , Canadian bishop    |1854|1854| |Robert_Jameson|Robert_Jameson| , Scottish mineralogist and academic    |1881|1881| |Benjamin_Disraeli|Benjamin_Disraeli| , English journalist and politician,  |Prime_Minister_of_the_United_Kingdom|Prime_Minister_Of_The_United_Kingdom| |1882|1882| |Charles_Darwin|Charles_Darwin| , English biologist and theorist    |1893|1893| |Martin_Körber|Martin_Körber| , Estonian-German pastor, composer, and conductor    |1901|1901| |Alfred_Horatio_Belo|Alfred_Horatio_Belo| , American publisher, founded  The Dallas Morning News     |1906|1906| |Pierre_Curie|Pierre_Curie| , French physicist and academic,  |Nobel_Prize|Nobel_Prize_In_Physics|  laureate   1906    |Spencer_Gore|Spencer_Gore| , English tennis player and cricketer    |1909|1909| |Signe_Rink|Signe_Rink| , Greenland-born Danish writer and ethnologist    |1914|1914| |Charles_Sanders_Peirce|Charles_Sanders_Peirce| , American mathematician and philosopher    |1915|1915| |Thomas_Playford_II|Thomas_Playford_Ii| , English-Australian politician, 17th  |Premier_of_South_Australia|Premier_Of_South_Australia| |1916|1916| |Ephraim_Shay|Ephraim_Shay| , American engineer, designed the  |Shay_locomotive|Shay_Locomotive| |1926|1926| |Alexander_Alexandrovich_Chuprov|Alexander_Alexandrovich_Chuprov| , Russian-Swiss statistician and theorist    |1930|1930| |Georges-Casimir_Dessaulles|Georges-Casimir_Dessaulles| , Canadian businessman and politician    |1937|1937| |Martin_Conway,_1st_Baron_Conway_of_Allington|Martin_Conway,_1St_Baron_Conway_Of_Allington| , English cartographer and politician   1937    |William_Morton_Wheeler|William_Morton_Wheeler| , American entomologist and zoologist    |1941|1941| |Johanna_Müller-Hermann|Johanna_Müller-Hermann| , Austrian composer    |1949|1949| |Ulrich_Salchow|Ulrich_Salchow| , Danish-Swedish figure skater    |1950|1950| |Ernst_Robert_Curtius|Ernst_Robert_Curtius| , French-German philologist and scholar    |1955|1955| |Jim_Corbett|Jim_Corbett| , Indian colonel, hunter, and author    |1960|1960| |Beardsley_Ruml|Beardsley_Ruml| , American economist and statistician    |1961|1961| |Max_Hainle|Max_Hainle| , German swimmer    |1967|1967| |Konrad_Adenauer|Konrad_Adenauer| , German politician, 1st  |Chancellor_of_Germany|Chancellor_Of_Germany| |1971|1971| |Luigi_Piotti|Luigi_Piotti| , Italian race car driver    |1975|1975| |Percy_Lavon_Julian|Percy_Lavon_Julian| , American chemist and academic    |1987|1987| |Hugh_Brannum|Hugh_Brannum| , American vocalist, arranger, and composer    |1989|1989| |Daphne_du_Maurier|Daphne_Du_Maurier| , English novelist and playwright    |1991|1991| |Stanley_Hawes|Stanley_Hawes| , English-Australian director and producer    |1992|1992| |Frankie_Howerd|Frankie_Howerd| , English actor and screenwriter    |1993|1993| |David_Koresh|David_Koresh| , American religious leader   1993    |George_S._Mickelson|George_S._Mickelson| , American captain, lawyer, and politician, 28th  |Governor_of_South_Dakota|Governor_Of_South_Dakota| |1998|1998| |Octavio_Paz|Octavio_Paz| , Mexican poet, philosopher, and academic  |Nobel_Prize|Nobel_Prize_In_Literature|  laureate    |1999|1999| |Hermine_Braunsteiner|Hermine_Braunsteiner| , Austrian-German  |SS|Ss|  officer    |2000|2000| |Louis_Applebaum|Louis_Applebaum| , Canadian composer and conductor    |2001|2001| |Meldrim_Thomson,_Jr.|Meldrim_Thomson,_Jr.| . American publisher and politician, 73rd  |Governor_of_New_Hampshire|Governor_Of_New_Hampshire| |2002|2002| |Reginald_Rose|Reginald_Rose| , American writer    |2003|2003| |Mirza_Tahir_Ahmad|Mirza_Tahir_Ahmad| , Indian-English caliph    |2004|2004| |Norris_McWhirter|Norris_Mcwhirter| , English author and activist co-founded the  |Guinness_World_Records|Guinness_World_Records|    2004    |John_Maynard_Smith|John_Maynard_Smith| , English biologist and geneticist    |2005|2005| |George_P._Cosmatos|George_P._Cosmatos| , Italian-Greek director and screenwriter   2005    |Ruth_Hussey|Ruth_Hussey| , American actress   2005    |Clement_Meadmore|Clement_Meadmore| , Australian-American sculptor and author   2005    |Niels-Henning_Ørsted_Pedersen|Niels-Henning_Ørsted_Pedersen| , Danish bassist and composer    |2006|2006| |Albert_Scott_Crossfield|Albert_Scott_Crossfield| , American engineer, pilot, and astronaut    |2007|2007| |Jean-Pierre_Cassel|Jean-Pierre_Cassel| , French actor    |2008|2008| |John_Marzano|John_Marzano| , American baseball player and sportscaster   2008    |Alfonso_López_Trujillo|Alfonso_López_Trujillo| , Colombian cardinal    |2009|2009| |J._G._Ballard|J._G._Ballard| , English novelist, short story writer, and essayist.    |2011|2011| |Elisabeth_Sladen|Elisabeth_Sladen| , English actress    |2012|2012| |Leopold_David_de_Rothschild|Leopold_David_De_Rothschild| , English financier and philanthropist   2012    |Greg_Ham|Greg_Ham| , Australian saxophonist, songwriter, and actor   2012    |Levon_Helm|Levon_Helm| , American singer-songwriter, drummer, guitarist, instrumentalist, and actor   2012    |Valeri_Vasiliev|Valeri_Vasiliev| , Russian ice hockey player    |2013|2013| |Sivanthi_Adithan|Sivanthi_Adithan| , Indian businessman   2013    |Allan_Arbus|Allan_Arbus| , American actor and photographer   2013    |Mike_Denness|Mike_Denness| , Scottish-English cricketer and referee   2013    |François_Jacob|François_Jacob| , French biologist and academic,  |Nobel_Prize|Nobel_Prize_In_Physiology_Or_Medicine|  laureate   2013    |E._L._Konigsburg|E._L._Konigsburg| , American author and illustrator   2013    |Al_Neuharth|Al_Neuharth| , American journalist, author, and publisher, founded  USA Today     |2014|2014| |Lindy_Berry|Lindy_Berry| , American football player   2014    |Ian_McIntyre|Ian_Mcintyre| , Scottish journalist and producer   2014    |Frits_Thors|Frits_Thors| , Dutch journalist    |2015|2015| |Raymond_Carr|Raymond_Carr| , English historian and academic   2015    |William_Price_Fox|William_Price_Fox| , American journalist and author   2015    |Roy_Mason|Roy_Mason| , English miner and politician,  |Secretary_of_State_for_Defence|Secretary_Of_State_For_Defence|     2015    |Tom_McCabe|Tom_Mccabe| , Scottish social worker and politician    2015    |Oktay_Sinanoğlu|Oktay_Sinanoğlu| , Italian-Turkish chemist and academic    |2016|2016| |Patricio_Aylwin|Patricio_Aylwin| , Chilean politician    2016    |Milt_Pappas|Milt_Pappas| , American baseball player     |2017|2017| |Aaron_Hernandez|Aaron_Hernandez| , American football player          Christian  |feast_day|Calendar_Of_Saints| |Ælfheah_of_Canterbury|Ælfheah_Of_Canterbury| |Conrad_of_Ascoli|Conrad_Of_Ascoli| |Emma_of_Lesum|Emma_Of_Lesum| |Expeditus|Expeditus| |George_of_Antioch|Saint_George_The_Confessor| |Olaus|Olaus_Petri|  and  |Laurentius_Petri|Laurentius_Petri| |Pope_Leo_IX|Pope_Leo_Ix| |Ursmar|Ursmar| |April_19|April_19| |First_Day_of_Summer|First_Day_Of_Summer|  or Sumardagurinn fyrsti can fall, while April 25 is the latest; celebrated on the first Thursday after April 18.    |Army_Day|Army_Day| |Beginning_of_the_Independence_Movement|Beginning_Of_The_Independence_Movement| |Dutch-American_Friendship_Day|Dutch-American_Friendship_Day| |Holocaust_Remembrance_Day|Holocaust_Remembrance_Day| |Indian_Day|Indian_Day| |King_Mswati_IIIs_birthday|King_Mswati_Iiis_Birthday| |Landing_of_the_33_Patriots_Day|Landing_Of_The_33_Patriots_Day| .