|3114_BC|32Nd_Century_Bc|    The  |Mesoamerican_Long_Count_calendar|Mesoamerican_Long_Count_Calendar| , used by several  |pre-Columbian|Pre-Columbian_Era| |Mesoamerica|Mesoamerica| n civilizations, notably the  |Maya|Maya_Civilization| , begins.    |2492_BC|25Th_Century_Bc|    Traditional date of the defeat of  |Bel|Bel|  by  |Hayk|Hayk| , progenitor and founder of the  |Armenian|Armenians|  nation.    |106|106|    The south-western part of  |Dacia|Dacia|   becomes a  |Roman_province|Roman_Province| |Roman_Dacia|Roman_Dacia| .    |355|355| |Claudius_Silvanus|Claudius_Silvanus| , accused of treason, proclaims himself  |Roman_Emperor|Roman_Emperor|  against  |Constantius_II|Constantius_Ii| .    |490|490|    Battle of Adda: The  |Goths|Goths|  under  |Theodoric_the_Great|Theodoric_The_Great|  and his ally  |Alaric_II|Alaric_Ii|  defeat the forces of  |Odoacer|Odoacer|  on the  |Adda_River|Adda| , near  |Milan|Milan| .    |1332|1332| |Wars_of_Scottish_Independence|Wars_Of_Scottish_Independence| |Battle_of_Dupplin_Moor|Battle_Of_Dupplin_Moor| |Domhnall_II,_Earl_of_Mar|Domhnall_Ii,_Earl_Of_Mar|  are routed by  |Edward_Balliol|Edward_Balliol| .    |1473|1473|    The  |Battle_of_Otlukbeli|Battle_Of_Otlukbeli| |Mehmed_the_Conqueror|Mehmed_The_Conqueror|  of the  |Ottoman_Empire|Ottoman_Empire|  decisively defeats  |Uzun_Hassan|Uzun_Hassan|  of  |Aq_Qoyunlu|Aq_Qoyunlu| .    |1675|1675| |Franco-Dutch_War|Franco-Dutch_War| |Holy_Roman_Empire|Holy_Roman_Empire|  defeat the  |French|France|  in the  |Battle_of_Konzer_Brücke|Battle_Of_Konzer_Brücke| .    |1786|1786|    Captain  |Francis_Light|Francis_Light|  establishes the British colony of  |Penang|Penang|  in  |Malaysia|Malaysia| .    |1804|1804| |Francis_II|Francis_Ii,_Holy_Roman_Emperor|  assumes the title of first  |Emperor_of_Austria|Emperor_Of_Austria| .    |1812|1812| |Peninsular_War|Peninsular_War| |British|United_Kingdom| - |Portuguese|Portugal|  forces in the  |Battle_of_Majadahonda|Battle_Of_Majadahonda| .    |1813|1813|    In  |Colombia|Colombia| , Juan del Corral declares the independence of  |Antioquia|Antioquia_Department| .    |1858|1858|    The  |Eiger|Eiger|  in the  |Bernese_Alps|Bernese_Alps|  is ascended for the first time by  |Charles_Barrington|Charles_Barrington|  accompanied by  |Christian_Almer|Christian_Almer|  and Peter Bohren.    |1898|1898| |Spanish–American_War|Spanish–American_War| |Mayagüez,_Puerto_Rico|Mayagüez,_Puerto_Rico| .    |1918|1918| |World_War_I|World_War_I| |Battle_of_Amiens|Battle_Of_Amiens|  ends.    |1920|1920|    The  |Latvian–Soviet_Peace_Treaty|Latvian–Soviet_Peace_Treaty| , which relinquished  |Russias|Russia|  authority and pretenses to  |Latvia|Latvia| , is signed, ending the  |Latvian_War_of_Independence|Latvian_War_Of_Independence| .    |1929|1929| |Babe_Ruth|Babe_Ruth|  becomes the first  |baseball|Baseball|  player to hit  |500|500_Home_Run_Club| |home_runs|Home_Run|  in his career with a home run at  |League_Park|League_Park|  in  |Cleveland,_Ohio|Cleveland,_Ohio| .    |1934|1934|    The first civilian prisoners arrive at the Federal prison on  |Alcatraz_Island|Alcatraz_Island| .    |1942|1942|    Actress  |Hedy_Lamarr|Hedy_Lamarr|  and composer  |George_Antheil|George_Antheil|  receive a patent for a  |Frequency-hopping_spread_spectrum|Frequency-Hopping_Spread_Spectrum|  communication system that later became the basis for modern technologies in wireless telephones and  |Wi-Fi|Wi-Fi| .    |1945|1945|    Poles in  |Kraków|Kraków|  engage in  |a_pogrom|Kraków_Pogrom|  against Jews in the city, killing one and wounding five.    |1952|1952| |Hussein_bin_Talal|Hussein_Of_Jordan|  is proclaimed King of  |Jordan|Jordan| .    |1959|1959| |Sheremetyevo_International_Airport|Sheremetyevo_International_Airport| , the second-largest airport in Russia, opens.    |1960|1960| |Chad|Chad|  declares independence.    |1961|1961|    The former Portuguese territories in  |India|India|  of  |Dadra|Dadra_Dnh|  and  |Nagar_Haveli|Nagar_Haveli_Dnh|  are merged to create the  |Union_Territory|Union_Territory| |Dadra_and_Nagar_Haveli|Dadra_And_Nagar_Haveli| .    |1962|1962| |Vostok_3|Vostok_3|  launches from the  |Baikonur_Cosmodrome|Baikonur_Cosmodrome|  and cosmonaut  |Andrian_Nikolayev|Andrian_Nikolayev|  becomes the first person to float in  |microgravity|Micro-G_Environment| .    |1965|1965|    Race riots  begin in the  |Watts|Watts,_Los_Angeles|  area of  |Los_Angeles,_California|Los_Angeles| .    |1969|1969|    The  |Apollo_11|Apollo_11|  astronauts are released from a three-week  |quarantine|Quarantine|  following their liftoff from the moon.     |1972|1972| |Vietnam_War|Vietnam_War| |South_Vietnam|South_Vietnam| .    |1975|1975| |East_Timor|East_Timor| |Mário_Lemos_Pires|Mário_Lemos_Pires|  of  |Portuguese_Timor|Portuguese_Timor|  abandons the capital  |Dili|Dili| , following a coup by the  |Timorese_Democratic_Union|Timorese_Democratic_Union|  and the outbreak of civil war between UDT and  |Fretilin|Fretilin| .    |1979|1979|    Two  |Aeroflot|Aeroflot| |Tupolev_Tu-134s|Tupolev_Tu-134| |collide|1979_Dniprodzerzhynsk_Mid-Air_Collision|  over the  |Ukrainian|Ukraine|  city of  |Dniprodzerzhynsk|Kamianske|  and crash, killing all 178 aboard both airliners.    |1982|1982|    A bomb explodes on  |Pan_Am_Flight_830|Pan_Am_Flight_830| , en route from  |Tokyo,_Japan|Tokyo|  to  |Honolulu,_Hawaii|Honolulu| , killing one passenger and injuring 15 others.    |1984|1984| |We_begin_bombing_in_five_minutes|We_Begin_Bombing_In_Five_Minutes|  :  |United_States_President|President_Of_The_United_States| |Ronald_Reagan|Ronald_Reagan| , while running for re-election, jokes while preparing to make his weekly Saturday address on  |National_Public_Radio|Npr| .    |2000|2000|    An  |air_rage|Air_Rage|  incident occurs on board  |Southwest_Airlines_Flight_1763|Southwest_Airlines_Flight_1763|  when 19-year-old Jonathan Burton attempts to storm the cockpit, but he is subdued by other passengers and dies from his injuries.     |2003|2003| |NATO|Nato|  takes over command of the  |peacekeeping_force|International_Security_Assistance_Force|  in  |Afghanistan|Afghanistan| , marking its first major operation outside  |Europe|Europe|  in its 54-year-history.   2003    |Jemaah_Islamiyah|Jemaah_Islamiyah|  leader  |Riduan_Isamuddin|Riduan_Isamuddin| , better known as Hambali, is arrested in  |Bangkok|Bangkok| ,  |Thailand|Thailand| .    |2006|2006|    The  |oil_tanker|Oil_Tanker|  MT Solar 1 sinks off the coast of  |Guimaras|Guimaras|  and  |Negros|Negros|  Islands in the  |Philippines|Philippines| , causing the countrys  |worst_oil_spill|Guimaras_Oil_Spill| .    |2012|2012|    At least 306 people are killed and 3,000 others injured in  |a_pair_of_earthquakes|2012_East_Azerbaijan_Earthquakes|  near  |Tabriz,_Iran|Tabriz| .    |2017|2017|    At least 41 people are killed and another 179 injured after two passenger trains  |collide|Alexandria_Train_Collision|  in  |Alexandria|Alexandria| ,  |Egypt|Egypt| .        |1086|1086| |Henry_V,_Holy_Roman_Emperor|Henry_V,_Holy_Roman_Emperor| |1384|1384| |Yolande_of_Aragon|Yolande_Of_Aragon| |1472|1472| |Nikolaus_von_Schönberg|Nikolaus_Von_Schönberg| , Catholic cardinal    |1510|1510| |Margaret_Paleologa|Margaret_Paleologa| , Sovereign Marchioness of Montferrat    |1673|1673| |Richard_Mead|Richard_Mead| , English physician and astrologer    |1718|1718| |Frederick_Haldimand|Frederick_Haldimand| , Swiss-English general and politician, 22nd  |Governor_of_Quebec|Governor_Of_Quebec| |1722|1722| |Richard_Brocklesby|Richard_Brocklesby| , English physician    |1748|1748| |Joseph_Schuster|Joseph_Schuster| , German composer    |1778|1778| |Friedrich_Ludwig_Jahn|Friedrich_Ludwig_Jahn| , Prussian gymnast, educator, and politician    |1794|1794| |James_B._Longacre|James_B._Longacre| , American engraver    |1807|1807| |David_Rice_Atchison|David_Rice_Atchison| , American general, lawyer, and politician    |1808|1808| |William_W._Chapman|William_W._Chapman| , American lawyer and politician    |1816|1816| |Frederick_Innes|Frederick_Innes| , Scottish-Australian politician, 9th  |Premier_of_Tasmania|Premier_Of_Tasmania| |1833|1833| |Robert_G._Ingersoll|Robert_G._Ingersoll| , American soldier, lawyer, and politician   1833    |Kido_Takayoshi|Kido_Takayoshi| , Japanese samurai and politician    |1836|1836| |Warren_Brown|Warren_Brown| , American historian and politician    |1837|1837| |Marie_François_Sadi_Carnot|Marie_François_Sadi_Carnot| , French engineer and politician, 4th  |President_of_the_French_Republic|President_Of_The_French_Republic| |1855|1855| |John_Hodges|John_Hodges| , Australian cricketer    |1858|1858| |Christiaan_Eijkman|Christiaan_Eijkman| , Dutch physician and academic,  |Nobel_Prize|Nobel_Prize_For_Physiology_Or_Medicine|  laureate    |1860|1860| |Ottó_Bláthy|Ottó_Bláthy| , Hungarian engineer and chess player    |1870|1870| |Tom_Richardson|Tom_Richardson| , English cricketer    |1874|1874| |Princess_Louise_Charlotte_of_Saxe-Altenburg|Princess_Louise_Charlotte_Of_Saxe-Altenburg| |1877|1877| |Adolph_M._Christianson|Adolph_M._Christianson| , American lawyer and judge    |1878|1878| |Oliver_W._F._Lodge|Oliver_W._F._Lodge| , English poet and author    |1881|1881| |Aleksander_Aberg|Aleksander_Aberg| , Estonian wrestler    |1884|1884| |Hermann_Wlach|Hermann_Wlach| , Austrian-Swiss actor    |1885|1885| |Stephen_Butterworth|Stephen_Butterworth| , English physicist and engineer    |1891|1891| |Stancho_Belkovski|Stancho_Belkovski| , Bulgarian architect and educator   1891    |Edgar_Zilsel|Edgar_Zilsel| , Austrian historian and philosopher of science, linked to the Vienna Circle    |1892|1892| |Hugh_MacDiarmid|Hugh_Macdiarmid| , Scottish poet and linguist   1892    |Eiji_Yoshikawa|Eiji_Yoshikawa| , Japanese author    |1897|1897| |Enid_Blyton|Enid_Blyton| , English author, poet, and educator   1897    |Louise_Bogan|Louise_Bogan| , American poet and critic    |1898|1898| |Peter_Mohr_Dam|Peter_Mohr_Dam| , Faroese educator and politician, 3rd  |Prime_Minister_of_the_Faroe_Islands|Prime_Minister_Of_The_Faroe_Islands| |1900|1900| |Philip_Phillips|Philip_Phillips| , American archaeologist and scholar    |1902|1902| |Alfredo_Binda|Alfredo_Binda| , Italian cyclist   1902    |Lloyd_Nolan|Lloyd_Nolan| , American actor    |1905|1905| |Erwin_Chargaff|Erwin_Chargaff| , Austrian-American biochemist and academic   1905    |Ernst_Jaakson|Ernst_Jaakson| , Estonian diplomat    |1907|1907| |Ted_aBeckett|Ted_Abeckett| , Australian cricketer and lawyer    |1908|1908| |Don_Freeman|Don_Freeman| , American author and illustrator   1908    |Torgny_T:son_Segerstedt|Torgny_T:Son_Segerstedt| , Swedish sociologist and philosopher    |1909|1909| |Yūji_Koseki|Yūji_Koseki| , Japanese composer   1909    |Uku_Masing|Uku_Masing| , Estonian philosopher and theologian    |1911|1911| |Thanom_Kittikachorn|Thanom_Kittikachorn| , Thai field marshal and politician, 10th  |Prime_Minister_of_Thailand|Prime_Minister_Of_Thailand| |1912|1912| |Eva_Ahnert-Rohlfs|Eva_Ahnert-Rohlfs| , German astronomer and academic   1912    |Raphael_Blau|Raphael_Blau| , American screenwriter and producer    |1913|1913| |Paul_Dupuis|Paul_Dupuis| , Canadian actor   1913    |Bob_Scheffing|Bob_Scheffing| , American baseball player and manager   1913    |Angus_Wilson|Angus_Wilson| , English author and academic    |1915|1915| |Morris_Weiss|Morris_Weiss| , American author and illustrator    |1916|1916| |Johnny_Claes|Johnny_Claes| , English-Belgian race car driver and trumpet player    |1919|1919| |Luis_Olmo|Luis_Olmo| , Puerto Rican-American baseball player and manager    |1920|1920| |Mike_Douglas|Mike_Douglas| , American singer and talk show host   1920    |Chuck_Rayner|Chuck_Rayner| , Canadian ice hockey player    |1921|1921| |Alex_Haley|Alex_Haley| , American historian and author    |1922|1922| |John_Mule_Miles|John_Mule_Miles| , American baseball player    |1923|1923| |Stan_Chambers|Stan_Chambers| , American journalist and actor    |1925|1925| |Floyd_Curry|Floyd_Curry| , Canadian ice hockey player and manager   1925    |Arlene_Dahl|Arlene_Dahl| , American actress, businesswoman and writer    |1926|1926| |Aaron_Klug|Aaron_Klug| , Lithuanian-English chemist and biophysicist,  |Nobel_Prize|Nobel_Prize_In_Chemistry|  laureate    |1927|1927| |Raymond_Leppard|Raymond_Leppard| , English  |harpsichord|Harpsichord|  player and conductor   1927    |Stuart_Rosenberg|Stuart_Rosenberg| , American director and producer    |1932|1932| |Fernando_Arrabal|Fernando_Arrabal| , Spanish actor, director, and playwright   1932    |Izzy_Asper|Izzy_Asper| , Canadian lawyer, businessman, and politician, founded  |Canwest|Canwest|    1932    |Geoffrey_Cass|Geoffrey_Cass| , English businessman   1932    |Peter_Eisenman|Peter_Eisenman| , American architect, designed the  |City_of_Culture_of_Galicia|City_Of_Culture_Of_Galicia| |John_Gorrie|John_Gorrie| , English director and screenwriter    |1933|1933| |Jerry_Falwell|Jerry_Falwell| , American minister and television host   1933    |Jerzy_Grotowski|Jerzy_Grotowski| , Polish director and producer   1933    |Tamás_Vásáry|Tamás_Vásáry| , Hungarian pianist and conductor    |1934|1934| |Bob_Hepple|Bob_Hepple| , South African lawyer and academic    |1936|1936| |Andre_Dubus|Andre_Dubus| , American short story writer, essayist, and memoirist   1936    |Bill_Monbouquette|Bill_Monbouquette| , American baseball player and coach   1936    |Jonathan_Spence|Jonathan_Spence| , English-American historian and academic    |1937|1937| |Anna_Massey|Anna_Massey| , English actress   1937    |Patrick_Joseph_McGovern|Patrick_Joseph_Mcgovern| , American businessman, founded  |International_Data_Group|International_Data_Group| |1939|1939| |Ronnie_Dawson|Ronnie_Dawson| , American singer and guitarist    |1940|1940| |Glenys_Page|Glenys_Page| , New Zealand cricketer    |1941|1941| |John_Ellison|John_Ellison| , American-Canadian musician and songwriter    |1942|1942| |Mike_Hugg|Mike_Hugg| , English drummer and keyboard player    |1943|1943| |Jim_Kale|Jim_Kale| , Canadian bass player   1943    |Pervez_Musharraf|Pervez_Musharraf| , Pakistani general and politician, 10th  |President_of_Pakistan|President_Of_Pakistan| |Denis_Payton|Denis_Payton| , English saxophonist    |1944|1944| |Martin_Linton|Martin_Linton| , Swedish-English journalist and politician   1944    |Frederick_W._Smith|Frederick_W._Smith| , American businessman, founded  |FedEx|Fedex| |Ian_McDiarmid|Ian_Mcdiarmid| , Scottish actor    |1946|1946| |John_Conlee|John_Conlee| , American singer-songwriter   1946    |Marilyn_vos_Savant|Marilyn_Vos_Savant| , American journalist and author    |1947|1947| |Theo_de_Jong|Theo_De_Jong| , Dutch footballer, coach, and manager   1947    |Georgios_Karatzaferis|Georgios_Karatzaferis| , Greek journalist and politician    |1948|1948| |Don_Boyd|Don_Boyd| , Scottish director, producer, and screenwriter    |1949|1949| |Eric_Carmen|Eric_Carmen| , American singer-songwriter and guitarist   1949    |Tim_Hutchinson|Tim_Hutchinson| , American lawyer and politician   1949    |Ian_Charleson|Ian_Charleson| , Scottish-English actor and singer    |1950|1950| |Erik_Brann|Erik_Brann| , American singer-songwriter and guitarist   1950    |Gennadiy_Nikonov|Gennadiy_Nikonov| , Russian engineer, designed the  |AN-94_rifle|An-94|    1950    |Steve_Wozniak|Steve_Wozniak| , American computer scientist and programmer, co-founded  |Apple_Inc.|Apple_Inc.| |1952|1952| |Reid_Blackburn|Reid_Blackburn| , American photographer   1952    |Bob_Mothersbaugh|Bob_Mothersbaugh| , American singer, guitarist, and producer    |1953|1953| |Hulk_Hogan|Hulk_Hogan| , American wrestler   1953    |Wijda_Mazereeuw|Wijda_Mazereeuw| , Dutch swimmer    |1954|1954| |Bryan_Bassett|Bryan_Bassett| , American guitarist   1954    |Vance_Heafner|Vance_Heafner| , American golfer and coach   1954    |Joe_Jackson|Joe_Jackson| , English singer-songwriter and musician   1954    |Tarmo_Rüütli|Tarmo_Rüütli| , Estonian footballer, coach, and manager   1954    |Yashpal_Sharma|Yashpal_Sharma| , Indian cricketer and umpire    |1955|1955| |Marc_Bureau|Marc_Bureau| , Canadian politician, 16th  |Mayor_of_Gatineau|Mayor_Of_Gatineau| |Sylvia_Hermon|Sylvia_Hermon| , Northern Irish academic and politician    |1956|1956| |Pierre-Louis_Lions|Pierre-Louis_Lions| , French mathematician and academic    |1957|1957| |Ian_Stuart_Donaldson|Ian_Stuart_Donaldson| , English singer-songwriter and guitarist    |1958|1958| |Steven_Pokere|Steven_Pokere| , New Zealand rugby player   1958    |Jah_Wobble|Jah_Wobble| , English singer-songwriter and bass player    |1959|1959| |Gustavo_Cerati|Gustavo_Cerati| , Argentinian singer-songwriter, guitarist, and producer   1959    |Yoshiaki_Murakami|Yoshiaki_Murakami| , Japanese businessman   1959    |Taraki_Sivaram|Taraki_Sivaram| , Sri Lankan journalist and author   1959    |Richard_Scudamore|Richard_Scudamore| , English businessman   1959    |László_Szlávics,_Jr.|László_Szlávics,_Jr.| , Hungarian sculptor    |1961|1961| |David_Brooks|David_Brooks| , American journalist and author   1961    |Craig_Ehlo|Craig_Ehlo| , American basketball player and coach    |1962|1962| |Brian_Azzarello|Brian_Azzarello| , American author   1962    |Charles_Cecil|Charles_Cecil| , English video game designer and co-founded  |Revolution_Software|Revolution_Software| |John_Micklethwait|John_Micklethwait| , English journalist and author   1962    |Rob_Minkoff|Rob_Minkoff| , American director and producer    |1963|1963| |Hiromi_Makihara|Hiromi_Makihara| , Japanese baseball player    |1964|1964| |Jim_Lee|Jim_Lee| , South Korean-American author and illustrator   1964    |Grant_Waite|Grant_Waite| , New Zealand golfer    |1965|1965| |Marc_Bergevin|Marc_Bergevin| , Canadian ice hockey player and manager   1965    |Embeth_Davidtz|Embeth_Davidtz| , American actress   1965    |Viola_Davis|Viola_Davis| , American actress    |1966|1966| |Nigel_Martyn|Nigel_Martyn| , English footballer and coach   1966    |Juan_María_Solare|Juan_María_Solare| , Argentinian pianist and composer    |1967|1967| |Massimiliano_Allegri|Massimiliano_Allegri| , Italian footballer and manager   1967    |Enrique_Bunbury|Enrique_Bunbury| , Spanish singer-songwriter and guitarist   1967    |Joe_Rogan|Joe_Rogan| , American actor, comedian, and television host   1967    |Petter_Wettre|Petter_Wettre| , Norwegian saxophonist and composer    |1968|1968| |Sophie_Okonedo|Sophie_Okonedo| , British actress   1968    |Charlie_Sexton|Charlie_Sexton| , American singer-songwriter and guitarist    |1970|1970| |Dirk_Hannemann|Dirk_Hannemann| , German footballer and manager   1970    |Gianluca_Pessotto|Gianluca_Pessotto| , Italian footballer    |1971|1971| |Alejandra_Barros|Alejandra_Barros| , Mexican actress and screenwriter   1971    |Tommy_Mooney|Tommy_Mooney| , English footballer    |1973|1973| |Kristin_Armstrong|Kristin_Armstrong| , American cyclist    |1974|1974| |Marie-France_Dubreuil|Marie-France_Dubreuil| , Canadian figure skater   1974    |Hadiqa_Kiani|Hadiqa_Kiani| , Pakistani singer, songwriter and philanthropist   1974    |Audrey_Mestre|Audrey_Mestre| , French biologist and diver   1974    |Carolyn_Murphy|Carolyn_Murphy| , American model and actress    |1975|1975| |Chris_Cummings|Chris_Cummings| , Canadian singer-songwriter    |1976|1976| |Iván_Córdoba|Iván_Córdoba| , Colombian footballer and manager   1976    |Bubba_Crosby|Bubba_Crosby| , American baseball player   1976    |Will_Friedle|Will_Friedle| , American actor and screenwriter   1976    |Ben_Gibbard|Ben_Gibbard| , American singer-songwriter and guitarist   1976    |Ľubomír_Višňovský|Ľubomír_Višňovský| , Slovak ice hockey player    |1977|1977| |Gemma_Hayes|Gemma_Hayes| , Irish singer-songwriter   1977    |Dênio_Martins|Dênio_Martins| , Brazilian footballer    |1978|1978| |Spyros_Gogolos|Spyros_Gogolos| , Greek footballer   1978    |Charlotte_Leslie|Charlotte_Leslie| , British politician   1978    |Lillian_Nakate|Lillian_Nakate| , Ugandan politician   1978    |Isy_Suttie|Isy_Suttie| , English comedian, musician, actress, and writer    |1979|1979| |Walter_Ayoví|Walter_Ayoví| , Ecuadorian footballer    |1980|1980| |Daniel_Lloyd|Daniel_Lloyd| , English cyclist and sportscaster   1980    |Lee_Suggs|Lee_Suggs| , American football player    |1981|1981| |Daniel_Poohl|Daniel_Poohl| , Swedish journalist    |1983|1983| |Chris_Hemsworth|Chris_Hemsworth| , Australian actor   1983    |Luke_Lewis|Luke_Lewis| , Australian rugby league player   1983    |Pavel_183|Pavel_183| , Russian painter    |1984|1984| |Melky_Cabrera|Melky_Cabrera| , Dominican baseball player   1984    |Lucas_di_Grassi|Lucas_Di_Grassi| , Brazilian race car driver    |1985|1985| |Jacqueline_Fernandez|Jacqueline_Fernandez| , Sri Lankan actress    |1986|1986| |Mokhtar_Benmoussa|Mokhtar_Benmoussa| , Algerian footballer   1986    |Pablo_Sandoval|Pablo_Sandoval| , Venezuelan baseball player    |1987|1987| |Dany_NGuessan|Dany_Nguessan| , French footballer   1987    |Drew_Storen|Drew_Storen| , American baseball player    |1988|1988| |Rabeh_Al-Hussaini|Rabeh_Al-Hussaini| , Filipino basketball player   1988    |Patty_Mills|Patty_Mills| , Australian basketball player   1988    |Mustafa_Pektemek|Mustafa_Pektemek| , Turkish footballer    |1989|1989| |Junior_Heffernan|Junior_Heffernan| , Irish cyclist and triathlete   1989    |Sebastian_Huke|Sebastian_Huke| , German footballer    |1990|1990| |Lenka_Juríková|Lenka_Juríková| , Slovak tennis player    |1991|1991| |Cristian_Tello|Cristian_Tello| , Spanish footballer    |1994|1994| |Storm_Sanders|Storm_Sanders| , Australian tennis player   1994    |Anton_Cooper|Anton_Cooper| , New Zealand cross-country cyclist   1994    |Joseph_Barbato|Joseph_Barbato| , French footballer          |480_BC|480_Bc| |Leonidas_I|Leonidas_I| , Agiad King of Sparta    |223|223| |Jia_Xu|Jia_Xu| , Chinese politician    |353|353| |Magnentius|Magnentius| , Roman usurper    |449|449| |Archbishop_Flavian_of_Constantinople|Archbishop_Flavian_Of_Constantinople| |919|919| |Dhuka_al-Rumi|Dhuka_Al-Rumi| , Abbasid governor of Egypt     |979|979| |Gero,_Count_of_Alsleben|Gero,_Count_Of_Alsleben| |991|991| |Byrhtnoth|Byrhtnoth| , English soldier    |1044|1044| |Sokkate|Sokkate| , king of the  |Pagan_dynasty|Pagan_Dynasty|  of Burma    |1204|1204| |Guttorm_of_Norway|Guttorm_Of_Norway| |1253|1253| |Clare_of_Assisi|Clare_Of_Assisi| , Italian follower of  |Francis_of_Assisi|Francis_Of_Assisi| |1259|1259| |Möngke_Khan|Möngke_Khan| , Mongolian emperor    |1268|1268| |Agnes_of_Faucigny|Agnes_Of_Faucigny| , Dame ruler of Faucigny, Countess consort of Savoy    |1332|1332| |Domhnall_II,_Earl_of_Mar|Domhnall_Ii,_Earl_Of_Mar| |Robert_II_Keith,_Marischal_of_Scotland|Robert_Ii_Keith,_Marischal_Of_Scotland| |Thomas_Randolph,_2nd_Earl_of_Moray|Thomas_Randolph,_2Nd_Earl_Of_Moray| |Murdoch_III,_Earl_of_Menteith|Murdoch_Iii,_Earl_Of_Menteith| |Robert_Bruce|Robert_Bruce| , Lord of Liddesdale    |1456|1456| |John_Hunyadi|John_Hunyadi| , Hungarian general and politician    |1464|1464| |Nicholas_of_Cusa|Nicholas_Of_Cusa| , German cardinal and mystic    |1465|1465| |Kettil_Karlsson|Kettil_Karlsson| , regent of Sweden and Bishop of Linköping    |1486|1486| |William_Waynflete|William_Waynflete| , English Lord Chancellor and bishop of Winchester    |1494|1494| |Hans_Memling|Hans_Memling| , German-Belgian painter    |1519|1519| |Johann_Tetzel|Johann_Tetzel| , German preacher    |1556|1556| |John_Bell|John_Bell| , English bishop    |1563|1563| |Bartolomé_de_Escobedo|Bartolomé_De_Escobedo| , Spanish composer and educator    |1578|1578| |Pedro_Nunes|Pedro_Nunes| , Portuguese mathematician and academic    |1596|1596| |Hamnet_Shakespeare|Hamnet_Shakespeare| , son of William Shakespeare    |1614|1614| |Lavinia_Fontana|Lavinia_Fontana| , Italian painter    |1656|1656| |Ottavio_Piccolomini|Ottavio_Piccolomini| , Austrian-Italian field marshal    |1725|1725| |Prince_Vittorio_Amedeo_Theodore_of_Savoy|Prince_Vittorio_Amedeo_Theodore_Of_Savoy| |1774|1774| |Charles-François_Tiphaigne_de_la_Roche|Charles-François_Tiphaigne_De_La_Roche| , French physician and author    |1813|1813| |Henry_James_Pye|Henry_James_Pye| , English poet and politician    |1851|1851| |Lorenz_Oken|Lorenz_Oken| , German botanist, biologist, and ornithologist    |1854|1854| |Macedonio_Melloni|Macedonio_Melloni| , Italian physicist and academic    |1868|1868| |Halfdan_Kjerulf|Halfdan_Kjerulf| , Norwegian pianist and composer    |1886|1886| |Lydia_Koidula|Lydia_Koidula| , Estonian poet and playwright    |1890|1890| |John_Henry_Newman|John_Henry_Newman| , English cardinal and theologian    |1892|1892| |Enrico_Betti|Enrico_Betti| , Italian mathematician and academic    |1903|1903| |Eugenio_María_de_Hostos|Eugenio_María_De_Hostos| , Puerto Rican-American sociologist, philosopher, and lawyer    |1908|1908| |Khudiram_Bose|Khudiram_Bose| , Indian Bengali revolutionary    |1919|1919| |Andrew_Carnegie|Andrew_Carnegie| , Scottish-American businessman and philanthropist, founded the  |Carnegie_Steel_Company|Carnegie_Steel_Company|  and  |Carnegie_Hall|Carnegie_Hall| |1921|1921| |Mary_Sumner|Mary_Sumner| , English philanthropist, founded the  |Mothers_Union|Mothers_Union| |1936|1936| |Blas_Infante|Blas_Infante| , Spanish historian and politician    |1937|1937| |Edith_Wharton|Edith_Wharton| , American novelist and short story writer    |1939|1939| |Jean_Bugatti|Jean_Bugatti| , German-Italian engineer   1939    |Siegfried_Flesch|Siegfried_Flesch| , Austrian fencer    |1945|1945| |Stefan_Jaracz|Stefan_Jaracz| , Polish actor and theater producer    |1953|1953| |Tazio_Nuvolari|Tazio_Nuvolari| , Italian race car driver and motorcycle racer    |1956|1956| |Jackson_Pollock|Jackson_Pollock| , American painter    |1961|1961| |Antanas_Škėma|Antanas_Škėma| , Lithuanian-American author, playwright, actor, and director    |1963|1963| |Otto_Wahle|Otto_Wahle| , Austrian-American swimmer and coach    |1965|1965| |Bill_Woodfull|Bill_Woodfull| , Australian cricketer and educator    |1969|1969| |Miriam_Licette|Miriam_Licette| , English soprano and educator    |1972|1972| |Max_Theiler|Max_Theiler| , South African-American virologist and academic,  |Nobel_Prize|Nobel_Prize_In_Physiology_Or_Medicine|  laureate    |1974|1974| |Vicente_Emilio_Sojo|Vicente_Emilio_Sojo| , Venezuelan conductor and composer    |1977|1977| |Frederic_Calland_Williams|Frederic_Calland_Williams| , British co-inventor of the  |Williams-Kilborn_tube|Williamstube| , used for memory in early computer systems    |1979|1979| |J._G._Farrell|J._G._Farrell| , English author    |1980|1980| |Paul_Robert|Paul_Robert| , French lexicographer and publisher    |1982|1982| |Tom_Drake|Tom_Drake| , American actor and singer    |1984|1984| |Alfred_A._Knopf_Sr.|Alfred_A._Knopf_Sr.| , American publisher, founded  |Alfred_A._Knopf,_Inc.|Alfred_A._Knopf|    1984    |Paul_Felix_Schmidt|Paul_Felix_Schmidt| , Estonian–American chemist and chess player    |1986|1986| |János_Drapál|János_Drapál| , Hungarian motorcycle racer    |1988|1988| |Anne_Ramsey|Anne_Ramsey| , American actress    |1989|1989| |John_Meillon|John_Meillon| , Australian actor    |1991|1991| |J._D._McDuffie|J._D._Mcduffie| , American race car driver    |1994|1994| |Peter_Cushing|Peter_Cushing| , English actor    |1995|1995| |Phil_Harris|Phil_Harris| , American singer-songwriter and actor    |1996|1996| |Rafael_Kubelík|Rafael_Kubelík| , Czech conductor and composer   1996    |Ambrosio_Padilla|Ambrosio_Padilla| , Filipino basketball player and politician    |2000|2000| |Jean_Papineau-Couture|Jean_Papineau-Couture| , Canadian composer and academic    |2001|2001| |Percy_Stallard|Percy_Stallard| , English cyclist and coach    |2002|2002| |Galen_Rowell|Galen_Rowell| , American photographer and mountaineer    |2003|2003| |Armand_Borel|Armand_Borel| , Swiss-American mathematician and academic   2003    |Herb_Brooks|Herb_Brooks| , American ice hockey player and coach    |2006|2006| |Mike_Douglas|Mike_Douglas| , American singer and talk show host    |2008|2008| |George_Furth|George_Furth| , American actor and playwright   2008    |Dursun_Karataş|Dursun_Karataş| , founding leader of the Revolutionary Peoples Liberation Party–Front in Turkey    |2009|2009| |Eunice_Kennedy_Shriver|Eunice_Kennedy_Shriver| , American activist, founded the  |Special_Olympics|Special_Olympics| |2012|2012| |Red_Bastien|Red_Bastien| , American wrestler, trainer, and promoter   2012    |Michael_Dokes|Michael_Dokes| , American boxer   2012    |Lucy_Gallardo|Lucy_Gallardo| , Argentinian-Mexican actress and screenwriter    |2013|2013| |Raymond_Delisle|Raymond_Delisle| , French cyclist   2013    |Zafar_Futehally|Zafar_Futehally| , Indian ornithologist and author   2013    |David_Howard|David_Howard| , English ballet dancer and educator    |2014|2014| |Vladimir_Beara|Vladimir_Beara| , Croatian footballer and manager   2014    |Raymond_Gravel|Raymond_Gravel| , Canadian priest and politician   2014    |Kika_Szaszkiewiczowa|Kika_Szaszkiewiczowa| , Polish author and blogger   2014    |Robin_Williams|Robin_Williams| , American actor and comedian    |2015|2015| |Serge_Collot|Serge_Collot| , French viola player and educator   2015    |Harald_Nielsen|Harald_Nielsen| , Danish footballer and manager   2015    |Richard_Oriani|Richard_Oriani| , Salvadoran-American metallurgist and engineer    |2017|2017| |Yisrael_Kristal|Yisrael_Kristal| , Polish-Israeli supercentenarian; oldest living Holocaust survivor and one of the ten oldest men ever   2017    |Segun_Bucknor|Segun_Bucknor| , Nigerian musician and journalist    |2018|2018| |V_S_Naipaul|V_S_Naipaul| , British writer     |2019|2019| |Sergio_Obeso_Rivera|Sergio_Obeso_Rivera| , Mexican Roman Catholic cardinal          Christian  |Feast_Day|Calendar_Of_Saints| |Athracht|Athracht| |Clare_of_Assisi|Clare_Of_Assisi| |Fiacre|Saint_Fiacre| |Gaugericus|Gaugericus| |John_Henry_Newman|John_Henry_Newman| |Philomena|Philomena| |Susanna|Saint_Susanna| |Taurinus_of_Évreux|Saint_Taurinus| |Tiburtius_and_Chromatius|Saint_Tiburtius| |August_11|August_11| |Flag_Day|Flag_Day| |Independence_Day|List_Of_National_Independence_Days| , celebrates the independence of  |Chad|Chad|  from  |France|France|  in 1960.    |Mountain_Day|Mountain_Day|  .