|338_BC|338_Bc|    A  |Macedonian_army|Ancient_Macedonian_Army|  led by  |Philip_II|Philip_Ii_Of_Macedon|  defeated the combined forces of  |Athens|Athens|  and  |Thebes|Thebes,_Greece|  in the  |Battle_of_Chaeronea|Battle_Of_Chaeronea| , securing  |Macedonian|Macedonia| |hegemony|Hegemony|  in Greece and the  |Aegean|Aegean_Civilizations| .    |216_BC|216_Bc|    The  |Carthaginian|Carthage|  army led by  |Hannibal|Hannibal|  defeats a numerically superior  |Roman|Roman_Republic|  army at the  |Battle_of_Cannae|Battle_Of_Cannae| .    |461|461| |Majorian|Majorian|  is arrested near  |Tortona|Tortona|  and deposed by the  |Suebi|Suebi| an general  |Ricimer|Ricimer|  as  |puppet_emperor|Puppet_Monarch| .    |1274|1274| |Edward_I_of_England|Edward_I_Of_England|  returns from the  |Ninth_Crusade|Ninth_Crusade|  and is crowned King seventeen days later.    |1343|1343|    After the execution of her husband,  |Jeanne_de_Clisson|Jeanne_De_Clisson|  sells her estates and raises a force of men with which to attack French shipping and ports.    |1377|1377|    Russian troops are defeated by forces of the  |Blue_Horde|Blue_Horde| |Khan|Khan|  Arapsha in the  |Battle_on_Pyana_River|Battle_On_Pyana_River| .    |1415|1415| |Thomas_Grey|Thomas_Grey|  is executed for participating in the  |Southampton_Plot|Southampton_Plot| .    |1610|1610|    During  |Henry_Hudsons|Henry_Hudson|  search for the  |Northwest_Passage|Northwest_Passage| , he sails into what is now known as  |Hudson_Bay|Hudson_Bay| .    |1776|1776|    The signing of the  |United_States_Declaration_of_Independence|United_States_Declaration_Of_Independence|  took place.    |1790|1790|    The first  |United_States_Census|United_States_Census|  is conducted.    |1798|1798| |French_Revolutionary_Wars|French_Revolutionary_Wars| |Battle_of_the_Nile|Battle_Of_The_Nile|  concludes in a British victory.    |1830|1830| |Charles_X_of_France|Charles_X_Of_France|  abdicates the throne in favor of his grandson  |Henri|Henri,_Count_Of_Chambord| .    |1858|1858|    The  |Government_of_India_Act_1858|Government_Of_India_Act_1858|  replaces Company rule in India with that of the British Raj.    |1869|1869|    Japans  |Edo_society|Edo_Society|  class system is abolished as part of the  |Meiji_Restoration|Meiji_Restoration|  reforms.    |1870|1870| |Tower_Subway|Tower_Subway| , the worlds first  |underground_tube_railway|Rapid_Transit| , opens in London, England, United Kingdom.    |1873|1873|    The  |Clay_Street_Hill_Railroad|Clay_Street_Hill_Railroad|  begins operating the first  |cable_car|Cable_Car|  in San Franciscos famous  |cable_car_system|San_Francisco_Cable_Car_System| .    |1897|1897| |Anglo-Afghan_War|Anglo-Afghan_War| |Siege_of_Malakand|Siege_Of_Malakand|  ends when a relief column is able to reach the  |British|British_Indian_Army|  garrison in the  |Malakand_states|Malakand_Agency| .    |1903|1903|    The  |Ilinden–Preobrazhenie_Uprising|Ilinden–Preobrazhenie_Uprising|  against the  |Ottoman_Empire|Ottoman_Empire|  begins.    |1914|1914|    The  |German_occupation_of_Luxembourg_during_World_War_I|German_Occupation_Of_Luxembourg_During_World_War_I|  begins.    |1916|1916| |World_War_I|World_War_I| |Austrian|Austria-Hungary|  sabotage causes the sinking of the Italian battleship  Leonardo da Vinci  in  |Taranto|Taranto| .    |1918|1918|    The first  |general_strike|General_Strike|  in Canadian history  |takes_place|1918_Vancouver_General_Strike|  in Vancouver.    |1922|1922|    A  |typhoon|1922_Swatow_Typhoon|  hits  |Shantou|Shantou| ,  |Republic_of_China|Taiwan|  killing more than 50,000 people.    |1923|1923|    Vice President  |Calvin_Coolidge|Calvin_Coolidge|  becomes  |U.S._President|President_Of_The_United_States|  upon the death of President  |Warren_G._Harding|Warren_G._Harding| .    |1932|1932|    The  |positron|Positron|   is discovered by  |Carl_D._Anderson|Carl_David_Anderson| .    |1934|1934| |Gleichschaltung|Gleichschaltung| |Adolf_Hitler|Adolf_Hitler|  becomes  Führer  of Germany following the death of President  |Paul_von_Hindenburg|Paul_Von_Hindenburg| .    |1937|1937|    The  |Marihuana_Tax_Act_of_1937|Marihuana_Tax_Act_Of_1937|  is passed in America, the effect of which is to render  |marijuana|Cannabis|  and all its by-products illegal.    |1939|1939| |Albert_Einstein|Albert_Einstein|  and  |Leo_Szilard|Leo_Szilard|  write  |a_letter|Einstein–Szilárd_Letter|  to  |Franklin_D._Roosevelt|Franklin_D._Roosevelt| , urging him to begin the  |Manhattan_Project|Manhattan_Project|  to develop a nuclear weapon.    |1943|1943|    Jewish prisoners stage a revolt at  |Treblinka|Treblinka_Extermination_Camp| , one of the deadliest of  |Nazi|Nazism| |death_camps|Extermination_Camp|  where approximately 900,000 persons were murdered in less than 18 months.   1943    |World_War_II|World_War_Ii| |Motor_Torpedo_Boat_PT-109|Motor_Torpedo_Boat_Pt-109|  is rammed by the  |Japanese|Imperial_Japanese_Navy|  destroyer  Amagiri  and sinks. Lt.  |John_F._Kennedy|John_F._Kennedy| , future U.S. President, saves all but two of his crew.    |1944|1944| |ASNOM|Asnom| |Socialist_Republic_of_Macedonia|Socialist_Republic_Of_Macedonia| , celebrated as  |Day_of_the_Republic|Republic_Day|  in  |North_Macedonia|North_Macedonia| .   1944   World War II: The  |largest_trade_convoy|Convoy_Hx_300|  of the world wars arrives safely in the  |Western_Approaches|Western_Approaches| .    |1945|1945|    World War II: End of the  |Potsdam_Conference|Potsdam_Conference| .    |1947|1947|    A  |British_South_American_Airways|British_South_American_Airways| |Avro_Lancastrian|Avro_Lancastrian|  airliner  |crashes_into_a_mountain|1947_Bsaa_Avro_Lancastrian_Star_Dust_Accident|  during a flight from  |Buenos_Aires,_Argentina|Buenos_Aires|  to  |Santiago,_Chile|Santiago,_Chile| . The wreckage would not be found until 1998.    |1968|1968|    An  |earthquake|1968_Casiguran_Earthquake|  hits  |Casiguran,_Aurora|Casiguran,_Aurora| ,  |Philippines|Philippines|  killing more than 270 people and wounding 261.    |1973|1973|    A flash fire kills 51 people at the  |Summerland|Summerland_Disaster|  amusement centre at  |Douglas,_Isle_of_Man|Douglas,_Isle_Of_Man| .    |1980|1980|    A  |bomb_explodes|Bologna_Massacre|  at the  |railway_station_in_Bologna,_Italy|Bologna_Centrale_Railway_Station| , killing 85 people and wounding more than 200.    |1985|1985| |Delta_Air_Lines_Flight_191|Delta_Air_Lines_Flight_191| , a  |Lockheed_L-1011_TriStar|Lockheed_L-1011_Tristar| , crashes at  |Dallas/Fort_Worth_International_Airport|Dallas/Fort_Worth_International_Airport|  killing 137.    |1989|1989| |Pakistan|Pakistan|  is re-admitted to the  |Commonwealth_of_Nations|Commonwealth_Of_Nations|  after having restored democracy for the first time since 1972.   1989   A  |massacre|1989_Valvettiturai_Massacre|  is carried out by an  |Indian_Peace_Keeping_Force|Indian_Peace_Keeping_Force|  in  |Sri_Lanka|Sri_Lanka|  killing 64 ethnic  |Tamil|Tamils|  civilians.    |1990|1990| |Iraq_invades_Kuwait|Invasion_Of_Kuwait| , eventually leading to the  |Gulf_War|Gulf_War| .    |1999|1999|    The  |Gaisal_train_disaster|Gaisal_Train_Disaster|  claims 285 lives in  |Assam|Assam| , India.    |2005|2005| |Air_France_Flight_358|Air_France_Flight_358|  lands at  |Toronto_Pearson_International_Airport|Toronto_Pearson_International_Airport|  and runs off the runway, causing the plane to burst into flames leaving 12 injuries and no fatalities.    |2014|2014|    At least 146 people were killed and more than 114 injured in a  |factory_explosion_in_Kunshan,_Jiangsu,_China|2014_Kunshan_Explosion| .        |1260|1260| |Kyawswa_of_Pagan|Kyawswa_Of_Pagan| , last ruler of the Pagan Kingdom    |1455|1455| |John_Cicero,_Elector_of_Brandenburg|John_Cicero,_Elector_Of_Brandenburg| |1533|1533| |Theodor_Zwinger|Theodor_Zwinger| , Swiss physician and scholar    |1549|1549| |Mikołaj_Krzysztof_the_Orphan_Radziwiłł|Mikołaj_Krzysztof_The_Orphan_Radziwiłł| , Polish nobleman    |1612|1612| |Saskia_van_Uylenburgh|Saskia_Van_Uylenburgh| , Dutch model and wife of  |Rembrandt_van_Rijn|Rembrandt_Van_Rijn| |1627|1627| |Samuel_Dirksz_van_Hoogstraten|Samuel_Dirksz_Van_Hoogstraten| , Dutch painter    |1630|1630| |Estephan_El_Douaihy|Estephan_El_Douaihy| , Maronite patriarch    |1646|1646| |Jean-Baptiste_du_Casse|Jean-Baptiste_Du_Casse| , French admiral and buccaneer    |1672|1672| |Johann_Jakob_Scheuchzer|Johann_Jakob_Scheuchzer| , Swiss paleontologist and scholar    |1674|1674| |Philippe_II,_Duke_of_Orléans|Philippe_Ii,_Duke_Of_Orléans| |1696|1696| |Mahmud_I|Mahmud_I| , Ottoman sultan    |1702|1702| |Dietrich_of_Anhalt-Dessau|Dietrich_Of_Anhalt-Dessau| |1703|1703| |Lorenzo_Ricci|Lorenzo_Ricci| , Italian religious leader, 18th  |Superior_General_of_the_Society_of_Jesus|Superior_General_Of_The_Society_Of_Jesus| |1740|1740| |Jean_Baptiste_Camille_Canclaux|Jean_Baptiste_Camille_Canclaux| , French general    |1754|1754| |Pierre_Charles_LEnfant|Pierre_Charles_Lenfant| , French-American architect and engineer, designed  |Washington,_D.C.|Washington,_D.C.| |1788|1788| |Leopold_Gmelin|Leopold_Gmelin| , German chemist and academic    |1815|1815| |Adolf_Friedrich_von_Schack|Adolf_Friedrich_Von_Schack| , German poet and historian    |1820|1820| |John_Tyndall|John_Tyndall| , Irish-English physicist and mountaineer    |1828|1828| |Manuel_Pavía_y_Rodríguez_de_Alburquerque|Manuel_Pavía_Y_Rodríguez_De_Alburquerque| , Spanish general    |1834|1834| |Frédéric_Auguste_Bartholdi|Frédéric_Auguste_Bartholdi| , French sculptor, designed the  |Statue_of_Liberty|Statue_Of_Liberty| |1835|1835| |Elisha_Gray|Elisha_Gray| , American businessman, co-founded  |Western_Electric|Western_Electric| |1861|1861| |Prafulla_Chandra_Ray|Prafulla_Chandra_Ray| , Indian chemist and academic    |1865|1865| |Irving_Babbitt|Irving_Babbitt| , American academic and critic   1865    |John_Radecki|John_Radecki| , Australian  |stained_glass|Stained_Glass|  artist    |1867|1867| |Ernest_Dowson|Ernest_Dowson| , English poet, novelist, and short story writer    |1868|1868| |Constantine_I_of_Greece|Constantine_I_Of_Greece| |1870|1870| |Marianne_Weber|Marianne_Weber| , German sociologist and suffragist    |1871|1871| |John_French_Sloan|John_French_Sloan| , American painter and illustrator    |1872|1872| |George_E._Stewart|George_E._Stewart| , Australian-American colonel,  |Medal_of_Honor|Medal_Of_Honor|  recipient    |1876|1876| |Pingali_Venkayya|Pingali_Venkayya| , Indian geologist, designed the  |Flag_of_India|Flag_Of_India| |1877|1877| |Ravishankar_Shukla|Ravishankar_Shukla| , Indian lawyer and politician, 1st  |Chief_Minister_of_Madhya_Pradesh|List_Of_Chief_Ministers_Of_Madhya_Pradesh| |1878|1878| |Aino_Kallas|Aino_Kallas| , Finnish-Estonian author    |1880|1880| |Arthur_Dove|Arthur_Dove| , American painter and educator    |1882|1882| |Red_Ames|Red_Ames| , American baseball player and manager   1882    |Albert_Bloch|Albert_Bloch| , American painter and academic    |1884|1884| |Rómulo_Gallegos|Rómulo_Gallegos| , Venezuelan author and politician, 46th  |President_of_Venezuela|List_Of_Presidents_Of_Venezuela| |1886|1886| |John_Alexander_Douglas_McCurdy|John_Alexander_Douglas_Mccurdy| , Canadian pilot and politician, 20th  |Lieutenant_Governor_of_Nova_Scotia|Lieutenant_Governor_Of_Nova_Scotia| |1887|1887| |Oskar_Anderson|Oskar_Anderson| , Bulgarian-German mathematician and statistician    |1889|1889| |Margaret_Lawrence|Margaret_Lawrence| , American stage actress    |1891|1891| |Arthur_Bliss|Arthur_Bliss| , English composer and conductor   1891    |Viktor_Zhirmunsky|Viktor_Zhirmunsky| , Russian linguist and historian    |1892|1892| |Jack_L._Warner|Jack_L._Warner| , Canadian-born American production manager and producer, co-founded  |Warner_Bros.|Warner_Bros.| |1894|1894| |Bertha_Lutz|Bertha_Lutz| , Brazilian feminist and scientist    |1895|1895| |Matt_Henderson|Matt_Henderson| , New Zealand cricketer    |1897|1897| |Karl-Otto_Koch|Karl-Otto_Koch| , German  |SS|Ss|  officer   1897    |Max_Weber|Max_Weber| , Swiss lawyer and politician    |1898|1898| |Ernő_Nagy|Ernő_Nagy| , Hungarian fencer    |1899|1899| |Charles_Bennett|Charles_Bennett| , English director and screenwriter    |1900|1900| |Holling_C._Holling|Holling_C._Holling| , American author and illustrator   1900    |Helen_Morgan|Helen_Morgan| , American actress and singer    |1902|1902| |Pope_Cyril_VI_of_Alexandria|Pope_Cyril_Vi_Of_Alexandria| |1905|1905| |Karl_Amadeus_Hartmann|Karl_Amadeus_Hartmann| , German composer   1905    |Myrna_Loy|Myrna_Loy| , American actress    |1907|1907| |Mary_Hamman|Mary_Hamman| , American journalist and author    |1910|1910| |Roger_MacDougall|Roger_Macdougall| , Scottish director, playwright, and screenwriter    |1911|1911| |Ann_Dvorak|Ann_Dvorak| , American actress    |1912|1912| |Palle_Huld|Palle_Huld| , Danish actor   1912    |Håkon_Stenstadvold|Håkon_Stenstadvold| , Norwegian painter, illustrator, and critic   1912    |Vladimir_Žerjavić|Vladimir_Žerjavić| , Croatian economist and author    |1913|1913| |Xavier_Thaninayagam|Xavier_Thaninayagam| , Sri Lankan scholar and academic    |1914|1914| |Félix_Leclerc|Félix_Leclerc| , Canadian singer-songwriter, actor, and poet   1914    |Big_Walter_Price|Big_Walter_Price| , American singer-songwriter and pianist   1914    |Beatrice_Straight|Beatrice_Straight| , American actress    |1915|1915| |Gary_Merrill|Gary_Merrill| , American actor    |1916|1916| |Alfonso_A._Ossorio|Alfonso_A._Ossorio| , Filipino-American painter and sculptor    |1917|1917| |Wah_Chang|Wah_Chang| , Chinese-American artist and designer, best known for his work on  Star Trek: The Original Series      |1919|1919| |Nehemiah_Persoff|Nehemiah_Persoff| , Israeli-American actor    |1920|1920| |Louis_Pauwels|Louis_Pauwels| , French journalist and author   1920    |Augustus_Rowe|Augustus_Rowe| , Canadian physician and politician    |1921|1921| |Alan_Whicker|Alan_Whicker| , Egyptian-English journalist    |1922|1922| |Betsy_Bloomingdale|Betsy_Bloomingdale| , American philanthropist and socialite   1922    |Geoffrey_Dutton|Geoffrey_Dutton| , Australian historian and author    |1923|1923| |Shimon_Peres|Shimon_Peres| , Polish-Israeli lawyer and politician, 9th  |President_of_Israel|President_Of_Israel|    1923    |Ike_Williams|Ike_Williams| , American boxer    |1924|1924| |James_Baldwin|James_Baldwin| , American novelist, poet, and critic   1924    |Joe_Harnell|Joe_Harnell| , American pianist and composer   1924    |Carroll_OConnor|Carroll_Oconnor| , American actor, director, producer, and screenwriter    |1925|1925| |K._Arulanandan|K._Arulanandan| , Ceylon-American engineer and academic   1925    |John_Dexter|John_Dexter| , English director and producer   1925    |John_McCormack|John_Mccormack| , Canadian ice hockey player   1925    |Jorge_Rafael_Videla|Jorge_Rafael_Videla| , Argentinian general and politician, 43rd  |President_of_Argentina|President_Of_Argentina| |1927|1927| |Peter_Swinnerton-Dyer|Peter_Swinnerton-Dyer| , English mathematician and academic    |1928|1928| |Malcolm_Hilton|Malcolm_Hilton| , English cricketer    |1929|1929| |Roy_Crimmins|Roy_Crimmins| , English trombonist and composer   1929    |John_Gale|John_Gale| , English director and producer   1929    |Vidya_Charan_Shukla|Vidya_Charan_Shukla| , Indian politician,  |Indian_Minister_of_External_Affairs|Minister_Of_External_Affairs|    1929    |David_Waddington,_Baron_Waddington|David_Waddington,_Baron_Waddington| , English lawyer and politician,  |Governor_of_Bermuda|Governor_Of_Bermuda| |1930|1930| |Vali_Myers|Vali_Myers| , Australian painter and dancer    |1931|1931| |Pierre_DuMaine|Pierre_Dumaine| , American bishop and academic   1931    |Eddie_Fuller|Eddie_Fuller| , South African cricketer   1931    |Karl_Miller|Karl_Miller| , English journalist and critic   1931    |Viliam_Schrojf|Viliam_Schrojf| , Czech footballer    |1932|1932| |Lamar_Hunt|Lamar_Hunt| , American businessman, co-founded the  |American_Football_League|American_Football_League|  and  |World_Championship_Tennis|World_Championship_Tennis|    1932    |Peter_OToole|Peter_Otoole| , British-Irish actor and producer    |1933|1933| |Ioannis_Varvitsiotis|Ioannis_Varvitsiotis| , Greek politician,  |Greek_Minister_of_Defence|List_Of_Defence_Ministers_Of_Greece| |1934|1934| |Valery_Bykovsky|Valery_Bykovsky| , Russian general and astronaut    |1935|1935| |Hank_Cochran|Hank_Cochran| , American singer-songwriter and guitarist    |1936|1936| |Anthony_Payne|Anthony_Payne| , English composer and author    |1937|1937| |Ron_Brierley|Ron_Brierley| , New Zealand businessman   1937    |Billy_Cannon|Billy_Cannon| , American football player and dentist   1937    |Garth_Hudson|Garth_Hudson| , Canadian keyboard player, songwriter, and producer    |1938|1938| |Dave_Balon|Dave_Balon| , Canadian ice hockey player and coach   1938    |Pierre_de_Bané|Pierre_De_Bané| , Israeli-Canadian lawyer and politician    1938    |Terry_Peck|Terry_Peck| , Falkland Islander soldier    |1939|1939| |Benjamin_Barber|Benjamin_Barber| , American theorist, author, and academic   1939    |Wes_Craven|Wes_Craven| , American director, producer, and screenwriter   1939    |John_W._Snow|John_W._Snow| , American businessman and politician, 73rd  |United_States_Secretary_of_the_Treasury|United_States_Secretary_Of_The_Treasury| |1940|1940| |Angel_Lagdameo|Angel_Lagdameo| , Filipino archbishop   1940    |Beko_Ransome-Kuti|Beko_Ransome-Kuti| , Nigerian physician and activist   1940    |Will_Tura|Will_Tura| , Belgian singer-songwriter and guitarist    |1941|1941| |Doris_Coley|Doris_Coley| , American singer   1941    |Jules_A._Hoffmann|Jules_A._Hoffmann| , Luxembourgian-French biologist and academic,  |Nobel_Prize|Nobel_Prize_In_Physiology_Or_Medicine|  laureate   1941    |François_Weyergans|François_Weyergans| , Belgian director and screenwriter    |1942|1942| |Isabel_Allende|Isabel_Allende| , Chilean-American novelist, essayist, essayist   1942    |Leo_Beenhakker|Leo_Beenhakker| , Dutch football manager   1942    |Juan_Formell|Juan_Formell| , Cuban singer-songwriter and bass player   1942    |Nell_Irvin_Painter|Nell_Irvin_Painter| , American author and historian    |1943|1943| |Herbert_M._Allison|Herbert_M._Allison| , American lieutenant and businessman   1943    |Tom_Burgmeier|Tom_Burgmeier| , American baseball player and coach   1943    |Jon_R._Cavaiani|Jon_R._Cavaiani| , English-American sergeant,  |Medal_of_Honor|Medal_Of_Honor|  recipient   1943    |Rose_Tremain|Rose_Tremain| , English novelist and short story writer    |1944|1944| |Jim_Capaldi|Jim_Capaldi| , English drummer and singer-songwriter   1944    |Naná_Vasconcelos|Naná_Vasconcelos| , Brazilian singer and  |berimbau|Berimbau|  player    |1945|1945| |Joanna_Cassidy|Joanna_Cassidy| , American actress   1945    |Alex_Jesaulenko|Alex_Jesaulenko| , Austrian-Australian footballer and coach   1945    |Bunker_Roy|Bunker_Roy| , Indian educator and activist   1945    |Eric_Simms|Eric_Simms| , Australian rugby league player and coach    |1946|1946| |James_Howe|James_Howe| , American journalist and author    |1947|1947| |Ruth_Bakke|Ruth_Bakke| , Norwegian organist and composer   1947    |Lawrence_Wright|Lawrence_Wright| , American journalist, author, and screenwriter    |1948|1948| |Andy_Fairweather_Low|Andy_Fairweather_Low| , Welsh singer-songwriter, guitarist, and producer   1948    |Dennis_Prager|Dennis_Prager| , American radio host and author   1948    |James_Street|James_Street| , American football and baseball player   1948    |Snoo_Wilson|Snoo_Wilson| , English playwright and screenwriter    |1949|1949| |James_Fallows|James_Fallows| , American journalist and author   1949    |Bertalan_Farkas|Bertalan_Farkas| , Hungarian general and astronaut    |1950|1950| |Jussi_Adler-Olsen|Jussi_Adler-Olsen| , Danish author and publisher   1950    |Ted_Turner|Ted_Turner| , British guitarist    |1951|1951| |Andrew_Gold|Andrew_Gold| , American singer-songwriter and producer   1951    |Steve_Hillage|Steve_Hillage| , English singer-songwriter and guitarist   1951    |Joe_Lynn_Turner|Joe_Lynn_Turner| , American singer-songwriter and guitarist   1951    |Per_Westerberg|Per_Westerberg| , Swedish businessman and politician,  |Speaker_of_the_Parliament_of_Sweden|Speaker_Of_The_Parliament_Of_Sweden| |1952|1952| |Alain_Giresse|Alain_Giresse| , French footballer and manager     |1953|1953| |Donnie_Munro|Donnie_Munro| , Scottish singer and guitarist   1953    |Butch_Patrick|Butch_Patrick| , American actor    1953    |Anthony_Seldon|Anthony_Seldon| , English historian and author    |1954|1954| |Sammy_McIlroy|Sammy_Mcilroy| , Northern Irish footballer and manager    |1955|1955| |Caleb_Carr|Caleb_Carr| , American historian and author   1955    |Tony_Godden|Tony_Godden| , English footballer and manager   1955    |Butch_Vig|Butch_Vig| , American drummer, songwriter, and record producer    |1956|1956| |Fulvio_Melia|Fulvio_Melia| , Italian-American physicist, astrophysicist, and author    |1959|1959| |Victoria_Jackson|Victoria_Jackson| , American actress and singer   1959    |Johnny_Kemp|Johnny_Kemp| , Bahamian singer-songwriter and producer   1959    |Apollonia_Kotero|Apollonia_Kotero| , American singer and actress    |1960|1960| |Linda_Fratianne|Linda_Fratianne| , American figure skater   1960    |Neal_Morse|Neal_Morse| , American singer and keyboard player   1960    |David_Yow|David_Yow| , American singer-songwriter    |1961|1961| |Pete_de_Freitas|Pete_De_Freitas| , Trinidadian-British drummer and producer    |1962|1962| |Lee_Mavers|Lee_Mavers| , English singer, songwriter and guitarist    |1963|1963| |Laura_Bennett|Laura_Bennett| , American architect and fashion designer   1963    |Uğur_Tütüneker|Uğur_Tütüneker| , Turkish footballer and manager    |1964|1964| |Frank_Biela|Frank_Biela| , German race car driver   1964    |Mary-Louise_Parker|Mary-Louise_Parker| , American actress    |1965|1965| |Joe_Hockey|Joe_Hockey| , Australian lawyer and politician, 38th  |Treasurer_of_Australia|Treasurer_Of_Australia| |Hisanobu_Watanabe|Hisanobu_Watanabe| , Japanese baseball player and coach    |1966|1966| |Takashi_Iizuka|Takashi_Iizuka| , Japanese wrestler   1966    |Grainne_Leahy|Grainne_Leahy| , Irish cricketer   1966    |Tim_Wakefield|Tim_Wakefield| , American baseball player and sportscaster    |1967|1967| |Aaron_Krickstein|Aaron_Krickstein| , American tennis player   1967    |Aline_Brosh_McKenna|Aline_Brosh_Mckenna| , American screenwriter and producer    |1968|1968| |Stefan_Effenberg|Stefan_Effenberg| , German footballer and sportscaster    |1969|1969| |Cedric_Ceballos|Cedric_Ceballos| , American basketball player   1969    |Fernando_Couto|Fernando_Couto| , Portuguese footballer and manager    |1970|1970| |Tony_Amonte|Tony_Amonte| , American ice hockey player and coach   1970    |Kevin_Smith|Kevin_Smith| , American actor, director, producer, and screenwriter  Note: At least one source, Yahoo! Movies, gives birthplace as  |Highlands,_New_Jersey|Highlands,_New_Jersey| .   1970    |Philo_Wallace|Philo_Wallace| , Barbadian cricketer    |1971|1971| |Jason_Bell|Jason_Bell| , Australian rugby league player   1971    |Michael_Hughes|Michael_Hughes| , Irish footballer and manager    |1972|1972| |Mohamed_Al-Deayea|Mohamed_Al-Deayea| , Saudi Arabian footballer    |1973|1973| |Danie_Keulder|Danie_Keulder| , Namibian cricketer   1973    |Miguel_Mendonca|Miguel_Mendonca| , Zimbabwean journalist and author   1973    |Susie_ONeill|Susie_Oneill| , Australian swimmer    |1974|1974| |Phil_Williams|Phil_Williams| , English journalist and radio host    |1975|1975| |Mineiro|Mineiro| , Brazilian footballer   1975    |Xu_Huaiwen|Xu_Huaiwen| , Chinese-German badminton player and coach   1975    |Tamás_Molnár|Tamás_Molnár| , Hungarian water polo player    |1976|1976| |Reyes_Estévez|Reyes_Estévez| , Spanish runner   1976    |Jay_Heaps|Jay_Heaps| , American soccer player and coach   1976    |Michael_Weiss|Michael_Weiss| , American figure skater   1976    |Sam_Worthington|Sam_Worthington| , English-Australian actor and producer   1976    |Mohammad_Zahid|Mohammad_Zahid| , Pakistani cricketer    |1977|1977| |Edward_Furlong|Edward_Furlong| , American actor    |1978|1978| |Goran_Gavrančić|Goran_Gavrančić| , Serbian footballer   1978    |Matt_Guerrier|Matt_Guerrier| , American baseball player   1978    |Deividas_Šemberas|Deividas_Šemberas| , Lithuanian footballer   1978    |Dragan_Vukmir|Dragan_Vukmir| , Serbian footballer    |1979|1979| |Marco_Bonura|Marco_Bonura| , Italian footballer   1979    |Reuben_Kosgei|Reuben_Kosgei| , Kenyan runner    |1980|1980| |Ivica_Banović|Ivica_Banović| , Croatian footballer    |1981|1981| |Alexander_Emelianenko|Alexander_Emelianenko| , Russian mixed martial artist and boxer   1981    |Tim_Murtagh|Tim_Murtagh| , Irish-English cricketer    |1982|1982| |Hélder_Postiga|Hélder_Postiga| , Portuguese footballer   1982    |Kerry_Rhodes|Kerry_Rhodes| , American football player   1982    |Grady_Sizemore|Grady_Sizemore| , American baseball player   1982    |Cynthia_Stevenson|Cynthia_Stevenson| , American actress     |1983|1983| |Michel_Bastos|Michel_Bastos| , Brazilian footballer    |1984|1984| |Giampaolo_Pazzini|Giampaolo_Pazzini| , Italian footballer    |1985|1985| |Stephen_Ferris|Stephen_Ferris| , Irish rugby player   1985    |David_Hart_Smith|David_Hart_Smith| , Canadian wrestler   1985    |Britt_Nicole|Britt_Nicole| , American Christian pop artist    |1986|1986| |Mathieu_Razanakolona|Mathieu_Razanakolona| , Canadian skier    |1988|1988| |Rob_Kwiet|Rob_Kwiet| , Canadian ice hockey player    |1989|1989| |Nacer_Chadli|Nacer_Chadli| , Belgian footballer    |1990|1990| |Ima_Bohush|Ima_Bohush| , Belarusian tennis player    |1994|1994| |Laura_Pigossi|Laura_Pigossi| , Brazilian tennis player   1994    |Laremy_Tunsil|Laremy_Tunsil| , American football player    |1995|1995| |Kristaps_Porziņģis|Kristaps_Porziņģis| , Latvian basketball player          |216_BC|216_Bc| |Gnaeus_Servilius_Geminus|Gnaeus_Servilius_Geminus| ,  |Roman_consul|Roman_Consul| |Lucius_Aemilius_Paullus|Lucius_Aemilius_Paullus| ,  |Roman_consul|Roman_Consul|  and general   216 BC    |Marcus_Minucius_Rufus|Marcus_Minucius_Rufus| ,  |Roman_consul|Roman_Consul| |257|257| |Pope_Stephen_I|Pope_Stephen_I| |640|640| |Pope_Severinus|Pope_Severinus| |686|686| |Pope_John_V|Pope_John_V| |855|855| |Ahmad_ibn_Hanbal|Ahmad_Ibn_Hanbal| , Arab theologian and jurist    |924|924| |Ælfweard_of_Wessex|Ælfweard_Of_Wessex| |1075|1075|    Patriarch  |John_VIII_of_Constantinople|John_Viii_Of_Constantinople| |1100|1100| |William_II_of_England|William_Ii_Of_England| |1222|1222| |Raymond_VI,_Count_of_Toulouse|Raymond_Vi,_Count_Of_Toulouse| |1277|1277| |Muin_al-Din_Sulaiman_Pervane|Pervâne| , Chancellor and Regent of the  |Sultanate_of_Rum|Sultanate_Of_Rum| |1316|1316| |Louis_of_Burgundy|Louis_Of_Burgundy| |1332|1332|    King  |Christopher_II_of_Denmark|Christopher_Ii_Of_Denmark| |1415|1415| |Thomas_Grey|Thomas_Grey| , English conspirator    |1445|1445| |Oswald_von_Wolkenstein|Oswald_Von_Wolkenstein| , Austrian poet and composer    |1451|1451| |Elizabeth_of_Görlitz|Elizabeth_Of_Görlitz| |1511|1511| |Andrew_Barton|Andrew_Barton| , Scottish admiral    |1512|1512| |Alessandro_Achillini|Alessandro_Achillini| , Italian physician and philosopher    |1589|1589| |Henry_III_of_France|Henry_Iii_Of_France| |1605|1605| |Richard_Leveson|Richard_Leveson| , English admiral    |1611|1611| |Katō_Kiyomasa|Katō_Kiyomasa| , Japanese daimyō    |1667|1667| |Francesco_Borromini|Francesco_Borromini| , Swiss architect, designed  |San_Carlo_alle_Quattro_Fontane|San_Carlo_Alle_Quattro_Fontane|  and  |SantAgnese_in_Agone|Santagnese_In_Agone| |1696|1696| |Robert_Campbell_of_Glenlyon|Robert_Campbell_Of_Glenlyon| |1769|1769| |Daniel_Finch,_8th_Earl_of_Winchilsea|Daniel_Finch,_8Th_Earl_Of_Winchilsea| , English politician,  |Lord_President_of_the_Council|Lord_President_Of_The_Council| |1788|1788| |Thomas_Gainsborough|Thomas_Gainsborough| , English painter    |1799|1799| |Jacques-Étienne_Montgolfier|Montgolfier_Brothers| , French inventor, co-invented the  |hot_air_balloon|Hot_Air_Balloon| |1815|1815| |Guillaume_Brune|Guillaume_Brune| , French general and politician    |1823|1823| |Lazare_Carnot|Lazare_Carnot| , French mathematician, general, and politician,  |President_of_the_National_Convention|President_Of_The_National_Convention| |1834|1834| |Harriet_Arbuthnot|Harriet_Arbuthnot| , English diarist    |1849|1849| |Muhammad_Ali_of_Egypt|Muhammad_Ali_Of_Egypt| , Ottoman Albanian commander    |1854|1854| |Heinrich_Clauren|Heinrich_Clauren| , German author    |1859|1859| |Horace_Mann|Horace_Mann| , American educator and politician    |1876|1876| |Wild_Bill_Hickok|Wild_Bill_Hickok| , American sheriff    |1889|1889| |Eduardo_Gutiérrez|Eduardo_Gutiérrez| , Argentinian author    |1890|1890| |Louise-Victorine_Ackermann|Louise-Victorine_Ackermann| , French poet and author    |1903|1903| |Eduard_Magnus_Jakobson|Eduard_Magnus_Jakobson| , Estonian missionary and engraver   1903    |Edmond_Nocard|Edmond_Nocard| , French veterinarian and microbiologist    |1913|1913| |Ferenc_Pfaff|Ferenc_Pfaff| , Hungarian architect and academic, designed  |Zagreb_Central_Station|Zagreb_Central_Station| |1915|1915| |John_Downer|John_Downer| , Australian politician, 16th  |Premier_of_South_Australia|Premier_Of_South_Australia| |1917|1917| |Jaan_Mahlapuu|Jaan_Mahlapuu| , Estonian military pilot    |1921|1921| |Enrico_Caruso|Enrico_Caruso| , Italian tenor and actor    |1922|1922| |Alexander_Graham_Bell|Alexander_Graham_Bell| , Scottish-Canadian engineer, invented the  |telephone|Telephone| |1923|1923| |Warren_G._Harding|Warren_G._Harding| , American journalist and politician, 29th  |President_of_the_United_States|President_Of_The_United_States| |1934|1934| |Paul_von_Hindenburg|Paul_Von_Hindenburg| , German field marshal and politician, 2nd  |President_of_Germany|President_Of_Germany| |1937|1937| |Artur_Sirk|Artur_Sirk| , Estonian soldier, lawyer, and politician    |1939|1939| |Harvey_Spencer_Lewis|Harvey_Spencer_Lewis| , American mystic and author    |1945|1945| |Pietro_Mascagni|Pietro_Mascagni| , Italian composer and educator    |1955|1955| |Alfred_Lépine|Alfred_Lépine| , Canadian ice hockey player and coach   1955    |Wallace_Stevens|Wallace_Stevens| , American poet and educator    |1963|1963| |Oliver_La_Farge|Oliver_La_Farge| , American anthropologist and author    |1967|1967| |Walter_Terence_Stace|Walter_Terence_Stace| , English-American epistemologist, philosopher, and academic    |1970|1970| |Angus_MacFarlane-Grieve|Angus_Macfarlane-Grieve| , English academic, mathematician, rower, and soldier    |1972|1972| |Brian_Cole|Brian_Cole| , American bass player   1972    |Paul_Goodman|Paul_Goodman| , American psychotherapist and author   1972    |Helen_Hoyt|Helen_Hoyt| , American poet and author    |1973|1973| |Jean-Pierre_Melville|Jean-Pierre_Melville| , French actor, director, producer, and screenwriter    |1974|1974| |Douglas_Hawkes|Douglas_Hawkes| , English race car driver and businessman    |1976|1976| |László_Kalmár|László_Kalmár| , Hungarian mathematician and academic   1976    |Fritz_Lang|Fritz_Lang| , Austrian-American director, producer, and screenwriter    |1978|1978| |Carlos_Chávez|Carlos_Chávez| , Mexican composer and conductor   1978    |Antony_Noghès|Antony_Noghès| , French businessman, founded the  |Monaco_Grand_Prix|Monaco_Grand_Prix| |1979|1979| |Thurman_Munson|Thurman_Munson| , American baseball player    |1981|1981| |Stefanie_Clausen|Stefanie_Clausen| , Danish diver    |1983|1983| |James_Jamerson|James_Jamerson| , American bass player     |1986|1986| |Roy_Cohn|Roy_Cohn| , American lawyer and politician    |1988|1988| |Joe_Carcione|Joe_Carcione| , American activist and author   1988    |Raymond_Carver|Raymond_Carver| , American short story writer and poet    |1990|1990| |Norman_Maclean|Norman_Maclean| , American short story writer and essayist   1990    |Edwin_Richfield|Edwin_Richfield| , English actor and screenwriter    |1992|1992| |Michel_Berger|Michel_Berger| , French singer-songwriter and producer    |1996|1996| |Michel_Debré|Michel_Debré| , French lawyer and politician, 150th  |Prime_Minister_of_France|Prime_Minister_Of_France|    1996    |Obdulio_Varela|Obdulio_Varela| , Uruguayan footballer and manager   1996    |Mohamed_Farrah_Aidid|Mohamed_Farrah_Aidid| , Somalian general and politician, 5th  |President_of_Somalia|President_Of_Somalia| |1997|1997| |William_S._Burroughs|William_S._Burroughs| , American novelist, short story writer, and essayist   1997    |Fela_Kuti|Fela_Kuti| , Nigerian singer-songwriter and activist    |1998|1998| |Shari_Lewis|Shari_Lewis| , American television host and puppeteer    |1999|1999| |Willie_Morris|Willie_Morris| , American writer    |2003|2003| |Peter_Safar|Peter_Safar| , Austrian-American physician and academic    |2004|2004| |Ferenc_Berényi|Ferenc_Berényi| , Hungarian painter and academic   2004    |François_Craenhals|François_Craenhals| , Belgian illustrator   2004    |Heinrich_Mark|Heinrich_Mark| , Estonian lawyer and politician, 5th  |Prime_Minister_of_Estonia_in_exile|Prime_Minister_Of_Estonia_In_Exile| |2005|2005| |Steven_Vincent|Steven_Vincent| , American journalist and author    |2007|2007| |Chauncey_Bailey|Chauncey_Bailey| , American journalist    |2008|2008| |Fujio_Akatsuka|Fujio_Akatsuka| , Japanese illustrator    |2011|2011| |José_Sanchis_Grau|José_Sanchis_Grau| , Spanish author and illustrator    |2012|2012| |Gabriel_Horn|Gabriel_Horn| , English biologist and academic   2012    |Magnus_Isacsson|Magnus_Isacsson| , Canadian director and producer   2012    |Jimmy_Jones|Jimmy_Jones| , American singer-songwriter   2012    |John_Keegan|John_Keegan| , English historian and journalist   2012    |Bernd_Meier|Bernd_Meier| , German footballer   2012    |Marguerite_Piazza|Marguerite_Piazza| , American soprano    |2013|2013| |Julius_L._Chambers|Julius_L._Chambers| , American lawyer and activist   2013    |Richard_E._Dauch|Richard_E._Dauch| , American businessman, co-founded  |American_Axle|American_Axle|    2013    |Alla_Kushnir|Alla_Kushnir| , Russian–Israeli chess player    |2014|2014| |Ed_Joyce|Ed_Joyce| , American journalist   2014    |Billie_Letts|Billie_Letts| , American author and educator   2014    |Barbara_Prammer|Barbara_Prammer| , Austrian social worker and politician   2014    |James_Thompson|James_Thompson| , American-Finnish author    |2015|2015| |Forrest_Bird|Forrest_Bird| , American pilot and engineer   2015    |Giovanni_Conso|Giovanni_Conso| , Italian jurist and politician,  |Italian_Minister_of_Justice|Italian_Minister_Of_Justice|    2015    |Piet_Fransen|Piet_Fransen| , Dutch footballer   2015    |Jack_Spring|Jack_Spring| , American baseball player    |2016|2016| |Terence_Bayler|Terence_Bayler| , New Zealand actor   2016    |David_Huddleston|David_Huddleston| , American actor   2016    |Franciszek_Macharski|Franciszek_Macharski| , Polish cardinal   2016    |Ahmed_Zewail|Ahmed_Zewail| , Egyptian-American chemist and academic,  |Nobel_Prize|Nobel_Prize|  laureate         Christian  |feast_day|Calendar_Of_Saints| |Basil_Fool_for_Christ|Basil_Fool_For_Christ| |Blessed|Beatification| |Justin_Russolillo|Justin_Russolillo| |Eusebius_of_Vercelli|Eusebius_Of_Vercelli| |Peter_Faber|Peter_Faber| |Peter_Julian_Eymard|Peter_Julian_Eymard| |Pope_Stephen_I|Pope_Stephen_I| |Portiuncula|Portiuncula| |Samuel_David_Ferguson|Samuel_David_Ferguson| |August_2|August_2| |Day_of_Azerbaijani_cinema|Cinema_Of_Azerbaijan| |Our_Lady_of_the_Angels_Day|Virgen_De_Los_Angeles| |Paratroopers_Day|Armed_Forces_Dayrussian_Federation| |Republic_Day|Republic_Day|.