|766|766|    Emperor  |Constantine_V|Constantine_V|  humiliates nineteen high-ranking officials, after discovering a plot against him. He executes the leaders,  |Constantine_Podopagouros|Constantine_Podopagouros|  and his brother  |Strategios|Strategios_Podopagouros| .    |1248|1248|    The Dutch city of  |Ommen|Ommen|  receives  |city_rights|City_Rights_In_The_Low_Countries|  and fortification rights from Otto III, the  |Archbishop_of_Utrecht|Roman_Catholic_Archdiocese_Of_Utrecht| .    |1258|1258|    Regent  |George_Mouzalon|George_Mouzalon|  and his brothers are killed during a coup headed by the aristocratic faction under  |Michael_VIII_Palaiologos|Michael_Viii_Palaiologos| , paving the way for its leader to ultimately usurp the throne of the  |Empire_of_Nicaea|Empire_Of_Nicaea| .    |1270|1270|    King  |Louis_IX_of_France|Louis_Ix_Of_France|  dies in Tunis while on the  |Eighth_Crusade|Eighth_Crusade| .    |1537|1537|    The  |Honourable_Artillery_Company|Honourable_Artillery_Company| , the oldest surviving  |regiment|Regiment|  in the  |British_Army|British_Army| , and the second most senior, is formed.    |1543|1543| |António_Mota|António_Mota|  and a few companions become the first Europeans to visit Japan.    |1580|1580| |War_of_the_Portuguese_Succession|War_Of_The_Portuguese_Succession| |Battle_of_Alcântara|Battle_Of_Alcântara|  brings about the  |Iberian_Union|Iberian_Union| .    |1609|1609| |Galileo_Galilei|Galileo_Galilei|  demonstrates his first telescope to  |Venetian|Republic_Of_Venice|  lawmakers.    |1630|1630|    Portuguese forces are defeated by the  |Kingdom_of_Kandy|Kingdom_Of_Kandy|  at the  |Battle_of_Randeniwela|Battle_Of_Randeniwela|  in  |Sri_Lanka|Sri_Lanka| .    |1758|1758| |Seven_Years_War|Seven_Years_War| |Frederick_II_of_Prussia|Frederick_Ii_Of_Prussia|  defeats the Russian army at the  |Battle_of_Zorndorf|Battle_Of_Zorndorf| .    |1814|1814| |War_of_1812|War_Of_1812| |Burning_of_Washington|Burning_Of_Washington| , British troops torch the  |Library_of_Congress|Library_Of_Congress| ,  |United_States_Treasury|United_States_Treasury| ,  |Department_of_War|United_States_Department_Of_War| , and other public buildings.    |1823|1823|    American fur trapper  |Hugh_Glass|Hugh_Glass|  is mauled by a  |grizzly_bear|Grizzly_Bear|  while on an expedition in  |South_Dakota|South_Dakota| .    |1825|1825| |Uruguay|Uruguay|  declares its independence from  |Brazil|Brazil| .    |1830|1830|    The  |Belgian_Revolution|Belgian_Revolution|  begins.    |1835|1835|    The first  |Great_Moon_Hoax|Great_Moon_Hoax|  article is published in  The New York Sun , announcing the discovery of life and civilization on the  |Moon|Moon| .    |1875|1875|    Captain  |Matthew_Webb|Matthew_Webb|  becomes the first person to swim across the English Channel, traveling from Dover, England, to Calais, France, in 21 hours and 45 minutes.     |1883|1883| |France|French_Third_Republic|  and  |Viet_Nam|Nguyễn_Dynasty|  sign the  |Treaty_of_Huế|Treaty_Of_Huế| , recognizing a French protectorate over Annam and Tonkin.    |1894|1894| |Kitasato_Shibasaburō|Kitasato_Shibasaburō|  discovers the infectious agent of the  |bubonic_plague|Bubonic_Plague|  and publishes his findings in  The Lancet .    |1898|1898|    Seven hundred Greek civilians, 17 British guards and the British  |Consul|Consul|  of  |Crete|Crete|  are killed by a Turkish mob in  |Heraklion|Heraklion| , Greece.    |1914|1914| |World_War_I|World_War_I| |Japan|Empire_Of_Japan|  declares war on  |Austria-Hungary|Austria-Hungary| .   1914   World War I: The library of the  |Catholic_University_of_Leuven|Catholic_University_Of_Leuven|  is deliberately destroyed by the  |German_Army|German_Army| . Hundreds of thousands of irreplaceable volumes and Gothic and Renaissance manuscripts are lost.    |1916|1916|    The United States  |National_Park_Service|National_Park_Service|  is created.    |1920|1920| |Polish–Soviet_War|Polish–Soviet_War| |Battle_of_Warsaw|Battle_Of_Warsaw| , which began on  |August_13|August_13| , ends with the  |Red_Armys|Red_Army|  defeat.    |1933|1933|    The  |Diexi_earthquake|1933_Diexi_Earthquake|  strikes  |Mao_County|Mao_County| ,  |Sichuan|Sichuan| , China and kills 9,000 people.    |1939|1939|    The United Kingdom and  |Poland|Second_Polish_Republic|  form a  |military_alliance|Anglo-Polish_Military_Alliance|  in which the UK promises to defend Poland in case of invasion by a foreign power.    |1940|1940| |World_War_II|World_War_Ii| |Bombing_of_Berlin|Bombing_Of_Berlin_In_World_War_Ii|  by the  |British|United_Kingdom| |Royal_Air_Force|Royal_Air_Force| .    |1942|1942|    World War II: Second day of the  |Battle_of_the_Eastern_Solomons|Battle_Of_The_Eastern_Solomons| ; a  |Japanese|Empire_Of_Japan|  naval transport convoy headed towards  |Guadalcanal|Guadalcanal|  is turned back by an  |Allied|Allies_Of_World_War_Ii|  air attack.    |1944|1944|    World War II:  |Paris_is_liberated|Liberation_Of_Paris|  by the  |Allies|Allies_Of_World_War_Ii| .    |1945|1945|    Ten days after World War II ends with Japan  |announcing_its_surrender|Victory_Over_Japan_Day| , armed supporters of the  |Chinese_Communist_Party|Communist_Party_Of_China|  kill U.S. intelligence officer  |John_Birch|John_Birch| , regarded by some of the  |American_right|Conservatism_In_The_United_States|  as the first victim of the  |Cold_War|Cold_War| .    |1948|1948|    The  |House_Un-American_Activities_Committee|House_Un-American_Activities_Committee|  holds first-ever televised congressional hearing: Confrontation Day between  |Whittaker_Chambers|Whittaker_Chambers|  and  |Alger_Hiss|Alger_Hiss| .    |1950|1950|    President  |Harry_Truman|Harry_Truman|  orders the U.S. Army to seize control of the nations railroads to avert a strike.    |1961|1961|    President  |Jânio_Quadros|Jânio_Quadros|  of Brazil resigns after just seven months in power, initiating a political crisis that culminates in  |a_military_coup_in_1964|1964_Brazilian_Coup_Détat| .    |1967|1967| |George_Lincoln_Rockwell|George_Lincoln_Rockwell| , founder of the  |American_Nazi_Party|American_Nazi_Party| , is assassinated by a former member of his group.    |1980|1980| |Zimbabwe|Zimbabwe|  joins the  |United_Nations|United_Nations| .    |1981|1981| |Voyager_2|Voyager_2|  spacecraft makes its closest approach to  |Saturn|Saturn| .    |1989|1989| |Voyager_2|Voyager_2|  spacecraft makes its closest approach to  |Neptune|Neptune| , the second to last planet in the  |Solar_System|Solar_System|  at the time.    |1991|1991| |Belarus|Belarus|  gains its independence from the  |Soviet_Union|Soviet_Union| .   1991   The  |Battle_of_Vukovar|Battle_Of_Vukovar|  begins. An 87-day siege of Vukovar by the  |Yugoslav_Peoples_Army|Yugoslav_Peoples_Army|  , supported by various Serb paramilitary forces, between August and November 1991 .   1991    |Linus_Torvalds|Linus_Torvalds|  announces the first version of what will become  |Linux|Linux| .    |1997|1997| |Egon_Krenz|Egon_Krenz| , the former East German leader, is convicted of a  |shoot-to-kill_policy|Schießbefehl|  at the Berlin Wall.    |2001|2001|    American singer  |Aaliyah|Aaliyah|  and several members of her record company are killed as their overloaded aircraft crashes shortly after takeoff from  |Marsh_Harbour_Airport|Marsh_Harbour_Airport| ,  |Bahamas|Bahamas| .    |2006|2006|    Former Prime Minister of Ukraine  |Pavlo_Lazarenko|Pavlo_Lazarenko|  is sentenced to nine years imprisonment for money laundering, wire fraud, and extortion.    |2012|2012| |Voyager_1|Voyager_1|  spacecraft enters  |interstellar_space|Interstellar_Space|  becoming the first man-made object to do so.    |2017|2017| |Hurricane_Harvey|Hurricane_Harvey|  makes landfall in  |Texas|Texas|  as a powerful  |Category_4_hurricane|Saffir–Simpson_Scalecategory_4| , the strongest hurricane to make landfall in the United States since  |2004|Hurricane_Charley| . Over the next few days, the storm causes catastrophic flooding throughout much of eastern Texas, killing 106 people and causing $125  billion in damage.   2017   The  |Arakan_Rohingya_Salvation_Army|Arakan_Rohingya_Salvation_Army|  launches its  |second_large-scale_attack|Northern_Rakhine_State_Clashes25_August_Arsa_Attacks|  at the  |Bangladesh–Myanmar_border|Bangladesh–Myanmar_Border| , prompting a massive military crackdown on  |Rohingya_people|Rohingya_People|  by the  |Myanmar_Army|Myanmar_Army| .        |1467|1467| |Francisco_Fernández_de_la_Cueva,_2nd_Duke_of_Alburquerque|Francisco_Fernández_De_La_Cueva,_2Nd_Duke_Of_Alburquerque| , Spanish duke    |1491|1491| |Innocenzo_Cybo|Innocenzo_Cybo| , Catholic cardinal    |1509|1509| |Ippolito_II_dEste|Ippolito_Ii_Deste| , Italian cardinal and statesman    |1530|1530| |Ivan_the_Terrible|Ivan_The_Terrible| , Russian ruler    |1540|1540| |Lady_Catherine_Grey|Lady_Catherine_Grey| , English noblewoman    |1561|1561| |Philippe_van_Lansberge|Philippe_Van_Lansberge| , Dutch astronomer and mathematician    |1605|1605| |Philipp_Moritz,_Count_of_Hanau-Münzenberg|Philipp_Moritz,_Count_Of_Hanau-Münzenberg| , German noble    |1624|1624| |François_de_la_Chaise|François_De_La_Chaise| , French priest    |1662|1662| |John_Leverett_the_Younger|John_Leverett_The_Younger| , American lawyer, academic, and politician    |1707|1707| |Louis_I_of_Spain|Louis_I_Of_Spain| |1724|1724| |George_Stubbs|George_Stubbs| , English painter and academic    |1741|1741| |Karl_Friedrich_Bahrdt|Karl_Friedrich_Bahrdt| , German theologian and author    |1744|1744| |Johann_Gottfried_Herder|Johann_Gottfried_Herder| , German poet, philosopher, and critic    |1758|1758| |Franz_Teyber|Franz_Teyber| , Austrian organist and composer    |1767|1767| |Louis_Antoine_de_Saint-Just|Louis_Antoine_De_Saint-Just| , French soldier and politician    |1776|1776| |Thomas_Bladen_Capel|Thomas_Bladen_Capel| , English admiral    |1786|1786| |Ludwig_I_of_Bavaria|Ludwig_I_Of_Bavaria| |1796|1796| |James_Lick|James_Lick| , American carpenter and piano builder    |1802|1802| |Nikolaus_Lenau|Nikolaus_Lenau| , Romanian-Austrian poet and author    |1803|1803| |Luís_Alves_de_Lima_e_Silva,_Duke_of_Caxias|Luís_Alves_De_Lima_E_Silva,_Duke_Of_Caxias| |1812|1812| |Nikolay_Zinin|Nikolay_Zinin| , Russian organic chemist    |1817|1817| |Marie-Eugénie_de_Jésus|Marie-Eugénie_De_Jésus| , French nun and saint, founded the  |Religious_of_the_Assumption|Religious_Of_The_Assumption| |1819|1819| |Allan_Pinkerton|Allan_Pinkerton| , Scottish-American detective and spy    |1829|1829| |Carlo_Acton|Carlo_Acton| , Italian pianist and composer    |1836|1836| |Bret_Harte|Bret_Harte| , American short story writer and poet    |1840|1840| |George_C._Magoun|George_C._Magoun| , American businessman    |1841|1841| |Emil_Theodor_Kocher|Emil_Theodor_Kocher| , Swiss physician and academic,  |Nobel_Prize|Nobel_Prize_In_Physiology_Or_Medicine|  laureate    |1845|1845| |Ludwig_II_of_Bavaria|Ludwig_Ii_Of_Bavaria| |1850|1850| |Charles_Richet|Charles_Richet| , French physiologist and occultist,  |Nobel_Prize|Nobel_Prize_In_Physiology_Or_Medicine|  laureate    |1867|1867| |James_W._Gerard|James_W._Gerard| , American lawyer and diplomat,  |United_States_Ambassador_to_Germany|United_States_Ambassador_To_Germany| |1869|1869| |Tom_Kiely|Tom_Kiely| , British-Irish decathlete    |1877|1877| |Joshua_Lionel_Cowen|Joshua_Lionel_Cowen| , American businessman, co-founded the Lionel Corporation    |1878|1878| |Ted_Birnie|Ted_Birnie| , English footballer and manager    |1882|1882| |Seán_T._OKelly|Seán_T._Okelly| , Irish journalist and politician, 2nd  |President_of_Ireland|President_Of_Ireland| |1889|1889| |Alexander_Mair|Alexander_Mair| , Australian politician, 26th  |Premier_of_New_South_Wales|Premier_Of_New_South_Wales| |1891|1891| |David_Shimoni|David_Shimoni| , Belarusian-Israeli poet and translator    |1893|1893| |Henry_Trendley_Dean|Henry_Trendley_Dean| , American dentist    |1898|1898| |Helmut_Hasse|Helmut_Hasse| , German mathematician and academic   1898    |Arthur_Wood|Arthur_Wood| , English cricketer    |1899|1899| |Paul_Herman_Buck|Paul_Herman_Buck| , American historian and author    |1900|1900| |Isobel_Hogg_Kerr_Beattie|Isobel_Hogg_Kerr_Beattie| , Scottish architect    1900    |Hans_Adolf_Krebs|Hans_Adolf_Krebs| , German physician and biochemist,  |Nobel_Prize|Nobel_Prize_In_Physiology_Or_Medicine|  laureate    |1902|1902| |Stefan_Wolpe|Stefan_Wolpe| , German-American composer and educator    |1903|1903| |Arpad_Elo|Arpad_Elo| , Hungarian-American chess player, created the  |Elo_rating_system|Elo_Rating_System| |1905|1905| |Faustina_Kowalska|Faustina_Kowalska| , Polish nun and saint    |1906|1906| |Jim_Smith|Jim_Smith| , English cricketer    |1909|1909| |Ruby_Keeler|Ruby_Keeler| , Canadian-American actress, singer, and dancer   1909    |Michael_Rennie|Michael_Rennie| , English actor and producer    |1910|1910| |George_Cisar|George_Cisar| , American baseball player   1910    |Dorothea_Tanning|Dorothea_Tanning| , American painter, sculptor, and poet    |1911|1911| |Võ_Nguyên_Giáp|Võ_Nguyên_Giáp| , Vietnamese general and politician, 3rd  |Minister_of_Defence_for_Vietnam|Minister_Of_Defence| |1912|1912| |Erich_Honecker|Erich_Honecker| , German soldier and politician    |1913|1913| |Don_DeFore|Don_Defore| , American actor   1913    |Walt_Kelly|Walt_Kelly| , American illustrator and animator    |1916|1916| |Van_Johnson|Van_Johnson| , American actor   1916    |Frederick_Chapman_Robbins|Frederick_Chapman_Robbins| , American pediatrician and virologist,  |Nobel_Prize|Nobel_Prize_In_Physiology_Or_Medicine|  laureate   1916    |Saburō_Sakai|Saburō_Sakai| , Japanese lieutenant and pilot    |1917|1917| |Mel_Ferrer|Mel_Ferrer| , American actor, director, and producer    |1918|1918| |Leonard_Bernstein|Leonard_Bernstein| , American pianist, composer, and conductor   1918    |Richard_Greene|Richard_Greene| , English actor    |1919|1919| |William_P._Foster|William_P._Foster| , American bandleader and educator   1919    |George_Wallace|George_Wallace| , American sergeant, lawyer, and politician, 45th  |Governor_of_Alabama|Governor_Of_Alabama|    1919    |Jaap_Rijks|Jaap_Rijks| , Dutch Olympic medalist    |1921|1921| |Monty_Hall|Monty_Hall| , Canadian-American television personality and game show host   1921    |Bryce_Mackasey|Bryce_Mackasey| , Canadian businessman and politician, 20th  |Canadian_Minister_of_Labour|Minister_Of_Labour|    1921    |Brian_Moore|Brian_Moore| , Northern Irish-Canadian author and screenwriter    |1923|1923| |Álvaro_Mutis|Álvaro_Mutis| , Colombian-Mexican author and poet   1923    |Allyre_Sirois|Allyre_Sirois| , Canadian lawyer and judge    |1924|1924| |Zsuzsa_Körmöczy|Zsuzsa_Körmöczy| , Hungarian tennis player and coach    |1925|1925| |Thea_Astley|Thea_Astley| , Australian journalist and author   1925    |Hilmar_Hoffmann|Hilmar_Hoffmann| , German film and culture academic   1925    |Stepas_Butautas|Stepas_Butautas| , Lithuanian basketball player and coach    |1927|1927| |Althea_Gibson|Althea_Gibson| , American tennis player and golfer   1927    |Des_Renford|Des_Renford| , Australian swimmer    |1928|1928| |John_Kayo_Dottley|John_Kayo_Dottley| , American football player   1928    |Darrell_Johnson|Darrell_Johnson| , American baseball player, coach, and manager   1928    |Karl_Korte|Karl_Korte| , American composer and academic   1928    |Herbert_Kroemer|Herbert_Kroemer| , German-American physicist, engineer, and academic,  |Nobel_Prize|Nobel_Prize_In_Physics|  laureate    |1930|1930| |Sean_Connery|Sean_Connery| , Scottish actor and producer   1930    |György_Enyedi|György_Enyedi| , Hungarian economist and geographer   1930    |Graham_Jarvis|Graham_Jarvis| , Canadian actor   1930    |Crispin_Tickell|Crispin_Tickell| , English academic and diplomat,  |British_Permanent_Representative_to_the_United_Nations|Permanent_Representative_Of_The_United_Kingdom_To_The_United_Nations| |1931|1931| |Regis_Philbin|Regis_Philbin| , American actor and television host    |1933|1933| |Patrick_F._McManus|Patrick_F._Mcmanus| , American journalist and author   1933    |Wayne_Shorter|Wayne_Shorter| , American saxophonist and composer   1933    |Tom_Skerritt|Tom_Skerritt| , American actor    |1934|1934| |Lise_Bacon|Lise_Bacon| , Canadian judge and politician,  |Deputy_Premier_of_Quebec|Deputy_Premier_Of_Quebec| |Eddie_Ilarde|Eddie_Ilarde| , Filipino journalist and politician    |1935|1935| |Charles_Wright|Charles_Wright| , American poet    |1936|1936| |Giridharilal_Kedia|Giridharilal_Kedia| , Indian businessman, founded the  |Image_Institute_of_Technology_&_Management|Image_Institute_Of_Technology_&_Management| |1937|1937| |Jimmy_Hannan|Jimmy_Hannan| , Australian television host and singer   1937    |Virginia_Euwer_Wolff|Virginia_Euwer_Wolff| , American author    |1938|1938| |David_Canary|David_Canary| , American actor   1938    |Frederick_Forsyth|Frederick_Forsyth| , English journalist and author    |1939|1939| |John_Badham|John_Badham| , English-American actor, director, and producer    |1940|1940| |Wilhelm_von_Homburg|Wilhelm_Von_Homburg| , German boxer and actor    |1941|1941| |Marshall_Brickman|Marshall_Brickman| , Brazilian-American director, producer, and screenwriter   1941    |Mario_Corso|Mario_Corso| , Italian footballer and coach   1941    |Ludwig_Müller|Ludwig_Müller| , German footballer    |1942|1942| |Nathan_Deal|Nathan_Deal| , American captain, lawyer, and politician, 82nd  |Governor_of_Georgia|Governor_Of_Georgia| |1944|1944| |Conrad_Black|Conrad_Black| , Canadian historian and author   1944    |Jacques_Demers|Jacques_Demers| , Canadian ice hockey player, coach, and politician   1944    |Anthony_Heald|Anthony_Heald| , American actor   1944    |Andrew_Longmore|Andrew_Longmore| , British lawyer and judge    |1945|1945| |Daniel_Hulet|Daniel_Hulet| , Belgian cartoonist   1945    |Hannah_Louise_Shearer|Hannah_Louise_Shearer| , American screenwriter and producer    |1946|1946| |Rollie_Fingers|Rollie_Fingers| , American baseball player   1946    |Charles_Ghigna|Charles_Ghigna| , American poet and author   1946    |Charlie_Sanders|Charlie_Sanders| , American football player and sportscaster    |1947|1947| |Michael_Kaluta|Michael_Kaluta| , American author and illustrator   1947    |Keith_Tippett|Keith_Tippett| , British jazz pianist and composer    |1948|1948| |Ledward_Kaapana|Ledward_Kaapana| , American singer and guitarist   1948    |Nicholas_A._Peppas|Nicholas_A._Peppas| , Greek chemist and biologist    |1949|1949| |Martin_Amis|Martin_Amis| , British novelist   1949    |Rijkman_Groenink|Rijkman_Groenink| , Dutch banker and academic   1949    |John_Savage|John_Savage| , American actor and producer   1949    |Gene_Simmons|Gene_Simmons| , Israeli-American singer-songwriter, producer, and actor    |1950|1950| |Willy_DeVille|Willy_Deville| , American singer and songwriter   1950    |Charles_Fambrough|Charles_Fambrough| , American bassist, composer, and producer    |1951|1951| |Rob_Halford|Rob_Halford| , English heavy metal singer-songwriter    1951    |Bill_Handel|Bill_Handel| , Brazilian-American lawyer and radio host    |1952|1952| |Kurban_Berdyev|Kurban_Berdyev| , Turkmen footballer and manager   1952    |Geoff_Downes|Geoff_Downes| , English keyboard player, songwriter, and producer   1952    |Duleep_Mendis|Duleep_Mendis| , Sri Lankan cricketer and coach    |1954|1954| |Elvis_Costello|Elvis_Costello| , English singer-songwriter, guitarist, and producer   1954    |Jim_Wallace,_Baron_Wallace_of_Tankerness|Jim_Wallace,_Baron_Wallace_Of_Tankerness| , Scottish lawyer and politician,  |First_Minister_of_Scotland|First_Minister_Of_Scotland| |1955|1955| |John_McGeoch|John_Mcgeoch| , Scottish guitarist   1955    |Gerd_Müller|Gerd_Müller| , German businessman and politician    |1956|1956| |Matt_Aitken|Matt_Aitken| , English songwriter and record producer    1956    |Takeshi_Okada|Takeshi_Okada| , Japanese footballer, coach, and manager   1956    |Henri_Toivonen|Henri_Toivonen| , Finnish race car driver    |1957|1957| |Sikander_Bakht|Sikander_Bakht| , Pakistani cricketer and sportscaster   1957    |Simon_McBurney|Simon_Mcburney| , English actor and director   1957    |Frank_Serratore|Frank_Serratore| , American ice hockey player and coach    |1958|1958| |Tim_Burton|Tim_Burton| , American director, producer, and screenwriter    |1959|1959| |Ian_Falconer|Ian_Falconer| , American author and illustrator   1959    |Steve_Levy|Steve_Levy| , American lawyer and politician   1959    |Bernardo_Rezende|Bernardo_Rezende| , Brazilian volleyball coach and former player   1959    |Lane_Smith|Lane_Smith| , American author and illustrator   1959    |Ruth_Ann_Swenson|Ruth_Ann_Swenson| , American soprano and actress    |1960|1960| |Georg_Zellhofer|Georg_Zellhofer| , Austrian footballer and manager    |1961|1961| |Billy_Ray_Cyrus|Billy_Ray_Cyrus| , American singer-songwriter, guitarist, and actor    |1962|1962| |Taslima_Nasrin|Taslima_Nasrin| , Bangladeshi author    |1962|1962| |Theresa_Andrews|Theresa_Andrews| , American former competition swimmer and Olympic champion   1962    |Vivian_Campbell|Vivian_Campbell| , Northern Irish rock guitarist and songwriter   1962    |Michael_Zorc|Michael_Zorc| , German footballer    |1963|1963| |Miro_Cerar|Miro_Cerar| , Slovenian lawyer and politician, 8th  |Prime_Minister_of_Slovenia|Prime_Minister_Of_Slovenia| |Shock_G|Shock_G| , American rapper and producer   1963    |Tiina_Intelmann|Tiina_Intelmann| , Estonian lawyer and diplomat    |1964|1964| |Azmin_Ali|Azmin_Ali| , Malaysian mathematician and politician   1964    |Maxim_Kontsevich|Maxim_Kontsevich| , Russian-American mathematician and academic   1964    |Blair_Underwood|Blair_Underwood| , American actor   1964    |Joanne_Whalley|Joanne_Whalley| , English actress    |1965|1965| |Cornelius_Bennett|Cornelius_Bennett| , American football player   1965    |Sanjeev_Sharma|Sanjeev_Sharma| , Indian cricketer and coach    |1966|1966| |Albert_Belle|Albert_Belle| , American baseball player   1966    |Derek_Sherinian|Derek_Sherinian| , American keyboard player, songwriter, and producer   1966    |Terminator_X|Terminator_X| , American hip-hop DJ     |1967|1967| |Jeff_Tweedy|Jeff_Tweedy| , American singer-songwriter, musician, and producer    |1968|1968| |Yuri_Mitsui|Yuri_Mitsui| , Japanese actress, model, and race car driver   1968    |Stuart_Murdoch|Stuart_Murdoch| , Scottish singer-songwriter   1968    |Spider_One|Spider_One| , American singer-songwriter and producer   1968    |Rachael_Ray|Rachael_Ray| , American chef, author, and television host   1968    |Takeshi_Ueda|Takeshi_Ueda| , Japanese singer-songwriter and bass player    |1969|1969| |Olga_Konkova|Olga_Konkova| , Norwegian-Russian pianist and composer   1969    |Cameron_Mathison|Cameron_Mathison| , Canadian actor and television personality   1969    |Catriona_Matthew|Catriona_Matthew| , Scottish golfer   1969    |Vivek_Razdan|Vivek_Razdan| , Indian cricketer, coach, and sportscaster    |1970|1970| |Doug_Glanville|Doug_Glanville| , American baseball player and sportscaster   1970    |Debbie_Graham|Debbie_Graham| , American tennis player   1970    |Robert_Horry|Robert_Horry| , American basketball player and sportscaster   1970    |Adrian_Lam|Adrian_Lam| , Papua New Guinean-Australian rugby league player and coach   1970    |Jo_Dee_Messina|Jo_Dee_Messina| , American singer-songwriter   1970    |Claudia_Schiffer|Claudia_Schiffer| , German model and fashion designer    |1971|1971| |Jason_Death|Jason_Death| , Australian rugby league player    |1973|1973| |Fatih_Akın|Fatih_Akın| , German director, producer, and screenwriter    |1974|1974| |Pablo_Ozuna|Pablo_Ozuna| , Dominican baseball player    |1975|1975| |Brad_Drew|Brad_Drew| , Australian rugby league player   1975    |Petria_Thomas|Petria_Thomas| , Australian swimmer and coach    |1976|1976| |Damon_Jones|Damon_Jones| , American basketball player and coach   1976    |Javed_Qadeer|Javed_Qadeer| , Pakistani cricketer and coach   1976    |Alexander_Skarsgård|Alexander_Skarsgård| , Swedish actor    |1977|1977| |Masumi_Asano|Masumi_Asano| , Japanese voice actress and producer   1977    |Andy_McDonald|Andy_Mcdonald| , Canadian ice hockey player    |1978|1978| |Kel_Mitchell|Kel_Mitchell| , American actor, producer, and screenwriter   1978    |Robert_Mohr|Robert_Mohr| , German rugby player    |1979|1979| |Marlon_Harewood|Marlon_Harewood| , English footballer   1979    |Philipp_Mißfelder|Philipp_Mißfelder| , German historian and politician   1979    |Deanna_Nolan|Deanna_Nolan| , American basketball player    |1981|1981| |Rachel_Bilson|Rachel_Bilson| , American actress   1981    |Jan-Berrie_Burger|Jan-Berrie_Burger| , Namibian cricketer   1981    |Camille_Pin|Camille_Pin| , French tennis player    |1982|1982| |Jung_Jung-suk|Jung_Jung-Suk| , South Korean footballer    |1983|1983| |James_Rossiter|James_Rossiter| , English race car driver    |1984|1984| |Florian_Mohr|Florian_Mohr| , German footballer   1984    |Anya_Monzikova|Anya_Monzikova| , Russian-American model and actress    |1986|1986| |Rodney_Ferguson|Rodney_Ferguson| , American footballer    |1987|1987| |Stacey_Farber|Stacey_Farber| , Canadian actress   1987    |Velimir_Jovanović|Velimir_Jovanović| , Serbian footballer   1987    |Blake_Lively|Blake_Lively| , American model and actress   1987    |Amy_Macdonald|Amy_Macdonald| , Scottish singer-songwriter and guitarist   1987    |Justin_Upton|Justin_Upton| , American baseball player   1987    |Adam_Warren|Adam_Warren| , American baseball player   1987    |James_Wesolowski|James_Wesolowski| , Australian footballer    |1988|1988| |Angela_Park|Angela_Park| , Brazilian-American golfer    |1989|1989| |Hiram_Mier|Hiram_Mier| , Mexican footballer    |1990|1990| |Max_Muncy|Max_Muncy| , American baseball player    |1992|1992| |Miyabi_Natsuyaki|Miyabi_Natsuyaki| , Japanese singer and actress   1992    |Ricardo_Rodriguez|Ricardo_Rodríguez| , Swiss footballer    |1994|1994| |Edmunds_Augstkalns|Edmunds_Augstkalns| , Latvian ice hockey player    |1998|1998| |China_Anne_McClain|China_Anne_Mcclain| , American actress and singer          |AD_79|Ad_79| |Pliny_the_Elder|Pliny_The_Elder| , Roman commander and philosopher    |AD_79|Ad_79|  -  |Drusilla|Drusilla| , Judean princess, daughter of  |Agrippa|Herod_Agrippa| |274|274| |Yang_Yan|Empress_Yang_Yan| ,  |Jin_Dynasty|Jin_Dynasty|  empress    |306|306| |Saint_Maginus|Saint_Maginus| , Christian hermit and martyr from  |Tarragona|Tarragona| |383|383| |Gratian|Gratian| , Roman emperor    |471|471| |Gennadius_I|Gennadius_Of_Constantinople| ,  |patriarch_of_Constantinople|Ecumenical_Patriarch_Of_Constantinople| |766|766| |Constantine_Podopagouros|Constantine_Podopagouros| , Byzantine official   766    |Strategios_Podopagouros|Strategios_Podopagouros| , Byzantine general    |985|985| |Dietrich_of_Haldensleben|Dietrich_Of_Haldensleben,_Margrave_Of_The_Nordmark| , German  |margrave|Margrave| |1091|1091| |Sisnando_Davides|Sisnando_Davides| , military leader    |1192|1192| |Hugh_III,_Duke_of_Burgundy|Hugh_Iii,_Duke_Of_Burgundy| |1258|1258| |George_Mouzalon|George_Mouzalon| , regent of the Empire of Nicaea    |1270|1270| |Louis_IX_of_France|Louis_Ix_Of_France|    1270    |Alphonso_of_Brienne|Alphonso_Of_Brienne| |1271|1271| |Joan,_Countess_of_Toulouse|Joan,_Countess_Of_Toulouse| |1282|1282| |Thomas_de_Cantilupe|Thomas_De_Cantilupe| , English bishop and saint    |1322|1322| |Beatrice_of_Silesia|Beatrice_Of_Silesia| , queen consort of Germany    |1327|1327| |Demasq_Kaja|Demasq_Kaja| , Chobanid    |1330|1330| |Sir_James_Douglas|James_Douglas,_Lord_Of_Douglas| , Scottish guerilla leader    |1339|1339| |Henry_de_Cobham,_1st_Baron_Cobham|Henry_De_Cobham,_1St_Baron_Cobham| |1368|1368| |Andrea_Orcagna|Andrea_Orcagna| , Italian painter, sculptor, and architect    |1482|1482| |Margaret_of_Anjou|Margaret_Of_Anjou| |1485|1485| |William_Catesby|William_Catesby| , supporter of Richard III    |1554|1554| |Thomas_Howard,_3rd_Duke_of_Norfolk|Thomas_Howard,_3Rd_Duke_Of_Norfolk| , English soldier and politician,  |Lord_High_Treasurer|Lord_High_Treasurer| |1592|1592| |William_IV,_Landgrave_of_Hesse-Kassel|William_Iv,_Landgrave_Of_Hesse-Kassel| |1603|1603| |Ahmad_al-Mansur|Ahmad_Al-Mansur| , Sultan of the Saadi dynasty    |1631|1631| |Nicholas_Hyde|Nicholas_Hyde| ,  |Lord_Chief_Justice|Lord_Chief_Justice_Of_England_And_Wales|  of  |England|Kingdom_Of_England| |1632|1632| |Thomas_Dekker|Thomas_Dekker| , English author and playwright    |1688|1688| |Henry_Morgan|Henry_Morgan| , Welsh admiral and politician,  |Lieutenant_Governor_of_Jamaica|Lieutenant_Governor_Of_Jamaica| |1699|1699| |Christian_V_of_Denmark|Christian_V_Of_Denmark| |1711|1711| |Edward_Villiers,_1st_Earl_of_Jersey|Edward_Villiers,_1St_Earl_Of_Jersey| , English politician,  |Secretary_of_State_for_the_Southern_Department|Secretary_Of_State_For_The_Southern_Department| |1742|1742| |Carlos_Seixas|Carlos_Seixas| , Portuguese organist and composer    |1774|1774| |Niccolò_Jommelli|Niccolò_Jommelli| , Italian composer and educator    |1776|1776| |David_Hume|David_Hume| , Scottish economist, historian, and philosopher    |1794|1794| |Florimond_Claude,_Comte_de_Mercy-Argenteau|Florimond_Claude,_Comte_De_Mercy-Argenteau| , Belgian-Austrian diplomat    |1797|1797| |Thomas_Chittenden|Thomas_Chittenden| , Governor of the Vermont Republic    |1819|1819| |James_Watt|James_Watt| , Scottish-English engineer and instrument maker    |1822|1822| |William_Herschel|William_Herschel| , German-English astronomer and composer    |1867|1867| |Michael_Faraday|Michael_Faraday| , English physicist and chemist    |1882|1882| |Friedrich_Reinhold_Kreutzwald|Friedrich_Reinhold_Kreutzwald| , Estonian physician and author    |1886|1886| |Zinovios_Valvis|Zinovios_Valvis| , Greek lawyer and politician, 35th  |Prime_Minister_of_Greece|Prime_Minister_Of_Greece| |1892|1892| |William_Champ|William_Champ| , English-Australian politician, 1st  |Premier_of_Tasmania|Premier_Of_Tasmania| |1900|1900| |Friedrich_Nietzsche|Friedrich_Nietzsche| , German philologist, philosopher, and critic    |1904|1904| |Henri_Fantin-Latour|Henri_Fantin-Latour| , French painter and lithographer    |1908|1908| |Henri_Becquerel|Henri_Becquerel| , French physicist and chemist,  |Nobel_Prize|Nobel_Prize_In_Physics|  laureate    |1916|1916| |Mary_Tappan_Wright|Mary_Tappan_Wright| , American  |novelist|Novelist|  and  |short_story|Short_Story|  writer    |1921|1921| |Nikolay_Gumilyov|Nikolay_Gumilyov| , Russian poet and critic    |1924|1924| |Mariano_Álvarez|Mariano_Álvarez| , Filipino general and politician   1924    |Velma_Caldwell_Melville|Velma_Caldwell_Melville| , American editor, and writer of prose and poetry    |1925|1925| |Franz_Conrad_von_Hötzendorf|Franz_Conrad_Von_Hötzendorf| , Austrian field marshal    |1930|1930| |Frankie_Campbell|Frankie_Campbell| , American boxer    |1931|1931| |Dorothea_Fairbridge|Dorothea_Fairbridge| , South African author and co-founder of  |Guild_of_Loyal_Women|Guild_Of_Loyal_Women| |1938|1938| |Aleksandr_Kuprin|Aleksandr_Kuprin| , Russian pilot, explorer, and author    |1939|1939| |Babe_Siebert|Babe_Siebert| , Canadian ice hockey player and coach    |1940|1940| |Prince_Jean,_Duke_of_Guise|Prince_Jean,_Duke_Of_Guise| |1942|1942| |Prince_George,_Duke_of_Kent|Prince_George,_Duke_Of_Kent| |1945|1945| |John_Birch|John_Birch| , American soldier and missionary    |1956|1956| |Alfred_Kinsey|Alfred_Kinsey| , American biologist and academic    |1965|1965| |Moonlight_Graham|Moonlight_Graham| , American baseball player and physician    |1967|1967| |Stanley_Bruce|Stanley_Bruce| , Australian lawyer and politician, 8th  |Prime_Minister_of_Australia|Prime_Minister_Of_Australia|    1967    |Oscar_Cabalén|Oscar_Cabalén| , Argentine race car driver   1967    |Paul_Muni|Paul_Muni| , Ukrainian-born American actor   1967    |George_Lincoln_Rockwell|George_Lincoln_Rockwell| , American commander, politician, and activist, founded the  |American_Nazi_Party|American_Nazi_Party| |1968|1968| |Stan_McCabe|Stan_Mccabe| , Australian cricketer and coach    |1969|1969| |Robert_Cosgrove|Robert_Cosgrove| , Australian politician, 30th  |Premier_of_Tasmania|Premier_Of_Tasmania| |1970|1970| |Tachū_Naitō|Tachū_Naitō| , Japanese architect and engineer, designed the  |Tokyo_Tower|Tokyo_Tower| |1971|1971| |Ted_Lewis|Ted_Lewis| , American singer and clarinet player    |1973|1973| |Dezső_Pattantyús-Ábrahám|Dezső_Pattantyús-Ábrahám| , Hungarian lawyer and politician,  |Prime_Minister_of_Hungary|Prime_Minister_Of_Hungary| |1976|1976| |Eyvind_Johnson|Eyvind_Johnson| , Swedish novelist and short story writer,  |Nobel_Prize|Nobel_Prize_In_Literature|  laureate    |1977|1977| |Károly_Kós|Károly_Kós| , Hungarian architect, ethnologist, and politician    |1979|1979| |Stan_Kenton|Stan_Kenton| , American pianist, composer, and bandleader    |1980|1980| |Gower_Champion|Gower_Champion| , American dancer and choreographer    |1981|1981| |Nassos_Kedrakas|Nassos_Kedrakas| , Greek actor and cinematographer    |1982|1982| |Anna_German|Anna_German| ,  |Polish|Poland|  singer     |1984|1984| |Truman_Capote|Truman_Capote| , American novelist, playwright, and screenwriter   1984    |Viktor_Chukarin|Viktor_Chukarin| , Ukrainian gymnast and coach   1984    |Waite_Hoyt|Waite_Hoyt| , American baseball player and sportscaster    |1988|1988| |Art_Rooney|Art_Rooney| , American businessman, founded the  |Pittsburgh_Steelers|Pittsburgh_Steelers| |1990|1990| |Morley_Callaghan|Morley_Callaghan| , Canadian author and playwright    |1995|1995| |Doug_Stegmeyer|Doug_Stegmeyer| , American bass player and producer    |1998|1998| |Lewis_F._Powell,_Jr.|Lewis_F._Powell,_Jr.| , American lawyer and Supreme Court justice    |1999|1999| |Rob_Fisher|Rob_Fisher| , English keyboard player and songwriter    |2000|2000| |Carl_Barks|Carl_Barks| , American author and illustrator   2000    |Frederick_C._Bock|Frederick_C._Bock| , American soldier and pilot   2000    |Jack_Nitzsche|Jack_Nitzsche| , American pianist, composer, and producer   2000    |Allen_Woody|Allen_Woody| , American bass player and songwriter    |2001|2001| |Aaliyah|Aaliyah| , American singer and actress   2001    |Carl_Brewer|Carl_Brewer| , Canadian ice hockey player   2001    |Üzeyir_Garih|Üzeyir_Garih| , Turkish engineer and businessman, co-founded  |Alarko_Holding|Alarko_Holding|    2001    |Ken_Tyrrell|Ken_Tyrrell| , English race car driver and businessman, founded  |Tyrrell_Racing|Tyrrell_Racing| |2002|2002| |Dorothy_Hewett|Dorothy_Hewett| , Australian author and poet    |2003|2003| |Tom_Feelings|Tom_Feelings| , American author and illustrator    |2005|2005| |Peter_Glotz|Peter_Glotz| , Czech-German academic and politician    |2006|2006| |Noor_Hassanali|Noor_Hassanali| , Trinidadian-Tobagonian lawyer and politician, 2nd  |President_of_Trinidad_and_Tobago|President_Of_Trinidad_And_Tobago| |2007|2007| |Benjamin_Aaron|Benjamin_Aaron| , American lawyer and scholar   2007    |Ray_Jones|Ray_Jones| , English footballer    |2008|2008| |Ahmad_Faraz|Ahmad_Faraz| , Pakistani poet   2008    |Kevin_Duckworth|Kevin_Duckworth| , American basketball player    |2009|2009| |Ted_Kennedy|Ted_Kennedy| , American politician   2009    |Mandé_Sidibé|Mandé_Sidibé| , Malian economist and politician,  |Prime_Minister_of_Mali|Prime_Minister_Of_Mali| |2011|2011| |Lazar_Mojsov|Lazar_Mojsov| , Macedonian politician    |2012|2012| |Florencio_Amarilla|Florencio_Amarilla| , Paraguayan footballer, coach, and actor   2012    |Neil_Armstrong|Neil_Armstrong| , American pilot, engineer, and astronaut   2012    |Roberto_González_Barrera|Roberto_González_Barrera| , Mexican banker and businessman   2012    |Donald_Gorrie|Donald_Gorrie| , Scottish educator and politician    |2013|2013| |Ciril_Bergles|Ciril_Bergles| , Slovene poet and translator   2013    |António_Borges|António_Borges| , Portuguese economist and banker   2013    |William_Froug|William_Froug| , American screenwriter and producer   2013    |Liu_Fuzhi|Liu_Fuzhi| , Chinese academic and politician, 3rd  |Minister_of_Justice_for_China|Ministry_Of_Justice_Of_The_Peoples_Republic_Of_China|    2013    |Raghunath_Panigrahi|Raghunath_Panigrahi| , Indian singer-songwriter   2013    |Gylmar_dos_Santos_Neves|Gylmar_Dos_Santos_Neves| , Brazilian footballer    |2014|2014| |William_Greaves|William_Greaves| , American director and producer   2014    |Marcel_Masse|Marcel_Masse| , Canadian educator and politician, 29th  |Canadian_Minister_of_National_Defence|Minister_Of_National_Defence|    2014    |Nico_M._M._Nibbering|Nico_M._M._Nibbering| , Dutch chemist and academic   2014    |Uziah_Thompson|Uziah_Thompson| , Jamaican-American drummer and producer   2014    |Enrique_Zileri|Enrique_Zileri| , Peruvian journalist and publisher    |2015|2015| |José_María_Benegas|José_María_Benegas| , Spanish lawyer and politician   2015    |Francis_Sejersted|Francis_Sejersted| , Norwegian historian and academic    |2016|2016| |Marvin_Kaplan|Marvin_Kaplan| , American actor    |2017|2017| |Rich_Piana|Rich_Piana| , American bodybuilder    |2018|2018| |John_McCain|John_Mccain| , American politician    |2019|2019| |Ferdinand_Piëch|Ferdinand_Piëch| , Austrian business magnate & engineer          Christian  |feast_day|Feast_Day| |Æbbe_of_Coldingham|Æbbe_Of_Coldingham| |Aredius|Aredius| |Genesius_of_Arles|Genesius_Of_Arles| |Genesius_of_Rome|Genesius_Of_Rome| |Ginés_de_la_Jara|Ginés_De_La_Jara| |Gregory_of_Utrecht|Gregory_Of_Utrecht| |Joseph_Calasanz|Joseph_Calasanz| |Louis_IX_of_France|Louis_Ix_Of_France| |Ludovicus_Baba|Ludovicus_Baba| |Ludovicus_Sasada|Ludovicus_Sasada| |Luis_Sotelo|Luis_Sotelo| |Menas_of_Constantinople|Menas_Of_Constantinople| |Miguel_de_Carvalho|Miguel_De_Carvalho| |Patricia_of_Naples|Patricia_Of_Naples| |Pedro_Vásquez|Pedro_Vásquez| |Thomas_de_Cantilupe|Thomas_De_Cantilupe| |August_25|August_25| |Day_of_Songun|Day_Of_Songun|     Earliest day on which  |Fathers_Day|Fathers_Day|  can fall, while August 31 is the latest; celebrated on the last Monday in August.    Earliest day on which  |La_Tomatina|La_Tomatina|  can fall, while August 31 is the latest; celebrated on the last Wednesday in August.     |Independence_Day|Independence_Day| , celebrates the independence of  |Uruguay|Uruguay|  from  |Brazil|Brazil|  in 1825.    |Liberation_Day|Liberation_Of_Paris| |Soldiers_Day|Soldiers_Day|.