|475|475|    The  |Roman|Roman_Empire|  general  |Orestes|Orestes|  forces western  |Roman_Emperor|Roman_Emperors| |Julius_Nepos|Julius_Nepos|  to flee his  |capital_city|Capital_City| ,  |Ravenna|Ravenna| .    |489|489| |Theodoric|Theodoric_The_Great| , king of the  |Ostrogoths|Ostrogoths| , defeats  |Odoacer|Odoacer|  at the  |Battle_of_Isonzo|Battle_Of_Isonzo| , forcing his way into Italy.    |632|632| |Fatimah|Fatimah| , daughter of the Islamic prophet  |Muhammad|Muhammad| , dies, with her cause of death being a controversial topic among the  |Sunni|Sunni|  Muslims and  |Shia|Shia|  Muslims.    |663|663| |Silla|Silla| – |Tang|Tang_Dynasty|  armies crush the  |Baekje|Baekje|  restoration attempt and force  |Yamato_Japan|Yamato_Period|  to withdraw from Korea in the  |Battle_of_Baekgang|Battle_Of_Baekgang| .    |1189|1189| |Third_Crusade|Third_Crusade| |Siege_of_Acre|Siege_Of_Acre|  under  |Guy_of_Lusignan|Guy_Of_Lusignan| .    |1521|1521|    The  |Ottoman_Turks|Ottoman_Turks|  occupy  |Belgrade|Belgrade| .    |1524|1524|    The  |Kaqchikel|Kaqchikel_People| |Maya|Maya_Civilization|  rebel against their former Spanish allies during the  |Spanish_conquest_of_Guatemala|Spanish_Conquest_Of_Guatemala| .    |1542|1542| |Turkish–Portuguese_War|Ottoman–Portuguese_Conflicts| |Battle_of_Wofla|Battle_Of_Wofla| |Christovão_da_Gama|Christovão_Da_Gama|  is captured and later executed.    |1565|1565| |Pedro_Menéndez_de_Avilés|Pedro_Menéndez_De_Avilés|  sights land near  |St._Augustine,_Florida|St._Augustine,_Florida|  and founds the oldest continuously occupied European-established city in the  |continental_United_States|Contiguous_United_States| .    |1609|1609| |Henry_Hudson|Henry_Hudson|  discovers  |Delaware_Bay|Delaware_Bay| .    |1619|1619|    Election of  |Ferdinand_II,_Holy_Roman_Emperor|Ferdinand_Ii,_Holy_Roman_Emperor| .    |1640|1640| |Second_Bishops_War|Bishops_Warssecond_Bishops_War| |Charles_Is|Charles_I_Of_England|  English army loses to a  |Scottish_Covenanter|Covenanter|  force at the  |Battle_of_Newburn|Battle_Of_Newburn| .    |1648|1648|    The  |Siege_of_Colchester|Siege_Of_Colchester|  ends when Royalists Forces surrender to the Parliamentary Forces after eleven weeks, during the  |Second_English_Civil_War|Second_English_Civil_War| .    |1709|1709| |Meidingnu_Pamheiba|Pamheiba|  is crowned King of  |Manipur|Manipur| .    |1789|1789| |William_Herschel|William_Herschel|  discovers a new moon of Saturn:  |Enceladus|Enceladus| .    |1810|1810| |Battle_of_Grand_Port|Battle_Of_Grand_Port| |British_Navy|British_Navy|  fleet.    |1830|1830|    The  |Baltimore_and_Ohio_Railroads|Baltimore_And_Ohio_Railroad|  new  Tom Thumb  steam locomotive races a horse-drawn car, presaging steams role in U.S. railroads.    |1833|1833|    King William IV gives Royal Assent to the  |Slavery_Abolition_Act_1833|Slavery_Abolition_Act_1833| , although slavery remained legal in the possessions of the  |East_India_Company|East_India_Company|  until the passage of the  |Indian_Slavery_Act,_1843|Indian_Slavery_Act,_1843| .    |1845|1845|    The first issue of  Scientific American  magazine is published.    |1849|1849|    After a month-long siege,  |Venice|Venice| , which had declared itself independent as the  |Republic_of_San_Marco|Republic_Of_San_Marco| , surrenders to Austria.    |1859|1859|    The  |Carrington_event|Solar_Storm_Of_1859|  is the strongest  |geomagnetic_storm|Geomagnetic_Storm|  on record to strike the Earth.  |Electrical_telegraph|Electrical_Telegraph|  service is widely disrupted.    |1861|1861| |American_Civil_War|American_Civil_War| |Union|Union|  forces attack  |Cape_Hatteras|Cape_Hatteras| ,  |North_Carolina|North_Carolina|  in the  |Battle_of_Hatteras_Inlet_Batteries|Battle_Of_Hatteras_Inlet_Batteries|  which lasts for two days.    |1862|1862|    American Civil War:  |Second_Battle_of_Bull_Run|Second_Battle_Of_Bull_Run| , also known as the Battle of Second Manassas. The battle ends on August 30.    |1867|1867|    The United States takes possession of the  |Midway_Atoll|Midway_Atoll| .    |1879|1879| |Cetshwayo|Cetshwayo| , last king of the  |Zulus|Zulu_People| , is captured by the  |British|United_Kingdom_Of_Great_Britain_And_Ireland| .    |1898|1898| |Caleb_Bradhams|Caleb_Bradham|  beverage Brads Drink is renamed  |Pepsi-Cola|Pepsi|  .    |1901|1901| |Silliman_University|Silliman_University|  is founded in the  |Philippines|Philippines| . It is the first American  |private_school|Private_School|  in the country.    |1909|1909|    A group of mid-level  |Greek_Army|Greek_Army|  officers launches the  |Goudi_coup|Goudi_Coup| , seeking wide-ranging reforms.    |1913|1913| |Queen_Wilhelmina|Wilhelmina_Of_The_Netherlands|  opens the  |Peace_Palace|Peace_Palace|  in  |The_Hague|The_Hague| .    |1914|1914| |World_War_I|World_War_I| |Royal_Navy|Royal_Navy|  defeats the  |German|German_Empire|  fleet in the  |Battle_of_Heligoland_Bight|Battle_Of_Heligoland_Bight| .   1914   World War I: German troops take the city of  |Namur|Namur|  in Belgium.    |1916|1916|    World War I: Germany declares war on  |Romania|Kingdom_Of_Romania| .   1916   World War I:  |Italy|Kingdom_Of_Italy|  declares war on Germany.    |1917|1917|    Ten  |Suffragettes|Suffragettes|  are arrested while picketing the  |White_House|White_House| .    |1924|1924|    The  |Georgian|Georgian_Soviet_Socialist_Republic|  opposition stages the  |August_Uprising|August_Uprising|  against the  |Soviet_Union|Soviet_Union| .    |1937|1937| |Toyota_Motors|Toyota_Motors|  becomes an independent company.    |1943|1943| |Denmark_in_World_War_II|Denmark_In_World_War_Ii| |martial_law|Martial_Law|  is imposed on Denmark.    |1944|1944|    World War II:  |Marseille|Marseille|  and  |Toulon|Toulon|  are liberated.    |1955|1955| |Black|African_Americans|  teenager  |Emmett_Till|Emmett_Till|  is brutally murdered in  |Mississippi|Mississippi| , galvanizing the nascent  |civil_rights_movement|Civil_Rights_Movement| .    |1957|1957| |U.S._Senator|United_States_Senate| |Strom_Thurmond|Strom_Thurmond|  begins a  |filibuster|Filibuster|  to prevent the Senate from voting on  |Civil_Rights_Act_of_1957|Civil_Rights_Act_Of_1957| ; he stopped speaking 24 hours and 18 minutes later, the longest filibuster ever conducted by a single Senator.    |1963|1963| |March_on_Washington_for_Jobs_and_Freedom|March_On_Washington_For_Jobs_And_Freedom| |Martin_Luther_King,_Jr.|Martin_Luther_King,_Jr.|  gives his  I Have a Dream  speech.    |1964|1964|    The  |Philadelphia_race_riot|1964_Philadelphia_Race_Riot|  begins.    |1968|1968|    The police rioted during the  |Democratic_National_Convention|1968_Democratic_National_Convention| , beating up anti-war protesters, peaceful demonstrators, innocent bystanders, and members of the press.     |1988|1988| |Ramstein_air_show_disaster|Ramstein_Air_Show_Disaster| |Frecce_Tricolori|Frecce_Tricolori|  demonstration team collide and the wreckage falls into the crowd. Seventy-five are killed and 346 seriously injured.    |1990|1990| |Iraq|Iraq|  declares  |Kuwait|Kuwait|  to be its newest  |province|Governorates_Of_Iraq| .   1990    |An_F5_tornado|1990_Plainfield_Tornado|  strikes the  |Illinois|Illinois|  cities of  |Plainfield|Plainfield,_Illinois|  and  |Joliet|Joliet,_Illinois| , killing 29 people.    |1993|1993|    The  Galileo  spacecraft discovers a moon, later named Dactyl, around  |243_Ida|243_Ida| , the first known  |asteroid_moon|Asteroid_Moon| .    |1998|1998| |Pakistans|Pakistan| |National_Assembly|National_Assembly_Of_Pakistan|  passes a  |constitutional|Constitution_Of_Pakistan|  amendment to make the  |Quran|Quran|  and  |Sunnah|Sunnah|  the supreme law but the bill is defeated in the  |Senate|Senate_Of_Pakistan| .   1998    |Second_Congo_War|Second_Congo_War| |Loyalist_troops|Armed_Forces_Of_The_Democratic_Republic_Of_The_Congo|  backed by  |Angola|Angola| n and  |Zimbabwean|Zimbabwean|  forces repulse the  |RCD|Rally_For_Congolese_Democracy|  and  |Rwanda|Rwanda| n offensive on  |Kinshasa|Kinshasa| .    |2003|2003|    In one of the most complicated and bizarre crimes in the annals of the  |FBI|Fbi|  ,  |Brian_Wells|Murder_Of_Brian_Wells|  dies after becoming involved in a complex plot involving a  |bank_robbery|Bank_Robbery| , a  |scavenger_hunt|Scavenger_Hunt| , and a  |homemade_explosive_device|Improvised_Explosive_Device| . Drew Griffin and David Fitzpatrick , CNN.com, accessed 13 May 2018        |932|932| |Richard_I|Richard_I_Of_Normandy| , duke of Normandy    |1023|1023| |Go-Reizei|Emperor_Go-Reizei| , emperor of Japan    |1366|1366| |Jean_Le_Maingre|Jean_Le_Maingre| , marshal of France    |1476|1476| |Kanō_Motonobu|Kanō_Motonobu| , Japanese painter    |1481|1481| |Francisco_de_Sá_de_Miranda|Francisco_De_Sá_De_Miranda| , Portuguese poet    |1582|1582| |Taichang|Taichang_Emperor| , emperor of China    |1591|1591| |John_Christian_of_Brieg|John_Christian_Of_Brieg| , duke of Brzeg    |1592|1592| |George_Villiers,_1st_Duke_of_Buckingham|George_Villiers,_1St_Duke_Of_Buckingham| , English courtier and politician    |1612|1612| |Marcus_Zuerius_van_Boxhorn|Marcus_Zuerius_Van_Boxhorn| , Dutch linguist and scholar    |1667|1667| |Louise_of_Mecklenburg-Güstrow|Louise_Of_Mecklenburg-Güstrow| , queen of Denmark and Norway    |1691|1691| |Elisabeth_Christine_of_Brunswick-Wolfenbüttel|Elisabeth_Christine_Of_Brunswick-Wolfenbüttel| , Holy Roman Empress    |1714|1714| |Anthony_Ulrich|Duke_Anthony_Ulrich_Of_Brunswick| , duke of Brunswick-Lüneburg    |1728|1728| |John_Stark|John_Stark| , American general    |1739|1739| |Agostino_Accorimboni|Agostino_Accorimboni| , Italian composer    |1749|1749| |Johann_Wolfgang_von_Goethe|Johann_Wolfgang_Von_Goethe| , German novelist, poet, playwright, and diplomat    |1774|1774| |Elizabeth_Ann_Seton|Elizabeth_Ann_Seton| , American nun and saint, co-founded the  |Sisters_of_Charity_Federation_in_the_Vincentian-Setonian_Tradition|Sisters_Of_Charity_Federation_In_The_Vincentian-Setonian_Tradition| |1801|1801| |Antoine_Augustin_Cournot|Antoine_Augustin_Cournot| , French mathematician and philosopher    |1814|1814| |Sheridan_Le_Fanu|Sheridan_Le_Fanu| , Irish author    |1816|1816| |Charles_Sladen|Charles_Sladen| , English-Australian politician, 6th  |Premier_of_Victoria|Premier_Of_Victoria| |1822|1822| |Graham_Berry|Graham_Berry| , English-Australian politician, 11th  |Premier_of_Victoria|Premier_Of_Victoria| |1827|1827| |Catherine_Mikhailovna|Grand_Duchess_Catherine_Mikhailovna_Of_Russia| , Russian grand duchess    |1833|1833| |Edward_Burne-Jones|Edward_Burne-Jones| , English artist of the  |Pre-Raphaelite_movement|Pre-Raphaelite_Movement| |1837|1837| |Francis_von_Hohenstein|Francis,_Duke_Of_Teck| , duke of Teck    |1840|1840| |Alexander_Cameron_Sim|Alexander_Cameron_Sim| , Scottish-Japanese pharmacist and businessman, founded  |Kobe_Regatta_&_Athletic_Club|Kobe_Regatta_&_Athletic_Club| |1853|1853| |Vladimir_Shukhov|Vladimir_Shukhov| , Russian architect and engineer, designed the  |Adziogol_Lighthouse|Adziogol_Lighthouse| |1859|1859| |Matilda_Howell|Matilda_Howell| , American archer   1859    |Vittorio_Sella|Vittorio_Sella| , Italian mountaineer and photographer    |1867|1867| |Umberto_Giordano|Umberto_Giordano| , Italian composer and academic    |1878|1878| |George_Whipple|George_Whipple| , American physician and pathologist,  |Nobel_Prize|Nobel_Prize_In_Physiology_Or_Medicine|  laureate    |1884|1884| |Peter_Fraser|Peter_Fraser| , Scottish-New Zealand journalist and politician, 24th  |Prime_Minister_of_New_Zealand|Prime_Minister_Of_New_Zealand| |1885|1885| |Vance_Palmer|Vance_Palmer| , Australian author, playwright, and critic    |1887|1887| |August_Kippasto|August_Kippasto| , Estonian-Australian wrestler and poet   1887    |István_Kühár|István_Kühár| , Slovenian priest and politician    |1888|1888| |Evadne_Price|Evadne_Price| , Australian actress, astrologer, and author    |1891|1891| |Benno_Schotz|Benno_Schotz| , Estonian-Scottish sculptor and engineer    |1894|1894| |Karl_Böhm|Karl_Böhm| , Austrian conductor and director    |1896|1896| |Firaq_Gorakhpuri|Firaq_Gorakhpuri| , Indian author, poet, and critic    |1898|1898| |Charlie_Grimm|Charlie_Grimm| , American baseball player, manager, and sportscaster    |1899|1899| |Charles_Boyer|Charles_Boyer| , French-American actor, singer, and producer   1899    |Andrei_Platonov|Andrei_Platonov| , Russian author and poet   1899    |James_Wong_Howe|James_Wong_Howe| , Chinese American cinematographer    |1903|1903| |Bruno_Bettelheim|Bruno_Bettelheim| , Austrian-American psychologist and author    |1904|1904| |Secondo_Campini|Secondo_Campini| , Italian-American engineer   1904    |Leho_Laurine|Leho_Laurine| , Estonian chess player    |1905|1905| |Cyril_Walters|Cyril_Walters| , Welsh-English cricketer    |1906|1906| |John_Betjeman|John_Betjeman| , English poet and academic    |1908|1908| |Roger_Tory_Peterson|Roger_Tory_Peterson| , American ornithologist and author    |1910|1910| |Morris_Graves|Morris_Graves| , American painter and academic   1910    |Tjalling_Koopmans|Tjalling_Koopmans| , Dutch-American mathematician and economist  |Nobel_Prize|Nobel_Memorial_Prize_In_Economic_Sciences|  laureate    |1911|1911| |Joseph_Luns|Joseph_Luns| , Dutch politician and diplomat, 5th  |Secretary_General_of_NATO|Secretary_General_Of_Nato| |1913|1913| |Robertson_Davies|Robertson_Davies| , Canadian journalist, author, and playwright   1913    |Jack_Dreyfus|Jack_Dreyfus| , American businessman, founded the  |Dreyfus_Corporation|Dreyfus_Corporation|    1913    |Lindsay_Hassett|Lindsay_Hassett| , Australian cricketer and sportscaster   1913    |Robert_Irving|Robert_Irving| , English conductor and director   1913    |Terence_Reese|Terence_Reese| , English bridge player and author   1913    |Richard_Tucker|Richard_Tucker| , American tenor and actor    |1915|1915| |Max_Robertson|Max_Robertson| , Bengal-born English sportscaster and author   1915    |Tasha_Tudor|Tasha_Tudor| , American author and illustrator    |1916|1916| |Hélène_Baillargeon|Hélène_Baillargeon| , Canadian singer and actress   1916    |C._Wright_Mills|C._Wright_Mills|  American sociologist and author   1916    |Jack_Vance|Jack_Vance| , American author    |1917|1917| |Jack_Kirby|Jack_Kirby| , American author and illustrator    |1918|1918| |L._B._Cole|L._B._Cole| , American illustrator and publisher    |1919|1919| |Godfrey_Hounsfield|Godfrey_Hounsfield| , English biophysicist and engineer  |Nobel_Prize|Nobel_Prize_For_Physiology_Or_Medicine|  laureate    |1921|1921| |John_Herbert_Chapman|John_Herbert_Chapman| , Canadian physicist and engineer   1921    |Fernando_Fernán_Gómez|Fernando_Fernán_Gómez| , Spanish actor, director, and playwright   1921    |Nancy_Kulp|Nancy_Kulp| , American actress and soldier   1921    |Lidia_Gueiler_Tejada|Lidia_Gueiler_Tejada| , the first female President of Bolivia    |1924|1924| |Janet_Frame|Janet_Frame| , New Zealand author and poet   1924    |Tony_MacGibbon|Tony_Macgibbon| , New Zealand cricketer and engineer   1924    |Peggy_Ryan|Peggy_Ryan| , American actress and dancer   1924    |Zalman_Schachter-Shalomi|Zalman_Schachter-Shalomi| , Ukrainian-American rabbi and author    |1925|1925| |Billy_Grammer|Billy_Grammer| , American singer-songwriter and guitarist   1925    |Donald_OConnor|Donald_Oconnor| , American actor, singer, and dancer   1925    |Philip_Purser|Philip_Purser| , English author and critic    |1928|1928| |F._William_Free|F._William_Free| , American businessman   1928    |Vilayat_Khan|Vilayat_Khan| , Indian  |sitar|Sitar|  player and composer    |1929|1929| |István_Kertész|István_Kertész| , Hungarian conductor   1929    |Roxie_Roker|Roxie_Roker| , American actress    |1930|1930| |Ben_Gazzara|Ben_Gazzara| , American actor   1930    |Windsor_Davies|Windsor_Davies| , British actor.    |1931|1931| |Tito_Capobianco|Tito_Capobianco| , Argentinian director and producer   1931    |Cristina_Deutekom|Cristina_Deutekom| , Dutch soprano and actress   1931    |Ola_L._Mize|Ola_L._Mize| , American colonel,  |Medal_of_Honor|Medal_Of_Honor|  recipient   1931    |John_Shirley-Quirk|John_Shirley-Quirk| , English actor, singer, and educator   1931    |Roger_Williams|Roger_Williams| , English hepatologist and academic    |1932|1932| |Andy_Bathgate|Andy_Bathgate| , Canadian ice hockey player, coach, and manager   1932    |Yakir_Aharonov|Yakir_Aharonov| , Israeli academic and educator    |1933|1933| |Philip_French|Philip_French| , English journalist, critic, and producer   1933    |Patrick_Kalilombe|Patrick_Kalilombe| , Malawian bishop and theologian    |1935|1935| |Melvin_Charney|Melvin_Charney| , Canadian sculptor and architect   1935    |Gilles_Rocheleau|Gilles_Rocheleau| , Canadian businessman and politician    |1936|1936| |Don_Denkinger|Don_Denkinger| , American baseball player and umpire   1935    |Warren_M._Washington|Warren_M._Washington| , American atmospheric scientist    |1938|1938| |Maurizio_Costanzo|Maurizio_Costanzo| , Italian journalist and academic   1938    |Paul_Martin|Paul_Martin| , Canadian lawyer and politician, 21st  |Prime_Minister_of_Canada|Prime_Minister_Of_Canada| |Bengt_Fahlström|Bengt_Fahlström| , Swedish journalist    |1939|1939| |John_Kingman|John_Kingman| , English mathematician and academic    |1940|1940| |William_Cohen|William_Cohen| , American lawyer and politician, 20th  |United_States_Secretary_of_Defense|United_States_Secretary_Of_Defense| |Roger_Pingeon|Roger_Pingeon| , French cyclist    |1941|1941| |Michael_Craig-Martin|Michael_Craig-Martin| , Irish painter and illustrator   1941    |Toomas_Leius|Toomas_Leius| , Estonian tennis player and coach   1941    |John_Stanley_Marshall|John_Stanley_Marshall| , English drummer   1941    |Paul_Plishka|Paul_Plishka| , American opera singer    |1942|1942| |Wendy_Davies|Wendy_Davies| , Welsh historian and academic   1942    |Sterling_Morrison|Sterling_Morrison| , American singer and guitarist   1942    |Jorge_Urosa|Jorge_Urosa| , Venezuelan cardinal    |1943|1943| |Surayud_Chulanont|Surayud_Chulanont| , Thai general and politician, 24th  |Prime_Minister_of_Thailand|Prime_Minister_Of_Thailand| |Robert_Greenwald|Robert_Greenwald| , American director and producer   1943    |Shuja_Khanzada|Shuja_Khanzada| , Pakistani colonel and politician   1943    |Lou_Piniella|Lou_Piniella| , American baseball player and manager   1943    |David_Soul|David_Soul| , American actor and singer   1943    |Jihad_Al-Atrash|Jihad_Al-Atrash| , Lebanese actor and voice actor    |1944|1944| |Marianne_Heemskerk|Marianne_Heemskerk| , Dutch swimmer    |1945|1945| |Bob_Segarini|Bob_Segarini| , American-Canadian singer-songwriter    |1947|1947| |Emlyn_Hughes|Emlyn_Hughes| , English footballer   1947    |Liza_Wang|Liza_Wang| , Hong Kong actress and singer    |1948|1948| |Vonda_N._McIntyre|Vonda_N._Mcintyre| , American author   1948    |Murray_Parker|Murray_Parker| , New Zealand cricketer and educator   1948    |Heather_Reisman|Heather_Reisman| , Canadian publisher and businesswoman   1948    |Danny_Seraphine|Danny_Seraphine| , American drummer and producer   1948    |Elizabeth_Wilmshurst|Elizabeth_Wilmshurst| , English academic and jurist    |1949|1949| |Hugh_Cornwell|Hugh_Cornwell| , English singer-songwriter and guitarist   1949    |Svetislav_Pešić|Svetislav_Pešić| , Serbian basketball player and coach    |1950|1950| |Ron_Guidry|Ron_Guidry| , American baseball player and coach   1950    |Tony_Husband|Tony_Husband| , English cartoonist    |1951|1951| |Colin_McAdam|Colin_Mcadam| , Scottish footballer   1951    |Wayne_Osmond|Wayne_Osmond| , American singer-songwriter and actor   1951    |Keiichi_Suzuki|Keiichi_Suzuki| , Japanese singer-songwriter    |1952|1952| |Jacques_Chagnon|Jacques_Chagnon| , Canadian educator and politician   1952    |Rita_Dove|Rita_Dove| , American poet and essayist   1952    |Wendelin_Wiedeking|Wendelin_Wiedeking| , German businessman    |1953|1953| |Ditmar_Jakobs|Ditmar_Jakobs| , German footballer   1953    |Tõnu_Kaljuste|Tõnu_Kaljuste| , Estonian conductor and journalist    |1954|1954| |Katharine_Abraham|Katharine_Abraham| , American feminist economist   1954    |George_M._Church|George_M._Church| , American geneticist, chemist, and engineer   1954    |John_Dorahy|John_Dorahy| , Australian rugby player and coach   1954    |Ravi_Kanbur|Ravi_Kanbur| , Indian-English economist and academic    |1956|1956| |Luis_Guzmán|Luis_Guzmán| , Puerto Rican-American actor and producer   1956    |Steve_Whiteman|Steve_Whiteman| , American singer-songwriter    |1957|1957| |Greg_Clark|Greg_Clark| , English businessman and politician,  |Secretary_of_State_for_Communities_and_Local_Government|Secretary_Of_State_For_Communities_And_Local_Government| |Ivo_Josipović|Ivo_Josipović| , Croatian lawyer, jurist, and politician, 3rd  |President_of_Croatia|President_Of_Croatia| |Daniel_Stern|Daniel_Stern| , American actor and director   1957    |Ai_Weiwei|Ai_Weiwei| , Chinese sculptor and activist    |1958|1958| |Scott_Hamilton|Scott_Hamilton| , American figure skater    |1959|1959| |Brian_Thompson|Brian_Thompson| , American actor, director, producer, and screenwriter    |1961|1961| |Kim_Appleby|Kim_Appleby| , English singer-songwriter and actress   1961    |Cliff_Benson|Cliff_Benson| , American football player   1961    |Jennifer_Coolidge|Jennifer_Coolidge| , American actress   1961    |Deepak_Tijori|Deepak_Tijori| , Indian actor and director   1961    |Ian_Pont|Ian_Pont| , English cricketer and coach    |1962|1962| |Paul_Allen|Paul_Allen| , English footballer   1962    |Craig_Anton|Craig_Anton| , American actor and screenwriter   1962    |David_Fincher|David_Fincher| , American director and producer    |1963|1963| |Regina_Jacobs|Regina_Jacobs| , American runner   1963    |Maria_Gheorghiu|Maria_Gheorghiu| , Romanian folk singer-songwriter    |1964|1964| |Lee_Janzen|Lee_Janzen| , American golfer   1964    |Kaj_Leo_Johannesen|Kaj_Leo_Johannesen| , Faroese footballer and politician, 12th  |Prime_Minister_of_the_Faroe_Islands|Prime_Minister_Of_The_Faroe_Islands| |1965|1965| |Dan_Crowley|Dan_Crowley| , Australian rugby player   1965    |Sonia_Kruger|Sonia_Kruger| , Australian television host and actress   1965    |Satoshi_Tajiri|Satoshi_Tajiri| , Japanese video game developer; created  Pokémon   |Shania_Twain|Shania_Twain| , Canadian singer-songwriter    |1966|1966| |Priya_Dutt|Priya_Dutt| , Indian social worker and politician    |1967|1967| |Jamie_Osborne|Jamie_Osborne| , English jockey and trainer    |1968|1968| |Billy_Boyd|Billy_Boyd| , Scottish actor and singer    |1969|1969| |Jack_Black|Jack_Black| , American actor and comedian   1969    |Sheryl_Sandberg|Sheryl_Sandberg| , COO of Facebook and Founder of Leanin.org   1969    |Mary_McCartney|Mary_Mccartney| , English photographer and activist   1969    |Jason_Priestley|Jason_Priestley| , Canadian actor, director, and producer   1969    |Pierre_Turgeon|Pierre_Turgeon| , Canadian-American ice hockey player    |1970|1970| |Melina_Aslanidou|Melina_Aslanidou| , German-Greek singer-songwriter   1970    |Rick_Recht|Rick_Recht| , American singer-songwriter    |1971|1971| |Shane_Andrews|Shane_Andrews| , American baseball player   1971    |Todd_Eldredge|Todd_Eldredge| , American figure skater and coach   1971    |Janet_Evans|Janet_Evans| , American swimmer   1971    |Raúl_Márquez|Raúl_Márquez| , Mexican-American boxer and sportscaster    |1972|1972| |Ravindu_Shah|Ravindu_Shah| , Kenyan cricketer   1972    |Jay_Witasick|Jay_Witasick| , American baseball player and coach    |1973|1973| |J._August_Richards|J._August_Richards| , American actor    |1974|1974| |Johan_Andersson|Johan_Andersson| , Swedish game designer and programmer   1974    |Takahito_Eguchi|Takahito_Eguchi| , Japanese pianist and composer   1974    |Carsten_Jancker|Carsten_Jancker| , German footballer and manager    |1975|1975| |Jamie_Cureton|Jamie_Cureton| , English footballer   1975    |Gareth_Farrelly|Gareth_Farrelly| , Irish footballer and manager   1975    |Hamish_McLachlan|Hamish_Mclachlan| , Australian television personality   1975    |Royce_Willis|Royce_Willis| , New Zealand rugby player    |1976|1976| |Federico_Magallanes|Federico_Magallanes| , Uruguayan footballer    |1978|1978| |Jess_Margera|Jess_Margera| , American drummer    |1979|1979| |Shaila_Dúrcal|Shaila_Dúrcal| , Spanish singer-songwriter   1979    |Robert_Hoyzer|Robert_Hoyzer| , German footballer and referee   1979    |Kristen_Hughes|Kristen_Hughes| , Australian netball player   1979    |Markus_Pröll|Markus_Pröll| , German footballer   1979    |Ruth_Riley|Ruth_Riley| , American basketball player    |1980|1980| |Antony_Hämäläinen|Antony_Hämäläinen| , Finnish singer-songwriter   1980    |Jaakko_Ojaniemi|Jaakko_Ojaniemi| , Finnish decathlete   1980    |Carly_Pope|Carly_Pope| , Canadian actress and producer   1980    |Jonathan_Reynolds|Jonathan_Reynolds| , English lawyer and politician    |1981|1981| |Matt_Alrich|Matt_Alrich| , American lacrosse player   1981    |Kezia_Dugdale|Kezia_Dugdale| , Scottish politician   1981    |Martin_Erat|Martin_Erat| , Czech ice hockey player   1981    |Daniel_Gygax|Daniel_Gygax| , Swiss footballer   1981    |Raphael_Matos|Raphael_Matos| , Brazilian race car driver   1981    |Jake_Owen|Jake_Owen| , American singer-songwriter and guitarist   1981    |Ahmed_Talbi|Ahmed_Talbi| , Moroccan footballer   1981    |Agata_Wróbel|Agata_Wróbel| , Polish weightlifter    |1982|1982| |Anderson_Silva_de_França|Anderson_Silva_De_França| , Brazilian footballer   1982    |Kevin_McNaughton|Kevin_Mcnaughton| , Scottish footballer   1982    |Thiago_Motta|Thiago_Motta| , Brazilian-Italian footballer   1982    |LeAnn_Rimes|Leann_Rimes| , American singer-songwriter and actress    |1983|1983| |Lasith_Malinga|Lasith_Malinga| , Sri Lankan cricketer   1983    |Luke_McAlister|Luke_Mcalister| , New Zealand rugby player   1983    |Lilli_Schwarzkopf|Lilli_Schwarzkopf| , German heptathlete    |1985|1985| |Kjetil_Jansrud|Kjetil_Jansrud| , Norwegian skier    |1986|1986| |Jeff_Green|Jeff_Green| , American basketball player   1986    |Armie_Hammer|Armie_Hammer| , American actor   1986    |Tommy_Hanson|Tommy_Hanson| , American baseball player   1986    |Simon_Mannering|Simon_Mannering| , New Zealand rugby league player   1986    |Gilad_Shalit|Gilad_Shalit| , Israeli soldier and hostage   1986    |Florence_Welch|Florence_Welch| , English singer-songwriter    |1987|1987| |Caleb_Moore|Caleb_Moore| , American snowmobile racer    |1989|1989| |César_Azpilicueta|César_Azpilicueta| , Spanish footballer   1989    |Valtteri_Bottas|Valtteri_Bottas| , Finnish race car driver   1989    |Jo_Kwon|Jo_Kwon| , South Korean singer and dancer   1989    |Cassadee_Pope|Cassadee_Pope| , American singer-songwriter    |1990|1990| |Bojan_Krkić|Bojan_Krkić| , Spanish footballer    |1991|1991| |Felicio_Brown_Forbes|Felicio_Brown_Forbes| , German footballer   1991    |Andreja_Pejić|Andreja_Pejić|  Bosnian model     |1992|1992| |Gabriela_Drăgoi|Gabriela_Drăgoi| , Romanian gymnast   1992    |Bismack_Biyombo|Bismack_Biyombo| , Congolese basketball player   1992    |Max_Collins|Max_Collins| , American-Filipino actress and model    |1993|1993| |Jakub_Sokolík|Jakub_Sokolík| , Czech footballer    |1994|1994| |Bobby_Andonov|Bobby_Andonov| , Australian singer   1994    |Manon_Arcangioli|Manon_Arcangioli| , French tennis player   1994    |Junior_Malanda|Junior_Malanda| , Belgian footballer    |1995|1995| |Joshua_Kalu|Joshua_Kalu| , American football player    |2003|2003| |Quvenzhané_Wallis|Quvenzhané_Wallis| , American actress          |388|388| |Magnus_Maximus|Magnus_Maximus| , Roman emperor    |430|430| |Augustine_of_Hippo|Augustine_Of_Hippo| , Algerian bishop, theologian, and saint    |476|476| |Orestes|Orestes| , Roman general and politician    |632|632| |Fatimah|Fatimah| , daughter of  |Muhammad|Muhammad| |683|683| |Kʼinich_Janaab_Pakal_I|KʼInich_Janaab_Pakal_I| , ajaw of the city-state of Palenque    |770|770| |Kōken|Empress_Kōken| , emperor of Japan    |876|876| |Louis_the_German|Louis_The_German| , Frankish king    |919|919| |He_Gui|He_Gui| , Chinese general    |1055|1055| |Xing_Zong|Emperor_Xingzong_Of_Liao| , Chinese emperor    |1149|1149| |Muin_ad-Din_Unur|Muin_Ad-Din_Unur| , Turkish ruler and regent    |1231|1231| |Eleanor_of_Portugal,_Queen_of_Denmark|Eleanor_Of_Portugal,_Queen_Of_Denmark| |1341|1341| |Levon_IV|Levon_Iv_Of_Armenia| , king of Armenia    |1406|1406| |John_de_Sutton_V|John_De_Sutton_V| ,  |Baron_Sutton_of_Dudley|Baron_Dudley| |1481|1481| |Afonso_V|Afonso_V_Of_Portugal| , king of Portugal    |1540|1540| |Federico_II_Gonzaga|Federico_Ii_Gonzaga,_Duke_Of_Mantua| , duke of Mantua    |1609|1609| |Francis_Vere|Francis_Vere| , English governor and general    |1645|1645| |Hugo_Grotius|Hugo_Grotius| , Dutch playwright, philosopher, and jurist    |1646|1646| |Johannes_Banfi_Hunyades|Johannes_Banfi_Hunyades| , English-Hungarian alchemist, chemist and metallurgist.    |1648|1648| |George_Lisle|Sir_George_Lisle| , English general   1648    |Charles_Lucas|Charles_Lucas| , English general    |1654|1654| |Axel_Oxenstierna|Axel_Oxenstierna| , Swedish lawyer and politician,  |Lord_High_Chancellor_of_Sweden|Lord_High_Chancellor_Of_Sweden| |1665|1665| |Elisabetta_Sirani|Elisabetta_Sirani| , Italian painter    |1678|1678| |John_Berkeley,_1st_Baron_Berkeley_of_Stratton|John_Berkeley,_1St_Baron_Berkeley_Of_Stratton| , English soldier and politician,  |Lord_Lieutenant_of_Ireland|Lord_Lieutenant_Of_Ireland| |1735|1735| |Edwin_Stead|Edwin_Stead| , English landowner and cricketer    |1757|1757| |David_Hartley|David_Hartley| , English psychologist and philosopher    |1784|1784| |Junípero_Serra|Junípero_Serra| , Spanish priest and missionary    |1793|1793| |Adam_Philippe,_Comte_de_Custine|Adam_Philippe,_Comte_De_Custine| , French general    |1805|1805| |Alexander_Carlyle|Alexander_Carlyle| , Scottish church leader and author    |1818|1818| |Jean_Baptiste_Point_du_Sable|Jean_Baptiste_Point_Du_Sable| , American fur trader, founded Chicago    |1820|1820| |Andrew_Ellicott|Andrew_Ellicott| , American surveyor and urban planner    |1839|1839| |William_Smith|William_Smith| , English geologist and engineer    |1888|1888| |Julius_Krohn|Julius_Krohn| , Finnish poet and journalist    |1891|1891| |Robert_Caldwell|Robert_Caldwell| , English missionary and linguist    |1900|1900| |Henry_Sidgwick|Henry_Sidgwick| , English economist and philosopher    |1903|1903| |Frederick_Law_Olmsted|Frederick_Law_Olmsted| , American journalist and architect, co-designed  |Central_Park|Central_Park| |1919|1919| |Adolf_Schmal|Adolf_Schmal| , Austrian fencer and cyclist    |1934|1934| |Edgeworth_David|Edgeworth_David| , Welsh-Australian geologist and explorer    |1937|1937| |George_Prendergast|George_Prendergast| , Australian politician, 28th  |Premier_of_Victoria|Premier_Of_Victoria| |1943|1943| |Georg_Hellat|Georg_Hellat| , Estonian architect   1943    |Boris_III_of_Bulgaria|Boris_Iii_Of_Bulgaria| |1955|1955| |Emmett_Till|Emmett_Till| , American murder victim    |1959|1959| |Bohuslav_Martinů|Bohuslav_Martinů| , Czech-American composer and educator    |1965|1965| |Giulio_Racah|Giulio_Racah| , Italian-Israeli physicist and mathematician    |1968|1968| |Dimitris_Pikionis|Dimitris_Pikionis| , Greek architect and academic    |1971|1971| |Reuvein_Margolies|Reuvein_Margolies| , Israeli author and scholar    |1972|1972| |Prince_William_of_Gloucester|Prince_William_Of_Gloucester| |1975|1975| |Fritz_Wotruba|Fritz_Wotruba| , Austrian sculptor    |1976|1976| |Anissa_Jones|Anissa_Jones| , American actress    |1978|1978| |Bruce_Catton|Bruce_Catton| , American historian and journalist   1978    |Robert_Shaw|Robert_Shaw| , English actor    |1981|1981| |Béla_Guttmann|Béla_Guttmann| , Hungarian footballer, coach, and manager    |1982|1982| |Geoff_Chubb|Geoff_Chubb| , South African cricketer    |1984|1984| |Muhammad_Naguib|Muhammad_Naguib| , Egyptian general and politician, 1st  |President_of_Egypt|President_Of_Egypt| |1985|1985| |Ruth_Gordon|Ruth_Gordon| , American actress and screenwriter    |1986|1986| |Russell_Lee|Russell_Lee| , American photographer and journalist    |1987|1987| |John_Huston|John_Huston| , Irish actor, director, and screenwriter    |1988|1988| |Jean_Marchand|Jean_Marchand| , Canadian union leader and politician, 43rd  |Secretary_of_State_for_Canada|Secretary_Of_State_For_Canada|    1988    |Max_Shulman|Max_Shulman| , American author and screenwriter    |1989|1989| |John_Steptoe|John_Steptoe| , American author and illustrator    |1990|1990| |Willy_Vandersteen|Willy_Vandersteen| , Belgian author and illustrator    |1991|1991| |Alekos_Sakellarios|Alekos_Sakellarios| , Greek director and screenwriter    |1993|1993| |William_Stafford|William_Stafford| , American poet and academic    |1995|1995| |Earl_W._Bascom|Earl_W._Bascom| , American rodeo performer and painter   1995    |Michael_Ende|Michael_Ende| , German scientist and author   1995    |Carl_Giles|Carl_Giles| , English cartoonist    |2005|2005| |Jacques_Dufilho|Jacques_Dufilho| , French actor   2005    |Esther_Szekeres|Esther_Szekeres| , Hungarian-Australian mathematician and academic   2005    |George_Szekeres|George_Szekeres| , Hungarian-Australian mathematician and academic    |2006|2006| |Heino_Lipp|Heino_Lipp| , Estonian shot putter and discus thrower   2006    |Benoît_Sauvageau|Benoît_Sauvageau| , Canadian educator and politician   2006    |Melvin_Schwartz|Melvin_Schwartz| , American physicist and academic,  |Nobel_Prize|Nobel_Prize_In_Physics|  laureate    |2007|2007| |Arthur_Jones|Arthur_Jones| , American businessman, founded  |Nautilus,_Inc.|Nautilus,_Inc.|  and  |MedX_Corporation|Medx_Corporation|    2007    |Hilly_Kristal|Hilly_Kristal| , American businessman, founded  |CBGB|Cbgb|    2007    |Paul_MacCready|Paul_Maccready| , American engineer and businessman, founded  |AeroVironment|Aerovironment|    2007    |Francisco_Umbral|Francisco_Umbral| , Spanish journalist and author   2007    |Miyoshi_Umeki|Miyoshi_Umeki| , Japanese-American actress    |2008|2008| |Phil_Hill|Phil_Hill| , American race car driver    |2009|2009| |Adam_Goldstein|Adam_Goldstein| , American drummer, DJ, and producer    |2009|2009| |Richard_Egan|Richard_Egan| , US Ambassador, Owner of  |Dell_EMC|Dell_Emc| , Engineer    |2010|2010| |William_P._Foster|William_P._Foster| , American bandleader and educator    |2011|2011| |Bernie_Gallacher|Bernie_Gallacher| , English footballer    |2012|2012| |Rhodes_Boyson|Rhodes_Boyson| , English educator and politician   2012    |Shulamith_Firestone|Shulamith_Firestone| , Canadian-American activist and author   2012    |Dick_McBride|Dick_Mcbride| , American author, poet, and playwright   2012    |Saul_Merin|Saul_Merin| , Polish-Israeli ophthalmologist and academic   2012    |Ramón_Sota|Ramón_Sota| , Spanish golfer    |2013|2013| |John_Bellany|John_Bellany| , Scottish painter and academic   2013    |Lorella_Cedroni|Lorella_Cedroni| , Italian political scientist and philosopher   2013    |Edmund_B._Fitzgerald|Edmund_B._Fitzgerald| , American businessman   2013    |Frank_Pulli|Frank_Pulli| , American baseball player and umpire   2013    |Barry_Stobart|Barry_Stobart| , English footballer   2013    |Rafael_Díaz_Ycaza|Rafael_Díaz_Ycaza| , Ecuadorian journalist, author, and poet    |2014|2014| |Glenn_Cornick|Glenn_Cornick| , English bass guitarist   2014    |Hal_Finney|Hal_Finney| , American cryptographer and programmer   2014    |John_Anthony_Walker|John_Anthony_Walker| , American soldier and spy    |2015|2015| |Al_Arbour|Al_Arbour| , Canadian-American ice hockey player and coach   2015    |Mark_Krasniqi|Mark_Krasniqi| , Kosovan ethnographer, poet, and translator   2015    |Nelson_Shanks|Nelson_Shanks| , American painter and educator    |2016|2016| |Juan_Gabriel|Juan_Gabriel| , Mexican singer and songwriter   2016    |Mr._Fuji|Mr._Fuji| , American professional wrestler and manager    |2017|2017| |Mireille_Darc|Mireille_Darc| , French actress and model           Christian  |feast_day|Calendar_Of_Saints| |Alexander_of_Constantinople|Alexander_Of_Constantinople| |Augustine_of_Hippo|Augustine_Of_Hippo| |Edmund_Arrowsmith|Edmund_Arrowsmith| |Hermes|Saint_Hermes| |Moses_the_Black|Moses_The_Black| |August_28|August_28| |National_Grandparents_Day|National_Grandparents_Day|  .