|392|392| |Arbogast|Arbogast|  has  |Eugenius|Eugenius|  elected  |Western_Roman_Emperor|Roman_Emperor| .    |851|851| |Battle_of_Jengland|Battle_Of_Jengland| |Erispoe|Erispoe|  defeats  |Charles_the_Bald|Charles_The_Bald|  near the Breton town of Jengland.    |1138|1138| |Battle_of_the_Standard|Battle_Of_The_Standard|  between Scotland and England.    |1485|1485|    The  |Battle_of_Bosworth_Field|Battle_Of_Bosworth_Field| , the death of  |Richard_III|Richard_Iii_Of_England|  and the end of the  |House_of_Plantagenet|House_Of_Plantagenet| .    |1559|1559| |Bartolomé_Carranza|Bartolomé_Carranza| , Spanish  |archbishop|Archbishop| , is arrested for  |heresy|Heresy_In_Christianity| .    |1614|1614| |Fettmilch_Uprising|Fettmilch_Uprising| |Frankfurt|Frankfurt| ,  |Holy_Roman_Empire|Holy_Roman_Empire| , following the plundering of the  |Judengasse|Frankfurter_Judengasse| .    |1639|1639|    Madras , India, is founded by the  |British_East_India_Company|East_India_Company|  on a sliver of land bought from local Nayak rulers.    |1642|1642| |Charles_I|Charles_I_Of_England|  raises his standard in  |Nottingham|Nottingham| , which marks the beginning of the  |English_Civil_War|English_Civil_War| .    |1654|1654| |Jacob_Barsimson|Jacob_Barsimson|  arrives in  |New_Amsterdam|New_Amsterdam| . He is the first known Jewish immigrant to America.    |1711|1711|    Britains  |Quebec_Expedition|Quebec_Expedition|  loses eight ships and almost nine hundred soldiers, sailors and women to rocks at  |Pointe-aux-Anglais|Pointe-Aux-Anglais| .    |1717|1717|    Spanish troops land on  |Sardinia|Sardinia| .    |1770|1770| |James_Cook|James_Cook|  names and lands on  |Possession_Island|Possession_Island| , and claims the east coast of Australia for Britain as  |New_South_Wales|New_South_Wales| .    |1777|1777|    British forces abandon the  |Siege_of_Fort_Stanwix|Siege_Of_Fort_Stanwix|  after hearing rumors of  |Continental_Army|Continental_Army|  reinforcements.    |1780|1780|    James Cooks ship  returns to England .    |1791|1791|    Beginning of the  |Haiti|Haiti| an  |Slave_Revolution|Haitian_Revolution|  in  |Saint-Domingue,_Haiti|Saint-Domingue| .    |1798|1798|    French troops land at  |Kilcummin,_County_Mayo|Kilcummin| , Ireland to aid the  |rebellion|Irish_Rebellion_Of_1798| .    |1827|1827| |José_de_la_Mar|José_De_La_Mar|  becomes  |President_of_Peru|List_Of_Presidents_Of_Peru| .    |1846|1846|    The  |Second_Federal_Republic_of_Mexico|Second_Federal_Republic_Of_Mexico|  is established.    |1849|1849|    The first  |air_raid|Airstrike|  in history. Austria launches pilotless balloons against the city of  |Venice|Venice| .    |1851|1851|    The first  |Americas_Cup|Americas_Cup|  is won by the  |yacht|Yacht|   America .    |1864|1864|    Twelve nations sign the  |First_Geneva_Convention|First_Geneva_Convention| , establishing the rules of protection of the victims of armed conflicts.     |1875|1875|    The  |Treaty_of_Saint_Petersburg|Treaty_Of_Saint_Petersburg|  between Japan and Russia is ratified, providing for the exchange of  |Sakhalin|Sakhalin|  for the  |Kuril_Islands|Kuril_Islands| .    |1894|1894| |Mahatma_Gandhi|Mahatma_Gandhi|  forms the  |Natal_Indian_Congress|Natal_Indian_Congress|  in order to fight discrimination against Indian traders in Natal.    |1902|1902| |Cadillac|Cadillac|  Motor Company is founded.   1902    |Theodore_Roosevelt|Theodore_Roosevelt|  becomes the first President of the United States to make a public appearance in an automobile.    |1910|1910| |Korea|Korea|  is annexed by Japan with the signing of the  |Japan–Korea_Treaty_of_1910|Japan–Korea_Treaty_Of_1910| , beginning a  |period_of_Japanese_rule|Korea_Under_Japanese_Rule|  of Korea that lasted until the  |end_of_World_War_II|End_Of_World_War_Ii_In_Asia| .    |1922|1922| |Michael_Collins|Michael_Collins| ,  |Commander-in-chief|Commander-In-Chief|  of the  |Irish_Free_State|Irish_Free_State|  Army, is shot dead in an ambush during the  |Irish_Civil_War|Irish_Civil_War| .    |1934|1934| |Bill_Woodfull|Bill_Woodfull|  of  |Australia|Australia_National_Cricket_Team|  becomes the only  |cricket|Cricket|  captain to twice regain  |The_Ashes|The_Ashes| .    |1941|1941| |World_War_II|World_War_Ii| |Siege_of_Leningrad|Siege_Of_Leningrad| .    |1942|1942| |Brazil|Brazil|  declares war on  |Germany|Germany| ,  |Japan|Japan|  and  |Italy|Italy| .    |1944|1944|    World War II:  |Holocaust_of_Kedros|Holocaust_Of_Kedros|  in  |Crete|Crete|  by German forces.    |1949|1949|    The  |Queen_Charlotte_earthquake|1949_Queen_Charlotte_Islands_Earthquake|  is Canadas strongest since the  |1700_Cascadia_earthquake|1700_Cascadia_Earthquake| .    |1953|1953|    The  |penal_colony|Penal_Colony|  on  |Devils_Island|Devils_Island|  is permanently closed.    |1962|1962|    The  |OAS|Organisation_De_Larmée_Secrète|  attempts to assassinate French president  |Charles_de_Gaulle|Charles_De_Gaulle| .    |1963|1963| |X-15_Flight_91|X-15_Flight_91|  reaches the highest altitude of the X-15 program .    |1966|1966|    Labor movements  |NFWA|United_Farm_Workers|  and AWOC merge to become the United Farm Workers Organizing Committee , predecessor of the  |United_Farm_Workers|United_Farm_Workers| .    |1968|1968| |Pope_Paul_VI|Pope_Paul_Vi|  arrives in  |Bogotá|Bogotá| ,  |Colombia|Colombia| . It is the first visit of a pope to Latin America.    |1971|1971| |J._Edgar_Hoover|J._Edgar_Hoover|  and  |John_Mitchell|John_N._Mitchell|  announce the arrest of 20 of  |the_Camden_28|The_Camden_28| .    |1972|1972| |Rhodesia|Rhodesia|  is expelled by the  |IOC|International_Olympic_Committee|  for its racist policies.    |1973|1973|    The  |Congress_of_Chile|Congress_Of_Chile|  votes in favour of a resolution condemning President  |Salvador_Allendes|Salvador_Allende|  government and demands that he resign or else be unseated through force and new elections.    |1978|1978|    The  |Sandinista_National_Liberation_Front|Sandinista_National_Liberation_Front|  occupies national palace in  |Nicaragua|Nicaragua| .   1978   The  |District_of_Columbia_Voting_Rights_Amendment|District_Of_Columbia_Voting_Rights_Amendment|  is passed by the  |U.S._Congress|United_States_Congress| . The proposed amendment would have provided the  |District_of_Columbia|Washington,_D.C.|  with full voting representation in the Congress, the  |Electoral_College|Electoral_College| , and regarding  |amending_the_U.S._Constitution|Article_Five_Of_The_United_States_Constitution| . The proposed amendment failed to be ratified by enough states and so did not become part of the Constitution.    |1981|1981| |Far_Eastern_Air_Transport_Flight_103|Far_Eastern_Air_Transport_Flight_103|  disintegrates in mid-air and crashes in  |Sanyi_Township,|Sanyi,_Miaoli| |Miaoli_County|Miaoli_County| ,  |Taiwan|Taiwan| . All 110 people on board are killed.     |1985|1985| |British_Airtours_Flight_28M|British_Airtours_Flight_28M|  suffers an engine fire during takeoff at  |Manchester_Airport|Manchester_Airport| . The pilots abort but due to inefficient evacuation procedures 55 people are killed, mostly from smoke inhalation.    |1989|1989| |Nolan_Ryan|Nolan_Ryan|  strikes out  |Rickey_Henderson|Rickey_Henderson|  to become the first  |Major_League_Baseball|Major_League_Baseball| |pitcher|Pitcher|  to record 5,000  |strikeouts|Strikeout| .    |1991|1991| |Iceland|Iceland|  is the first nation in the world to recognize the independence of the Baltic states.    |1992|1992| |FBI|Federal_Bureau_Of_Investigation| |sniper|Sniper| |Lon_Horiuchi|Lon_Horiuchi|  shoots and kills Vicki Weaver during an 11-day siege at her home at  |Ruby_Ridge,_Idaho|Ruby_Ridge,_Idaho| .    |2003|2003| |Alabama|Alabama| |Chief_Justice|Chief_Justice| |Roy_Moore|Roy_Moore|  is suspended after refusing to comply with a federal court order to remove a rock inscribed with the  |Ten_Commandments|Ten_Commandments|  from the lobby of the  |Alabama_Supreme_Court|Alabama_Supreme_Court|  building.    |2004|2004|    Versions of  The Scream  and  Madonna , two paintings by  |Edvard_Munch|Edvard_Munch| , are stolen at gunpoint from a museum in  |Oslo|Oslo| , Norway.    |2006|2006| |Pulkovo_Aviation_Enterprise_Flight_612|Pulkovo_Aviation_Enterprise_Flight_612|  crashes near the Russian border over eastern  |Ukraine|Ukraine| , killing all 170 people on board.   2006    |Grigori_Perelman|Grigori_Perelman|  is awarded the  |Fields_Medal|Fields_Medal|  for his proof of the  |Poincaré_conjecture|Poincaré_Conjecture|  in mathematics but refuses to accept the medal.    |2007|2007|    The  |Texas_Rangers|Texas_Rangers|  defeat the  |Baltimore_Orioles|Baltimore_Orioles|  30–3, the most runs scored by a team in modern  |Major_League_Baseball|Major_League_Baseball|  history.    |2012|2012| |Ethnic_clashes|2012–13_Tana_River_District_Clashes|  over  |grazing_rights|Grazing_Rights|  for cattle in Kenyas  |Tana_River_District|Tana_River_District|  result in more than 52 deaths.          |1412|1412| |Frederick_II,_Elector_of_Saxony|Frederick_Ii,_Elector_Of_Saxony| |1570|1570| |Franz_von_Dietrichstein|Franz_Von_Dietrichstein| , Roman Catholic archbishop and cardinal     |1599|1599| |Agatha_Marie_of_Hanau|Agatha_Marie_Of_Hanau| , German noblewoman    |1601|1601| |Georges_de_Scudéry|Georges_De_Scudéry| , French author, poet, and playwright    |1624|1624| |Jean_Regnault_de_Segrais|Jean_Regnault_De_Segrais| , French author and poet    |1647|1647| |Denis_Papin|Denis_Papin| , French physicist and mathematician, developed  |pressure_cooking|Pressure_Cooking| |1679|1679| |Pierre_Guérin_de_Tencin|Pierre_Guérin_De_Tencin| , French cardinal    |1760|1760| |Pope_Leo_XII|Pope_Leo_Xii| |1764|1764| |Charles_Percier|Charles_Percier| , French architect and interior designer    |1771|1771| |Henry_Maudslay|Henry_Maudslay| , English engineer    |1773|1773| |Aimé_Bonpland|Aimé_Bonpland| , French botanist and explorer    |1778|1778| |James_Kirke_Paulding|James_Kirke_Paulding| , American poet, playwright, and politician, 11th  |United_States_Secretary_of_the_Navy|United_States_Secretary_Of_The_Navy| |1788|1788| |Thomas_Tredgold|Thomas_Tredgold| , English engineer and author    |1800|1800| |William_S._Harney|William_S._Harney| , American general   1800    |Samuel_David_Luzzatto|Samuel_David_Luzzatto| , Italian poet and scholar    |1827|1827| |Ezra_Butler_Eddy|Ezra_Butler_Eddy| , Canadian businessman and politician    |1834|1834| |Samuel_Pierpont_Langley|Samuel_Pierpont_Langley| , American physicist and astronomer    |1836|1836| |Archibald_Willard|Archibald_Willard| , American soldier and painter    |1844|1844| |George_W._De_Long|George_W._De_Long| , American Naval officer and explorer    |1845|1845| |William_Lewis_Douglas|William_Lewis_Douglas| , American businessman and politician, 42nd  |Governor_of_Massachusetts|Governor_Of_Massachusetts| |1847|1847| |John_Forrest|John_Forrest| , Australian politician, 1st  |Premier_of_Western_Australia|Premier_Of_Western_Australia| |1848|1848| |Melville_Elijah_Stone|Melville_Elijah_Stone| , American publisher, founded the  Chicago Daily News     |1854|1854| |Milan_I_of_Serbia|Milan_I_Of_Serbia| |1857|1857| |Ned_Hanlon|Ned_Hanlon| , American baseball player and manager    |1860|1860| |Paul_Gottlieb_Nipkow|Paul_Gottlieb_Nipkow| , Polish-German technician and inventor, created the  |Nipkow_disk|Nipkow_Disk|    1860    |Alfred_Ploetz|Alfred_Ploetz| , German physician, biologist, and eugenicist    |1862|1862| |Claude_Debussy|Claude_Debussy| , French pianist and composer    |1867|1867| |Maximilian_Bircher-Benner|Maximilian_Bircher-Benner| , Swiss physician and nutritionist   1867    |Charles_Francis_Jenkins|Charles_Francis_Jenkins| , American inventor    |1868|1868| |Willis_R._Whitney|Willis_R._Whitney| , American chemist    |1873|1873| |Alexander_Bogdanov|Alexander_Bogdanov| , Russian physician and philosopher    |1874|1874| |Max_Scheler|Max_Scheler| , German philosopher and author    |1880|1880| |Gorch_Fock|Gorch_Fock| , German author and poet   1880    |George_Herriman|George_Herriman| , American cartoonist    |1881|1881| |James_Newland|James_Newland| , Australian soldier and policeman     |1882|1882| |Raymonde_de_Laroche|Raymonde_De_Laroche| , French pilot    |1887|1887| |Lutz_Graf_Schwerin_von_Krosigk|Lutz_Graf_Schwerin_Von_Krosigk| , German jurist and politician,  |German_Minister_of_Foreign_Affairs|Minister_For_Foreign_Affairs| |1890|1890| |Cecil_Kellaway|Cecil_Kellaway| , South African actor    |1891|1891| |Henry_Bachtold|Henry_Bachtold| , Australian soldier and railway engineer   1891    |Jacques_Lipchitz|Jacques_Lipchitz| , Lithuanian-Italian sculptor    |1893|1893| |Wilfred_Kitching|Wilfred_Kitching| , English 7th  |General_of_The_Salvation_Army|General_Of_The_Salvation_Army|    1893    |Dorothy_Parker|Dorothy_Parker| , American poet, short story writer, critic, and satirist   1893    |Ernest_H._Volwiler|Ernest_H._Volwiler| , American chemist    |1895|1895| |László_Almásy|László_Almásy| , Hungarian captain, pilot, and explorer   1895    |Paul_Comtois|Paul_Comtois| , Canadian lawyer and politician, 21st  |Lieutenant_Governor_of_Quebec|Lieutenant_Governor_Of_Quebec| |1896|1896| |Laurence_McKinley_Gould|Laurence_Mckinley_Gould| , American geologist, educator, and polar explorer    |1897|1897| |Bill_Woodfull|Bill_Woodfull| , Australian cricketer and educator    |1900|1900| |Lisy_Fischer|Lisy_Fischer| , Swiss-born pianist and child prodigy    |1902|1902| |Thomas_Pelly|Thomas_Pelly| , American lawyer and politician   1902    |Leni_Riefenstahl|Leni_Riefenstahl| , German actress, film director and propagandist   1902    |Edward_Rowe_Snow|Edward_Rowe_Snow| , American historian and author    |1903|1903| |Jerry_Iger|Jerry_Iger| , American cartoonist, co-founded  |Eisner_&_Iger|Eisner_&_Iger| |1904|1904| |Deng_Xiaoping|Deng_Xiaoping| , Chinese soldier and politician, 1st  |Vice_Premier_of_the_Peoples_Republic_of_China|Vice_Premier_Of_The_Peoples_Republic_Of_China| |1908|1908| |Henri_Cartier-Bresson|Henri_Cartier-Bresson| , French photographer and painter   1908    |Erwin_Thiesies|Erwin_Thiesies| , German rugby player and coach    |1909|1909| |Julius_J._Epstein|Julius_J._Epstein| , American screenwriter and producer   1909    |Mel_Hein|Mel_Hein| , American football player and coach    |1913|1913| |Leonard_Pagliero|Leonard_Pagliero| , English businessman and pilot   1913    |Bruno_Pontecorvo|Bruno_Pontecorvo| , Italian physicist and academic    |1914|1914| |Jack_Dunphy|Jack_Dunphy| , American author and playwright   1914    |Connie_B._Gay|Connie_B._Gay| , American businessman, co-founded the  |Country_Music_Hall_of_Fame_and_Museum|Country_Music_Hall_Of_Fame_And_Museum| |1915|1915| |David_Dellinger|David_Dellinger| , American activist   1915    |James_Hillier|James_Hillier| , Canadian-American scientist, co-designed the  |electron_microscope|Electron_Microscope|    1915    |Edward_Szczepanik|Edward_Szczepanik| , Polish economist and politician, 15th  |Prime_Minister_of_the_Polish_Republic_in_Exile|Polish_Government-In-Exile| |1917|1917| |John_Lee_Hooker|John_Lee_Hooker| , American singer-songwriter and guitarist    |1918|1918| |Mary_McGrory|Mary_Mcgrory| , American journalist and author    |1920|1920| |Ray_Bradbury|Ray_Bradbury| , American science fiction writer and screenwriter   1920    |Denton_Cooley|Denton_Cooley| , American soldier and surgeon    |1921|1921| |Dinos_Dimopoulos|Dinos_Dimopoulos| , Greek director and screenwriter   1921    |Tony_Pawson|Tony_Pawson| , English cricketer, footballer, and journalist    |1922|1922| |Roberto_Aizenberg|Roberto_Aizenberg| , Argentine painter and sculptor   1922    |Theoni_V._Aldredge|Theoni_V._Aldredge| , Greek-American costume designer    |1924|1924| |James_Kirkwood,_Jr.|James_Kirkwood,_Jr.| , American playwright and author   1924    |Harishankar_Parsai|Harishankar_Parsai| , Indian writer, satirist and humorist    |1925|1925| |Honor_Blackman|Honor_Blackman| , English actress and republican    |1926|1926| |Bob_Flanigan|Bob_Flanigan| , American pop singer    |1928|1928| |Tinga_Seisay|Tinga_Seisay| , Sierra Leonean academic and diplomat   1928    |Karlheinz_Stockhausen|Karlheinz_Stockhausen| , German composer and academic    |1929|1929| |Valery_Alekseyev|Valery_Alekseyev| , Russian anthropologist and author   1929    |Ulrich_Wegener|Ulrich_Wegener| , German police officer and general    |1930|1930| |Gylmar_dos_Santos_Neves|Gylmar_Dos_Santos_Neves| , Brazilian footballer    |1932|1932| |Gerald_P._Carr|Gerald_P._Carr| , American engineer, colonel, and astronaut    |1933|1933| |Sylva_Koscina|Sylva_Koscina| , Italian actress    |1934|1934| |Norman_Schwarzkopf,_Jr.|Norman_Schwarzkopf,_Jr.| , American general and engineer    |1935|1935| |Annie_Proulx|Annie_Proulx| , American novelist, short story writer, and journalist    |1936|1936| |Chuck_Brown|Chuck_Brown| , American singer-songwriter, guitarist, and producer   1936    |John_Callaway|John_Callaway| , American journalist and producer   1936    |Dale_Hawkins|Dale_Hawkins| , American singer-songwriter and guitarist   1936    |Werner_Stengel|Werner_Stengel| , German roller coaster designer and engineer, designed the  |Maverick_roller_coaster|Maverick| |1938|1938| |Jean_Berkey|Jean_Berkey| , American businesswoman and politician    |1939|1939| |Valerie_Harper|Valerie_Harper| , American actress   1939    |Fred_Milano|Fred_Milano| , American doo-wop singer   1939    |Carl_Yastrzemski|Carl_Yastrzemski| , American baseball player    |1940|1940| |Bill_McCartney|Bill_Mccartney| , American football player and coach, founded  |Promise_Keepers|Promise_Keepers| |1941|1941| |Bill_Parcells|Bill_Parcells| , American football player and coach    |1942|1942| |Uğur_Mumcu|Uğur_Mumcu| , Turkish journalist and author    |1943|1943| |Alun_Michael|Alun_Michael| , Welsh police commissioner and politician, inaugural  |First_Minister_of_Wales|First_Minister_Of_Wales| |Masatoshi_Shima|Masatoshi_Shima| , Japanese computer scientist and engineer, co-designed the  |Intel_4004|Intel_4004| |1944|1944| |Roger_Cashmore|Roger_Cashmore| , English physicist and academic    |1945|1945| |David_Chase|David_Chase| , American director, producer, and screenwriter   1945    |Ron_Dante|Ron_Dante| , American singer-songwriter and producer    |1947|1947| |Donna_Jean_Godchaux|Donna_Jean_Godchaux| , American singer-songwriter   1947    |Cindy_Williams|Cindy_Williams| , American actress and producer    |1948|1948| |David_Marks|David_Marks| , American singer-songwriter and guitarist    |1949|1949| |Doug_Bair|Doug_Bair| , American baseball player and coach   1949    |Diana_Nyad|Diana_Nyad| , American swimmer and author    |1950|1950| |Ray_Burris|Ray_Burris| , American baseball player and coach   1950    |Scooter_Libby|Scooter_Libby| , American lawyer and politician,  |Chief_of_Staff_to_the_Vice_President_of_the_United_States|Chief_Of_Staff_To_The_Vice_President_Of_The_United_States| |1952|1952| |Peter_Laughner|Peter_Laughner| , American singer-songwriter and guitarist    |1953|1953| |Paul_Ellering|Paul_Ellering| , American weightlifter, wrestler, and manager    |1955|1955| |Chiranjeevi|Chiranjeevi| , Indian film actor, producer and politician    |1956|1956| |Paul_Molitor|Paul_Molitor| , American baseball player and coach   1956    |Peter_Taylor|Peter_Taylor| , Australian cricketer    |1957|1957| |Steve_Davis|Steve_Davis| , English snooker player, sportscaster, and author   1957    |Holly_Dunn|Holly_Dunn| , American country music singer-songwriter    |1958|1958| |Colm_Feore|Colm_Feore| , American-Canadian actor   1958    |Stevie_Ray|Stevie_Ray| , American semi-retired wrestler   1958    |Vernon_Reid|Vernon_Reid| , English-born American guitarist and songwriter    |1959|1959| |Juan_Croucier|Juan_Croucier| , Cuban-American singer-songwriter, bass player, and producer   1959    |Pia_Gjellerup|Pia_Gjellerup| , Danish lawyer and politician,  |Danish_Minister_of_Finance|List_Of_Finance_Ministers_Of_Denmark| |Mark_Williams|Mark_Williams| , English actor    |1960|1960| |Holger_Gehrke|Holger_Gehrke| , German footballer and manager   1960    |Collin_Raye|Collin_Raye| , American country music singer    |1961|1961| |Andrés_Calamaro|Andrés_Calamaro| , Argentine singer-songwriter, guitarist, and producer   1961    |Iain_Coucher|Iain_Coucher| , English businessman   1961    |Roland_Orzabal|Roland_Orzabal| , English singer-songwriter, guitarist, and producer   1961    |Debbi_Peterson|Debbi_Peterson| , American singer-songwriter and drummer    |1962|1962| |Stefano_Tilli|Stefano_Tilli| , Italian sprinter    |1963|1963| |Tori_Amos|Tori_Amos| , American singer-songwriter, pianist, and producer   1963    |James_DeBarge|James_Debarge| , American R & B/soul singer   1963    |Terry_Catledge|Terry_Catledge| , American basketball player    |1964|1964| |Trey_Gowdy|Trey_Gowdy| , American lawyer and  |U.S._Representative|Member_Of_Congress| |Mats_Wilander|Mats_Wilander| , Swedish-American tennis player and coach    |1965|1965| |Wendy_Botha|Wendy_Botha| , South African-Australian surfer   1965    |David_Reimer|David_Reimer| , Canadian victim of a botched circumcision and transgender reassignment surgery     |1966|1966| |GZA|Gza| , American rapper and producer   1966    |Rob_Witschge|Rob_Witschge| , Dutch footballer and manager    |1967|1967| |Ty_Burrell|Ty_Burrell| , American actor and comedian   1967    |Paul_Colman|Paul_Colman| , Australian singer-songwriter and guitarist   1967    |Alfred_Gough|Alfred_Gough| , American screenwriter and producer   1967    |Layne_Staley|Layne_Staley| , American singer-songwriter    |1968|1968| |Casper_Christensen|Casper_Christensen| , Danish comedian, actor, and screenwriter   1968    |Rich_Lowry|Rich_Lowry| , American writer and magazine editor    1968    |Aleksandr_Mostovoi|Aleksandr_Mostovoi| , Russian footballer   1968    |Elisabeth_Murdoch|Elisabeth_Murdoch| , Australian businesswoman   1968    |Horst_Skoff|Horst_Skoff| , Austrian tennis player    |1970|1970| |Giada_De_Laurentiis|Giada_De_Laurentiis| , Italian-American chef and author   1970    |Charlie_Connelly|Charlie_Connelly| , English author and broadcaster    |1971|1971| |Craig_Finn|Craig_Finn| , American singer-songwriter and guitarist    |1972|1972| |Okkert_Brits|Okkert_Brits| , South African pole vaulter   1972    |Paul_Doucette|Paul_Doucette| , American singer-songwriter, guitarist, and drummer   1972    |Steve_Kline|Steve_Kline| , American baseball player and coach   1972    |Max_Wilson|Max_Wilson| , German-Brazilian race car driver    |1973|1973| |Howie_Dorough|Howie_Dorough| , American singer-songwriter and dancer   1973    |Kristen_Wiig|Kristen_Wiig| , American actress, comedian, and screenwriter   1973    |Eurelijus_Žukauskas|Eurelijus_Žukauskas| , Lithuanian basketball player    |1974|1974| |Cory_Gardner|Cory_Gardner| , American politician   1974    |Agustín_Pichot|Agustín_Pichot| , Argentinian rugby player    |1975|1975| |Clint_Bolton|Clint_Bolton| , Australian footballer   1975    |Rodrigo_Santoro|Rodrigo_Santoro| , Brazilian actor    |1976|1976| |Marius_Bezykornovas|Marius_Bezykornovas| , Lithuanian footballer   1976    |Bryn_Davies|Bryn_Davies| , American bassist, cellist, and pianist   1976    |Laurent_Hernu|Laurent_Hernu| , French decathlete   1976    |Randy_Wolf|Randy_Wolf| , American baseball player    |1977|1977| |Heiðar_Helguson|Heiðar_Helguson| , Icelandic footballer    |1977|1977| |Keren_Cytter|Keren_Cytter| , Israeli visual artist and writer    |1978|1978| |James_Corden|James_Corden| , English actor, comedian, writer, and television presenter   1978    |Ioannis_Gagaloudis|Ioannis_Gagaloudis| , Greek basketball player    |1979|1979| |Matt_Walters|Matt_Walters| , American football player    |1980|1980| |Roland_Benschneider|Roland_Benschneider| , German footballer   1980    |Nicolas_Macrozonaris|Nicolas_Macrozonaris| , Canadian sprinter   1980    |Seiko_Yamamoto|Seiko_Yamamoto| , Japanese wrestler    |1981|1981| |Alex_Holmes|Alex_Holmes| , American football player   1981    |Jang_Hyun-kyu|Jang_Hyun-Kyu| , South Korean footballer   1981    |Christina_Obergföll|Christina_Obergföll| , German athlete    |1983|1983| |Theo_Bos|Theo_Bos| , Dutch cyclist   1983    |Jahri_Evans|Jahri_Evans| , American football player    |1984|1984| |Lee_Camp|Lee_Camp| , English footballer   1984    |Lawrence_Quaye|Lawrence_Quaye| , Ghanaian-Qatari footballer    |1985|1985| |Luke_Russert|Luke_Russert| , American journalist   1985    |Jey_Uso|Jey_Uso| , Samoan-American wrestler   1985    |Jimmy_Uso|Jimmy_Uso| , Samoan-American wrestler    |1986|1986| |Stephen_Ireland|Stephen_Ireland| , Irish footballer   1986    |Neville|Neville| , English wrestler   1986    |Tokushōryū_Makoto|Tokushōryū_Makoto| , Japanese sumo wrestler    |1987|1987| |Leonardo_Moracci|Leonardo_Moracci| , Italian footballer   1987    |Apollo_Crews|Apollo_Crews| , American wrestler    |1989|1989| |Giacomo_Bonaventura|Giacomo_Bonaventura| , Italian footballer    |1990|1990| |Randall_Cobb|Randall_Cobb| , American football player   1990    |Drew_Hutchison|Drew_Hutchison| , American baseball player   1990    |Robbie_Rochow|Robbie_Rochow| , Australian rugby league player    |1991|1991| |Federico_Macheda|Federico_Macheda| , Italian footballer   1991    |Brayden_Schenn|Brayden_Schenn| , Canadian ice hockey player    |1992|1992| |Ema_Burgić_Bucko|Ema_Burgić_Bucko| , Bosnian tennis player    |1994|1994| |Olli_Määttä|Olli_Määttä| , Finnish ice hockey player    |1995|1995| |Dua_Lipa|Dua_Lipa| , English singer-songwriter    |1996|1996| |Jessica-Jane_Applegate|Jessica-Jane_Applegate| , British Paralympic swimmer             |408|408| |Stilicho|Stilicho| , Roman general    |1155|1155| |Emperor_Konoe|Emperor_Konoe|  of Japan    |1241|1241| |Pope_Gregory_IX|Pope_Gregory_Ix| ,    |1280|1280| |Pope_Nicholas_III|Pope_Nicholas_Iii| |1304|1304| |John_II,_Count_of_Holland|John_Ii,_Count_Of_Holland| |1338|1338| |William_II,_Duke_of_Athens|William_Ii,_Duke_Of_Athens| |1350|1350| |Philip_VI_of_France|Philip_Vi_Of_France| |1358|1358| |Isabella_of_France|Isabella_Of_France| |1425|1425| |Eleanor,_Princess_of_Asturias|Eleanor,_Princess_Of_Asturias| |1456|1456| |Vladislav_II_of_Wallachia|Vladislav_Ii_Of_Wallachia| |1485|1485| |Richard_III_of_England|Richard_Iii_Of_England|    1485    |James_Harrington|James_Harrington| , Yorkist knight   1485    |John_Howard,_1st_Duke_of_Norfolk|John_Howard,_1St_Duke_Of_Norfolk|    1485    |Richard_Ratcliffe|Richard_Ratcliffe| , supporter of Richard III   1485    |William_Brandon|William_Brandon| , supporter of Henry VII    |1532|1532| |William_Warham|William_Warham| ,  |Archbishop_of_Canterbury|Archbishop_Of_Canterbury| |1545|1545| |Charles_Brandon,_1st_Duke_of_Suffolk|Charles_Brandon,_1St_Duke_Of_Suffolk| , English politician and husband of  |Mary_Tudor|Mary_Tudor,_Queen_Of_France| |1553|1553| |John_Dudley,_1st_Duke_of_Northumberland|John_Dudley,_1St_Duke_Of_Northumberland| , English admiral and politician,  |Lord_President_of_the_Council|Lord_President_Of_The_Council| |1572|1572| |Thomas_Percy,_7th_Earl_of_Northumberland|Thomas_Percy,_7Th_Earl_Of_Northumberland| , English leader of the  |Rising_of_the_North|Rising_Of_The_North| |1584|1584| |Jan_Kochanowski|Jan_Kochanowski| , Polish poet and playwright    |1599|1599| |Luca_Marenzio|Luca_Marenzio| , Italian singer-songwriter    |1607|1607| |Bartholomew_Gosnold|Bartholomew_Gosnold| , English lawyer and explorer, founded the  |London_Company|London_Company| |1652|1652| |Jacob_De_la_Gardie|Jacob_De_La_Gardie| , Estonian-Swedish soldier and politician,  |Lord_High_Constable_of_Sweden|Lord_High_Constable_Of_Sweden| |1664|1664| |Maria_Cunitz|Maria_Cunitz| , Polish astronomer and author    |1680|1680| |John_George_II,_Elector_of_Saxony|John_George_Ii,_Elector_Of_Saxony| |1681|1681| |Philippe_Delano|Philippe_Delano| , Dutch Plymouth Colony settler    |1701|1701| |John_Granville,_1st_Earl_of_Bath|John_Granville,_1St_Earl_Of_Bath| , English soldier and politician,  |Lord_Lieutenant_of_Ireland|Lord_Lieutenant_Of_Ireland| |1711|1711| |Louis_François,_duc_de_Boufflers|Louis_François,_Duc_De_Boufflers| , French general    |1752|1752| |William_Whiston|William_Whiston| , English mathematician, historian, and theologian    |1773|1773| |George_Lyttelton,_1st_Baron_Lyttelton|George_Lyttelton,_1St_Baron_Lyttelton| , English poet and politician,  |Chancellor_of_the_Exchequer|Chancellor_Of_The_Exchequer| |1793|1793| |Louis_de_Noailles|Louis_De_Noailles| , French general    |1797|1797| |Dagobert_Sigmund_von_Wurmser|Dagobert_Sigmund_Von_Wurmser| , French-Austrian field marshal    |1806|1806| |Jean-Honoré_Fragonard|Jean-Honoré_Fragonard| , French painter and illustrator    |1818|1818| |Warren_Hastings|Warren_Hastings| , English lawyer and politician, 1st  |Governor-General_of_Bengal|Governor-General_Of_Bengal| |1828|1828| |Franz_Joseph_Gall|Franz_Joseph_Gall| , Austrian neuroanatomist and physiologist    |1850|1850| |Nikolaus_Lenau|Nikolaus_Lenau| , Romanian-Austrian poet and author    |1861|1861| |Xianfeng|Xianfeng_Emperor| , Emperor of China    |1888|1888| |Ágoston_Trefort|Ágoston_Trefort| , Hungarian jurist and politician,  |Hungarian_Minister_of_Education|Minister_Of_Education| |1891|1891| |Jan_Neruda|Jan_Neruda| , Czech journalist, author, and poet    |1903|1903| |Robert_Gascoyne-Cecil,_3rd_Marquess_of_Salisbury|Robert_Gascoyne-Cecil,_3Rd_Marquess_Of_Salisbury| , English academic and politician,  |Prime_Minister_of_the_United_Kingdom|Prime_Minister_Of_The_United_Kingdom| |1904|1904| |Kate_Chopin|Kate_Chopin| , American novelist and poet    |1909|1909| |Henry_Radcliffe_Crocker|Henry_Radcliffe_Crocker| , English dermatologist and author    |1914|1914| |Giacomo_Radini-Tedeschi|Giacomo_Radini-Tedeschi| , Italian bishop and academic    |1918|1918| |Korbinian_Brodmann|Korbinian_Brodmann| , German neurologist and academic    |1920|1920| |Anders_Zorn|Anders_Zorn| , Swedish artist    |1922|1922| |Michael_Collins|Michael_Collins| , Irish rebel, counter-intelligence and military tactician, and politician; 2nd  |Irish_Minister_of_Finance|Minister_For_Finance| |1926|1926| |Charles_William_Eliot|Charles_William_Eliot| , American academic    |1933|1933| |Alexandros_Kontoulis|Alexandros_Kontoulis| , Greek general and diplomat    |1940|1940| |Oliver_Lodge|Oliver_Lodge| , English physicist and academic   1940    |Gerald_Strickland,_1st_Baron_Strickland|Gerald_Strickland,_1St_Baron_Strickland| , Maltese lawyer and politician, 4th  |Prime_Minister_of_Malta|Prime_Minister_Of_Malta| |1942|1942| |Michel_Fokine|Michel_Fokine| , Russian dancer and choreographer    |1946|1946| |Döme_Sztójay|Döme_Sztójay| , Hungarian general and politician, 35th  |Prime_Minister_of_Hungary|Prime_Minister_Of_Hungary| |1950|1950| |Kirk_Bryan|Kirk_Bryan| , American geologist and academic    |1951|1951| |Jack_Bickell|Jack_Bickell| , Canadian businessman and philanthropist    |1953|1953| |Jim_Tabor|Jim_Tabor| , American baseball player    |1958|1958| |Roger_Martin_du_Gard|Roger_Martin_Du_Gard| , French novelist and paleographer,  |Nobel_Prize|Nobel_Prize_For_Literature|  laureate    |1960|1960| |Johannes_Sikkar|Johannes_Sikkar| , Estonian soldier and politician,  |Prime_Minister_of_Estonia_in_exile|Prime_Minister_Of_Estonia_In_Exile| |1963|1963| |William_Morris,_1st_Viscount_Nuffield|William_Morris,_1St_Viscount_Nuffield| , English businessman and philanthropist, founded  |Morris_Motors|Morris_Motors| |1967|1967| |Gregory_Goodwin_Pincus|Gregory_Goodwin_Pincus| , American biologist and academic, co-created the  |birth-control_pill|Combined_Oral_Contraceptive_Pill| |1970|1970| |Vladimir_Propp|Vladimir_Propp| , Russian philologist and scholar    |1974|1974| |Jacob_Bronowski|Jacob_Bronowski| , Polish-English mathematician, biologist, and author    |1976|1976| |Gina_Bachauer|Gina_Bachauer| , Greek pianist and composer   1976    |Juscelino_Kubitschek|Juscelino_Kubitschek| , Brazilian physician and politician, 21st  |President_of_Brazil|President_Of_Brazil| |1977|1977| |Sebastian_Cabot|Sebastian_Cabot| , English actor   1977    |Chunseong|Chunseong| , Korean monk, philosopher and writer    |1978|1978| |Jomo_Kenyatta|Jomo_Kenyatta| , Kenyan journalist and politician, 1st  |President_of_Kenya|President_Of_Kenya| |1979|1979| |James_T._Farrell|James_T._Farrell| , American novelist, short-story writer, and poet    |1980|1980| |James_Smith_McDonnell|James_Smith_Mcdonnell| , American pilot, engineer, and businessman, founded  |McDonnell_Aircraft|Mcdonnell_Aircraft| |1981|1981| |Vicente_Manansala|Vicente_Manansala| , Filipino painter    |1985|1985| |Charles_Gibson|Charles_Gibson| , Historian of Mexico and its Indians, President of the  |American_Historical_Association|American_Historical_Association| |1986|1986| |Celâl_Bayar|Celâl_Bayar| , Turkish lawyer and politician, 3rd  |President_of_Turkey|President_Of_Turkey| |1987|1987| |Joseph_P._Lash|Joseph_P._Lash| , American author and journalist    |1989|1989| |Robert_Grondelaers|Robert_Grondelaers| , Belgian cyclist   1989    |Huey_P._Newton|Huey_P._Newton| , American activist, co-founded the  |Black_Panther_Party|Black_Panther_Party| |1991|1991| |Colleen_Dewhurst|Colleen_Dewhurst| , Canadian-American actress   1991    |Boris_Pugo|Boris_Pugo| , Russian soldier and politician,  |Soviet_Minister_of_Interior|Ministry_Of_Internal_Affairs| |1994|1994| |Gilles_Groulx|Gilles_Groulx| , Canadian director and screenwriter   1994    |Allan_Houser|Allan_Houser| , American sculptor and painter    |1995|1995| |Johnny_Carey|Johnny_Carey| , Irish footballer and manager    |1996|1996| |Erwin_Komenda|Erwin_Komenda| , Austrian car designer and engineer    |2000|2000| |Abulfaz_Elchibey|Abulfaz_Elchibey| , 2nd  |President_of_Azerbaijan|President_Of_Azerbaijan| |2003|2003| |Arnold_Gerschwiler|Arnold_Gerschwiler| , Swiss figure skater and coach    |2004|2004| |Konstantin_Aseev|Konstantin_Aseev| , Russian chess player and trainer   2004    |Angus_Bethune|Angus_Bethune| , Australian soldier and politician, 33rd  |Premier_of_Tasmania|Premier_Of_Tasmania|    2004    |Daniel_Petrie|Daniel_Petrie| , Canadian director and producer    |2005|2005| |Luc_Ferrari|Luc_Ferrari| , French-Italian director and composer   2005    |Ernest_Kirkendall|Ernest_Kirkendall| , American chemist and metallurgist    |2007|2007| |Grace_Paley|Grace_Paley| , American short story writer and poet    |2008|2008| |Gladys_Powers|Gladys_Powers| , English-Canadian soldier    |2009|2009| |Elmer_Kelton|Elmer_Kelton| , American journalist and author    |2010|2010| |Stjepan_Bobek|Stjepan_Bobek| , Croatian footballer and manager    |2011|2011| |Nick_Ashford|Ashford_&_Simpson| , American singer-songwriter and producer   2011    |Jack_Layton|Jack_Layton| , Canadian academic and politician   2011    |Casey_Ribicoff|Casey_Ribicoff| , American philanthropist    |2012|2012| |Nina_Bawden|Nina_Bawden| , English author   2012    |Paul_Shan_Kuo-hsi|Paul_Shan_Kuo-Hsi| , Chinese cardinal   2012    |Jeffrey_Stone|Jeffrey_Stone| , American actor and screenwriter    |2013|2013| |Paul_Poberezny|Paul_Poberezny| , American pilot and businessman, founded the  |Experimental_Aircraft_Association|Experimental_Aircraft_Association|    2013    |Andrea_Servi|Andrea_Servi| , Italian footballer    |2014|2014| |U._R._Ananthamurthy|U._R._Ananthamurthy| , Indian author, poet, and playwright   2014    |Emmanuel_Kriaras|Emmanuel_Kriaras| , Greek lexicographer and philologist   2014    |Pete_Ladygo|Pete_Ladygo| , American football player and coach   2014    |Noella_Leduc|Noella_Leduc| , American baseball player   2014    |John_Sperling|John_Sperling| , American businessman, founded the  |University_of_Phoenix|University_Of_Phoenix|    2014    |John_S._Waugh|John_S._Waugh| , American chemist and academic    |2015|2015| |Arthur_Morris|Arthur_Morris| , Australian cricketer and journalist   2015    |Ieng_Thirith|Ieng_Thirith| , Cambodian academic and politician   2015    |Eric_Thompson|Eric_Thompson| , English race car driver and book dealer    |2016|2016| |S._R._Nathan|S._R._Nathan| , 6th  |President_of_Singapore|President_Of_Singapore|    2016    |Toots_Thielemans|Toots_Thielemans| , Belgian and American  |jazz|Jazz_In_Belgium|  musician    |2017|2017| |Michael_J._C._Gordon|Michael_J._C._Gordon| , British  |Computer_scientist|Computer_Scientist| |2018|2018| |Ed_King|Ed_King| , American musician    2018    |Krishna_Reddy|Krishna_Reddy|  Indian printmaker, sculptor and teacher          Christian  |feast_day|Calendar_Of_Saints| |Fabrizio|Fabrizio| |Guinefort|Saint_Guinefort| |Immaculate_Heart_of_Mary|Immaculate_Heart_Of_Mary| |Queenship_of_Mary|Queen_Of_Heavenfeast_Of_Queenship_Of_Mary| |Symphorian_and_Timotheus|Symphorian_And_Timotheus| |Thomas_Percy|Thomas_Percy| |August_22|August_22| |National_Heroes_Day|National_Heroes_Day|  can fall, while August 28 is the latest; celebrated on the fourth Monday in August.    |Flag_Day|Flag_Day| |Madras_Day|Madras_Day|  .