       It is known by a collection of names including:  |Saint_Sylvesters_Day|Saint_Sylvesters_Day| ,  |New_Years_Eve|New_Years_Eve|  or Old Years Day/Night, as the following day is  |New_Years_Day|New_Years_Day| . It is the last day of the year; the following day is  |January_1|January_1| , the first day of the following year.        |406|406| |Vandals|Vandals| ,  |Alans|Alans|  and  |Suebi|Suebi| ans  |cross_the_Rhine|Crossing_Of_The_Rhine| , beginning an invasion of  |Gaul|Gaul| .    |535|535| |Byzantine|Byzantine_Empire|  general  |Belisarius|Belisarius|  completes the conquest of  |Sicily|Sicily| , defeating the  |Gothic|Ostrogoths|  garrison of  |Palermo|Palermo|  , and ending his  |consul|Consul| ship for the year.    |870|870| |Battle_of_Englefield|Battle_Of_Englefield| |Vikings|Vikings|  clash with ealdorman  |Æthelwulf_of_Berkshire|Æthelwulf_Of_Berkshire| . The invaders are driven back to  |Reading|Reading,_Berkshire|  , many  |Danes|Danes|  are killed.    |1225|1225|    The  |Lý_dynasty|Lý_Dynasty|  of Vietnam ends after 216 years by the enthronement of the boy emperor  |Trần_Thái_Tông|Trần_Thái_Tông| , husband of the last Lý monarch,  |Lý_Chiêu_Hoàng|Lý_Chiêu_Hoàng| , starting the  |Trần_dynasty|Trần_Dynasty| .    |1229|1229| |James_I_the_Conqueror|James_I_Of_Aragon| ,  |King_of_Aragon|King_Of_Aragon|  enters Medina Mayurqa  thus consummating the Christian reconquest of the island of  |Majorca|Majorca| .    |1501|1501|    The  |First_Battle_of_Cannanore|First_Battle_Of_Cannanore|  commences.    |1600|1600|    The British  |East_India_Company|East_India_Company|  is chartered.    |1660|1660| |James_II_of_England|James_Ii_Of_England|  is named  |Duke_of_Normandy|Duke_Of_Normandy|  by  |Louis_XIV_of_France|Louis_Xiv_Of_France| .    |1687|1687|    The first  |Huguenots|Huguenot|  set sail from France to the  |Cape_of_Good_Hope|Cape_Of_Good_Hope| .    |1757|1757|    Empress  |Elizabeth_I_of_Russia|Elizabeth_I_Of_Russia|  issues her  |ukase|Ukase|  incorporating  |Königsberg_into_Russia|Russian_Prussia| .    |1759|1759| |Arthur_Guinness|Arthur_Guinness|  signs a 9,000 year lease at  |£|Pound_Sterling| 45 per annum and starts brewing  |Guinness|Guinness| .    |1775|1775| |American_Revolutionary_War|American_Revolutionary_War| |Battle_of_Quebec|Battle_Of_Quebec| |Continental_Army|Continental_Army|  General  |Richard_Montgomery|Richard_Montgomery| .    |1790|1790|     Efimeris , the oldest Greek newspaper of which issues have survived till today, is published for the first time.    |1796|1796|    The incorporation of  |Baltimore|Baltimore|  as a city.    |1831|1831| |Gramercy_Park|Gramercy_Park|  is deeded to New York City.    |1853|1853|    A dinner party is held inside a life-size model of an  |iguanodon|Iguanodon|  created by  |Benjamin_Waterhouse_Hawkins|Benjamin_Waterhouse_Hawkins|  and Sir  |Richard_Owen|Richard_Owen|  in south London, England.    |1857|1857| |Queen_Victoria|Queen_Victoria|  chooses  |Ottawa|Ottawa| , then a small  |logging|Logging|  town, as the capital of Canada.    |1862|1862| |American_Civil_War|American_Civil_War| |Abraham_Lincoln|Abraham_Lincoln|  signs an act that admits  |West_Virginia|West_Virginia|  to the  |Union|Union| , thus dividing  |Virginia|Virginia|  in two.   1862   American Civil War: The  |Battle_of_Stones_River|Battle_Of_Stones_River|  begins near  |Murfreesboro,_Tennessee|Murfreesboro,_Tennessee| .    |1878|1878| |Karl_Benz|Karl_Benz| , working in  |Mannheim|Mannheim| , Germany, filed for a  |patent|Patent|  on his first reliable  |two-stroke_gas_engine|Two-Stroke_Engine| , and he was granted the patent in 1879.    |1879|1879| |Thomas_Edison|Thomas_Edison|  demonstrates  |incandescent_lighting|Incandescent_Light_Bulb|  to the public for the first time, in  |Menlo_Park,_New_Jersey|Menlo_Park,_New_Jersey| .    |1906|1906| |Mozaffar_ad-Din_Shah_Qajar|Mozaffar_Ad-Din_Shah_Qajar|  signs the  |Persian_Constitution_of_1906|Persian_Constitution_Of_1906| .    |1907|1907|    The first  |New_Years_Eve|New_Years_Eve|  celebration is held in  |Times_Square|Times_Square|  in  |Manhattan|Manhattan| .    |1944|1944| |World_War_II|World_War_Ii| |Nazi_Germany|Nazi_Germany| .   1944   World War II:  |Operation_Nordwind|Operation_Nordwind| , the last major German offensive on the  |Western_Front|Western_Front|  begins.    |1946|1946|    President  |Harry_S._Truman|Harry_S._Truman|  officially proclaims the end of hostilities in World War II.    |1951|1951| |Cold_War|Cold_War| |Marshall_Plan|Marshall_Plan|  expires after distributing more than US$13.3 billion in foreign aid to rebuild Western Europe.    |1955|1955| |General_Motors|General_Motors|  becomes the first U.S. corporation to make over US$1 billion in a year.    |1956|1956|    The  |Romanian_Television|Romanian_Television|  network begins its first broadcast in  |Bucharest|Bucharest| .    |1961|1961| |RTÉ|Raidió_Teilifís_Éireann| , Irelands state broadcaster, launches its first national television service.    |1963|1963| |The_Central_African_Federation|Federation_Of_Rhodesia_And_Nyasaland|  officially collapses, subsequently becoming  |Zambia|Zambia| ,  |Malawi|Malawi|  and  |Rhodesia|Rhodesia| .    |1965|1965| |Jean-Bédel_Bokassa|Jean-Bédel_Bokassa| , leader of the  |Central_African_Republic|Central_African_Republic|  army, and his military officers  |begins_a_coup_détat|Saint-Sylvestre_Coup_Détat|  against the government of  |President|List_Of_Heads_Of_State_Of_The_Central_African_Republic_And_Central_African_Empire| |David_Dacko|David_Dacko| .    |1968|1968|    The first flight of the  |Tupolev_Tu-144|Tupolev_Tu-144| , the first civilian supersonic transport in the world.    |1981|1981|    A  |coup_détat|Coup_Détat|  in  |Ghana|Ghana|  removes  |President|List_Of_Heads_Of_State_Of_Ghana| |Hilla_Limanns|Hilla_Limann| |PNP|Peoples_National_Party| |government|Limann_Government|  and replaces it with the  |Provisional_National_Defence_Council|Provisional_National_Defence_Council|  led by  |Flight_lieutenant|Flight_Lieutenant| |Jerry_Rawlings|Jerry_Rawlings| .    |1983|1983|    The  |AT_&_T|At_&_T_Corporation| |Bell_System|Bell_System|  is broken up by the United States Government.   1983    |Benjamin_Ward|Benjamin_Ward|  is appointed  |New_York_City_Police_Departments|New_York_City_Police_Department|  first ever African American  |police_commissioner|Police_Commissioner| .   1983   In  |Nigeria|Nigeria|  a coup détat led by Major General  |Muhammadu_Buhari|Muhammadu_Buhari|  ends the  |Second_Nigerian_Republic|Second_Nigerian_Republic| .    |1986|1986| |Arson_at_the_Dupont_Plaza_Hotel|Dupont_Plaza_Hotel_Arson|  in  |San_Juan,_Puerto_Rico|San_Juan,_Puerto_Rico|  kills 97 people and injures 140.    |1991|1991|    All official  |Soviet_Union|Soviet_Union|  institutions have ceased operations by this date five days after the Soviet Union is  |officially_dissolved|Dissolution_Of_The_Soviet_Union| .    |1992|1992| |Czechoslovakia|Czechoslovakia|  is  |peacefully_dissolved|Dissolution_Of_Czechoslovakia|  in what is dubbed by media as the Velvet Divorce, resulting in the creation of the  |Czech_Republic|Czech_Republic|  and the  |Slovak_Republic|Slovakia| .    |1994|1994|    This date is skipped altogether in  |Kiribati|Kiribati|  as the  |Phoenix_Islands|Phoenix_Islands|  and  |Line_Islands|Line_Islands|  change time zones from  |UTC−11:00|Utc−11:00|  to  |UTC+13:00|Utc+13:00|  and  |UTC−10:00|Utc−10:00|  to  |UTC+14:00|Utc+14:00| , respectively.   1994   The  |First_Chechen_War|First_Chechen_War| |New_Years_storming|Battle_Of_Grozny|  of  |Grozny|Grozny| .    |1998|1998|    The  |European_Exchange_Rate_Mechanism|European_Exchange_Rate_Mechanism|  freezes the values of the legacy currencies in the  |Eurozone|Eurozone| , and establishes the value of the  |euro|Euro|  currency.    |1999|1999|    The first  |President_of_Russia|President_Of_Russia| ,  |Boris_Yeltsin|Boris_Yeltsin| , resigns from office, leaving  |Prime_Minister|Prime_Minister_Of_Russia| |Vladimir_Putin|Vladimir_Putin|  as the acting President and successor.   1999   The United States Government hands control of the  |Panama_Canal|Panama_Canal|   to  |Panama|Panama| . This act complied with the signing of the 1977  |Torrijos–Carter_Treaties|Torrijos–Carter_Treaties| .   1999    |Indian_Airlines_Flight_814|Indian_Airlines_Flight_814|  hijacking ended after seven days with the release of 190 survivors at  |Kandahar_Airport|Kandahar_Airport| ,  |Afghanistan|Afghanistan| .    |2000|2000|    The last day of the  |20th_Century|20Th_Century|  and  |2nd_Millennium|2Nd_Millennium| .    |2004|2004|    The official opening of  |Taipei_101|Taipei_101| , the  |tallest|List_Of_Tallest_Buildings_And_Structures_In_The_World| |skyscraper|Skyscraper|  at that time in the world, standing at a height of .    |2009|2009|    Both a  |blue_moon|Blue_Moon|  and a  |lunar_eclipse|December_2009_Lunar_Eclipse|  occur.    |2010|2010| |Tornadoes|2010_New_Years_Eve_Tornado_Outbreak|  touch down in  |midwestern|Midwestern_United_States|  and  |southern_United_States|Southern_United_States| , including  |Washington_County,_Arkansas|Washington_County,_Arkansas| ;  |Greater_St._Louis|Greater_St._Louis| ,  |Sunset_Hills,_Missouri|Sunset_Hills,_Missouri| ,  |Illinois|Illinois| , and  |Oklahoma|Oklahoma| , with a few tornadoes in the early hours. A total 36 tornadoes touched down, resulting in the deaths of nine people and $113 million in damages.    |2011|2011| |NASA|Nasa|  succeeds in putting the first of two  |Gravity_Recovery_and_Interior_Laboratory|Gravity_Recovery_And_Interior_Laboratory| |satellites|Satellite|  in orbit around the Moon.    |2014|2014|    A New Years Eve celebration  |stampede|2014_Shanghai_Stampede|  in  |Shanghai|Shanghai|  kills at least 36 people and injures 49 others.    |2015|2015|    A fire broke out at the Downtown Address Hotel in  |Downtown_Dubai|Downtown_Dubai| ,  |United_Arab_Emirates|United_Arab_Emirates|  located near the  |Burj_Khalifa|Burj_Khalifa|  two hours before the fireworks display was due to commence. Sixteen injuries were reported; one had a heart attack, another suffered a major injury, and fourteen others with minor injuries.    |2018|2018|    39 people were killed after a 10-storey building in the Industrial Russian City of  |Magnitogorsk|Magnitogorsk|  collapsed.           |695|695| |Muhammad_bin_Qasim|Muhammad_Bin_Qasim| , Syrian general    |1378|1378| |Pope_Callixtus_III|Pope_Callixtus_Iii| |1491|1491| |Jacques_Cartier|Jacques_Cartier| , French navigator and explorer    |1493|1493| |Eleonora_Gonzaga,_Duchess_of_Urbino|Eleonora_Gonzaga,_Duchess_Of_Urbino| |1504|1504| |Beatrice_of_Portugal,_Duchess_of_Savoy|Beatrice_Of_Portugal,_Duchess_Of_Savoy| |1514|1514| |Andreas_Vesalius|Andreas_Vesalius| , Belgian anatomist, physician, and author    |1539|1539| |John_Radcliffe|John_Radcliffe| , English politician    |1550|1550| |Henry_I,_Duke_of_Guise|Henry_I,_Duke_Of_Guise| |1552|1552| |Simon_Forman|Simon_Forman| , English occultist and astrologer    |1572|1572| |Emperor_Go-Yōzei|Emperor_Go-Yōzei|  of Japan,    |1585|1585| |Gonzalo_Fernández_de_Córdoba|Gonzalo_Fernández_De_Córdoba| , Spanish general and politician, 24th  |Governor_of_the_Duchy_of_Milan|Governor_Of_The_Duchy_Of_Milan| |1668|1668| |Herman_Boerhaave|Herman_Boerhaave| , Dutch botanist and physician    |1714|1714| |Arima_Yoriyuki|Arima_Yoriyuki| , Japanese mathematician and educator    |1720|1720| |Charles_Edward_Stuart|Charles_Edward_Stuart| , Scottish claimant to the throne of England    |1738|1738| |Charles_Cornwallis,_1st_Marquess_Cornwallis|Charles_Cornwallis,_1St_Marquess_Cornwallis| , English general and politician, 3rd  |Governor-General_of_India|Governor-General_Of_India| |1741|1741| |Gottfried_August_Bürger|Gottfried_August_Bürger| , German poet and academic    |1763|1763| |Pierre-Charles_Villeneuve|Pierre-Charles_Villeneuve| , French admiral    |1776|1776| |Johann_Spurzheim|Johann_Spurzheim| , German-American physician and phrenologist    |1798|1798| |Friedrich_Robert_Faehlmann|Friedrich_Robert_Faehlmann| , Estonian physician, philologist, and academic    |1805|1805| |Marie_dAgoult|Marie_Dagoult| , German-French historian and author    |1815|1815| |George_Meade|George_Meade| , American general and engineer    |1830|1830| |Ismail_Pasha|Ismail_Pasha| , Egyptian ruler   1830    |Alexander_Smith|Alexander_Smith| , Scottish poet and critic    |1833|1833| |Hugh_Nelson|Hugh_Nelson|  Scottish-Australian politician, 11th  |Premier_of_Queensland|Premier_Of_Queensland| |1834|1834| |Queen_Kapiolani|Queen_Kapiolani|  of Hawaii    |1838|1838| |Émile_Loubet|Émile_Loubet| , French lawyer and politician, 7th  |President_of_France|President_Of_France| |1842|1842| |Giovanni_Boldini|Giovanni_Boldini| , Italian painter    |1851|1851| |Henry_Carter_Adams|Henry_Carter_Adams| , American economist and academic    |1855|1855| |Giovanni_Pascoli|Giovanni_Pascoli| , Italian poet and scholar    |1857|1857| |King_Kelly|King_Kelly| , American baseball player and manager    |1860|1860| |Joseph_S._Cullinan|Joseph_S._Cullinan| , American businessman, co-founded  |Texaco|Texaco| |1864|1864| |Robert_Grant_Aitken|Robert_Grant_Aitken| , American astronomer and academic    |1869|1869| |Henri_Matisse|Henri_Matisse| , French painter and sculptor    |1872|1872| |Fred_Marriott|Fred_Marriott| , American race car driver    |1873|1873| |Konstantin_Konik|Konstantin_Konik| , Estonian surgeon and politician, 19th  |Estonian_Minister_of_Education|Estonian_Minister_Of_Education| |1874|1874| |Julius_Meier|Julius_Meier| , American businessman and politician, 20th  |Governor_of_Oregon|Governor_Of_Oregon| |1877|1877| |Lawrence_Beesley|Lawrence_Beesley| , English journalist and author    |1878|1878| |Elizabeth_Arden|Elizabeth_Arden| , Canadian businesswoman, founded  |Elizabeth_Arden,_Inc.|Elizabeth_Arden,_Inc.|    1878    |Horacio_Quiroga|Horacio_Quiroga| , Uruguayan-Argentinian author, poet, and playwright    |1880|1880| |Fred_Beebe|Fred_Beebe| , American baseball player and coach   1880    |George_Marshall|George_Marshall| , American general and politician, 50th  |United_States_Secretary_of_State|United_States_Secretary_Of_State| ,  |Nobel_Prize|Nobel_Peace_Prize|  laureate    |1881|1881| |Max_Pechstein|Max_Pechstein| , German painter and academic    |1884|1884| |Bobby_Byrne|Bobby_Byrne| , American baseball and soccer player   1884    |Mihály_Fekete|Mihály_Fekete| , Hungarian actor, screenwriter, and film director    |1885|1885| |Princess_Victoria_Adelaide_of_Schleswig-Holstein|Princess_Victoria_Adelaide_Of_Schleswig-Holstein| |1899|1899| |Silvestre_Revueltas|Silvestre_Revueltas| , Mexican violinist, composer, and conductor    |1901|1901| |Nikos_Ploumpidis|Nikos_Ploumpidis| , Greek educator and politician    |1902|1902| |Lionel_Daunais|Lionel_Daunais| , Canadian singer-songwriter   1902    |Roy_Goodall|Roy_Goodall| , English footballer    |1904|1904| |William_Heynes|William_Heynes| , English engineer    |1905|1905| |Helen_Dodson_Prince|Helen_Dodson_Prince| , American astronomer and academic   1905    |Jule_Styne|Jule_Styne| , English-American composer    |1908|1908| |Simon_Wiesenthal|Simon_Wiesenthal| , Ukrainian-Austrian  |Nazi_hunter|Nazi_Hunter|  and author    |1909|1909| |Jonah_Jones|Jonah_Jones| , American trumpet player and saxophonist    |1910|1910| |Carl_Dudley|Carl_Dudley| , American director, producer, and screenwriter   1910    |Enrique_Maier|Enrique_Maier| , Spanish tennis player    |1911|1911| |Dal_Stivens|Dal_Stivens| , Australian soldier and author    |1912|1912| |John_Frost|John_Frost| , Indian-English general    |1914|1914| |Mary_Logan_Reddick|Mary_Logan_Reddick| , American neuroembryologist    |1915|1915| |Sam_Ragan|Sam_Ragan| , American journalist, author, and poet    |1917|1917| |Evelyn_Knight|Evelyn_Knight| , American singer   1917    |Wilfrid_Noyce|Wilfrid_Noyce| , English mountaineer and author    |1918|1918| |Ray_Graves|Ray_Graves| , American football player and coach    |1919|1919| |Tommy_Byrne|Tommy_Byrne| , American baseball player, coach, and politician   1919    |Carmen_Contreras-Bozak|Carmen_Contreras-Bozak| , Puerto Rican-American soldier    |1920|1920| |Rex_Allen|Rex_Allen| , American actor and singer-songwriter    |1922|1922| |Tomás_Balduino|Tomás_Balduino| , Brazilian bishop   1922    |Halina_Czerny-Stefańska|Halina_Czerny-Stefańska| , Polish pianist and educator   1922    |Luis_Zuloaga|Luis_Zuloaga| , Venezuelan baseball player    |1923|1923| |Giannis_Dalianidis|Giannis_Dalianidis| , Greek actor, director, and screenwriter    |1924|1924| |Taylor_Mead|Taylor_Mead| , American actor and poet    |1925|1925| |Irina_Korschunow|Irina_Korschunow| , German author and screenwriter   1925    |Sri_Lal_Sukla|Sri_Lal_Sukla| , Indian author   1925    |Daphne_Oram|Daphne_Oram| , British composer and electronic musician    |1926|1926| |Valerie_Pearl|Valerie_Pearl| , English historian and academic   1926    |Billy_Snedden|Billy_Snedden| , Australian lawyer and politician, 17th  |Attorney-General_for_Australia|Attorney-General_For_Australia| |1928|1928| |Ross_Barbour|Ross_Barbour| , American pop singer   1928    |Tatyana_Shmyga|Tatyana_Shmyga| , Russian actress and singer   1928    |Siné|Siné| , French cartoonist   1928    |Veijo_Meri|Veijo_Meri| , Finnish author and translator    |1929|1929| |Mies_Bouwman|Mies_Bouwman| , Dutch television host   1929    |Peter_May|Peter_May| , English cricketer    |1930|1930| |Odetta|Odetta| , American singer-songwriter, guitarist, and actress   1930    |Jaime_Escalante|Jaime_Escalante| , Bolivian-American educator    |1931|1931| |Bob_Shaw|Bob_Shaw| , Northern Irish journalist and author    |1932|1932| |Don_James|Don_James| , American football player and coach   1932    |Felix_Rexhausen|Felix_Rexhausen| , German journalist and author    |1933|1933| |Edward_Bunker|Edward_Bunker| , American author, screenwriter, and actor    |1934|1934| |Ameer_Muhammad_Akram_Awan|Ameer_Muhammad_Akram_Awan| , Indian author, poet, and scholar    |1935|1935| |Salman_of_Saudi_Arabia|Salman_Of_Saudi_Arabia| , King of Saudi Arabia    |1937|1937| |Avram_Hershko|Avram_Hershko| , Hungarian-Israeli biochemist and physician,  |Nobel_Prize|Nobel_Prize_In_Chemistry|  laureate   1937    |Anthony_Hopkins|Anthony_Hopkins| , Welsh actor, director, and composer   1937    |Barry_Hughes|Barry_Hughes| , Welsh footballer and manager   1937    |Tess_Jaray|Tess_Jaray| , Austrian-English painter and educator    |1938|1938| |Rosalind_Cash|Rosalind_Cash| , American singer and actress   1938    |Atje_Keulen-Deelstra|Atje_Keulen-Deelstra| , Dutch speed skater    |1939|1939| |Willye_White|Willye_White| , American sprinter and long jumper    |1940|1940| |Mani_Neumeier|Mani_Neumeier| , German drummer    |1941|1941| |Alex_Ferguson|Alex_Ferguson| , Scottish footballer and manager   1941    |Sarah_Miles|Sarah_Miles| , English actress    |1942|1942| |Andy_Summers|Andy_Summers| , English guitarist, songwriter, and producer    |1943|1943| |John_Denver|John_Denver| , American singer-songwriter, guitarist, and actor   1943    |Ben_Kingsley|Ben_Kingsley| , English actor   1943    |Pete_Quaife|Pete_Quaife| , English bass player, author, and artist    |1944|1944| |Taylor_Hackford|Taylor_Hackford| , American director, producer, and screenwriter    |1945|1945| |Connie_Willis|Connie_Willis| , American author    |1946|1946| |Roy_Greenslade|Roy_Greenslade| , English journalist and academic   1946    |Bryan_Hamilton|Bryan_Hamilton| , Northern Irish footballer and coach   1946    |Raphael_Kaplinsky|Raphael_Kaplinsky| , South African international development academic   1946    |Pius_Ncube|Pius_Ncube| , Zimbabwean archbishop   1946    |Lyudmila_Pakhomova|Lyudmila_Pakhomova| , Russian ice dancer   1946    |Cliff_Richey|Cliff_Richey| , American tennis player   1946    |Eric_Robson|Eric_Robson| , Scottish journalist and author   1946    |Nigel_Rudd|Nigel_Rudd| , English businessman, founded  |Williams_Holdings|Williams_Holdings| |Tim_Stevens|Tim_Stevens| , English bishop   1946    |Diane_von_Fürstenberg|Diane_Von_Fürstenberg| , Belgian-American fashion designer    |1947|1947| |Burton_Cummings|Burton_Cummings| , Canadian singer-songwriter and keyboard player   1947    |Rita_Lee|Rita_Lee| , Brazilian singer-songwriter, guitarist, and actress   1947    |Tim_Matheson|Tim_Matheson| , American actor, director, and producer    |1948|1948| |Joe_Dallesandro|Joe_Dallesandro| , American actor   1948    |Sandy_Jardine|Sandy_Jardine| , Scottish footballer and manager   1948    |René_Robert|René_Robert| , Canadian ice hockey player   1948    |Donna_Summer|Donna_Summer| , American singer-songwriter    |1949|1949| |Ellen_Datlow|Ellen_Datlow| , American anthologist and author   1949    |Flora_Gomes|Flora_Gomes| , Bissau-Guinean filmmaker   1949    |Susan_Shwartz|Susan_Shwartz| , American author    |1950|1950| |Phil_Blakeway|Phil_Blakeway| , Welsh-English rugby player   1950    |Bob_Gilder|Bob_Gilder| , American golfer   1950    |Inge_Helten|Inge_Helten| , German sprinter   1950    |Cheryl_Womack|Cheryl_Womack| , American businesswoman    |1951|1951| |Tom_Hamilton|Tom_Hamilton| , American bass player and songwriter   1951    |Kenny_Roberts|Kenny_Roberts| , American motorcycle racer    |1952|1952| |Vaughan_Jones|Vaughan_Jones| , New Zealand mathematician and academic   1952    |Jean-Pierre_Rives|Jean-Pierre_Rives| , French rugby player, painter, and sculptor    |1953|1953| |Jane_Badler|Jane_Badler| , American actress    |1954|1954| |Alex_Salmond|Alex_Salmond| , Scottish economist and politician, 4th  |First_Minister_of_Scotland|First_Minister_Of_Scotland| |Hermann_Tilke|Hermann_Tilke| , German racing driver and engineer    |1956|1956| |Robert_Goodwill|Robert_Goodwill| , English farmer and politician   1956    |Helma_Knorscheidt|Helma_Knorscheidt| , German shot putter   1956    |Steve_Rude|Steve_Rude| , American author and illustrator    |1958|1958| |Geoff_Marsh|Geoff_Marsh| , Australian cricketer and coach   1958    |Bebe_Neuwirth|Bebe_Neuwirth| , American actress and dancer    |1959|1959| |Liveris_Andritsos|Liveris_Andritsos| , Greek basketball player   1959    |Val_Kilmer|Val_Kilmer| , American actor   1959    |Phill_Kline|Phill_Kline| , American lawyer and politician,  |Kansas_Attorney_General|Kansas_Attorney_General| |Baron_Waqa|Baron_Waqa| , Nauruan composer and politician, 14th  |President_of_Nauru|President_Of_Nauru| |Paul_Westerberg|Paul_Westerberg| , American singer-songwriter and guitarist    |1960|1960| |Steve_Bruce|Steve_Bruce| , English footballer and manager    |1961|1961| |Rick_Aguilera|Rick_Aguilera| , American baseball player and coach   1961    |Jeremy_Heywood|Jeremy_Heywood| , English economist and civil servant   1961    |Nina_Li_Chi|Nina_Li_Chi| , Hong Kong actress     |1962|1962| |Tyrone_Corbin|Tyrone_Corbin| , American basketball player and coach   1962    |Chris_Hallam|Chris_Hallam| , English-Welsh swimmer and wheelchair racer   1962    |Jennifer_Higdon|Jennifer_Higdon| , American composer     |1963|1963| |Scott_Ian|Scott_Ian| , American singer-songwriter and guitarist    |1964|1964| |Winston_Benjamin|Winston_Benjamin| , Antiguan cricketer   1964    |Michael_McDonald|Michael_Mcdonald| , American comedian, actor, and director    |1965|1965| |Tony_Dorigo|Tony_Dorigo| , Australian-English footballer and sportscaster   1965    |Julie_Doucet|Julie_Doucet| , Canadian cartoonist and author   1965    |Gong_Li|Gong_Li| , Chinese actress   1965    |Laxman_Sivaramakrishnan|Laxman_Sivaramakrishnan| , Indian cricketer   1965    |Nicholas_Sparks|Nicholas_Sparks| , American author, screenwriter, and producer    |1967|1967| |Paul_McGregor|Paul_Mcgregor| , Australian rugby league player and coach    |1968|1968| |Gerry_Dee|Gerry_Dee| , Canadian comedian, actor, and screenwriter   1968    |Junot_Diaz|Junot_Diaz| , Dominican-born American novelist, short story writer, and essayist    |1970|1970| |Jorge_Alberto_da_Costa_Silva|Jorge_Alberto_Da_Costa_Silva| , Brazilian footballer   1970    |Danny_McNamara|Danny_Mcnamara| , English singer-songwriter   1970    |Carlos_Morales_Quintana|Carlos_Morales_Quintana| , Spanish-Danish architect and sailor   1970    |Bryon_Russell|Bryon_Russell| , American basketball player    |1971|1971| |Brent_Barry|Brent_Barry| , American basketball player and sportscaster   1971    |Esteban_Loaiza|Esteban_Loaiza| , Mexican baseball player    |1972|1972| |Grégory_Coupet|Grégory_Coupet| , French footballer   1972    |Joey_McIntyre|Joey_Mcintyre| , American singer-songwriter and actor   1972    |Scott_Manley|Scott_Manley| , Scottish YouTube personality    |1973|1973| |Shandon_Anderson|Shandon_Anderson| , American basketball player   1973    |Malcolm_Middleton|Malcolm_Middleton| , Scottish singer-songwriter and guitarist   1973    |Curtis_Myden|Curtis_Myden| , Canadian swimmer    |1974|1974| |Joe_Abercrombie|Joe_Abercrombie| , English author   1974    |Mario_Aerts|Mario_Aerts| , Belgian cyclist   1974    |Tony_Kanaan|Tony_Kanaan| , Brazilian race car driver   1974    |Ryan_Sakoda|Ryan_Sakoda| , Japanese-American wrestler and trainer    |1975|1975| |Rami_Alanko|Rami_Alanko| , Finnish ice hockey player   1975    |Toni_Kuivasto|Toni_Kuivasto| , Finnish footballer and coach   1975    |Rob_Penders|Rob_Penders| , Dutch footballer   1975    |Sander_Schutgens|Sander_Schutgens| , Dutch runner    |1976|1976| |Luís_Carreira|Luís_Carreira| , Portuguese motorcycle racer   1976    |Matthew_Hoggard|Matthew_Hoggard| , English cricketer    |1977|1977| |Wardy_Alfaro|Wardy_Alfaro| , Costa Rican footballer and coach   1977    |Psy|Psy| , South Korean singer-songwriter, producer, and dancer   1977    |Donald_Trump,_Jr.|Donald_Trump,_Jr.| , American businessman and son of billionaire  |Donald_Trump|Donald_Trump| |1979|1979| |Paul_ONeill|Paul_Oneill| , English racing driver   1979    |Jeff_Waldstreicher|Jeff_Waldstreicher| , American lawyer and politician    |1980|1980| |Jesse_Carlson|Jesse_Carlson| , American baseball player   1980    |Matt_Cross|Matt_Cross| , American wrestler   1980    |Richie_McCaw|Richie_Mccaw| , New Zealand rugby player   1980    |Carsten_Schlangen|Carsten_Schlangen| , German runner    |1981|1981| |Jason_Campbell|Jason_Campbell| , American football player   1981    |Matthew_Pavlich|Matthew_Pavlich| , Australian footballer   1981    |Margaret_Simpson|Margaret_Simpson| , Ghanaian heptathlete   1981    |Ricky_Whittle|Ricky_Whittle| , English actor    |1982|1982| |Julio_DePaula|Julio_Depaula| , Dominican baseball player   1982    |Craig_Gordon|Craig_Gordon| , Scottish footballer   1982    |Luke_Schenscher|Luke_Schenscher| , Australian basketball player   1982    |The_Rocket_Summer|The_Rocket_Summer| , American singer-songwriter, guitarist, and producer    |1984|1984| |Ben_Hannant|Ben_Hannant| , Australian rugby league player   1984    |Édgar_Lugo|Édgar_Lugo| , Mexican footballer   1984    |Calvin_Zola|Calvin_Zola| , Congolese footballer    |1985|1985| |Jonathan_Horton|Jonathan_Horton| , American gymnast   1985    |Jan_Smit|Jan_Smit| , Dutch singer and television host    |1986|1986| |Nate_Freiman|Nate_Freiman| , American baseball player   1986    |Kade_Snowden|Kade_Snowden| , Australian rugby league player    |1987|1987| |Javaris_Crittenton|Javaris_Crittenton| , American basketball player   1987    |Danny_Holla|Danny_Holla| , Dutch footballer   1987    |Émilie_Le_Pennec|Émilie_Le_Pennec| , French gymnast   1987    |Nemanja_Nikolić|Nemanja_Nikolić| , Hungarian footballer    |1989|1989|  -  |Brian_Gregan|Brian_Gregan| , Irish sprinter and athlete    |1990|1990| |Patrick_Chan|Patrick_Chan| , Canadian figure skater    |1991|1991| |Bojana_Jovanovski|Bojana_Jovanovski| , Serbian tennis player   1991    |Noelle_Stevenson|Noelle_Stevenson| , American cartoonist    |1992|1992| |Amy_Cure|Amy_Cure| , Australian track cyclist   1992    |Karl_Kruuda|Karl_Kruuda| , Estonian racing driver    |1993|1993| |Ryan_Blaney|Ryan_Blaney| , American race car driver    |1995|1995| |Gabby_Douglas|Gabby_Douglas| , American gymnast          |45_BC|45_Bc| |Quintus_Fabius_Maximus|Quintus_Fabius_Maximus| , consul suffectus    |192|192| |Commodus|Commodus| , Roman emperor    |335|335| |Pope_Sylvester_I|Pope_Sylvester_I| |669|669| |Li_Shiji|Li_Shiji| , Chinese general    |878|878| |Seiwa|Emperor_Seiwa| , Japanese emperor    |1032|1032| |Ahmad_Maymandi|Ahmad_Maymandi| , Persian statesman, vizier of the  |Ghaznavid_Empire|Ghaznavid_Empire| |1164|1164| |Ottokar_III_of_Styria|Ottokar_Iii_Of_Styria| |1194|1194| |Leopold_V,_Duke_of_Austria|Leopold_V,_Duke_Of_Austria| |1298|1298| |Humphrey_de_Bohun,_3rd_Earl_of_Hereford|Humphrey_De_Bohun,_3Rd_Earl_Of_Hereford| , English politician,  |Lord_High_Constable_of_England|Lord_High_Constable_Of_England| |1299|1299| |Margaret,_Countess_of_Anjou|Margaret,_Countess_Of_Anjou| |1302|1302| |Frederick_III,_Duke_of_Lorraine|Frederick_Iii,_Duke_Of_Lorraine| |1384|1384| |John_Wycliffe|John_Wycliffe| , English philosopher, theologian, and translator    |1386|1386| |Johanna_of_Bavaria,_Queen_of_Bohemia|Johanna_Of_Bavaria,_Queen_Of_Bohemia| |1426|1426| |Thomas_Beaufort,_Duke_of_Exeter|Thomas_Beaufort,_Duke_Of_Exeter| |1439|1439| |Margaret_Holland|Margaret_Holland| , English noblewoman    |1460|1460| |Richard_Neville,_5th_Earl_of_Salisbury|Richard_Neville,_5Th_Earl_Of_Salisbury| , English politician,  |Lord_Chancellor_of_the_United_Kingdom|Lord_Chancellor| |1510|1510| |Bianca_Maria_Sforza|Bianca_Maria_Sforza| , Holy Roman Empress    |1535|1535| |William_Skeffington|William_Skeffington| , English-Irish politician,  |Lord_Deputy_of_Ireland|Lord_Deputy_Of_Ireland| |1568|1568| |Shimazu_Tadayoshi|Shimazu_Tadayoshi| , Japanese daimyō    |1575|1575| |Pierino_Belli|Pierino_Belli| , Italian commander and jurist    |1583|1583| |Thomas_Erastus|Thomas_Erastus| , Swiss physician and theologian    |1610|1610| |Ludolph_van_Ceulen|Ludolph_Van_Ceulen| , German-Dutch mathematician and academic    |1650|1650| |Dorgon|Dorgon| , Chinese emperor    |1655|1655| |Janusz_Radziwiłł|Janusz_Radziwiłł| , Polish–Lithuanian politician    |1673|1673| |Oliver_St_John|Oliver_St_John| , English judge and politician,  |Chief_Justice_of_the_Common_Pleas|Chief_Justice_Of_The_Common_Pleas| |1679|1679| |Giovanni_Alfonso_Borelli|Giovanni_Alfonso_Borelli| , Italian physiologist and physicist    |1691|1691| |Robert_Boyle|Robert_Boyle| , Irish chemist and physicist   1691    |Dudley_North|Dudley_North| , English merchant and economist    |1705|1705| |Catherine_of_Braganza|Catherine_Of_Braganza| |1719|1719| |John_Flamsteed|John_Flamsteed| , English astronomer and academic    |1730|1730| |Carlo_Gimach|Carlo_Gimach| , Maltese architect, engineer and poet    |1742|1742| |Charles_III_Philip,_Elector_Palatine|Charles_Iii_Philip,_Elector_Palatine| |1775|1775| |Richard_Montgomery|Richard_Montgomery| , American general    |1799|1799| |Jean-François_Marmontel|Jean-François_Marmontel| , French historian and author    |1818|1818| |Jean-Pierre_Duport|Jean-Pierre_Duport| , French cellist    |1872|1872| |Aleksis_Kivi|Aleksis_Kivi| , Finnish author and playwright    |1876|1876| |Catherine_Labouré|Catherine_Labouré| , French nun and saint    |1877|1877| |Gustave_Courbet|Gustave_Courbet| , French-Swiss painter and sculptor    |1888|1888| |Samson_Raphael_Hirsch|Samson_Raphael_Hirsch| , German rabbi and scholar    |1889|1889| |Ion_Creangă|Ion_Creangă| , Romanian author and educator   1889    |George_Kerferd|George_Kerferd| , English-Australian politician, 10th  |Premier_of_Victoria|Premier_Of_Victoria| |1890|1890| |Pancha_Carrasco|Pancha_Carrasco| , Costa Rican soldier    |1891|1891| |Samuel_Ajayi_Crowther|Samuel_Ajayi_Crowther| , Nigerian bishop and linguist    |1894|1894| |Thomas_Joannes_Stieltjes|Thomas_Joannes_Stieltjes| , Dutch mathematician and academic    |1909|1909| |Spencer_Trask|Spencer_Trask| , American financier and philanthropist    |1910|1910| |Archibald_Hoxsey|Archibald_Hoxsey| , American pilot   1910    |John_Moisant|John_Moisant| , American pilot and engineer    |1921|1921| |Boies_Penrose|Boies_Penrose| , American lawyer and politician    |1936|1936| |Miguel_de_Unamuno|Miguel_De_Unamuno| , Spanish philosopher, author, and poet    |1948|1948| |Malcolm_Campbell|Malcolm_Campbell| , English racing driver and journalist    |1949|1949| |Rıza_Tevfik_Bölükbaşı|Rıza_Tevfik_Bölükbaşı| , Turkish philosopher, poet, and politician   1949    |Raimond_Valgre|Raimond_Valgre| , Estonian pianist and composer    |1950|1950| |Charles_Koechlin|Charles_Koechlin| , French composer and educator    |1953|1953| |Albert_Plesman|Albert_Plesman| , Dutch businessman, founded  |KLM|Klm| |1964|1964| |Bobby_Byrne|Bobby_Byrne| , American baseball and soccer player   1964    |Ólafur_Thors|Ólafur_Thors| , Icelandic lawyer and politician, 8th  |Prime_Minister_of_Iceland|Prime_Minister_Of_Iceland|    1964    |Henry_Maitland_Wilson|Henry_Maitland_Wilson| , English field marshal    |1968|1968| |George_Lewis|George_Lewis| , American clarinet player and composer    |1970|1970| |Cyril_Scott|Cyril_Scott| , English composer, writer, and poet    |1972|1972| |Roberto_Clemente|Roberto_Clemente| , Puerto Rican-American baseball player and Marine   1972    |Henry_Gerber|Henry_Gerber| , German-American activist, founded the  |Society_for_Human_Rights|Society_For_Human_Rights| |1978|1978| |Basil_Wolverton|Basil_Wolverton| , American illustrator    |1980|1980| |Marshall_McLuhan|Marshall_Mcluhan| , Canadian philosopher and theorist   1980    |Raoul_Walsh|Raoul_Walsh| , American actor, director, producer, and screenwriter    |1983|1983| |Sevim_Burak|Sevim_Burak| , Turkish author and playwright    |1985|1985| |Ricky_Nelson|Ricky_Nelson| , American singer-songwriter, guitarist, and actor    |1987|1987| |Jerry_Turner|Jerry_Turner| , American journalist    |1988|1988| |Nicolas_Calas|Nicolas_Calas| , Greek-American poet and critic    |1990|1990| |George_Allen|George_Allen| , American football player and coach   1990    |Vasily_Lazarev|Vasily_Lazarev| , Russian physician, colonel, and astronaut   1990    |Giovanni_Michelucci|Giovanni_Michelucci| , Italian architect and urban planner, designed the  |Firenze_Santa_Maria_Novella_railway_station|Firenze_Santa_Maria_Novella_Railway_Station| |1993|1993| |Zviad_Gamsakhurdia|Zviad_Gamsakhurdia| , Georgian anthropologist and politician, 1st  |President_of_Georgia|President_Of_Georgia|    1993    |Brandon_Teena|Brandon_Teena| , American murder victim    |1994|1994| |Woody_Strode|Woody_Strode| , American football player, wrestler, and actor    |1996|1996| |Wesley_Addy|Wesley_Addy| , American actor    |1997|1997| |Floyd_Cramer|Floyd_Cramer| , American singer-songwriter and pianist   1997    |Billie_Dove|Billie_Dove| , American actress    |1998|1998| |Ted_Glossop|Ted_Glossop| , Australian rugby league player and coach    |1999|1999| |Elliot_Richardson|Elliot_Richardson| , American lawyer and politician, 69th  |United_States_Attorney_General|United_States_Attorney_General| |2000|2000| |Alan_Cranston|Alan_Cranston| , American journalist and politician   2000    |José_Greco|José_Greco| , Italian-American dancer and choreographer   2000    |Binyamin_Zeev_Kahane|Binyamin_Zeev_Kahane| , American-Israeli rabbi and scholar    |2001|2001| |Eileen_Heckart|Eileen_Heckart| , American actress    |2002|2002| |Kevin_MacMichael|Kevin_Macmichael| , American guitarist, songwriter, and producer    |2003|2003| |Arthur_R._von_Hippel|Arthur_R._Von_Hippel|  German-American physicist and author    |2004|2004| |Gérard_Debreu|Gérard_Debreu| , French economist and mathematician,  |Nobel_Prize|Nobel_Memorial_Prize_In_Economic_Sciences|  laureate    |2005|2005| |Enrico_Di_Giuseppe|Enrico_Di_Giuseppe| , American tenor and educator   2005    |Phillip_Whitehead|Phillip_Whitehead| , English screenwriter, producer, and politician    |2006|2006| |Seymour_Martin_Lipset|Seymour_Martin_Lipset| , American sociologist, author, and academic   2006    |George_Sisler,_Jr.|George_Sisler,_Jr.| , American businessman    |2007|2007| |Roy_Amara|Roy_Amara| , American scientific researcher   2007    |Michael_Goldberg|Michael_Goldberg| , American painter and educator   2007    |Bill_Idelson|Bill_Idelson| , American actor, producer, and screenwriter   2007    |Milton_L._Klein|Milton_L._Klein| , Canadian lawyer and politician   2007    |Ettore_Sottsass|Ettore_Sottsass| , Austrian-Italian architect and designer    |2008|2008| |Donald_E._Westlake|Donald_E._Westlake| , American author and screenwriter    |2009|2009| |Cahal_Daly|Cahal_Daly| , Irish cardinal and philosopher   2009    |Justin_Keating|Justin_Keating| , Irish surgeon, journalist, and politician,  |Minister_for_Jobs,_Enterprise_and_Innovation|Minister_For_Jobs,_Enterprise_And_Innovation| |2010|2010| |Raymond_Impanis|Raymond_Impanis| , Belgian cyclist   2010    |Per_Oscarsson|Per_Oscarsson| , Swedish actor, director, producer, and screenwriter    |2012|2012| |Peter_Ebert|Peter_Ebert| , English director and producer   2012    |Tarak_Mekki|Tarak_Mekki| , Tunisian businessman and politician   2012    |Jovette_Marchessault|Jovette_Marchessault| , Canadian author and playwright   2012    |Günter_Rössler|Günter_Rössler| , German photographer and journalist    |2013|2013| |James_Avery|James_Avery| , American actor   2013    |Roberto_Ciotti|Roberto_Ciotti| , Italian guitarist and composer   2013    |Bob_Grant|Bob_Grant| , American radio host   2013    |Irina_Korschunow|Irina_Korschunow| , German author and screenwriter    |2014|2014| |Edward_Herrmann|Edward_Herrmann| , American actor   2014    |Abdullah_Hussain|Abdullah_Hussain| , Malaysian author   2014    |Norm_Phelps|Norm_Phelps| , American author and activist   2014    |S._Arthur_Spiegel|S._Arthur_Spiegel| , American captain, lawyer, and judge   2014    |Valerian_Wellesley,_8th_Duke_of_Wellington|Valerian_Wellesley,_8Th_Duke_Of_Wellington| , British soldier and politician    |2015|2015| |Natalie_Cole|Natalie_Cole| , American singer-songwriter and actress   2015    |Marvin_Panch|Marvin_Panch| , American race car driver   2015    |Wayne_Rogers|Wayne_Rogers| , American actor and investor   2015    |Beth_Howland|Beth_Howland| , American actress    |2016|2016| |William_Christopher|William_Christopher| , American actor    |2018|2018| |Kader_Khan|Kader_Khan| , Indian actor         Christian  |feast_day|Calendar_Of_Saints| |Pope_Sylvester_I|Pope_Sylvester_I| |December_31|December_31| |International_Solidarity_Day_of_Azerbaijanis|International_Solidarity_Day_Of_Azerbaijanis| |New_Years_Eve|New_Years_Eve|  , and its related observances:    |First_Night|First_Night|     Last Day of the Year or  Bisperás ng Bagong Taón , special holiday between  |Rizal_Day|Rizal_Day|  and  |New_Years_Day|New_Years_Day| |Novy_God|Novy_God|  Eve     |Ōmisoka|Ōmisoka|     The first day of  |Hogmanay|Hogmanay|  or Auld Years Night    The seventh of the  |Twelve_Days_of_Christmas|Twelve_Days_Of_Christmas|     The sixth and  |penultimate|Penultimate|  day of  |Kwanzaa|Kwanzaa|.