|537|537|    The construction of the  |Hagia_Sophia|Hagia_Sophia|  in Constantinople is completed.    |1512|1512|    The Spanish Crown issues the  |Laws_of_Burgos|Laws_Of_Burgos| , governing the conduct of settlers with regard to  |native_Indians|Indigenous_Peoples_Of_The_Americas|  in the  |New_World|New_World| .    |1521|1521|    The  |Zwickau_prophets|Zwickau_Prophets|  arrive in  |Wittenberg|Wittenberg| , disturbing the peace and preaching the  |Apocalypse|Apocalypse| .    |1655|1655| |Second_Northern_War|Second_Northern_War| /the  |Deluge|Deluge| |Jasna_Góra_Monastery|Jasna_Góra_Monastery|  in  |Częstochowa|Częstochowa|  are successful in fending off a  |month-long_siege|Siege_Of_Jasna_Góra| .    |1657|1657|    The  |Flushing_Remonstrance|Flushing_Remonstrance|  articulates for the first time in North American history that  |freedom_of_religion|Freedom_Of_Religion|  is a fundamental right.    |1703|1703|    Portugal and England sign the  |Methuen_Treaty|Methuen_Treaty|  which gives preference to Portuguese imported  |wines|Wine|  into England.    |1814|1814| |War_of_1812|War_Of_1812|  is destroyed. It was the last of Commodore  |Daniel_Pattersons|Daniel_Patterson|  makeshift fleet that fought a series of delaying actions that contributed to  |Andrew_Jacksons|Andrew_Jackson|  victory at the  |Battle_of_New_Orleans|Battle_Of_New_Orleans| .    |1831|1831| |Charles_Darwin|Charles_Darwin|  embarks on  |his_journey|Second_Voyage_Of_Hms_Beagle|  aboard , during which he will begin to formulate his theory of  |evolution|Evolution| .    |1836|1836|    The worst ever  |avalanche|Lewes_Avalanche|  in England occurs at  |Lewes|Lewes| ,  |Sussex|Sussex| , killing eight people.    |1845|1845| |Ether|Diethyl_Ether| |anesthetic|Anesthetic|  is used for childbirth for the first time by Dr.  |Crawford_Long|Crawford_Long|  in  |Jefferson,_Georgia|Jefferson,_Georgia| .   1845   Journalist  |John_L._OSullivan|John_L._Osullivan| , writing in his newspaper the New York Morning News, argues that the United States had the right to claim the entire  |Oregon_Country|Oregon_Country|  by the right of our  |manifest_destiny|Manifest_Destiny|  .    |1911|1911| |Jana_Gana_Mana|Jana_Gana_Mana|  , the  |national_anthem|National_Anthem|  of India, is first sung in the Calcutta Session of the  |Indian_National_Congress|Indian_National_Congress| .    |1918|1918|    The  |Great_Poland_Uprising|Greater_Poland_Uprising|  against the Germans begins.    |1922|1922|     becomes the first purpose built  |aircraft_carrier|Aircraft_Carrier|  to be commissioned in the world.    |1927|1927|    Kern and Hammersteins musical play  Show Boat , considered to be the first true American musical play, opens at the  |Ziegfeld_Theatre|Ziegfeld_Theatre|  on  |Broadway|Broadway_Theatre| .    |1929|1929| |Soviet_General_Secretary|General_Secretary_Of_The_Communist_Party_Of_The_Soviet_Union| |Joseph_Stalin|Joseph_Stalin|  orders the  |liquidation_of_the_kulaks_as_a_class|Dekulakization|  .    |1932|1932| |Radio_City_Music_Hall|Radio_City_Music_Hall| , Showplace of the Nation , opens in New York City.    |1935|1935| |Regina_Jonas|Regina_Jonas|  is ordained as the first female  |rabbi|Rabbi|  in the history of  |Judaism|Judaism| .    |1939|1939|    The 7.8   |Erzincan_earthquake|1939_Erzincan_Earthquake|  shakes eastern  |Turkey|Turkey|  with a maximum  |Mercalli_intensity|Mercalli_Intensity_Scale|  of XI . At least 32,700 people were killed.   1939    |Winter_War|Winter_War| |Soviet|Soviet_Union|  attack in the  |Battle_of_Kelja|Battle_Of_Kelja| .    |1945|1945|    The  |International_Monetary_Fund|International_Monetary_Fund|  is created with the signing of an agreement by 29 nations.    |1949|1949| |Indonesian_National_Revolution|Indonesian_National_Revolution| |Indonesia|Indonesia| n independence. End of the  |Dutch_East_Indies|Dutch_East_Indies| .    |1966|1966|    The  |Cave_of_Swallows|Cave_Of_Swallows| , the largest known cave shaft in the world, is discovered in  |Aquismón|Aquismón| ,  |San_Luis_Potosí|San_Luis_Potosí| , Mexico.    |1968|1968| |Apollo_program|Apollo_Program|  Apollo 8  splashes down in the Pacific Ocean, ending the first orbital manned mission to the Moon.    |1978|1978|    Spain  |becomes_a_democracy|Spanish_Transition_To_Democracy|  after 40 years of fascist  |dictatorship|Dictatorship| .    |1979|1979|    The Soviet Union  |invades|Soviet–Afghan_War|  the  |Democratic_Republic_of_Afghanistan|Democratic_Republic_Of_Afghanistan| .    |1983|1983| |Pope_John_Paul_II|Pope_John_Paul_Ii|  visits  |Mehmet_Ali_Ağca|Mehmet_Ali_Ağca|  in  |Rebibbias|Rebibbia|  prison and personally forgives him for the 1981 attack on him in  |St._Peters_Square|St._Peters_Square| .    |1985|1985| |Palestinian|Palestinians|  guerrillas  |kill_eighteen_people|Rome_And_Vienna_Airport_Attacks|  inside the airports of  |Rome|Rome| , Italy, and  |Vienna|Vienna| , Austria.    |1989|1989|    The  |Romanian_Revolution|Romanian_Revolution|  concludes, as the last minor street confrontations and stray shootings abruptly end in the countrys capital,  |Bucharest|Bucharest| .    |1996|1996| |Taliban|Taliban|  forces retake the strategic  |Bagram_Airfield|Bagram_Airfield|  which solidifies their buffer zone around  |Kabul|Kabul| ,  |Afghanistan|Afghanistan| .    |1997|1997|    Protestant paramilitary leader  |Billy_Wright|Billy_Wright|  is assassinated in  |Northern_Ireland|Northern_Ireland| , United Kingdom.    |2002|2002| |Two_truck_bombs|2002_Grozny_Truck_Bombing|  kill 72 and wound 200 at the pro-Moscow headquarters of the Chechen government in  |Grozny|Grozny| ,  |Chechnya|Chechnya| , Russia.    |2004|2004| |Radiation|Radiation|  from an explosion on the  |magnetar|Magnetar| |SGR_1806-20|Sgr_1806-20|  reaches Earth. It is the brightest  |extrasolar|Extrasolar|  event known to have been witnessed on the planet.    |2007|2007|    Former Pakistani  |prime_minister|Prime_Minister| |Benazir_Bhutto|Benazir_Bhutto| |is_assassinated|Assassination_Of_Benazir_Bhutto|  in a shooting incident.   2007   Riots erupt in  |Mombasa,_Kenya|Mombasa,_Kenya| , after  |Mwai_Kibaki|Mwai_Kibaki|  is declared the winner of the  |presidential_election|Kenyan_Presidential_Election,_2007| , triggering a  |political,_economic,_and_humanitarian_crisis|2007–08_Kenyan_Crisis| .    |2008|2008| |Operation_Cast_Lead|Gaza_War| |2009|2009| |Iranian_election_protests|2009_Iranian_Presidential_Election_Protests| |Day_of_Ashura|Day_Of_Ashura|  in  |Tehran|Tehran| ,  |Iran|Iran| , government security forces  |fire_upon|Ashura_Protests|  demonstrators.        |1350|1350| |John_I_of_Aragon|John_I_Of_Aragon| |1390|1390| |Anne_de_Mortimer|Anne_De_Mortimer| , claimant to the English throne    |1459|1459| |John_I_Albert|John_I_Albert| |1481|1481| |Casimir,_Margrave_of_Brandenburg-Bayreuth|Casimir,_Margrave_Of_Brandenburg-Bayreuth| , Margrave of Bayreuth    |1493|1493| |Johann_Pfeffinger|Johann_Pfeffinger| , German theologian    |1566|1566| |Jan_Jesenius|Jan_Jesenius| , Bohemian physician, politician and philosopher    |1571|1571| |Johannes_Kepler|Johannes_Kepler| , German mathematician, astronomer, and astrologer    |1572|1572| |Johannes_Vodnianus_Campanus|Johannes_Vodnianus_Campanus| , Czech poet, playwright, and composer    |1584|1584| |Philipp_Julius,_Duke_of_Pomerania|Philipp_Julius,_Duke_Of_Pomerania| |1595|1595| |Bohdan_Khmelnytsky|Bohdan_Khmelnytsky| , hetman of Ukraine    |1683|1683| |Conyers_Middleton|Conyers_Middleton| , English priest and theologian    |1714|1714| |George_Whitefield|George_Whitefield| , English preacher and saint    |1715|1715| |Philippe_de_Noailles|Philippe_De_Noailles| , French general    |1721|1721| |François_Hemsterhuis|François_Hemsterhuis| , Dutch philosopher and author    |1761|1761| |Michael_Andreas_Barclay_de_Tolly|Michael_Andreas_Barclay_De_Tolly| , Russian field marshal and politician,  |Governor-General_of_Finland|Governor-General_Of_Finland| |1773|1773| |George_Cayley|George_Cayley| , English engineer and politician    |1776|1776| |Nikolay_Kamensky|Nikolay_Kamensky| , Russian general    |1797|1797| |Ghalib|Ghalib| , Indian poet    |1797|1797| |Charles_Hodge|Charles_Hodge| , American theologian    |1803|1803| |François-Marie-Thomas_Chevalier_de_Lorimier|François-Marie-Thomas_Chevalier_De_Lorimier| , Canadian activist    |1809|1809| |Alexandros_Rizos_Rangavis|Alexandros_Rizos_Rangavis| , Greek poet and politician,  |Foreign_Minister_of_Greece|List_Of_Foreign_Ministers_Of_Greece| |1822|1822| |Louis_Pasteur|Louis_Pasteur| , French chemist and microbiologist    |1823|1823| |Mackenzie_Bowell|Mackenzie_Bowell| , English-Canadian journalist and politician, 5th  |Prime_Minister_of_Canada|Prime_Minister_Of_Canada| |1827|1827| |Stanisław_Mieroszewski|Stanisław_Mieroszewski| , Polish-born politician, writer, historian and member of the Imperial Council of Austria     |1832|1832| |Pavel_Tretyakov|Pavel_Tretyakov| , Russian businessman and philanthropist, founded the  |Tretyakov_Gallery|Tretyakov_Gallery| |1858|1858| |Juan_Luis_Sanfuentes|Juan_Luis_Sanfuentes| , Chilean lawyer and politician, 17th  |President_of_Chile|President_Of_Chile| |1863|1863| |Louis_Lincoln_Emmerson|Louis_Lincoln_Emmerson| , American lawyer and politician, 27th  |Governor_of_Illinois|Governor_Of_Illinois| |1864|1864| |Hermann-Paul|Hermann-Paul| , French painter and illustrator    |1879|1879| |Sydney_Greenstreet|Sydney_Greenstreet| , English-American actor    |1883|1883| |Cyrus_S._Eaton|Cyrus_S._Eaton| , Canadian-American businessman and philanthropist    |1888|1888| |Thea_von_Harbou|Thea_Von_Harbou| , German actress, director, and screenwriter    |1892|1892| |Alfred_Edwin_McKay|Alfred_Edwin_Mckay| , Canadian captain and pilot    |1896|1896| |Louis_Bromfield|Louis_Bromfield| , American author and theorist   1896    |Maurice_De_Waele|Maurice_De_Waele| , Belgian cyclist   1896    |Carl_Zuckmayer|Carl_Zuckmayer| , German author and playwright    |1898|1898| |Inejiro_Asanuma|Inejiro_Asanuma| , Japanese politician    |1900|1900| |Hans_Stuck|Hans_Stuck| , German race car driver    |1901|1901| |Marlene_Dietrich|Marlene_Dietrich| , German-American actress and singer   1901    |Irene_Handl|Irene_Handl| , English actress    |1904|1904| |René_Bonnet|René_Bonnet| , French race car driver and engineer    |1905|1905| |Cliff_Arquette|Cliff_Arquette| , American actor and comedian    |1906|1906| |Oscar_Levant|Oscar_Levant| , American pianist, composer, and actor    |1907|1907| |Asaf_Halet_Çelebi|Asaf_Halet_Çelebi| , Turkish poet   1907    |Sebastian_Haffner|Sebastian_Haffner| , German journalist and author   1907    |Mary_Howard|Mary_Howard| , English author   1907    |Conrad_L._Raiford|Conrad_L._Raiford| , American baseball player and activist   1907    |Willem_van_Otterloo|Willem_Van_Otterloo| , Dutch conductor and composer    |1909|1909| |James_Riddell|James_Riddell| , English skier and author    |1910|1910| |Charles_Olson|Charles_Olson| , American poet and educator    |1911|1911| |Anna_Russell|Anna_Russell| , English-Canadian singer and actress    |1915|1915| |William_Masters|William_Masters| , American gynecologist, author, and academic   1915    |Gyula_Zsengellér|Gyula_Zsengellér| , Hungarian-Cypriot footballer and manager    |1916|1916| |Werner_Baumbach|Werner_Baumbach| , German pilot   1916    |Cathy_Lewis|Cathy_Lewis| , American actress    |1917|1917| |Buddy_Boudreaux|Buddy_Boudreaux| , American saxophonist and clarinet player   1917    |T._Nadaraja|T._Nadaraja| , Sri Lankan lawyer and academic   1917    |Onni_Palaste|Onni_Palaste| , Finnish soldier and author    |1918|1918| |John_Celardo|John_Celardo| , American captain and illustrator    |1919|1919| |Charles_Sweeney|Charles_Sweeney| , American general and pilot    |1920|1920| |Bruce_Hobbs|Bruce_Hobbs| , American jockey and trainer    |1923|1923| |Bruno_Bobak|Bruno_Bobak| , Polish-Canadian painter and educator   1923    |Lucas_Mangope|Lucas_Mangope| , South African politician    |1924|1924| |Jean_Bartik|Jean_Bartik| , American computer scientist and engineer   1924    |James_A._McClure|James_A._Mcclure| , American soldier, lawyer, and politician    |1925|1925| |Michel_Piccoli|Michel_Piccoli| , French actor, singer, director, and producer    |1926|1926| |Jerome_Courtland|Jerome_Courtland| , American actor, director, and producer    |1927|1927| |Antony_Gardner|Antony_Gardner| , English engineer and politician   1927    |Nityanand_Swami|Nityanand_Swami| , Indian lawyer and politician, 1st  |Chief_Minister_of_Uttarakhand|Chief_Minister_Of_Uttarakhand|    1927    |Audrey_Wagner|Audrey_Wagner| , American baseball player, obstetrician, and gynecologist    |1930|1930| |Marshall_Sahlins|Marshall_Sahlins| , American anthropologist and academic   1930    |Wilfrid_Sheed|Wilfrid_Sheed| , English-born American novelist and essayist    |1931|1931| |Scotty_Moore|Scotty_Moore| , American guitarist and songwriter    |1933|1933| |Dave_Marr|Dave_Marr| , American golfer    |1934|1934| |Larisa_Latynina|Larisa_Latynina| , Ukrainian gymnast and coach   1934    |Jeffrey_Sterling,_Baron_Sterling_of_Plaistow|Jeffrey_Sterling,_Baron_Sterling_Of_Plaistow| , English businessman    |1935|1935| |Michael_Turnbull|Michael_Turnbull| , English bishop    |1936|1936| |Phil_Sharpe|Phil_Sharpe| , English cricketer   1936    |Eve_Uusmees|Eve_Uusmees| , Estonian swimmer and coach    |1939|1939| |John_Amos|John_Amos| , American actor    |1940|1940| |David_Shepherd|David_Shepherd| , English cricketer and umpire    |1941|1941| |Miles_Aiken|Miles_Aiken| , American basketball player and coach   1941    |Mike_Pinder|Mike_Pinder| , English singer-songwriter and keyboard player   1941    |Nolan_Richardson|Nolan_Richardson| , American basketball player and coach    |1942|1942| |Byron_Browne|Byron_Browne| , American baseball player   1942    |Thomas_Menino|Thomas_Menino| , American politician, 53rd  |Mayor_of_Boston|Mayor_Of_Boston|    1942    |Ron_Rothstein|Ron_Rothstein| , American basketball player and coach    |1943|1943| |Cokie_Roberts|Cokie_Roberts| , American journalist and author   1943    |Joan_Manuel_Serrat|Joan_Manuel_Serrat| , Spanish singer-songwriter and guitarist   1943    |Peter_Sinfield|Peter_Sinfield| , English songwriter and producer   1943    |Roy_White|Roy_White| , American baseball player and coach    |1944|1944| |Mick_Jones|Mick_Jones| , English guitarist, songwriter, and producer    |1946|1946| |Lenny_Kaye|Lenny_Kaye| , American guitarist, songwriter, and producer   1946    |Joe_Kinnear|Joe_Kinnear| , Irish footballer and manager   1946    |Janet_Street-Porter|Janet_Street-Porter| , English journalist and producer   1946    |Polly_Toynbee|Polly_Toynbee| , English journalist and author     |1947|1947| |Bill_Eadie|Bill_Eadie| , American wrestler and coach   1947    |Doug_Livermore|Doug_Livermore| , English footballer and manager   1947    |Osman_Pamukoğlu|Osman_Pamukoğlu| , Turkish general and politician   1947    |Willy_Polleunis|Willy_Polleunis| , Belgian runner    |1948|1948| |Gérard_Depardieu|Gérard_Depardieu| , French-Russian actor     |1949|1949| |Terry_Ito|Terry_Ito| , Japanese director, producer, and critic    |1950|1950| |Haris_Alexiou|Haris_Alexiou| , Greek singer-songwriter   1950    |Roberto_Bettega|Roberto_Bettega| , Italian footballer and manager   1950    |Terry_Bozzio|Terry_Bozzio| , American drummer and songwriter    |1951|1951| |Ernesto_Zedillo|Ernesto_Zedillo| , Mexican economist and politician, 54th  |President_of_Mexico|President_Of_Mexico| |1952|1952| |Tovah_Feldshuh|Tovah_Feldshuh| , American actress, singer, and playwright   1952    |Jay_Hill|Jay_Hill| , Canadian farmer and politician   1952    |David_Knopfler|David_Knopfler| , Scottish singer-songwriter, guitarist, and producer    |1954|1954| |Edmund_Zagorski|Edmund_Zagorski| , American convicted murderer   1954    |Mandie_Fletcher|Mandie_Fletcher| , English director, producer, and production manager    |1955|1955| |Brad_Murphey|Brad_Murphey| , American race car driver   1955    |Barbara_Olson|Barbara_Olson| , American journalist and author    |1956|1956| |Doina_Melinte|Doina_Melinte| , Romanian runner    |1958|1958| |Steve_Jones|Steve_Jones| , American golfer    |1959|1959| |Gerina_Dunwich|Gerina_Dunwich| , American astrologer, historian, and author   1959    |Andre_Tippett|Andre_Tippett| , American football player and coach    |1960|1960| |Maryam_dAbo|Maryam_Dabo| , English actress   1960    |Donald_Nally|Donald_Nally| , American conductor and academic   1960    |Terry_Price|Terry_Price| , Australian golfer    |1961|1961| |Guido_Westerwelle|Guido_Westerwelle| , German lawyer and politician, 15th  |Vice-Chancellor_of_Germany|Vice-Chancellor_Of_Germany| |1962|1962| |Mark_Few|Mark_Few| , American basketball player and coach   1962    |John_Kampfner|John_Kampfner| , Singaporean journalist and author   1962    |Bill_Self|Bill_Self| , American basketball player and coach   1962    |Sherri_Steinhauer|Sherri_Steinhauer| , American golfer    |1963|1963| |Gaspar_Noé|Gaspar_Noé| , Argentinian-French director and screenwriter    |1965|1965| |Chris_Mainwaring|Chris_Mainwaring| , Australian footballer and journalist    |1965|1965| |Salman_Khan|Salman_Khan| , Indian film actor and producer    |1966|1966| |Marianne_Elliott|Marianne_Elliott| , English director and producer   1966    |Bill_Goldberg|Bill_Goldberg| , American football player, wrestler and actor   1966    |Eva_LaRue|Eva_Larue| , American model and actress   1966    |Fabian_Núñez|Fabian_Núñez| , American politician    |1969|1969| |Jean-Christophe_Boullion|Jean-Christophe_Boullion| , French race car driver   1969    |Sarah_Vowell|Sarah_Vowell| , American author and journalist   1969    |Chyna|Chyna| , American professional wrestler and actress    |1970|1970| |Brendon_Cook|Brendon_Cook| , Australian race car driver and rugby player   1970    |Lorenzo_Neal|Lorenzo_Neal| , American football player and radio host    |1971|1971| |Duncan_Ferguson|Duncan_Ferguson| , Scottish footballer and coach   1971    |Guthrie_Govan|Guthrie_Govan| , English guitarist and educator   1971    |Savannah_Guthrie|Savannah_Guthrie| , American television journalist   1971    |Jason_Hawes|Jason_Hawes| , American paranormal investigator and author, founded  |The_Atlantic_Paranormal_Society|The_Atlantic_Paranormal_Society| |Bryan_Smolinski|Bryan_Smolinski| , American ice hockey player and coach    |1972|1972| |Colin_Charvis|Colin_Charvis| , Welsh rugby union player and coach   1972    |Kevin_Ollie|Kevin_Ollie| , American basketball player and coach   1972    |Matt_Slocum|Matt_Slocum| , American guitarist and songwriter    |1973|1973| |Kristoffer_Zegers|Kristoffer_Zegers| , Dutch pianist and composer    |1974|1974| |Tomáš_Janků|Tomáš_Janků| , Czech high jumper   1974    |Masi_Oka|Masi_Oka| , Japanese-American actor and visual effects designer   1974    |Fumiko_Orikasa|Fumiko_Orikasa| , Japanese voice actress and singer   1974    |Jay_Pandolfo|Jay_Pandolfo| , American ice hockey player and coach    |1975|1975| |Aigars_Fadejevs|Aigars_Fadejevs| , Latvian race walker and therapist   1975    |Kjell_Eriksson|Kjell_Eriksson| , Swedish television personality   1975    |Heather_ORourke|Heather_Orourke| , American actress    |1976|1976| |Nikolaos_Georgeas|Nikolaos_Georgeas| , Greek footballer   1976    |Piotr_Morawski|Piotr_Morawski| , Polish mountaineer   1976    |Daimí_Pernía|Daimí_Pernía| , Cuban basketball player and hurdler   1976    |Fernando_Pisani|Fernando_Pisani| , Canadian-Italian ice hockey player    |1977|1977| |Jacqueline_Pillon|Jacqueline_Pillon| , Canadian actress   1977    |Chris_Tate|Chris_Tate| , English footballer    |1978|1978| |Deuce_McAllister|Deuce_Mcallister| , American football player    |1979|1979| |David_Dunn|David_Dunn| , English footballer and manager   1979    |Carson_Palmer|Carson_Palmer| , American football player    |1980|1980| |Bernard_Berrian|Bernard_Berrian| , American football player   1980    |Cesaro|Cesaro| , Swiss professional wrestler   1980    |Dahntay_Jones|Dahntay_Jones| , American basketball player   1980    |Meelis_Kompus|Meelis_Kompus| , Estonian journalist    |1981|1981| |David_Aardsma|David_Aardsma| , American baseball player   1981    |Emilie_de_Ravin|Emilie_De_Ravin| , Australian actress   1981    |Moise_Joseph|Moise_Joseph| , American-Haitian runner   1981    |Patrick_Sharp|Patrick_Sharp| , Canadian ice hockey player    |1982|1982| |Erin_E._Stead|Erin_E._Stead| , American illustrator    |1983|1983| |Anthony_Boric|Anthony_Boric| , New Zealand rugby union player   1983    |Cole_Hamels|Cole_Hamels| , American baseball player   1983    |Jesse_Williams|Jesse_Williams| , American high jumper    |1984|1984| |Andrejs_Perepļotkins|Andrejs_Perepļotkins| , Ukrainian-Latvian footballer   1984    |Gilles_Simon|Gilles_Simon| , French tennis player    |1985|1985| |Logan_Bailly|Logan_Bailly| , Belgian footballer   1985    |Jérôme_dAmbrosio|Jérôme_Dambrosio| , Belgian race car driver   1985    |Paul_Stastny|Paul_Stastny| , Canadian-American ice hockey player   1985    |Halley_Gross|Halley_Gross| , American screenwriter    |1986|1986| |Torah_Bright|Torah_Bright| , Australian snowboarder   1986    |Shelly-Ann_Fraser-Pryce|Shelly-Ann_Fraser-Pryce| , Jamaican sprinter    |1987|1987| |Tim_Browne|Tim_Browne| , Australian rugby league player   1987    |Lily_Cole|Lily_Cole| , English model    |1988|1988| |Hera_Hilmar|Hera_Hilmar| , Icelandic actress   1988    |Zavon_Hines|Zavon_Hines| , Jamaican-English footballer   1988    |Ok_Taec-yeon|Ok_Taec-Yeon| , South Korean singer and actor    1988    |Rick_Porcello|Rick_Porcello| , American baseball player   1988    |Hayley_Williams|Hayley_Williams| , American singer-songwriter    |1989|1989| |Ingrid_Várgas_Calvo|Ingrid_Várgas_Calvo| , Peruvian tennis player    |1990|1990| |Max_Lindholm|Max_Lindholm| , Finnish figure skater   1990    |Milos_Raonic|Milos_Raonic| , Canadian tennis player   1990    |Jon_Marchessault|Jon_Marchessault| , Canadian ice hockey player    |1991|1991| |Michael_Morgan|Michael_Morgan| , Australian rugby league player   1991    |Danny_Wilson|Danny_Wilson| , Scottish footballer    |1992|1992| |Joel_Indermitte|Joel_Indermitte| , Estonian footballer   1992    |Maicel_Uibo|Maicel_Uibo| , Estonian decathlete    |1993|1993| |Olivia_Cooke|Olivia_Cooke| , English actress    |1995|1995| |Timothée_Chalamet|Timothée_Chalamet| , American actor   1995    |Mark_Lapidus|Mark_Lapidus| , Estonian chess player    |1997|1997| |Ana_Konjuh|Ana_Konjuh| , Croatian tennis player    |2005|2005| |Kristina_Pimenova|Kristina_Pimenova| , Russian child model          |683|683| |Gaozong_of_Tang|Emperor_Gaozong_Of_Tang| , founding emperor of the Chinese Tang dynasty    |870|870| |Aeneas_of_Paris|Aeneas_Of_Paris| , Frankish bishop    |975|975| |Balderic|Balderic_Of_Utrecht| , bishop of Utrecht    |1003|1003| |Emma_of_Blois|Emma_Of_Blois| , French duchess and regent    |1005|1005| |Nilus_the_Younger|Nilus_The_Younger| , Byzantine abbot    |1076|1076| |Sviatoslav_II|Sviatoslav_Ii_Of_Kiev| , Grand Prince of Kiev    |1087|1087| |Bertha_of_Savoy|Bertha_Of_Savoy| , Holy Roman Empress    |1381|1381| |Edmund_Mortimer,_3rd_Earl_of_March|Edmund_Mortimer,_3Rd_Earl_Of_March| , English politician    |1518|1518| |Mahmood_Shah_Bahmani_II|Mahmood_Shah_Bahmani_Ii| , sultan of the  |Bahmani_Sultanate|Bahmani_Sultanate| |1543|1543| |George|George,_Margrave_Of_Brandenburg-Ansbach| , margrave of Brandenburg-Ansbach    |1548|1548| |Francesco_Spiera|Francesco_Spiera| , Italian lawyer and jurist    |1603|1603| |Thomas_Cartwright|Thomas_Cartwright| , English minister and theologian    |1656|1656| |Andrew_White|Andrew_White| , English Jesuit missionary    |1704|1704| |Hans_Albrecht_von_Barfus|Hans_Albrecht_Von_Barfus| , Prussian field marshal and politician    |1707|1707| |Jean_Mabillon|Jean_Mabillon| , French monk and scholar    |1737|1737| |William_Bowyer|William_Bowyer| , English printer    |1743|1743| |Hyacinthe_Rigaud|Hyacinthe_Rigaud| , French painter    |1771|1771| |Henri_Pitot|Henri_Pitot| , French engineer, invented the  |Pitot_tube|Pitot_Tube| |1776|1776| |Johann_Rall|Johann_Rall| , Hessian colonel     |1782|1782| |Henry_Home,_Lord_Kames|Henry_Home,_Lord_Kames| , Scottish judge and philosopher    |1800|1800| |Hugh_Blair|Hugh_Blair| , Scottish minister and author    |1812|1812| |Joanna_Southcott|Joanna_Southcott| , English religious leader    |1834|1834| |Charles_Lamb|Charles_Lamb| , English essayist and poet    |1836|1836| |Stephen_F._Austin|Stephen_F._Austin| , American soldier and politician    |1858|1858| |Alexandre_Pierre_François_Boëly|Alexandre_Pierre_François_Boëly| , French pianist and composer    |1896|1896| |John_Brown|John_Brown| , English businessman and politician    |1900|1900| |William_Armstrong,_1st_Baron_Armstrong|William_Armstrong,_1St_Baron_Armstrong| , English engineer and businessman, founded  |Armstrong_Whitworth|Armstrong_Whitworth| |1914|1914| |Charles_Martin_Hall|Charles_Martin_Hall| , American chemist and engineer    |1919|1919| |Achilles_Alferaki|Achilles_Alferaki| , Russian-Greek composer and politician,  |Governor_of_Taganrog|Governor_Of_Taganrog| |1923|1923| |Gustave_Eiffel|Gustave_Eiffel| , French architect and engineer, co-designed the  |Eiffel_Tower|Eiffel_Tower| |1924|1924| |Agda_Meyerson|Agda_Meyerson| , Swedish nurse and healthcare activist    |1936|1936| |Mehmet_Akif_Ersoy|Mehmet_Akif_Ersoy| , Turkish poet, academic, and politician    |1938|1938| |Calvin_Bridges|Calvin_Bridges| , American geneticist and academic   1938    |Osip_Mandelstam|Osip_Mandelstam| , Polish-Russian poet and critic   1938    |Zona_Gale|Zona_Gale| , American novelist, short story writer, and playwright    |1939|1939| |Rinaldo_Cuneo|Rinaldo_Cuneo| , American painter    |1943|1943| |Ants_Kurvits|Ants_Kurvits| , Estonian general and politician, 10th  |Estonian_Minister_of_War|Estonian_Minister_Of_War| |1950|1950| |Max_Beckmann|Max_Beckmann| , German-American painter and sculptor    |1952|1952| |Patrick_Joseph_Hartigan|Patrick_Joseph_Hartigan| , Australian priest, author, and educator    |1953|1953| |Şükrü_Saracoğlu|Şükrü_Saracoğlu| , Turkish soldier and politician, 6th  |Prime_Minister_of_Turkey|Prime_Minister_Of_Turkey|    1953    |Julian_Tuwim|Julian_Tuwim| , Polish poet and author    |1955|1955| |Alfred_Carpenter|Alfred_Carpenter| , English admiral,  |Victoria_Cross|Victoria_Cross|  recipient    |1956|1956| |Lambert_McKenna|Lambert_Mckenna| , Irish priest and lexicographer    |1958|1958| |Harry_Warner|Harry_Warner| , Polish-American film producer, co-founded  |Warner_Bros.|Warner_Bros.| |1965|1965| |Edgar_Ende|Edgar_Ende| , German painter    |1972|1972| |Lester_B._Pearson|Lester_B._Pearson| , Canadian historian and politician, 14th  |Prime_Minister_of_Canada|Prime_Minister_Of_Canada| ,  |Nobel_Prize|Nobel_Peace_Prize|  laureate    |1974|1974| |Vladimir_Fock|Vladimir_Fock| , Russian physicist and mathematician   1974    |Amy_Vanderbilt|Amy_Vanderbilt| , American author    |1978|1978| |Chris_Bell|Chris_Bell| , American singer-songwriter and guitarist   1978    |Houari_Boumediene|Houari_Boumediene| , Algerian colonel and politician, 2nd  |President_of_Algeria|President_Of_Algeria|    1978    |Bob_Luman|Bob_Luman| , American singer-songwriter and guitarist    |1979|1979| |Hafizullah_Amin|Hafizullah_Amin| , Afghan educator and politician, 2nd  |President_of_Afghanistan|President_Of_Afghanistan| |1981|1981| |Hoagy_Carmichael|Hoagy_Carmichael| , American singer-songwriter, pianist, and actor    |1982|1982| |Jack_Swigert|Jack_Swigert| , American pilot, astronaut, and politician    |1985|1985| |Jean_Rondeau|Jean_Rondeau| , French race car driver    |1986|1986| |George_Dangerfield|George_Dangerfield| , English-American historian and journalist   1986    |Dumas_Malone|Dumas_Malone| , American historian and author    |1988|1988| |Hal_Ashby|Hal_Ashby| , American director and producer    |1992|1992| |Kay_Boyle|Kay_Boyle| , American novelist, poet, and educator    |1993|1993| |Feliks_Kibbermann|Feliks_Kibbermann| , Estonian chess player and philologist   1993    |Evald_Mikson|Evald_Mikson| , Estonian footballer   1993    |André_Pilette|André_Pilette| , Belgian race car driver    |1994|1994| |Fanny_Cradock|Fanny_Cradock| , English author and critic   1994    |J._B._L._Reyes|J._B._L._Reyes| , Filipino lawyer and jurist    |1995|1995| |Shura_Cherkassky|Shura_Cherkassky| , Ukrainian-American pianist   1995    |Genrikh_Kasparyan|Genrikh_Kasparyan| , Armenian chess player and composer    |1997|1997| |Brendan_Gill|Brendan_Gill| , American journalist and essayist   1997    |Billy_Wright|Billy_Wright| , Northern Irish loyalist leader    |1999|1999| |Michael_McDowell|Michael_Mcdowell| , American author and screenwriter    |2002|2002| |George_Roy_Hill|George_Roy_Hill| , American actor, director, producer, and screenwriter    |2003|2003| |Alan_Bates|Alan_Bates| , English actor   2003    |Iván_Calderón|Iván_Calderón| , Puerto Rican-American baseball player    |2004|2004| |Hank_Garland|Hank_Garland| , American guitarist    |2007|2007| |Benazir_Bhutto|Benazir_Bhutto| , Pakistani financier and politician, 11th  |Prime_Minister_of_Pakistan|Prime_Minister_Of_Pakistan|    2007    |Jerzy_Kawalerowicz|Jerzy_Kawalerowicz| , Polish director and screenwriter   2007    |Jaan_Kross|Jaan_Kross| , Estonian author and poet    |2008|2008| |Delaney_Bramlett|Delaney_Bramlett| , American singer-songwriter, guitarist, and producer   2008    |Robert_Graham|Robert_Graham| , Mexican-American sculptor    |2009|2009| |Isaac_Schwartz|Isaac_Schwartz| , Ukrainian-Russian composer and educator    |2011|2011| |Catê|Catê| , Brazilian footballer and manager   2011    |Michael_Dummett|Michael_Dummett| , English soldier, philosopher, and academic   2011    |Helen_Frankenthaler|Helen_Frankenthaler| , American painter and educator   2011    |Johnny_Wilson|Johnny_Wilson| , Canadian-American ice hockey player and coach    |2012|2012| |Harry_Carey,_Jr.|Harry_Carey,_Jr.| , American actor, producer, and screenwriter   2012    |Lloyd_Charmers|Lloyd_Charmers| , Jamaican singer, keyboard player, and producer   2012    |Tingye_Li|Tingye_Li| , Chinese-American physicist and engineer   2012    |Archie_Roy|Archie_Roy| , Scottish astronomer and academic   2012    |Norman_Schwarzkopf,_Jr.|Norman_Schwarzkopf,_Jr.| , American general and engineer   2012    |Salt_Walther|Salt_Walther| , American race car driver    |2013|2013| |Richard_Ambler|Richard_Ambler| , English-Scottish biologist and academic   2013    |Mohamad_Chatah|Mohamad_Chatah| , Lebanese economist and politician,  |Lebanese_Minister_of_Finance|Ministry_Of_Finance|    2013    |Gianna_DAngelo|Gianna_Dangelo| , American soprano and educator   2013    |John_Matheson|John_Matheson| , Canadian colonel, lawyer, and politician   2013    |Farooq_Sheikh|Farooq_Sheikh| , Indian actor, philanthropist and a popular television presenter    |2014|2014| |Ben_Ammi_Ben-Israel|Ben_Ammi_Ben-Israel| , American-Israeli religious leader, founded the  |African_Hebrew_Israelites_of_Jerusalem|African_Hebrew_Israelites_Of_Jerusalem|    2014    |Ulises_Estrella|Ulises_Estrella| , Ecuadorian poet and academic   2014    |Ronald_Li|Ronald_Li| , Hong Kong accountant and businessman   2014    |Karel_Poma|Karel_Poma| , Belgian bacteriologist and politician    |2015|2015| |Stein_Eriksen|Stein_Eriksen| , Norwegian-American skier   2015    |Dave_Henderson|Dave_Henderson| , American baseball player and sportscaster   2015    |Ellsworth_Kelly|Ellsworth_Kelly| , American painter and sculptor   2015    |Meadowlark_Lemon|Meadowlark_Lemon| , American basketball player and minister   2015    |Alfredo_Pacheco|Alfredo_Pacheco| , Salvadoran footballer   2015    |Stevie_Wright|Stevie_Wright| , English-Australian singer-songwriter    |2016|2016| |Carrie_Fisher|Carrie_Fisher| , American actress, screenwriter, author, producer, and speaker   2016    |Ratnasiri_Wickremanayake|Ratnasiri_Wickremanayake| , Sri Lankan politician         Christian  |feast_day|Calendar_Of_Saints| |Blessed|Beatification| |Francesco_Spoto|Francesco_Spoto| |Blessed|Beatification| |Sára_Salkaházi|Sára_Salkaházi| |Fabiola|Saint_Fabiola| |John_the_Apostle|John_The_Apostle| |Pope_Maximus_of_Alexandria|Pope_Maximus_Of_Alexandria| |Nicarete|Nicarete| |Theodorus_and_Theophanes|Theodorus_And_Theophanes| |December_27|December_27| |Constitution_Day|Constitution_Day| |Emergency_Rescuers_Day|Emergency_Rescuers_Day| |St._Stephens_Day|St._Stephens_Day|     The third of the  |Twelve_Days_of_Christmas|Twelve_Days_Of_Christmas|   .