|963|963|    Pope  |Leo_VIII|Pope_Leo_Viii|  is appointed to the office of  |Protonotary|Protonotary_Apostolic|  and begins his papacy as  |antipope|Antipope|  of  |Rome|Rome| .    |1060|1060| |Béla_I|Béla_I_Of_Hungary|  is crowned king of  |Hungary|Kingdom_Of_Hungary_In_The_Middle_Ages| .    |1240|1240| |Mongol_invasion_of_Rus|Mongol_Invasion_Of_Rus| |Kiev|Kiev|  under  |Daniel_of_Galicia|Daniel_Of_Galicia|  and  |Voivode_Dmytro|Voivode_Dmytro| |falls|Siege_Of_Kiev|  to the  |Mongols|Mongols|  under  |Batu_Khan|Batu_Khan| .    |1534|1534|    The city of  |Quito|Quito|  in  |Ecuador|Ecuador|  is founded by Spanish settlers led by  |Sebastián_de_Belalcázar|Sebastián_De_Belalcázar| .    |1648|1648|    Colonel  |Thomas_Pride|Thomas_Pride|  of the  |New_Model_Army|New_Model_Army|  purges the  |Long_Parliament|Long_Parliament|  of MPs sympathetic to King  |Charles_I_of_England|Charles_I_Of_England| , in order for the Kings trial to go ahead; came to be known as  |Prides_Purge|Prides_Purge|  .    |1704|1704| |Battle_of_Chamkaur|Battle_Of_Chamkaur| |Sikh_Khalsa|Khalsa|  defeats a  |Mughal|Mughal_Empire|  army.    |1745|1745| |Charles_Edward_Stuarts|Charles_Edward_Stuart|  army begins retreat during the  |second_Jacobite_Rising|Jacobite_Rising_Of_1745| .    |1790|1790|    The  |U.S._Congress|United_States_Congress|  moves from  |New_York_City|New_York_City|  to  |Philadelphia|Philadelphia| .    |1846|1846| |American|Army_Of_The_West|  and  |Californio|Californio|  forces clash at the  |Battle_of_San_Pasqual|Battle_Of_San_Pasqual| |1865|1865| |Georgia|Georgia|  ratifies  |13th_Amendment_to_the_U.S._Constitution|13Th_Amendment_To_The_U.S._Constitution| |1877|1877|    The first edition of  The Washington Post  is published.    |1884|1884|    The  |Washington_Monument|Washington_Monument|  in Washington, D.C., is completed.    |1897|1897|    London becomes the worlds first city to host licensed  |taxicabs|Taxicab| .    |1904|1904| |Theodore_Roosevelt|Theodore_Roosevelt|  articulated his  |Corollary_to_the_Monroe_Doctrine|Roosevelt_Corollary| , stating that the U.S. would intervene in the Western Hemisphere should Latin American governments prove incapable or unstable.    |1907|1907|    A  |coal_mine_explosion|Monongah_Mining_Disaster|  at  |Monongah,_West_Virginia|Monongah,_West_Virginia| , kills 362 workers.    |1912|1912|    The  |Nefertiti_Bust|Nefertiti_Bust|  is discovered.    |1916|1916| |World_War_I|World_War_I| |Central_Powers|Central_Powers|  capture  |Bucharest|Bucharest| .    |1917|1917| |Finland_declares_independence|Finnish_Declaration_Of_Independence|  from  |Soviet_Russia|Russian_Soviet_Federative_Socialist_Republic| .   1917    |Halifax_Explosion|Halifax_Explosion| |Halifax,_Nova_Scotia|Halifax,_Nova_Scotia|  kills more than 1,900 people in the  |largest_artificial_explosion_up_to_that_time|Largest_Artificial_Non-Nuclear_Explosionsrank_Order_Of_Largest_Conventional_Explosions/Detonations_By_Magnitude| .   1917   World War I:  is the first American  |destroyer|Destroyer|  to be sunk by enemy action when it is  |torpedo|Torpedo| ed by German submarine .    |1921|1921|    The  |Anglo-Irish_Treaty|Anglo-Irish_Treaty|  is signed in  |London|London|  by British and Irish representatives.    |1922|1922|    One year to the day after the signing of the Anglo-Irish Treaty, the  |Irish_Free_State|Irish_Free_State|  comes into existence.    |1928|1928|    The government of Colombia  |sends_military_forces|Banana_Massacre|  to suppress a month-long  |strike|Strike_Action|  by  |United_Fruit_Company|United_Fruit_Company|  workers, resulting in an unknown number of deaths.    |1933|1933|    U.S. federal judge  |John_M._Woolsey|John_M._Woolsey|  rules that  |James_Joyces|James_Joyce|  novel  Ulysses  is not obscene.    |1941|1941| |World_War_II|World_War_Ii| |Continuation_War|Continuation_War| .  |Camp_X|Camp_X|  opens in  |Canada|Canada|  to begin training Allied Secret Agents for the War.    |1942|1942|  –  |World_War_II|World_War_Ii|  in villages Stary Ciepielów and Rekówka German Genarmerie  |massacred_31_Poles_for_helping_the_Jews|Stary_Ciepielów_And_Rekówka_Massacre| . Also, two Jewish refugees were murdered.    |1947|1947|    The  |Everglades_National_Park|Everglades_National_Park|  in  |Florida|Florida|  is dedicated.    |1953|1953| |Vladimir_Nabokov|Vladimir_Nabokov|  completes his controversial novel  Lolita .    |1956|1956|    A violent  |water_polo_match|Blood_In_The_Water_Match|  between Hungary and the USSR takes place during the  |1956_Summer_Olympics|1956_Summer_Olympics|  in  |Melbourne|Melbourne| , against the backdrop of the  |Hungarian_Revolution_of_1956|Hungarian_Revolution_Of_1956| .    |1957|1957| |Project_Vanguard|Project_Vanguard| |launchpad|Launch_Pad|  explosion of  |Vanguard_TV3|Vanguard_Tv3|  thwarts the first United States attempt to launch a  |satellite|Satellite|  into Earth orbit.    |1967|1967| |Adrian_Kantrowitz|Adrian_Kantrowitz|  performs the first human heart transplant in the United States.    |1969|1969| |Altamont_Free_Concert|Altamont_Free_Concert| |Rolling_Stones|Rolling_Stones| , eighteen-year old Meredith Hunter is stabbed to death by  |Hells_Angels|Hells_Angels|  security guards.    |1971|1971|    Pakistan severs diplomatic relations with India, initiating the  |Indo-Pakistani_War_of_1971|Indo-Pakistani_War_Of_1971| .    |1973|1973| |The_Twenty-fifth_Amendment|Twenty-Fifth_Amendment_To_The_United_States_Constitution| |United_States_House_of_Representatives|United_States_House_Of_Representatives|  votes 387–35 to confirm  |Gerald_Ford|Gerald_Ford|  as  |Vice_President_of_the_United_States|Vice_President_Of_The_United_States| .     |1975|1975| |The_Troubles|The_Troubles| |Provisional_IRA|Provisional_Irish_Republican_Army|  unit takes a British couple hostage in their flat on Balcombe Street, London, beginning a  |six-day_siege|Balcombe_Street_Siege| .    |1977|1977|    South Africa grants independence to  |Bophuthatswana|Bophuthatswana| , although it is not recognized by any other country.    |1978|1978|    Spain ratifies the  |Spanish_Constitution_of_1978|Spanish_Constitution_Of_1978|  in a referendum.    |1982|1982|    The Troubles: The  |Irish_National_Liberation_Army|Irish_National_Liberation_Army| |bombs_a_pub|Droppin_Well_Bombing|  frequented by British soldiers in  |Ballykelly,_Northern_Ireland|Ballykelly,_County_Londonderry| , killing eleven soldiers and six civilians.    |1989|1989|    The  |École_Polytechnique_massacre|École_Polytechnique_Massacre|  :  |Marc_Lépine|Marc_Lépine| , an anti-feminist gunman, murders 14 young women at the  |École_Polytechnique|École_Polytechnique_De_Montréal|  in  |Montreal|Montreal| .    |1991|1991| |Yugoslav_Wars|Yugoslav_Wars| |Croatia|Croatia| , forces of the Serb-dominated  |Yugoslav_Peoples_Army|Yugoslav_Peoples_Army|  bombard  |Dubrovnik|Dubrovnik|  after laying siege to the city for seven months.    |1992|1992|    The  |Babri_Masjid|Babri_Masjid|  in  |Ayodhya|Ayodhya| , India, is  |demolished|Demolition_Of_The_Babri_Masjid| , leading to widespread riots causing the death of over 1,500 people.    |1995|1995| |Khabarovsk_United_Air_Group_Flight_3949|Khabarovsk_United_Air_Group_Flight_3949|  crashes into the  |Bo-Dzhausa_Mountain|Bo-Dzhausa_Mountain| , killing 98.     |1997|1997|    A Russian  |Antonov_An-124_Ruslan|Antonov_An-124_Ruslan|  cargo plane crashes into an apartment complex near  |Irkutsk|Irkutsk| ,  |Siberia|Siberia| , killing 67.    |1998|1998|    in  |Venezuela|Venezuela| ,  |Hugo_Chávez|Hugo_Chávez|  is victorious in presidential elections.    |2005|2005|    An  |Iranian_Air_Force|Iranian_Air_Force| |C-130|Lockheed_C-130_Hercules|  military transport aircraft  |crashes_into_a_ten-floor_apartment_building|2005_Iranian_Air_Force_C-130_Crash|  in a residential area of  |Tehran|Tehran| , killing all 94 on board and 12 more on the ground.    |2006|2006| |NASA|Nasa|  reveals photographs taken by  |Mars_Global_Surveyor|Mars_Global_Surveyor|  suggesting the presence of liquid  |water_on_Mars|Water_On_Mars| .    |2015|2015| |Venezuela|Venezuela| n elections are held. For the first time in 17 years the  |United_Socialist_Party_of_Venezuela|United_Socialist_Party_Of_Venezuela|  loses its majority in parliament.    |2017|2017| |Donald_Trumps|Donald_Trump|  administration officially announces  |the_recognition_of_Jerusalem_as_capital_of_Israel|United_States_Recognition_Of_Jerusalem_As_Israeli_Capital| .        |846|846| |Hasan_al-Askari|Hasan_Al-Askari| , Arabian 11th of  |the_Twelve_Imams|The_Twelve_Imams| |1285|1285| |Ferdinand_IV_of_Castile|Ferdinand_Iv_Of_Castile| |1421|1421| |Henry_VI_of_England|Henry_Vi_Of_England| |1478|1478| |Baldassare_Castiglione|Baldassare_Castiglione| , Italian courtier, diplomat, and author    |1520|1520| |Barbara_Radziwiłł|Barbara_Radziwiłł| , queen of Poland    |1545|1545| |Janus_Dousa|Janus_Dousa| , Dutch historian and noble    |1586|1586| |Niccolò_Zucchi|Niccolò_Zucchi| , Italian astronomer and physicist    |1592|1592| |William_Cavendish,_1st_Duke_of_Newcastle|William_Cavendish,_1St_Duke_Of_Newcastle| |1608|1608| |George_Monck,_1st_Duke_of_Albemarle|George_Monck,_1St_Duke_Of_Albemarle| , English general and politician,  |Lord_Lieutenant_of_Ireland|Lord_Lieutenant_Of_Ireland| |1637|1637| |Edmund_Andros|Edmund_Andros| , English courtier and politician, 4th  |Colonial_Governor_of_New_York|Colonial_Governor_Of_New_York| |1640|1640| |Claude_Fleury|Claude_Fleury| , French historian and author    |1642|1642| |Johann_Christoph_Bach|Johann_Christoph_Bach| , German organist and composer    |1685|1685| |Marie_Adélaïde_of_Savoy|Marie_Adélaïde_Of_Savoy| |1721|1721| |Guillaume-Chrétien_de_Lamoignon_de_Malesherbes|Guillaume-Chrétien_De_Lamoignon_De_Malesherbes| , French minister and politician   1721    |James_Elphinston|James_Elphinston| , Scottish philologist and linguist    |1752|1752| |Gabriel_Duvall|Gabriel_Duvall| , American jurist and politician    |1778|1778| |Joseph_Louis_Gay-Lussac|Joseph_Louis_Gay-Lussac| , French physicist and chemist    |1792|1792| |William_II_of_the_Netherlands|William_Ii_Of_The_Netherlands| |1803|1803| |Maria_Josepha_Amalia_of_Saxony|Maria_Josepha_Amalia_Of_Saxony| |1805|1805| |Richard_Hanson|Richard_Hanson| , English-Australian politician, 4th  |Premier_of_South_Australia|Premier_Of_South_Australia|    1805    |Jean_Eugène_Robert-Houdin|Jean_Eugène_Robert-Houdin| , French magician    |1812|1812| |Robert_Spear_Hudson|Robert_Spear_Hudson| , English businessman and philanthropist    |1823|1823| |Max_Müller|Max_Müller| , German-English philologist and orientalist    |1827|1827| |William_Arnott|William_Arnott| , Australian biscuit manufacturer and founder of  |Arnotts_Biscuits|Arnotts_Biscuits| |1833|1833| |John_S._Mosby|John_S._Mosby| , American colonel    |1835|1835| |Wilhelm_Rudolph_Fittig|Wilhelm_Rudolph_Fittig| , German chemist    |1841|1841| |Frédéric_Bazille|Frédéric_Bazille| , French painter and soldier    |1849|1849| |August_von_Mackensen|August_Von_Mackensen| , German field marshal    |1853|1853| |Hans_Molisch|Hans_Molisch| , Czech-Austrian botanist and academic   1853    |Haraprasad_Shastri|Haraprasad_Shastri| , Indian historian and scholar    |1863|1863| |Charles_Martin_Hall|Charles_Martin_Hall| , American chemist and engineer    |1872|1872| |Arthur_Henry_Adams|Arthur_Henry_Adams| , Australian journalist and author   1872    |William_S._Hart|William_S._Hart| , American actor, director, producer, and screenwriter    |1875|1875| |Albert_Bond_Lambert|Albert_Bond_Lambert| , American golfer and pilot   1875    |Evelyn_Underhill|Evelyn_Underhill| , English mystic and author    |1876|1876| |Fred_Duesenberg|Fred_Duesenberg| , German-American businessman, co-founded the  |Duesenberg_Automobile_&_Motors_Company|Duesenberg| |1878|1878| |Elvia_Carrillo_Puerto|Elvia_Carrillo_Puerto| , Mexican politician     |1882|1882| |Warren_Bardsley|Warren_Bardsley| , Australian cricketer    |1884|1884| |Cornelia_Meigs|Cornelia_Meigs| , American author, playwright, and academic    |1886|1886| |Joyce_Kilmer|Joyce_Kilmer| , American soldier, author, and poet    |1887|1887| |Lynn_Fontanne|Lynn_Fontanne| , British actress   1887    |Joseph_Lamb|Joseph_Lamb| , American pianist and composer    |1888|1888| |Will_Hay|Will_Hay| , English actor, director, and screenwriter    |1890|1890| |Dion_Fortune|Dion_Fortune| , Welsh occultist, psychologist, and author   1890    |Yoshio_Nishina|Yoshio_Nishina| , Japanese physicist and academic   1890    |Rudolf_Schlichter|Rudolf_Schlichter| , German painter and illustrator    |1892|1892| |Osbert_Sitwell|Osbert_Sitwell| , English-Italian captain, poet, and author    |1893|1893| |Homer_N._Wallin|Homer_N._Wallin| , American admiral   1893    |Sylvia_Townsend_Warner|Sylvia_Townsend_Warner| , English author and poet    |1896|1896| |Ira_Gershwin|Ira_Gershwin| , American songwriter    |1898|1898| |Alfred_Eisenstaedt|Alfred_Eisenstaedt| , German-American photographer and journalist   1898    |John_McDonald|John_Mcdonald| , Scottish-Australian politician, 37th  |Premier_of_Victoria|Premier_Of_Victoria|    1898    |Gunnar_Myrdal|Gunnar_Myrdal| , Swedish sociologist and economist,  |Nobel_Prize|Nobel_Memorial_Prize_In_Economic_Sciences|  laureate   1898    |Winifred_Lenihan|Winifred_Lenihan| , American actress, writer, and director    |1900|1900| |Agnes_Moorehead|Agnes_Moorehead| , American actress    |1901|1901| |Eliot_Porter|Eliot_Porter| , American photographer and academic    |1903|1903| |Tony_Lazzeri|Tony_Lazzeri| , American baseball player and manager    |1904|1904| |Ève_Curie|Ève_Curie| , French-American journalist and pianist    |1905|1905| |Elizabeth_Yates|Elizabeth_Yates| , American journalist and author    |1907|1907| |John_Barkley_Rosser_Sr.|John_Barkley_Rosser_Sr.| , American logician    |1908|1908| |Pierre_Graber|Pierre_Graber| , Swiss lawyer and politician, 69th  |President_of_the_Swiss_Confederation|List_Of_Presidents_Of_The_Swiss_Confederation|    1908    |Baby_Face_Nelson|Baby_Face_Nelson| , American gangster   1908    |Miklós_Szabó|Miklós_Szabó| , Hungarian runner   1908    |Herta_Freitag|Herta_Freitag| , Austrian-American mathematician    |1909|1909| |Rulon_Jeffs|Rulon_Jeffs| , American religious leader   1909    |Alan_McGilvray|Alan_Mcgilvray| , Australian cricketer and sportscaster    |1910|1910| |David_M._Potter|David_M._Potter| , American historian, author, and academic    |1913|1913| |Karl_Haas|Karl_Haas| , German-American pianist, conductor, and radio host   1913    |Eleanor_Holm|Eleanor_Holm| , American swimmer and actress    |1914|1914| |Cyril_Washbrook|Cyril_Washbrook| , English cricketer    |1916|1916| |Yekaterina_Budanova|Yekaterina_Budanova| , Russian captain and pilot   1916    |Kristján_Eldjárn|Kristján_Eldjárn| , Icelandic educator and politician, 3rd  |President_of_Iceland|President_Of_Iceland|    1916    |Hugo_Peretti|Hugo_Peretti| , American songwriter and producer    |1917|1917| |Dean_Hess|Dean_Hess| , American minister and colonel   1917    |Kamal_Jumblatt|Kamal_Jumblatt| , Lebanese lawyer and politician   1917    |Irv_Robbins|Irv_Robbins| , Canadian-American businessman, co-founded  |Baskin-Robbins|Baskin-Robbins| |1918|1918| |Tauba_Biterman|Tauba_Biterman| , Polish Holocaust survivor    |1919|1919| |Skippy_Baxter|Skippy_Baxter| , Canadian-American figure skater and coach   1919    |Paul_de_Man|Paul_De_Man| , Belgian-born philosopher, literary critic and theorist    |1920|1920| |Dave_Brubeck|Dave_Brubeck| , American pianist and composer   1920    |Peter_Dimmock|Peter_Dimmock| , English sportscaster and producer   1920    |George_Porter|George_Porter| , English chemist and academic,  |Nobel_Prize|Nobel_Prize_In_Chemistry|  laureate    |1921|1921| |Otto_Graham|Otto_Graham| , American football player and coach   1921    |Piero_Piccioni|Piero_Piccioni| , Italian lawyer, pianist, and composer    |1922|1922| |John_Brunt|John_Brunt| , English captain,  |Victoria_Cross|Victoria_Cross|  recipient   1922    |Benjamin_A._Gilman|Benjamin_A._Gilman| , American soldier and politician    |1924|1924| |Wally_Cox|Wally_Cox| , American actor    |1927|1927| |Jim_Fuchs|Jim_Fuchs| , American shot putter and discus thrower    |1928|1928| |Bobby_Van|Bobby_Van| , American actor, dancer, and singer    |1929|1929| |Philippe_Bouvard|Philippe_Bouvard| , French journalist and radio host   1929    |Nikolaus_Harnoncourt|Nikolaus_Harnoncourt| , German-Austrian cellist and conductor   1929    |Frank_Springer|Frank_Springer| , American author and illustrator   1929    |Alain_Tanner|Alain_Tanner| , Swiss director, producer, and screenwriter    |1930|1930| |Daniel_Lisulo|Daniel_Lisulo| , Zambian banker and politician, 3rd  |Prime_Minister_of_Zambia|Prime_Minister_Of_Zambia| |1931|1931| |Zeki_Müren|Zeki_Müren| , Turkish singer-songwriter and actor    |1932|1932| |Kamleshwar|Kamleshwar| , Indian author, screenwriter, and critic    |1933|1933| |Henryk_Górecki|Henryk_Górecki| , Polish composer and academic   1933    |Donald_J._Kutyna|Donald_J._Kutyna| , American general    |1934|1934| |Nick_Bockwinkel|Nick_Bockwinkel| , American wrestler, sportscaster, and actor    |1935|1935| |Jean_Lapointe|Jean_Lapointe| , Canadian actor, singer, and politician    |1936|1936| |Bill_Ashton|Bill_Ashton| , English saxophonist and composer    |1936|1936| |David_Ossman|David_Ossman| , American writer and comedian   1936    |Kenneth_Copeland|Kenneth_Copeland| , American evangelist and author    |1937|1937| |Alberto_Spencer|Alberto_Spencer| , Ecuadorian-American soccer player    |1938|1938| |Patrick_Bauchau|Patrick_Bauchau| , Belgian-American actor    |1939|1939| |Franco_Carraro|Franco_Carraro| , Italian politician and sports administrator    |1940|1940| |Lawrence_Bergman|Lawrence_Bergman| , Canadian lawyer and politician   1940    |Richard_Edlund|Richard_Edlund| , American visual effects designer and cinematographer    |1941|1941| |Helen_Cornelius|Helen_Cornelius| , American country singer-songwriter and actress   1941    |Richard_Speck|Richard_Speck| , American murderer   1941    |Bruce_Nauman|Bruce_Nauman| , American sculptor and illustrator   1941    |Bill_Thomas|Bill_Thomas| , American academic and politician    |1942|1942| |Peter_Handke|Peter_Handke| , Austrian author and playwright   1942    |Robb_Royer|Robb_Royer| , American guitarist, keyboard player, and songwriter    |1943|1943| |Mike_Smith|Mike_Smith| , English singer-songwriter, keyboard player, and producer   1943    |Keith_West|Keith_West| , English rock singer-songwriter and music producer    |1944|1944| |Jonathan_King|Jonathan_King| , English singer-songwriter, record producer, music entrepreneur, television/radio presenter, and convicted sex offender    |1944|1944| |Ron_Kenoly|Ron_Kenoly| , American Christian worship leader singer and songwriter    |1945|1945| |Larry_Bowa|Larry_Bowa| , American baseball player and manager   1945    |Dan_Harrington|Dan_Harrington| , American lawyer and poker player   1945    |Shekhar_Kapur|Shekhar_Kapur| , Indian director, producer, and screenwriter    |1946|1946| |Frankie_Beverly|Frankie_Beverly| , American soul/funk singer-songwriter, musician, and producer    1946    |Willy_van_der_Kuijlen|Willy_Van_Der_Kuijlen| , Dutch footballer and manager    |1947|1947| |Lawrence_Cannon|Lawrence_Cannon| , Canadian businessman and politician, 9th  |Canadian_Minister_of_Foreign_Affairs|Minister_Of_Foreign_Affairs| |Henk_van_Woerden|Henk_Van_Woerden| , Dutch-South African painter and author   1947    |Miroslav_Vitouš|Miroslav_Vitouš| , Czech-American bassist and songwriter    |1948|1948| |Jean-Paul_Ngoupandé|Jean-Paul_Ngoupandé| , Central African politician,  |Prime_Minister_of_the_Central_African_Republic|Prime_Minister_Of_The_Central_African_Republic|    1948    |Don_Nickles|Don_Nickles| , American businessman and politician   1948    |Keke_Rosberg|Keke_Rosberg| , Finnish race car driver   1948    |JoBeth_Williams|Jobeth_Williams| , American actress    |1949|1949| |Linda_Barnes|Linda_Barnes| , American author, playwright, and educator   1949    |Linda_Creed|Linda_Creed| , American singer-songwriter   1949    |Doug_Marlette|Doug_Marlette| , American author and cartoonist   1949    |Peter_Willey|Peter_Willey| , English cricketer and umpire    |1950|1950| |Guy_Drut|Guy_Drut| , French hurdler and politician   1950    |Joe_Hisaishi|Joe_Hisaishi| , Japanese pianist, composer, and conductor   1950    |Helen_Liddell,_Baroness_Liddell_of_Coatdyke|Helen_Liddell,_Baroness_Liddell_Of_Coatdyke| , Scottish journalist and politician,  |Secretary_of_State_for_Scotland|Secretary_Of_State_For_Scotland| |1951|1951| |Wendy_Ellis_Somes|Wendy_Ellis_Somes| , English ballerina and producer   1951    |Maurice_Hope|Maurice_Hope| , Caribbean-English boxer    |1952|1952| |Chuck_Baker|Chuck_Baker| , American baseball player   1952    |Nicolas_Bréhal|Nicolas_Bréhal| , French author and critic   1952    |Joe_Harris|Joe_Harris| , American football player   1952    |Craig_Newmark|Craig_Newmark| , American computer programmer and entrepreneur; founded  |Craigslist|Craigslist| |Charles_Salvador|Charles_Salvador| , English boxer and criminal   1952    |Shio_Satō|Shio_Satō| , Japanese illustrator   1952    |Jeff_Schneider|Jeff_Schneider| , American baseball player   1952    |David_L._Spector|David_L._Spector| , American biologist and academic    |1953|1953| |Sue_Carroll|Sue_Carroll| , English journalist   1953    |Gary_Goodman|Gary_Goodman| , Australian cricketer and coach   1953    |Geoff_Hoon|Geoff_Hoon| , English academic and politician,  |Minister_of_State_for_Europe|Minister_Of_State_For_Europe| |Tom_Hulce|Tom_Hulce| , American actor   1953    |Masami_Kurumada|Masami_Kurumada| , Japanese author and illustrator   1953    |Dwight_Stones|Dwight_Stones| , American high jumper and sportscaster   1953    |Gary_Ward|Gary_Ward| , American baseball player and coach    |1954|1954| |Chris_Stamey|Chris_Stamey| , American singer-songwriter, musician, and music producer    |1955|1955| |Anne_Begg|Anne_Begg| , Scottish educator and politician   1955    |Rick_Buckler|Rick_Buckler| , English drummer, songwriter, and producer   1955    |Graeme_Hughes|Graeme_Hughes| , Australian cricketer, rugby league player, and sportscaster   1955    |Tony_Woodcock|Tony_Woodcock| , English footballer   1955    |Steven_Wright|Steven_Wright| , American actor, comedian, and screenwriter    |1956|1956| |Peter_Buck|Peter_Buck| , American guitarist, songwriter, and producer   1956    |Hans_Kammerlander|Hans_Kammerlander| , Italian mountaineer and guide   1956    |Randy_Rhoads|Randy_Rhoads| , American guitarist, songwriter, and producer    |1957|1957| |Adrian_Borland|Adrian_Borland| , English singer-songwriter, guitarist, and producer    |1958|1958| |Nick_Park|Nick_Park| , English animator, director, producer, and screenwriter    |1959|1959| |Stephen_Hepburn|Stephen_Hepburn| , English politician   1959    |Satoru_Iwata|Satoru_Iwata| , Japanese game programmer and businessman   1959    |Stephen_Muggleton|Stephen_Muggleton| , English computer scientist and engineer   1959    |Deborah_Estrin|Deborah_Estrin| , American computer scientist and academic    |1960|1960| |Masahiko_Katsuya|Masahiko_Katsuya| , Japanese journalist and photographer    |1961|1961| |David_Lovering|David_Lovering| , American drummer   1961    |Jonathan_Melvoin|Jonathan_Melvoin| , American musician   1961    |Manuel_Reuter|Manuel_Reuter| , German race car driver    |1962|1962| |Ben_Watt|Ben_Watt| , English singer-songwriter, musician, author, DJ, and radio presenter    |1963|1963| |Ulrich_Thomsen|Ulrich_Thomsen| , Danish actor and producer    |1964|1964| |Mall_Nukke|Mall_Nukke| , Estonian painter    |1965|1965| |Gordon_Durie|Gordon_Durie| , Scottish footballer and manager    |1966|1966| |Natascha_Badmann|Natascha_Badmann| , Swiss triathlete   1966    |Per-Ulrik_Johansson|Per-Ulrik_Johansson| , Swedish golfer    |1967|1967| |Judd_Apatow|Judd_Apatow| , American director, producer, and screenwriter   1967    |Arnaldo_Mesa|Arnaldo_Mesa| , Cuban boxer   1967    |Helen_Greiner|Helen_Greiner| , American businesswoman and engineer    |1968|1968| |Akihiro_Yano|Akihiro_Yano| , Japanese baseball player   1969    |Torri_Higginson|Torri_Higginson| , Canadian actress    |1970|1970| |Ulf_Ekberg|Ulf_Ekberg| , Swedish singer-songwriter, keyboard player, and producer   1970    |Adrian_Fenty|Adrian_Fenty| , American lawyer and politician, 6th  |Mayor_of_the_District_of_Columbia|Mayor_Of_The_District_Of_Columbia| |Mark_Reckless|Mark_Reckless| , English politician   1970    |Jeff_Rouse|Jeff_Rouse| , American swimmer    |1971|1971| |Craig_Brewer|Craig_Brewer| , American director, producer, and screenwriter   1971    |Richard_Krajicek|Richard_Krajicek| , Dutch tennis player   1971    |Naozumi_Takahashi|Naozumi_Takahashi| , Japanese singer and voice actor   1971    |Carole_Thate|Carole_Thate| , Dutch field hockey player    |1972|1972| |Ewan_Birney|Ewan_Birney| , Director of the  |European_Bioinformatics_Institute|European_Bioinformatics_Institute|  in Cambridge, UK   1972    |Heather_Mizeur|Heather_Mizeur| , American lawyer and politician   1972    |Rick_Short|Rick_Short| , American baseball player    |1974|1974| |Jens_Pulver|Jens_Pulver| , American mixed martial artist and boxer   1974    |Nick_Stajduhar|Nick_Stajduhar| , Canadian ice hockey player    |1975|1975| |Noel_Clarke|Noel_Clarke| , English actor, director, and screenwriter   1975    |Adrian_García_Arias|Adrian_García_Arias| , Mexican footballer    |1977|1977| |Kevin_Cash|Kevin_Cash| , American baseball player and coach   1977    |Andrew_Flintoff|Andrew_Flintoff| , English cricketer, coach, and sportscaster   1977    |Paul_McVeigh|Paul_Mcveigh| , Irish footballer    |1978|1978| |Chris_Başak|Chris_Başak| , American baseball player   1978    |Darrell_Jackson|Darrell_Jackson| , American football player   1978    |Ramiro_Pez|Ramiro_Pez| , Argentine rugby player    |1979|1979| |Tim_Cahill|Tim_Cahill| , Australian footballer    |1980|1980| |Danielle_Downey|Danielle_Downey| , American golfer and coach   1980    |Steve_Lovell|Steve_Lovell| , English footballer   1980    |Carlos_Takam|Carlos_Takam| , Cameroonian-French boxer    |1981|1981| |Federico_Balzaretti|Federico_Balzaretti| , Italian footballer   1982    |Robbie_Gould|Robbie_Gould| , American football player    |1982|1982| |Ryan_Carnes|Ryan_Carnes| , American actor and producer   1982    |Alberto_Contador|Alberto_Contador| , Spanish cyclist   1982    |Sean_Ervine|Sean_Ervine| , Zimbabwean cricketer   1982    |Aaron_Sandilands|Aaron_Sandilands| , Australian footballer   1982    |Susie_Wolff|Susie_Wolff| , Scottish race car driver    |1984|1984| |Syndric_Steptoe|Syndric_Steptoe| , American football player   1984    |Nora_Kirkpatrick|Nora_Kirkpatrick| , American actress and musician   1984    |Princess_Sofia,_Duchess_of_Värmland|Princess_Sofia,_Duchess_Of_Värmland| |1985|1985| |Shannon_Bobbitt|Shannon_Bobbitt| , American basketball player   1985    |Aristeidis_Grigoriadis|Aristeidis_Grigoriadis| , Greek swimmer   1985    |Rudra_Pratap_Singh|R._P._Singh| , Indian cricketer    |1986|1986| |Sean_Edwards|Sean_Edwards| , English race car driver   1986    |Matt_Niskanen|Matt_Niskanen| , American ice hockey player    |1988|1988| |Adam_Eaton|Adam_Eaton| , American baseball player   1988    |Sandra_Nurmsalu|Sandra_Nurmsalu| , Estonian singer and violinist   1988    |Nils_Petersen|Nils_Petersen| , German footballer   1988    |Nobunaga_Shimazaki|Nobunaga_Shimazaki| , Japanese voice actor    |1989|1989| |Felix_Schiller|Felix_Schiller| , German footballer    |1990|1990| |Tamira_Paszek|Tamira_Paszek| , Austrian tennis player    |1991|1991| |Coco_Vandeweghe|Coco_Vandeweghe| , American tennis player    |1992|1992| |Britt_Assombalonga|Britt_Assombalonga| , Congolese footballer   1992    |Johnny_Manziel|Johnny_Manziel| , American football player    |1993|1993| |Jasprit_Bumrah|Jasprit_Bumrah| , Indian cricketer   1993    |Pedro_Rafael_Amado_Mendes|Pedro_Rafael_Amado_Mendes| , Portuguese footballer   1993    |Tautau_Moga|Tautau_Moga| , Australian-Samoan rugby league player    |1994|1994| |Giannis_Antetokounmpo|Giannis_Antetokounmpo| , Greek basketball player    |1996|1996| |Davide_Calabria|Davide_Calabria| , Italian football player    |1998|1998| |Angelīna_Kučvaļska|Angelīna_Kučvaļska| , Latvian figure skater          |343|343| |Saint_Nicholas|Saint_Nicholas| , Greek bishop and saint    |735|735| |Prince_Toneri|Prince_Toneri|  of Japan    |762|762| |Muhammad_al-Nafs_al-Zakiyya|Muhammad_Al-Nafs_Al-Zakiyya| , Arab rebel leader    |1185|1185| |Afonso_I_of_Portugal|Afonso_I_Of_Portugal| |1305|1305| |Maximus,_Metropolitan_of_Kiev|Maximus,_Metropolitan_Of_All_Rus| |1306|1306| |Roger_Bigod,_5th_Earl_of_Norfolk|Roger_Bigod,_5Th_Earl_Of_Norfolk| |1352|1352| |Pope_Clement_VI|Pope_Clement_Vi| |1562|1562| |Jan_van_Scorel|Jan_Van_Scorel| , Dutch painter    |1616|1616| |Ahmad_Ibn_al-Qadi|Ahmad_Ibn_Al-Qadi| , Moroccan writer, judge and mathematician    |1618|1618| |Jacques_Davy_Duperron|Jacques_Davy_Duperron| , French cardinal    |1658|1658| |Baltasar_Gracián|Baltasar_Gracián| , Spanish priest and author    |1675|1675| |John_Lightfoot|John_Lightfoot| , English priest, scholar, and academic    |1686|1686| |Eleonora_Gonzaga|Eleonora_Gonzaga| , Queen consort of Ferdinand III    |1716|1716| |Benedictus_Buns|Benedictus_Buns| , Dutch priest and composer    |1718|1718| |Nicholas_Rowe|Nicholas_Rowe| , English poet and playwright    |1746|1746| |Lady_Grizel_Baillie|Lady_Grizel_Baillie| , Scottish poet and songwriter    |1771|1771| |Giovanni_Battista_Morgagni|Giovanni_Battista_Morgagni| , Italian anatomist and pathologist    |1779|1779| |Jean-Baptiste-Siméon_Chardin|Jean-Baptiste-Siméon_Chardin| , French painter    |1788|1788| |Jonathan_Shipley|Jonathan_Shipley| , English bishop    |1855|1855| |William_John_Swainson|William_John_Swainson| , English ornithologist and entomologist    |1867|1867| |Jean_Pierre_Flourens|Jean_Pierre_Flourens| , French physiologist and academic    |1868|1868| |August_Schleicher|August_Schleicher| , German linguist and academic    |1878|1878| |Theodoros_Vryzakis|Theodoros_Vryzakis| , Greek painter and educator    |1879|1879| |Erastus_Brigham_Bigelow|Erastus_Brigham_Bigelow| , American businessman    |1882|1882| |Alfred_Escher|Alfred_Escher| , Swiss businessman and politician, founded  |Credit_Suisse|Credit_Suisse|    1882    |Anthony_Trollope|Anthony_Trollope| , English novelist, essayist, and short story writer    |1889|1889| |Jefferson_Davis|Jefferson_Davis| , American general and politician,  |President_of_the_Confederate_States_of_America|President_Of_The_Confederate_States_Of_America| |1892|1892| |Werner_von_Siemens|Werner_Von_Siemens| , German engineer and businessman, founded the  |Siemens_Company|Siemens| |1918|1918| |Alexander_Dianin|Alexander_Dianin| , Russian chemist    |1921|1921| |Said_Halim_Pasha|Said_Halim_Pasha| , Ottoman politician, 280th  |Grand_Vizier_of_the_Ottoman_Empire|List_Of_Ottoman_Grand_Viziers| |1924|1924| |Gene_Stratton-Porter|Gene_Stratton-Porter| , American author and screenwriter    |1945|1945| |Edmund_Dwyer-Gray|Edmund_Dwyer-Gray| , Irish-Australian politician, 29th  |Premier_of_Tasmania|Premier_Of_Tasmania| |1951|1951| |Harold_Ross|Harold_Ross| , American journalist and publisher, founded  The New Yorker     |1955|1955| |Honus_Wagner|Honus_Wagner| , American baseball player and manager    |1956|1956| |B._R._Ambedkar|B._R._Ambedkar| , Indian economist and politician, 1st  |Indian_Minister_of_Justice|Ministry_Of_Law_And_Justice| |1961|1961| |Frantz_Fanon|Frantz_Fanon| , Martinique-French psychiatrist and author    |1964|1964| |Evert_van_Linge|Evert_Van_Linge| , Dutch footballer and architect    |1972|1972| |Janet_Munro|Janet_Munro| , English actress and singer    |1974|1974| |Nikolay_Kuznetsov|Nikolay_Kuznetsov| , Soviet naval officer    |1976|1976| |João_Goulart|João_Goulart| , Brazilian lawyer and politician, 24th  |President_of_Brazil|President_Of_Brazil| |1980|1980| |Charles_Deutsch|Charles_Deutsch| , French engineer and businessman, co-founded  |DB|Db| |1982|1982| |Jean-Marie_Seroney|Jean-Marie_Seroney| , Kenyan activist and politician    |1983|1983| |Lucienne_Boyer|Lucienne_Boyer| , French singer and actress   1983    |Gul_Khan_Nasir|Gul_Khan_Nasir| , Pakistani poet, historian, and politician    |1985|1985| |Burr_Tillstrom|Burr_Tillstrom| , American actor and puppeteer   1985    |Burleigh_Grimes|Burleigh_Grimes| , American baseball player and manager    |1988|1988| |Roy_Orbison|Roy_Orbison| , American singer-songwriter and guitarist    |1989|1989| |Frances_Bavier|Frances_Bavier| , American actress   1989    |Sammy_Fain|Sammy_Fain| , American pianist and composer   1989    |John_Payne|John_Payne| , American actor, singer, and producer    |1990|1990| |Pavlos_Sidiropoulos|Pavlos_Sidiropoulos| , Greek singer-songwriter and guitarist   1990    |Tunku_Abdul_Rahman|Tunku_Abdul_Rahman| , Malaysian lawyer and politician, 1st  |Prime_Minister_of_Malaysia|Prime_Minister_Of_Malaysia| |1991|1991| |Mimi_Smith|Mimi_Smith| , English nurse   1991    |Richard_Stone|Richard_Stone| , English economist and statistician,  |Nobel_Prize|Nobel_Memorial_Prize_In_Economic_Sciences|  laureate    |1993|1993| |Don_Ameche|Don_Ameche| , American actor    |1994|1994| |Heinz_Baas|Heinz_Baas| , German footballer and manager   1994    |Gian_Maria_Volonté|Gian_Maria_Volonté| , Italian actor and director    |1996|1996| |Pete_Rozelle|Pete_Rozelle| , American businessman    |1997|1997| |Willy_den_Ouden|Willy_Den_Ouden| , Dutch swimmer    |1998|1998| |César_Baldaccini|César_Baldaccini| , French sculptor and educator    |2000|2000| |Werner_Klemperer|Werner_Klemperer| , German-American actor   2000    |Aziz_Mian|Aziz_Mian| , Pakistani singer-songwriter and poet    |2001|2001| |Peter_Blake|Peter_Blake| , New Zealand sailor and environmentalist   2001    |Charles_McClendon|Charles_Mcclendon| , American football player and coach    |2002|2002| |Philip_Berrigan|Philip_Berrigan| , American priest and activist    |2003|2003| |Carlos_Manuel_Arana_Osorio|Carlos_Manuel_Arana_Osorio| , Guatemalan general and politician,  |President_of_Guatemala|President_Of_Guatemala| |2005|2005| |Charly_Gaul|Charly_Gaul| , Luxembourger cyclist   2005    |Devan_Nair|Devan_Nair| , Malaysian-Singaporean union leader and politician, 3rd  |President_of_Singapore|President_Of_Singapore|    2005    |Danny_Williams|Danny_Williams| , South African singer   2005    |William_P._Yarborough|William_P._Yarborough| , American general    |2006|2006| |John_Feeney|John_Feeney| , New Zealand director and producer    |2010|2010| |Mark_Dailey|Mark_Dailey| , American-Canadian journalist and actor    |2011|2011| |Dobie_Gray|Dobie_Gray| , American singer-songwriter and producer    |2012|2012| |Miguel_Abia_Biteo_Boricó|Miguel_Abia_Biteo_Boricó| , Equatoguinean engineer and politician,  |Prime_Minister_of_Equatorial_Guinea|Prime_Minister_Of_Equatorial_Guinea|    2012    |Jan_Carew|Jan_Carew| , Guyanese author, poet, and playwright   2012    |Jeffrey_Koo_Sr.|Jeffrey_Koo_Sr.| , Taiwanese banker and businessman   2012    |Huw_Lloyd-Langton|Huw_Lloyd-Langton| , English guitarist   2012    |Pedro_Vaz|Pedro_Vaz| , Uruguayan lawyer and politician,  |Minister_of_Foreign_Affairs_of_Uruguay|Minister_Of_Foreign_Affairs| |2013|2013| |Jean-Pierre_Desthuilliers|Jean-Pierre_Desthuilliers| , French poet and critic   2013    |Stan_Tracey|Stan_Tracey| , English pianist and composer   2013    |M._K._Turk|M._K._Turk| , American basketball player and coach    |2014|2014| |Ralph_H._Baer|Ralph_H._Baer| , German-American video game designer, created the  |Magnavox_Odyssey|Magnavox_Odyssey|    2014    |Jimmy_Del_Ray|Jimmy_Del_Ray| , American wrestler and manager   2014    |Fred_Hawkins|Fred_Hawkins| , American golfer   2014    |Luke_Somers|Luke_Somers| , English-American photographer and journalist    |2015|2015| |Ko_Chun-hsiung|Ko_Chun-Hsiung| , Taiwanese actor, director, and politician   2015    |Liu_Juying|Liu_Juying| , Chinese general and politician   2015    |Nicholas_Smith|Nicholas_Smith| , British actor    |2016|2016| |Peter_Vaughan|Peter_Vaughan| , British actor   2017    |Johnny_Hallyday|Johnny_Hallyday| , French singer and actor          |Anniversary_of_the_Founding_of_Quito|Anniversary_Of_The_Founding_Of_Quito| |Armed_Forces_Day|Armed_Forces_Dayukraine|     Christian  |feast_day|Feast_Day| |Abraham_of_Kratia|Abraham_Of_Kratia| |Aemilianus|Saint_Aemilianus| |Denise_and_companions|Denise,_Dativa,_Leontia,_Tertius,_Emilianus,_Boniface,_Majoricus,_And_Servus| |Blessed|Beatification| |János_Scheffler|János_Scheffler| |María_del_Monte_Carmelo_Sallés_y_Barangueras|María_Del_Monte_Carmelo_Sallés_Y_Barangueras| |Nicholas_of_Myra|Saint_Nicholas| , and its related observances:    |St_Nicholas_Day|St_Nicholas_Day| , where  |St._Nicholas|St._Nicholas| / |Santa_Claus|Santa_Claus|  leaves little presents in childrens shoes.     |December_6|December_6| |Constitution_Day|Constitution_Day| |Day_of_the_Ministry_of_Communications_and_Information_Technologies_of_Azerbaijan|Azerbaijan| |Independence_Day|Independence_Day_Of_Finland| , celebrates the independence of  |Finland|Finland|  from  |Russia|Russia|  in 1917.    |National_Day_of_Remembrance_and_Action_on_Violence_Against_Women|National_Day_Of_Remembrance_And_Action_On_Violence_Against_Women|  .