|747_BC|740S_Bce| |Epoch|Epoch|  of  |Ptolemys|Ptolemy| |Nabonassar|Nabonassar|  Era.    |364|364| |Valentinian_I|Valentinian_I|  is proclaimed  |Roman_emperor|Roman_Emperor| .    |1233|1233| |Mongol–Jin_War|Mongol_Conquest_Of_The_Jin_Dynasty| |Mongols|Mongol_Empire| |capture_Kaifeng|Mongol_Siege_Of_Kaifeng| , the capital of the  |Jin_dynasty|Jin_Dynasty| , after besieging it for months.    |1266|1266| |Battle_of_Benevento|Battle_Of_Benevento| |Charles,_Count_of_Anjou|Charles_I_Of_Naples| , defeats a combined German and  |Sicilian|Sicily|  force led by  |Manfred,_King_of_Sicily|Manfred,_King_Of_Sicily| . Manfred is killed in the battle and  |Pope_Clement_IV|Pope_Clement_Iv|  invests Charles as king of  |Sicily|Sicily|  and  |Naples|Kingdom_Of_Naples| .    |1606|1606|    The  |Janszoon_voyage_of_1605–06|Janszoon_Voyage_Of_1605–06|  becomes the first European expedition to sight Australia, although it is mistaken as a part of New Guinea.    |1616|1616| |Galileo_Galilei_is_formally_banned|Galileo_Affairinquisition_And_First_Judgement,_1616|  by the Roman Catholic Church from teaching or defending  |the_view_that_the_earth_orbits_the_sun|Heliocentrism| .    |1794|1794|    The first  |Christiansborg_Palace|Christiansborg_Palace|  in Copenhagen burns down.    |1815|1815| |Napoleon_Bonaparte|Napoleon|  escapes from  |Elba|Elba| .    |1876|1876| |Japan|Empire_Of_Japan|  and  |Korea|Korean_Empire|  sign a  |treaty|Japan–Korea_Treaty_Of_1876|  granting Japanese citizens  |extraterritoriality|Extraterritoriality|  rights, opening three ports to Japanese trade, and ending Koreas status as a  |tributary_state|Tributary_State|  of  |Qing_dynasty|Qing_Dynasty|  China.    |1909|1909| |Kinemacolor|Kinemacolor| , the first successful color  |motion_picture|Film|  process, is first shown to the general public at the  |Palace_Theatre|Palace_Theatre,_London|  in London.    |1914|1914|    , sister to the , is launched at  |Harland_and_Wolff|Harland_And_Wolff|  shipyard in  |Belfast|Belfast| .    |1919|1919|    President  |Woodrow_Wilson|Woodrow_Wilson|  signs an act of Congress establishing the  |Grand_Canyon_National_Park|Grand_Canyon_National_Park| .    |1929|1929|    President  |Calvin_Coolidge|Calvin_Coolidge|  signs an  |executive_order|Executive_Order|  establishing the 96,000 acre  |Grand_Teton_National_Park|Grand_Teton_National_Park|  in  |Wyoming|Wyoming| .    |1935|1935| |Adolf_Hitler|Adolf_Hitler|  orders the  |Luftwaffe|Luftwaffe|  to be re-formed, violating the provisions of the  |Treaty_of_Versailles|Treaty_Of_Versailles| .   1935    |Robert_Watson-Watt|Robert_Watson-Watt|  carries out a demonstration near  |Daventry|Daventry|  which leads directly to the development of  |radar|Radar|  in the United Kingdom.    |1936|1936|    In the  |February_26_Incident|February_26_Incident| , young Japanese military officers attempt to stage a  |coup|Coup|  against the  |government|Forms_Of_Government| .    |1952|1952| |Vincent_Massey|Vincent_Massey|  is sworn in as the first Canadian-born  |Governor_General_of_Canada|Governor_General_Of_Canada| .    |1960|1960|    A New York-bound  |Alitalia|Alitalia-Linee_Aeree_Italiane|  airliner crashes into a cemetery in  |Shannon,_Ireland|Shannon,_Ireland| , shortly after takeoff, killing 34 of the 52 persons on board.    |1966|1966| |Apollo_program|Apollo_Program| |AS-201|As-201| , the first flight of the  |Saturn_IB|Saturn_Ib|  rocket    |1971|1971| |U.N._Secretary-General|Secretary-General_Of_The_United_Nations| |U_Thant|U_Thant|  signs  |United_Nations|United_Nations|  proclamation of the vernal equinox as  |Earth_Day|Earth_Day| .    |1979|1979|    The  |Superliner|Superliner|  railcar enters revenue service with  |Amtrak|Amtrak| .    |1980|1980|    Egypt and Israel establish full  |diplomatic_relations|Egypt–Israel_Relations| .    |1987|1987| |Iran–Contra_affair|Iran–Contra_Affair| |Tower_Commission|Tower_Commission|  rebukes President Ronald Reagan for not controlling his national security staff.    |1992|1992| |Nagorno-Karabakh_War|Nagorno-Karabakh_War| |Khojaly_Massacre|Khojaly_Massacre| |open_fire_on|Khojaly_Massacre|  Azeri civilians at a military post outside the town of Khojaly leaving hundreds dead.    |1993|1993| |World_Trade_Center_bombing|1993_World_Trade_Center_Bombing| |North_Tower|One_World_Trade_Center|  of the  |World_Trade_Center|World_Trade_Center|  explodes, killing six and injuring over a thousand.    |1995|1995|    The UKs oldest investment banking institute,  |Barings_Bank|Barings_Bank| , collapses after a rogue securities broker  |Nick_Leeson|Nick_Leeson|  loses $1.4 billion by speculating on the  |Singapore_International_Monetary_Exchange|Singapore_International_Monetary_Exchange|  using  |futures_contracts|Futures_Contract| .    |2008|2008|    The  |New_York_Philharmonic|New_York_Philharmonic| |performs_in_Pyongyang,_North_Korea|2008_New_York_Philharmonic_Visit_To_North_Korea| ; this is the first event of its kind to take place in North Korea.    |2012|2012| |Trayvon_Martin|Shooting_Of_Trayvon_Martin|  was shot and killed at the age of 17 in Sanford, Florida.   2012   A  |train_derails|2012_Burlington_Via_Derailment|  in  |Burlington,_Ontario|Burlington,_Ontario| , Canada killing at least three people and injuring 45.    |2013|2013|    A  |hot_air_balloon|Hot_Air_Balloon| |crashes_near_Luxor,_Egypt|2013_Luxor_Hot_Air_Balloon_Crash| , killing 19 people.        |1361|1361| |Wenceslaus_IV_of_Bohemia|Wenceslaus_Iv_Of_Bohemia| |1416|1416| |Christopher_of_Bavaria|Christopher_Of_Bavaria| |1564|1564| |Christopher_Marlowe|Christopher_Marlowe| , English playwright, poet and translator    |1584|1584| |Albert_VI,_Duke_of_Bavaria|Albert_Vi,_Duke_Of_Bavaria| |1587|1587| |Stefano_Landi|Stefano_Landi| , Italian composer and educator    |1629|1629| |Archibald_Campbell,_9th_Earl_of_Argyll|Archibald_Campbell,_9Th_Earl_Of_Argyll| , Scottish peer    |1671|1671| |Anthony_Ashley-Cooper,_3rd_Earl_of_Shaftesbury|Anthony_Ashley-Cooper,_3Rd_Earl_Of_Shaftesbury| , English philosopher and politician    |1672|1672| |Antoine_Augustin_Calmet|Antoine_Augustin_Calmet| , French monk and theologian    |1677|1677| |Nicola_Fago|Nicola_Fago| , Italian composer and teacher    |1715|1715| |Claude_Adrien_Helvétius|Claude_Adrien_Helvétius| , French philosopher    |1718|1718| |Johan_Ernst_Gunnerus|Johan_Ernst_Gunnerus| , Norwegian bishop, botanist and zoologist    |1720|1720| |Gian_Francesco_Albani|Gian_Francesco_Albani| , Italian cardinal    |1746|1746| |Maria_Amalia,_Duchess_of_Parma|Maria_Amalia,_Duchess_Of_Parma| |1770|1770| |Anton_Reicha|Anton_Reicha| , Bohemian composer and flautist    |1777|1777| |Matija_Nenadović|Matija_Nenadović| , Serbian priest, historian, and politician, 1st  |Prime_Minister_of_Serbia|Prime_Minister_Of_Serbia| |1786|1786| |François_Arago|François_Arago| , French mathematician and politician, 25th  |Prime_Minister_of_France|Prime_Minister_Of_France| |1799|1799| |Benoît_Paul_Émile_Clapeyron|Benoît_Paul_Émile_Clapeyron| , French physicist and engineer    |1802|1802| |Victor_Hugo|Victor_Hugo| , French author, poet, and playwright    |1808|1808| |Honoré_Daumier|Honoré_Daumier| , French painter, illustrator, and sculptor   1808    |Nathan_Kelley|Nathan_Kelley| , American architect, designed the  |Ohio_Statehouse|Ohio_Statehouse| |1829|1829| |Levi_Strauss|Levi_Strauss| , German-American fashion designer, founded  |Levi_Strauss_&_Co.|Levi_Strauss_&_Co.| |1842|1842| |Camille_Flammarion|Camille_Flammarion| , French astronomer and author    |1846|1846| |Buffalo_Bill|Buffalo_Bill| , American soldier and hunter    |1852|1852| |John_Harvey_Kellogg|John_Harvey_Kellogg| , American surgeon, co-created  |Corn_flakes|Corn_Flakes| |1857|1857| |Émile_Coué|Émile_Coué| , French psychologist and pharmacist    |1861|1861| |Ferdinand_I_of_Bulgaria|Ferdinand_I_Of_Bulgaria|    1861    |Nadezhda_Krupskaya|Nadezhda_Krupskaya| , Russian soldier and politician    |1866|1866| |Herbert_Henry_Dow|Herbert_Henry_Dow| , Canadian-American businessman, founded the  |Dow_Chemical_Company|Dow_Chemical_Company| |1877|1877| |Henry_Barwell|Henry_Barwell| , Australian politician, 28th  |Premier_of_South_Australia|Premier_Of_South_Australia|    1877    |Rudolph_Dirks|Rudolph_Dirks| , German-American illustrator    |1879|1879| |Frank_Bridge|Frank_Bridge| , English viola player and composer    |1880|1880| |Kenneth_Edgeworth|Kenneth_Edgeworth| , Irish astronomer    |1881|1881| |Janus_Djurhuus|Janus_Djurhuus| , Faroese poet    |1882|1882| |Husband_E._Kimmel|Husband_E._Kimmel| , American admiral    |1885|1885| |Aleksandras_Stulginskis|Aleksandras_Stulginskis| , Lithuanian farmer and politician, 2nd  |President_of_Lithuania|President_Of_Lithuania| |1887|1887| |Grover_Cleveland_Alexander|Grover_Cleveland_Alexander| , American baseball player and coach   1887    |William_Frawley|William_Frawley| , American actor and vaudevillian   1887    |Stefan_Grabiński|Stefan_Grabiński| , Polish author and educator    |1893|1893| |Wallace_Fard_Muhammad|Wallace_Fard_Muhammad| , American religious leader, founded the  |Nation_of_Islam|Nation_Of_Islam|    1893    |Dorothy_Whipple|Dorothy_Whipple| , English novelist    |1896|1896| |Andrei_Zhdanov|Andrei_Zhdanov| , Ukrainian-Russian civil servant and politician    |1899|1899| |Max_Petitpierre|Max_Petitpierre| , Swiss jurist and politician, 54th  |President_of_the_Swiss_Confederation|List_Of_Presidents_Of_The_Swiss_Confederation| |1900|1900| |Halina_Konopacka|Halina_Konopacka| , Polish discus thrower and poet    1900    |Fritz_Wiessner|Fritz_Wiessner| , German-American mountaineer    |1902|1902| |Jean_Bruller|Jean_Bruller| , French author and illustrator, co-founded  |Les_Éditions_de_Minuit|Les_Éditions_De_Minuit| |1903|1903| |Giulio_Natta|Giulio_Natta| , Italian chemist and academic,  |Nobel_Prize|Nobel_Prize_In_Chemistry|  laureate   1903    |Orde_Wingate|Orde_Wingate| , English general    |1906|1906| |Madeleine_Carroll|Madeleine_Carroll| , English actress    |1908|1908| |Tex_Avery|Tex_Avery| , American animator, producer, and voice actor   1908    |Nestor_Mesta_Chayres|Nestor_Mesta_Chayres| , Mexican operatic tenor and bolero vocalist   1908    |Jean-Pierre_Wimille|Jean-Pierre_Wimille| , French race car driver    |1909|1909| |Fanny_Cradock|Fanny_Cradock| , English chef, author, and critic   1909    |Talal_of_Jordan|Talal_Of_Jordan| |1910|1910| |Vic_Woodley|Vic_Woodley| , English footballer    |1911|1911| |Tarō_Okamoto|Tarō_Okamoto| , Japanese painter and sculptor    |1912|1912| |Dane_Clark|Dane_Clark| , American actor and director    |1913|1913| |George_Barker|George_Barker| , English author and poet    |1914|1914| |Robert_Alda|Robert_Alda| , American actor, singer, and director    |1916|1916| |Jackie_Gleason|Jackie_Gleason| , American actor and singer    |1918|1918| |Pyotr_Masherov|Pyotr_Masherov| , Leader of  |Soviet_Belarus|Soviet_Belarus|  from 1965 to 1980    |1918|1918| |Otis_R._Bowen|Otis_R._Bowen| , American physician and politician, 44th  |Governor_of_Indiana|Governor_Of_Indiana|    1918    |Theodore_Sturgeon|Theodore_Sturgeon| , American author and critic    |1919|1919| |Mason_Adams|Mason_Adams| , American actor    |1920|1920| |Danny_Gardella|Danny_Gardella| , American baseball player and trainer   1920    |Tony_Randall|Tony_Randall| , American actor, director, and producer   1920    |Lucjan_Wolanowski|Lucjan_Wolanowski| , Polish journalist and author    |1921|1921| |Betty_Hutton|Betty_Hutton| , American actress and singer    |1922|1922| |Bill_Johnston|Bill_Johnston| , Australian cricketer and businessman   1922    |Margaret_Leighton|Margaret_Leighton| , English actress    |1924|1924| |Noboru_Takeshita|Noboru_Takeshita| , Japanese soldier and politician, 74th  |Prime_Minister_of_Japan|Prime_Minister_Of_Japan|    1924    |Marc_Bucci|Marc_Bucci| , American composer, lyricist, and dramatist    |1925|1925| |Everton_Weekes|Everton_Weekes| , Barbadian cricketer and referee    |1926|1926| |Doris_Belack|Doris_Belack| , American actress   1926    |Verne_Gagne|Verne_Gagne| , American football player, wrestler, and trainer    |1927|1927| |Tom_Kennedy|Tom_Kennedy| , American game show host and actor    |1928|1928| |Fats_Domino|Fats_Domino| , American singer-songwriter and pianist   1928    |Ariel_Sharon|Ariel_Sharon| , Israeli general and politician, 11th  |Prime_Minister_of_Israel|Prime_Minister_Of_Israel| |1931|1931| |Ally_MacLeod|Ally_Macleod| , Scottish footballer and manager   1931    |Robert_Novak|Robert_Novak| , American journalist and author   1931    |Josephine_Tewson|Josephine_Tewson| , English actress    |1932|1932| |Johnny_Cash|Johnny_Cash| , American singer-songwriter, guitarist, and actor    |1933|1933| |James_Goldsmith|James_Goldsmith| , French-British businessman and politician    |1934|1934| |Mohammed_Lakhdar-Hamina|Mohammed_Lakhdar-Hamina| , Algerian director, producer, and screenwriter    |1936|1936| |José_Policarpo|José_Policarpo| , Portuguese cardinal    |1937|1937| |Paul_Dickson|Paul_Dickson| , American football player and coach   1939    |Chuck_Wepner|Chuck_Wepner| , American professional boxer    |1940|1940| |Oldřich_Kulhánek|Oldřich_Kulhánek| , Czech painter, illustrator, and stage designer    |1942|1942| |Jozef_Adamec|Jozef_Adamec| , Slovak footballer and manager    |1943|1943| |Paul_Cotton|Paul_Cotton| , American singer-songwriter and guitarist   1943    |Bill_Duke|Bill_Duke| , American actor and director   1943    |Dante_Ferretti|Dante_Ferretti| , Italian art director and costume designer   1943    |Bob_The_Bear_Hite|Bob_Hite| , American singer-songwriter and musician    |1944|1944| |Christopher_Hope|Christopher_Hope| , South African author and poet   1944    |Ronald_Lauder|Ronald_Lauder| , American businessman and diplomat,  |United_States_Ambassador_to_Austria|United_States_Ambassador_To_Austria| |1945|1945| |Peter_Brock|Peter_Brock| , Australian race car driver   1945    |Marta_Kristen|Marta_Kristen| , Norwegian-American actress   1945    |Mitch_Ryder|Mitch_Ryder| , American singer-songwriter and guitarist    |1946|1946| |Colin_Bell|Colin_Bell| , English footballer   1946    |Ahmed_Zewail|Ahmed_Zewail| , Egyptian-American chemist and academic,  |Nobel_Prize|Nobel_Prize_In_Chemistry|  laureate    |1947|1947| |Sandie_Shaw|Sandie_Shaw| , English singer and psychotherapist    |1948|1948| |Sharyn_McCrumb|Sharyn_Mccrumb| , American author    |1949|1949| |Simon_Crean|Simon_Crean| , Australian trade union leader and politician, 14th  |Australian_Minister_for_the_Arts|Minister_For_The_Arts| |Elizabeth_George|Elizabeth_George| , American author and educator   1949    |Emma_Kirkby|Emma_Kirkby| , English soprano    |1950|1950| |Jonathan_Cain|Jonathan_Cain| , American singer-songwriter, keyboard player, and producer   1950    |Helen_Clark|Helen_Clark| , New Zealand academic and politician, 37th  |Prime_Minister_of_New_Zealand|Prime_Minister_Of_New_Zealand| |1951|1951| |Steve_Bell|Steve_Bell| , English cartoonist   1951    |Wayne_Goss|Wayne_Goss| , Australian lawyer and politician, 34th  |Premier_of_Queensland|Premier_Of_Queensland| |1953|1953| |Michael_Bolton|Michael_Bolton| , American singer-songwriter and actor    |1954|1954| |Prince_Ernst_August_of_Hanover|Prince_Ernest_Augustus_Of_Hanover| |Recep_Tayyip_Erdoğan|Recep_Tayyip_Erdoğan| , Turkish politician, 12th  |President_of_Turkey|President_Of_Turkey| |1955|1955| |Andreas_Maislinger|Andreas_Maislinger| , Austrian historian and academic, founded the  |Austrian_Holocaust_Memorial_Service|Austrian_Holocaust_Memorial_Service| |1956|1956| |Michel_Houellebecq|Michel_Houellebecq| , French author, poet, screenwriter, and director    |1957|1957| |David_Beasley|David_Beasley| , American lawyer and politician, 113th  |Governor_of_South_Carolina|Governor_Of_South_Carolina| |Joe_Mullen|Joe_Mullen| , American ice hockey player and coach   1957    |Keena_Rothhammer|Keena_Rothhammer| , American swimmer    |1958|1958| |Paul_Ackford|Paul_Ackford| , English rugby player   1958    |Greg_Germann|Greg_Germann| , American actor and director   1958    |Susan_Helms|Susan_Helms| , American general, engineer, and astronaut   1958    |Tim_Kaine|Tim_Kaine| , American lawyer and politician, 70th  |Governor_of_Virginia|Governor_Of_Virginia| |1959|1959| |Rolando_Blackman|Rolando_Blackman| , American basketball player and coach   1959    |Ahmet_Davutoğlu|Ahmet_Davutoğlu| , Turkish political scientist, academic, and politician, 37th  |Prime_Minister_of_Turkey|Prime_Minister_Of_Turkey| |1960|1960| |Jaz_Coleman|Jaz_Coleman| , English singer-songwriter, keyboard player, and producer    |1962|1962| |Ahn_Cheol-soo|Ahn_Cheol-Soo| , South Korean physician, academic, and politician    |1963|1963| |Chase_Masterson|Chase_Masterson| , American actress, singer, and activist    |1965|1965| |James_Mitchell|James_Mitchell| , American wrestler and manager    |1966|1966| |Garry_Conille|Garry_Conille| , Haitian physician and politician, 14th  |Prime_Minister_of_Haiti|Prime_Minister_Of_Haiti| |Marc_Fortier|Marc_Fortier| , French-Canadian ice hockey player   1966    |Najwa_Karam|Najwa_Karam| , Lebanese singer    |1967|1967| |Mark_Carroll|Mark_Carroll| , Australian rugby league player   1967    |Kazuyoshi_Miura|Kazuyoshi_Miura| , Japanese footballer    |1968|1968| |Tim_Commerford|Tim_Commerford| , American bass player     |1969|1969| |Hitoshi_Sakimoto|Hitoshi_Sakimoto| , Japanese composer and producer    |1970|1970| |Mark_Harper|Mark_Harper| , English accountant and politician,  |Minister_of_State_for_Immigration|Minister_Of_State_For_Immigration| |Scott_Mahon|Scott_Mahon| , Australian rugby league player    |1971|1971| |Erykah_Badu|Erykah_Badu| , American singer-songwriter, producer, and actress   1971    |Max_Martin|Max_Martin| , Swedish-American record producer and songwriter   1971    |Hélène_Segara|Hélène_Segara| , French singer-songwriter and actress    |1973|1973| |Marshall_Faulk|Marshall_Faulk| , American football player   1973    |Ole_Gunnar_Solskjær|Ole_Gunnar_Solskjær| , Norwegian footballer and manager   1973    |Jenny_Thompson|Jenny_Thompson| , American swimmer    |1974|1974| |Sébastien_Loeb|Sébastien_Loeb| , French race car driver    |1974|1974| |Mikee_Cojuangco-Jaworski|Mikee_Cojuangco-Jaworski| , Filipina television actress, host and equestrienne    |1976|1976| |Nalini_Anantharaman|Nalini_Anantharaman| , French mathematician   1976    |Chad_Urmston|Chad_Urmston| , American singer-songwriter and guitarist    |1977|1977| |Marty_Reasoner|Marty_Reasoner| , American ice hockey player and coach   1977    |Tim_Thomas|Tim_Thomas| , American basketball player   1977    |Shane_Williams|Shane_Williams| , Welsh rugby union player    |1978|1978| |Abdoulaye_Faye|Abdoulaye_Faye| , Senegalese footballer    |1979|1979| |Corinne_Bailey_Rae|Corinne_Bailey_Rae| , English singer-songwriter and guitarist   1979    |Steve_Evans|Steve_Evans| , Welsh footballer   1979    |Pedro_Mendes|Pedro_Mendes| , Portuguese footballer    |1980|1980| |Steve_Blake|Steve_Blake| , American basketball player    |1981|1981| |Kertus_Davis|Kertus_Davis| , American race car driver   1981    |Oh_Seung-bum|Oh_Seung-Bum| , South Korean footballer    |1982|1982| |Li_Na|Li_Na| , Chinese tennis player   1982    |Matt_Prior|Matt_Prior| , South African-English cricketer   1982    |Nate_Ruess|Nate_Ruess| , American singer-songwriter    |1983|1983| |Jerome_Harrison|Jerome_Harrison| , American football player   1983    |Pepe|Pepe| , Brazilian-Portuguese footballer    |1984|1984| |Emmanuel_Adebayor|Emmanuel_Adebayor| , Togolese footballer   1984    |Natalia_Lafourcade|Natalia_Lafourcade| , Mexican singer-songwriter   1984    |Beren_Saat|Beren_Saat| , Turkish actress    |1985|1985| |Fernando_Llorente|Fernando_Llorente| , Spanish footballer    |1986|1986| |Hannah_Kearney|Hannah_Kearney| , American skier    |1989|1989| |Gabriel_Obertan|Gabriel_Obertan| , French footballer    |1990|1990| |Kateřina_Cachová|Kateřina_Cachová| , Czech heptathlete   1990    |Takanoiwa_Yoshimori|Takanoiwa_Yoshimori| , Mongolian sumo wrestler    |1991|1991| |Lee_Chae-rin|Lee_Chae-Rin| , South Korean singer    |1992|1992| |Mikael_Granlund|Mikael_Granlund| , Finnish professional hockey player    |1992|1992| |Michael_Chee_Kam|Michael_Chee_Kam| , New Zealand rugby league player    |1997|1997| |Reghan_Tumilty|Reghan_Tumilty| , Scottish footballer          |420|Ad_420| |Porphyry_of_Gaza|Porphyry_Of_Gaza| , Greek bishop and saint    |943|943| |Muirchertach_mac_Néill|Muirchertach_Mac_Néill| , king of  |Ailech|Northern_Uí_Néill| |1154|1154| |Roger_II_of_Sicily|Roger_Ii_Of_Sicily| |1266|1266| |Manfred,_King_of_Sicily|Manfred,_King_Of_Sicily| |1275|1275| |Margaret_of_England|Margaret_Of_England| , Queen consort of Scots    |1360|1360| |Roger_Mortimer,_2nd_Earl_of_March|Roger_Mortimer,_2Nd_Earl_Of_March| , English commander    |1462|1462| |John_de_Vere,_12th_Earl_of_Oxford|John_De_Vere,_12Th_Earl_Of_Oxford| , English politician    |1548|1548| |Lorenzino_de_Medici|Lorenzino_De_Medici| , Italian writer and assassin    |1577|1577| |Eric_XIV_of_Sweden|Eric_Xiv_Of_Sweden| |1603|1603| |Maria_of_Austria,_Holy_Roman_Empress|Maria_Of_Austria,_Holy_Roman_Empress| , spouse of Maximilian II    |1608|1608| |John_Still|John_Still| , English bishop    |1611|1611| |Antonio_Possevino|Antonio_Possevino| , Italian priest and diplomat    |1625|1625| |Anna_Vasa_of_Sweden|Anna_Vasa_Of_Sweden| , Polish and Swedish princess    |1630|1630| |William_Brade|William_Brade| , English violinist and composer    |1638|1638| |Claude_Gaspard_Bachet_de_Méziriac|Claude_Gaspard_Bachet_De_Méziriac| , French mathematician and linguist    |1723|1723| |Thomas_dUrfey|Thomas_Durfey| , English poet and playwright    |1726|1726| |Maximilian_II_Emanuel,_Elector_of_Bavaria|Maximilian_Ii_Emanuel,_Elector_Of_Bavaria| |1770|1770| |Giuseppe_Tartini|Giuseppe_Tartini| , Italian violinist and composer    |1790|1790| |Joshua_Rowley|Joshua_Rowley| , English admiral    |1802|1802| |Esek_Hopkins|Esek_Hopkins| , American admiral    |1806|1806| |Thomas-Alexandre_Dumas|Thomas-Alexandre_Dumas| , Haitian-French general Alexandre Dumass death act, February 27, 1806, Musée Alexandre Dumas .    |1813|1813| |Robert_R._Livingston|Robert_R._Livingston| , American lawyer and politician, 1st  |United_States_Secretary_of_Foreign_Affairs|United_States_Secretary_Of_Foreign_Affairs| |1815|1815| |Prince_Josias_of_Saxe-Coburg-Saalfeld|Prince_Josias_Of_Saxe-Coburg-Saalfeld| |1821|1821| |Joseph_de_Maistre|Joseph_De_Maistre| , French lawyer and diplomat    |1864|1864| |Louis-Hippolyte_Lafontaine|Louis-Hippolyte_Lafontaine| , Canadian jurist and politician, 3rd  |Premier_of_Canada_East|List_Of_Joint_Premiers_Of_The_Province_Of_Canada| |1883|1883| |Alexandros_Koumoundouros|Alexandros_Koumoundouros| , Greek lawyer and politician, 56th  |Prime_Minister_of_Greece|Prime_Minister_Of_Greece| |1887|1887| |Anandi_Gopal_Joshi|Anandi_Gopal_Joshi| , First Indian women physician    |1889|1889| |Karl_Davydov|Karl_Davydov| , Russian cellist and composer    |1903|1903| |Richard_Jordan_Gatling|Richard_Jordan_Gatling| , American engineer, invented the  |Gatling_gun|Gatling_Gun| |1913|1913| |Felix_Draeseke|Felix_Draeseke| , German composer and academic    |1921|1921| |Carl_Menger|Carl_Menger| , Polish-Austrian economist and academic    |1930|1930| |Mary_Whiton_Calkins|Mary_Whiton_Calkins| , American philosopher and psychologist    |1931|1931| |Otto_Wallach|Otto_Wallach| , German chemist and academic,  |Nobel_Prize|Nobel_Prize_In_Chemistry|  laureate    |1936|1936| |February_26_Incident|February_26_Incident| |Takahashi_Korekiyo|Takahashi_Korekiyo| , Japanese accountant and politician, 20th  |Prime_Minister_of_Japan|Prime_Minister_Of_Japan| |Saitō_Makoto|Saitō_Makoto| , Japanese admiral and politician, 30th  |Prime_Minister_of_Japan|Prime_Minister_Of_Japan| |Jōtarō_Watanabe|Jōtarō_Watanabe| , Japanese general    |1943|1943| |Theodor_Eicke|Theodor_Eicke| , German general    |1945|1945| |Sándor_Szurmay|Sándor_Szurmay| , Minister of Defence of the Hungarian portion of Austria-Hungary    |1947|1947| |Heinrich_Häberlin|Heinrich_Häberlin| , Swiss judge and politician,  |President_of_the_Swiss_National_Council|List_Of_Presidents_Of_The_National_Council_Of_Switzerland| |1950|1950| |Harry_Lauder|Harry_Lauder| , Scottish comedian and singer    |1951|1951| |Sabiha_Kasimati|Sabiha_Kasimati| , Albanian ichthyologist executed with  |20_others|1951_Executions_In_Albania| |1952|1952| |Theodoros_Pangalos|Theodoros_Pangalos| , Greek general and politician,  |President_of_Greece|President_Of_Greece| |1961|1961| |Karl_Albiker|Karl_Albiker| , German sculptor, lithographer, and educator   1961    |Mohammed_V_of_Morocco|Mohammed_V_Of_Morocco| |1966|1966| |Vinayak_Damodar_Savarkar|Vinayak_Damodar_Savarkar| , Indian poet and politician    |1969|1969| |Levi_Eshkol|Levi_Eshkol| , Israeli soldier and politician, 3rd  |Prime_Minister_of_Israel|Prime_Minister_Of_Israel|    1969    |Karl_Jaspers|Karl_Jaspers| , German-Swiss psychiatrist and philosopher    |1981|1981| |Robert_Aickman|Robert_Aickman| , English author and activist   1981    |Howard_Hanson|Howard_Hanson| , American composer, conductor, and educator    |1985|1985| |Tjalling_Koopmans|Tjalling_Koopmans| , Dutch-American economist and mathematician,  |Nobel_Prize|Nobel_Memorial_Prize_In_Economic_Sciences|  laureate    |1989|1989| |Roy_Eldridge|Roy_Eldridge| , American trumpet player    |1993|1993| |Constance_Ford|Constance_Ford| , American model and actress    |1994|1994| |Bill_Hicks|Bill_Hicks| , American comedian    |1995|1995| |Jack_Clayton|Jack_Clayton| , English director and producer    |1997|1997| |David_Doyle|David_Doyle| , American actor    |1998|1998| |Theodore_Schultz|Theodore_Schultz| , American economist and academic,  |Nobel_Prize|Nobel_Memorial_Prize_In_Economic_Sciences|  laureate    |2000|2000| |George_L._Street_III|George_L._Street_Iii| , American captain,  |Medal_of_Honor|Medal_Of_Honor|  recipient    |2002|2002| |Lawrence_Tierney|Lawrence_Tierney| , American actor   2004    |Adolf_Ehrnrooth|Adolf_Ehrnrooth| , Finnish general   2004    |Boris_Trajkovski|Boris_Trajkovski| , Macedonian politician, 2nd  |President_of_the_Republic_of_Macedonia|President_Of_The_Republic_Of_Macedonia| |2005|2005| |Jef_Raskin|Jef_Raskin| , American computer scientist, created  |Macintosh|Macintosh| |2006|2006|  –  |Georgina_Battiscombe|Georgina_Battiscombe| , British biographer     |2008|2008| |Bodil_Udsen|Bodil_Udsen| , Danish actress    |2009|2009| |Johnny_Kerr|Johnny_Kerr| , American basketball player, coach, and sportscaster   2009    |Wendy_Richard|Wendy_Richard| , English actress   2009    |Norm_Van_Lier|Norm_Van_Lier| , American basketball player, coach, and sportscaster   2010    |Jun_Seba|Nujabes| , also known as Nujabes , Japanese record producer, DJ, composer and arranger    |2011|2011| |Arnošt_Lustig|Arnošt_Lustig| , Czech author, playwright, and screenwriter    |2012|2012| |Richard_Carpenter|Richard_Carpenter| , English actor and screenwriter    |2013|2013| |Marie-Claire_Alain|Marie-Claire_Alain| , French organist and educator   2013    |Stéphane_Hessel|Stéphane_Hessel| , German-French diplomat and author   2013    |Simon_Li|Simon_Li| , Hong Kong judge and politician    |2014|2014| |Sorel_Etrog|Sorel_Etrog| , Romanian-Canadian sculptor, painter, and illustrator   2014    |Phyllis_Krasilovsky|Phyllis_Krasilovsky| , American author and academic    |2015|2015| |Sheppard_Frere|Sheppard_Frere| , English historian and archaeologist   2015    |Theodore_Hesburgh|Theodore_Hesburgh| , American priest, theologian, educator, and academic   2015    |Earl_Lloyd|Earl_Lloyd| , American basketball player and coach   2015    |Tom_Schweich|Tom_Schweich| , American lawyer and politician, 36th  |State_Auditor_of_Missouri|State_Auditor_Of_Missouri| |2016|2016| |Andy_Bathgate|Andy_Bathgate| , Canadian ice hockey player, coach, and manager   2016    |Don_Getty|Don_Getty| , Canadian football player and politician, 11th  |Premier_of_Alberta|Premier_Of_Alberta| |2017|2017| |Joseph_Wapner|Joseph_Wapner| , American lieutenant and judge         Christian  |feast_day|Feast_Day| |Alexander_of_Alexandria|Pope_Alexander_I_Of_Alexandria| |Emily_Malbone_Morgan|Emily_Malbone_Morgan| |Isabelle_of_France|Isabelle_Of_France| |Li_Tim-Oi|Li_Tim-Oi| |Porphyry_of_Gaza|Porphyry_Of_Gaza| |February_26|February_26| |Ayyám-i-Há|Ayyám-I-Há| |Day_of_Remembrance_for_Victims_of_Khojaly_Massacre|Day_Of_Remembrance_For_Victims_Of_Khojaly_Massacre| |Liberation_Day|Liberation_Day| |Saviours_Day|Saviours_Day|  .