|1131|1131| |Canute_Lavard|Canute_Lavard|  was murdered at Haraldsted,  |Denmark|Denmark|  by his cousin,  |Magnus_I_of_Sweden|Magnus_I_Of_Sweden| .    |1325|1325| |Alfonso_IV|Afonso_Iv_Of_Portugal|  becomes King of  |Portugal|Portugal| .    |1558|1558|    French troops, led by  |Francis,_Duke_of_Guise|Francis,_Duke_Of_Guise| , take  |Calais|Calais| , the last continental possession of  |England|Kingdom_Of_England| .    |1566|1566| |Pope_Pius_V|Pope_Pius_V|  is elected.    |1608|1608|    Fire destroys  |Jamestown,_Virginia|Jamestown,_Virginia| .    |1610|1610| |Galileo_Galilei|Galileo_Galilei|  makes his first observation of the four  |Galilean_moons|Galilean_Moons| |Ganymede|Ganymede| ,  |Callisto|Callisto| ,  |Io|Io|  and  |Europa|Europa| , although he is not able to distinguish the last two until the following day.    |1738|1738|    A peace treaty is signed between  |Peshwa_Bajirao|Baji_Rao_I|  and  |Jai_Singh_II|Jai_Singh_Ii|  following  |Maratha|Maratha_Empire|  victory in the  |Battle_of_Bhopal|Battle_Of_Bhopal| .    |1782|1782|    The first American commercial bank, the  |Bank_of_North_America|Bank_Of_North_America| , opens.    |1785|1785|    Frenchman  |Jean-Pierre_Blanchard|Jean-Pierre_Blanchard|  and American  |John_Jeffries|John_Jeffries|  travel from  |Dover,_England|Dover| , to  |Calais,_France|Calais| , in a gas  |balloon|Balloon| .    |1835|1835|     drops anchor off the  |Chonos_Archipelago|Chonos_Archipelago| .    |1894|1894| |William_Kennedy_Dickson|William_Kennedy_Dickson|  receives a  |patent|Patent|  for  |motion_picture_film|Film| .    |1904|1904|    The  |distress_signal|Distress_Signal| |CQD|Cqd|  is established only to be replaced two years later by  |SOS|Sos|  .    |1919|1919| |Montenegrin|Montenegro|  guerrilla fighters  |rebel|Christmas_Uprising|  against the planned annexation of Montenegro by  |Serbia|Serbia| , but fail.    |1920|1920|    The  |New_York_State_Assembly|New_York_State_Assembly|  refuses to seat five duly elected  |Socialist|Socialist_Party_Of_America|  assemblymen.    |1922|1922| |Dáil_Éireann|Dáil_Éireann|  ratifies the  |Anglo-Irish_Treaty|Anglo-Irish_Treaty|  by a 64–57 vote.    |1927|1927|    The first transatlantic  |telephone|Telephone|  service is established from  |New_York_City|New_York_City|  to  |London|London| .    |1928|1928|    A disastrous  |flood_of_the_River_Thames|1928_Thames_Flood|  kills 14 people and causes extensive damage to much of riverside  |London|London| .    |1931|1931| |Guy_Menzies|Guy_Menzies|  flies the first solo non-stop  |trans-Tasman|Trans-Tasman|  flight  in 11 hours and 45 minutes, crash-landing on New Zealands  |west_coast|Westland_District| .    |1935|1935| |Benito_Mussolini|Benito_Mussolini|  and French  |Foreign_minister|Foreign_Minister| |Pierre_Laval|Pierre_Laval|  sign the  |Franco-Italian_Agreement|Franco-Italian_Agreement| .    |1940|1940| |Winter_War|Winter_War| |stop_and_completely_destroy|Battle_Of_Raate_Road|  the numerically superior Soviet forces on the Raate-Suomussalmi road.    |1942|1942| |World_War_II|World_War_Ii| |siege|Battle_Of_Bataan|  of the  |Bataan_Peninsula|Bataan_Peninsula|  begins.    |1945|1945|    World War II:  |British|United_Kingdom|  General  |Bernard_Montgomery|Bernard_Montgomery,_1St_Viscount_Montgomery_Of_Alamein|  holds a press conference in which he claims credit for victory in the  |Battle_of_the_Bulge|Battle_Of_The_Bulge| .    |1948|1948| |Kentucky_Air_National_Guard|Kentucky_Air_National_Guard|  pilot Thomas Mantell crashes while  |in_pursuit_of|Mantell_Ufo_Incident|  a supposed  |UFO|Unidentified_Flying_Object| .    |1954|1954| |Georgetown-IBM_experiment|Georgetown-Ibm_Experiment| |machine_translation|Machine_Translation|  system, is held in New York at the head office of  |IBM|Ibm| .    |1955|1955|    Contralto  |Marian_Anderson|Marian_Anderson|  becomes the first person of color to perform at the  |Metropolitan_Opera|Metropolitan_Opera|  in  |Giuseppe_Verdis|Giuseppe_Verdi|   Un ballo in maschera .    |1959|1959|    The United States recognizes the new  |Cuba|Cuba| n government of  |Fidel_Castro|Fidel_Castro| .    |1968|1968| |Surveyor_Program|Surveyor_Program|  Surveyor 7 , the last spacecraft in the Surveyor series, lifts off from  |launch_complex_36A|Spaceport_Florida_Launch_Complex_36| ,  |Cape_Canaveral|Cape_Canaveral_Air_Force_Station| .    |1973|1973| |Mark_Essex|Mark_Essex|  fatally shoots ten people and wounds 13 others at  |Howard_Johnsons|Howard_Johnsons|  Hotel in  |New_Orleans,_Louisiana|New_Orleans| , before being shot to death by police officers.    |1979|1979| |Third_Indochina_War|Sino-Vietnamese_War| |Cambodian–Vietnamese_War|Cambodian–Vietnamese_War| |Phnom_Penh|Phnom_Penh|  falls to the advancing  |Vietnam|Vietnam| ese troops, driving out  |Pol_Pot|Pol_Pot|  and the  |Khmer_Rouge|Khmer_Rouge| .    |1980|1980|    U.S. President  |Jimmy_Carter|Jimmy_Carter|  authorizes legislation giving $1.5 billion in loans to bail out the  |Chrysler|Chrysler|  Corporation.    |1984|1984| |Brunei|Brunei|  becomes the sixth member of the  |Association_of_Southeast_Asian_Nations|Association_Of_Southeast_Asian_Nations|  .    |1985|1985| |Japan_Aerospace_Exploration_Agency|Japan_Aerospace_Exploration_Agency|  launches  |Sakigake|Sakigake| , Japans first  |interplanetary_spacecraft|Robotic_Spacecraft|  and the first deep  |space_probe|Space_Probe|  to be launched by any country other than the United States or the Soviet Union.    |1991|1991| |Roger_Lafontant|Roger_Lafontant| , former leader of the  |Tonton_Macoute|Tonton_Macoute|  in  |Haiti|Haiti|  under  |François_Duvalier|François_Duvalier| , attempts a  |coup_détat|Coup_Détat| , which ends in his arrest.    |1993|1993|    The  |Fourth_Republic_of_Ghana|History_Of_Ghanarecent_Events|  is inaugurated with  |Jerry_Rawlings|Jerry_Rawlings|  as President.   1993    |Bosnian_War|Bosnian_War| |Bosnian_Army|Armed_Forces_Of_Bosnia_And_Herzegovina|  executes a  |surprise_attack|Kravica_Attack|  at the village of Kravica in  |Srebrenica|Srebrenica| .    |1999|1999|    The Senate trial in the  |impeachment|Impeachment_Of_Bill_Clinton|  of U.S. President  |Bill_Clinton|Bill_Clinton|  begins.    |2012|2012|    A  |hot_air_balloon|Hot_Air_Balloon| |crashes|2012_Carterton_Hot_Air_Balloon_Crash|  near  |Carterton,_New_Zealand|Carterton,_New_Zealand| , killing all 11 people on board.    |2015|2015|    Two gunmen commit  |mass_murder|Charlie_Hebdo_Shooting|  at the offices of  Charlie Hebdo  in  |Paris|Paris| , shooting twelve people execution style, and wounding eleven others.   2015   A car bomb  |explodes|January_2015_Sanaa_Bombing|  outside a police college in the  |Yemen|Yemen| i capital  |Sanaa|Sanaa|  with at least 38 people reported dead and more than 63 injured.        |889|889| |Li_Bian|Li_Bian| , emperor of  |Southern_Tang|Southern_Tang| |1355|1355| |Thomas_of_Woodstock,_1st_Duke_of_Gloucester|Thomas_Of_Woodstock,_1St_Duke_Of_Gloucester| , English politician,  |Lord_High_Constable_of_England|Lord_High_Constable_Of_England| |1502|1502| |Pope_Gregory_XIII|Pope_Gregory_Xiii| |1535|1535| |Edward_Stafford,_3rd_Baron_Stafford|Edward_Stafford,_3Rd_Baron_Stafford| , English Baron    |1634|1634| |Adam_Krieger|Adam_Krieger| , German organist and composer    |1647|1647| |William_Louis,_Duke_of_Württemberg|William_Louis,_Duke_Of_Württemberg| |1685|1685| |Jonas_Alströmer|Jonas_Alströmer| , Swedish agronomist and businessman    |1706|1706| |Johann_Heinrich_Zedler|Johann_Heinrich_Zedler| , German publisher    |1713|1713| |Giovanni_Battista_Locatelli|Giovanni_Battista_Locatelli| , Italian director and manager    |1718|1718| |Israel_Putnam|Israel_Putnam| , American general    |1746|1746| |George_Elphinstone,_1st_Viscount_Keith|George_Elphinstone,_1St_Viscount_Keith| , Scottish admiral and politician    |1768|1768| |Joseph_Bonaparte|Joseph_Bonaparte| , Italian king    |1786|1786| |John_Catron|John_Catron| , American lawyer and jurist    |1797|1797| |Mariano_Paredes|Mariano_Paredes| , Mexican general and 16th president     |1800|1800| |Millard_Fillmore|Millard_Fillmore| , American soldier, lawyer, and politician, 13th  |President_of_the_United_States|President_Of_The_United_States| |1814|1814| |Robert_Nicoll|Robert_Nicoll| , Scottish poet    |1815|1815| |Elizabeth_Louisa_Foster_Mather|Elizabeth_Louisa_Foster_Mather| , American writer     |1827|1827| |Sandford_Fleming|Sandford_Fleming| , Scottish-Canadian engineer, created  |Universal_Standard_Time|Universal_Standard_Time| |1830|1830| |Albert_Bierstadt|Albert_Bierstadt| , American painter    |1831|1831| |Heinrich_von_Stephan|Heinrich_Von_Stephan| , German postman, founded the  |Universal_Postal_Union|Universal_Postal_Union| |1832|1832| |James_Munro|James_Munro| , Scottish-Australian publisher and politician, 15th  |Premier_of_Victoria|Premier_Of_Victoria| |1834|1834| |Johann_Philipp_Reis|Johann_Philipp_Reis| , German physicist and academic, invented the  |Reis_telephone|Reis_Telephone| |1837|1837| |Thomas_Henry_Ismay|Thomas_Henry_Ismay| , English businessman, founded the  |White_Star_Line_Shipping_Company|White_Star_Line| |1844|1844| |Bernadette_Soubirous|Bernadette_Soubirous| , French nun and saint    |1850|1850| |Joseph_James_Fletcher|Joseph_James_Fletcher| , Australian biologist    |1858|1858| |Eliezer_Ben-Yehuda|Eliezer_Ben-Yehuda| , Belarusian lexicographer and journalist    |1860|1860| |Emanuil_Manolov|Emanuil_Manolov| , Bulgarian composer    |1863|1863|  –  |Anna_Murray_Vail|Anna_Murray_Vail| , American botanist and first librarian of the  |New_York_Botanical_Garden|New_York_Botanical_Garden| |1864|1864| |Seo_Jae-pil|Seo_Jae-Pil| , South Korean-American journalist and activist    |1870|1870| |Gordon_Hewart,_1st_Viscount_Hewart|Gordon_Hewart,_1St_Viscount_Hewart| , English judge and politician, 7th  |Lord_Chief_Justice_of_England|Lord_Chief_Justice_Of_England| |1871|1871| |Émile_Borel|Émile_Borel| , French mathematician and politician    |1873|1873| |Charles_Péguy|Charles_Péguy| , French poet and journalist   1873    |Adolph_Zukor|Adolph_Zukor| , Hungarian-American film producer, co-founded  |Paramount_Pictures|Paramount_Pictures| |1875|1875| |Gustav_Flatow|Gustav_Flatow| , German gymnast    |1876|1876| |William_Hurlstone|William_Hurlstone| , English pianist and composer    |1877|1877| |William_Clarence_Matthews|William_Clarence_Matthews| , American baseball player, coach, and lawyer    |1885|1885| |Edwin_Swatek|Edwin_Swatek| , American swimmer and water polo player    |1887|1887| |Oskar_Luts|Oskar_Luts| , Estonian author and playwright    |1889|1889| |Vera_de_Bosset|Vera_De_Bosset| , Russian-American ballerina    |1891|1891| |Zora_Neale_Hurston|Zora_Neale_Hurston| , American novelist, short story writer, and folklorist    |1895|1895| |Hudson_Fysh|Hudson_Fysh| , Australian pilot and businessman, co-founded  |Qantas_Airways_Limited|Qantas| |1898|1898| |Robert_LeGendre|Robert_Legendre| , American pentathlete and dentist    |1899|1899| |Al_Bowlly|Al_Bowlly| , Mozambican-English singer-songwriter   1899    |Francis_Poulenc|Francis_Poulenc| , French pianist and composer    |1900|1900| |John_Brownlee|John_Brownlee| , Australian actor and singer    |1903|1903| |Ioannis_Despotopoulos|Ioannis_Despotopoulos| , Greek architect and academic   1903    |Alan_Napier|Alan_Napier| , English actor    |1905|1905| |James_Simpson_Jr.|James_Simpson_Jr.| , American race car driver and politician    |1906|1906| |Red_Allen|Red_Allen| , American trumpet player   1906    |Bobbi_Trout|Bobbi_Trout| , American pilot    |1910|1910| |Orval_Faubus|Orval_Faubus| , American soldier and politician, 36th  |Governor_of_Arkansas|Governor_Of_Arkansas| |1911|1911| |Butterfly_McQueen|Butterfly_Mcqueen| , American actress and dancer    |1912|1912| |Charles_Addams|Charles_Addams| , American cartoonist, created  |The_Addams_Family|The_Addams_Family|    1912    |Günter_Wand|Günter_Wand| , German conductor and composer    |1913|1913| |Johnny_Mize|Johnny_Mize| , American baseball player, coach, and sportscaster    |1914|1914| |Bobby_McDermott|Bobby_Mcdermott| , American basketball player    |1916|1916| |W._L._Jeyasingham|W._L._Jeyasingham| , Sri Lankan geographer and academic   1916    |Babe_Pratt|Babe_Pratt| , Canadian ice hockey player    |1917|1917| |Ulysses_Kay|Ulysses_Kay| , American composer and educator   1917    |Milton_Resnick|Milton_Resnick| , Russian-American painter and educator    |1919|1919| |Steve_Belichick|Steve_Belichick| , American football player, coach and scout    |1920|1920| |Vincent_Gardenia|Vincent_Gardenia| , Italian-American actor    |1921|1921| |Esmeralda_Arboleda_Cadavid|Esmeralda_Arboleda_Cadavid| , Colombian politician   1921    |Chester_Kallman|Chester_Kallman| , American poet and translator    |1922|1922| |Alvin_Dark|Alvin_Dark| , American baseball player and manager   1922    |Eric_Jupp|Eric_Jupp| , English-Australian pianist, composer, and conductor   1922    |Jean-Pierre_Rampal|Jean-Pierre_Rampal| , French flute player    |1923|1923| |Hugh_Kenner|Hugh_Kenner| , Canadian scholar and critic   1924    |Pablo_Birger|Pablo_Birger| , Argentinian race car driver   1924    |Gene_L._Coon|Gene_L._Coon| , American screenwriter and producer    |1925|1925| |Gerald_Durrell|Gerald_Durrell| , Indian-English zookeeper, conservationist and author, founded  |Durrell_Wildlife_Park|Durrell_Wildlife_Park| |1926|1926| |Kim_Jong-pil|Kim_Jong-Pil| , South Korean lieutenant and politician, 11th  |Prime_Minister_of_South_Korea|Prime_Minister_Of_South_Korea| |1928|1928| |William_Peter_Blatty|William_Peter_Blatty| , American author and screenwriter    |1929|1929| |Robert_Juniper|Robert_Juniper| , Australian painter and sculptor   1929    |Terry_Moore|Terry_Moore| , American actress    |1930|1930| |Eddie_LeBaron|Eddie_Lebaron| , American football player, manager, and sportscaster    |1931|1931| |Mirja_Hietamies|Mirja_Hietamies| , Finnish skier    |1932|1932| |Joe_Berinson|Joe_Berinson| , Australian pharmacist, lawyer, and politician;  |Attorney-General_of_Western_Australia|Attorney-General_Of_Western_Australia| |1933|1933| |Elliott_Kastner|Elliott_Kastner| , American-English film producer   1933    |Phil_Mulkey|Phil_Mulkey| , American decathlete and coach    |1934|1934| |Jean_Corbeil|Jean_Corbeil| , Canadian lawyer and politician, 29th  |Canadian_Minister_of_Labour|Minister_Of_Labour|    1934    |Charles_Jenkins_Sr.|Charles_Jenkins_Sr.| , American sprinter and coach   1934    |Tassos_Papadopoulos|Tassos_Papadopoulos| , Cypriot lawyer and politician, 5th  |President_of_Cyprus|President_Of_Cyprus| |1935|1935| |Li_Shengjiao|Li_Shengjiao| , Chinese diplomat and international jurist   1935    |Kenny_Davern|Kenny_Davern| , American clarinet player and saxophonist   1935    |Valeri_Kubasov|Valeri_Kubasov| , Russian engineer and astronaut   1935    |Ducky_Schofield|Ducky_Schofield| , American baseball player    |1936|1936| |G._Robert_Blakey|G._Robert_Blakey| , American lawyer and academic   1936    |Ben_Cropp|Ben_Cropp| , Australian hunter and photographer   1936    |Hunter_Davies|Hunter_Davies| , Scottish author and journalist   1936    |Ian_La_Frenais|Ian_La_Frenais| , English screenwriter and producer    |1938|1938| |Lou_Graham|Lou_Graham| , American golfer and soldier   1938    |Paul_Revere|Paul_Revere_&_The_Raiders| , American rock keyboard player and songwriter   1938    |Roland_Topor|Roland_Topor| , French illustrator, painter, and actor   1938    |Fred_Whitfield|Fred_Whitfield| , American baseball player    |1939|1939| |Tom_Kiernan|Tom_Kiernan| , Irish rugby player and coach   1940    |Anton_Norris|Anton_Norris| , Barbadian high jumper and cricketer    |1941|1941| |Iona_Brown|Iona_Brown| , English violinist and conductor   1941    |Frederick_D._Gregory|Frederick_D._Gregory| , American colonel, pilot, and astronaut   1941    |Manfred_Schellscheidt|Manfred_Schellscheidt| , German-American soccer player and coach   1941    |John_E._Walker|John_E._Walker| , English chemist and academic,  |Nobel_Prize|Nobel_Prize_In_Chemistry|  laureate    |1942|1942| |Vasily_Alekseyev|Vasily_Alekseyev| , Russian-German weightlifter and coach   1942    |Jim_Lefebvre|Jim_Lefebvre| , American baseball player and manager   1942    |Danny_Steinmann|Danny_Steinmann| , American director and screenwriter   1942    |Božin_Pavlovski|Božin_Pavlovski| , Macedonian-Australian, and known European novelist    |1943|1943| |Richard_Armstrong|Richard_Armstrong| , English organist and conductor   1943    |Sadako_Sasaki|Sadako_Sasaki| , Japanese survivor of the  |atomic_bombing_of_Hiroshima|Atomic_Bombings_Of_Hiroshima_And_Nagasaki| , known for  |one_thousand_origami_cranes|One_Thousand_Origami_Cranes| |1944|1944| |Mike_McGear|Mike_Mcgear| , British performing artist and rock photographer   1944    |Kotaro_Suzumura|Kotaro_Suzumura| , Japanese economist and academic   1944    |Tony_Whitlam|Tony_Whitlam| , Australian lawyer, judge, and politician    |1945|1945| |Tony_Conigliaro|Tony_Conigliaro| , American baseball player and journalist   1945    |Dick_Marty|Dick_Marty| , Swiss lawyer and politician   1945    |Raila_Odinga|Raila_Odinga| , Kenyan engineer and politician, 2nd  |Prime_Minister_of_Kenya|Prime_Minister_Of_Kenya| |1946|1946| |Michael_Roizen|Michael_Roizen| , American anesthesiologist and author   1946    |Jann_Wenner|Jann_Wenner| , American publisher, co-founded  Rolling Stone   |Mike_Wilds|Mike_Wilds| , English race car driver and pilot    |1947|1947| |Tony_Elliott|Tony_Elliott| , English publisher, founded  Time Out   |Mohammad-Reza_Lotfi|Mohammad-Reza_Lotfi| , Iranian  |setar|Setar|  player and composer    |1948|1948| |Kenny_Loggins|Kenny_Loggins| , American singer-songwriter   1948    |Ichirou_Mizuki|Ichirou_Mizuki| , Japanese singer-songwriter    |1950|1950| |Juan_Gabriel|Juan_Gabriel| , Mexican singer-songwriter   1950    |Ross_Grimsley|Ross_Grimsley| , American baseball player and coach   1950    |Malcolm_Macdonald|Malcolm_Macdonald| , English footballer and manager    |1951|1951| |Helen_Worth|Helen_Worth| , English actress    |1952|1952| |Sammo_Hung|Sammo_Hung| , Hong Kong actor, director, producer, and martial artist    |1953|1953| |Robert_Longo|Robert_Longo| , American painter and sculptor   1953    |Morris_Titanic|Morris_Titanic| , Canadian ice hockey player and coach    |1954|1954| |Alan_Butcher|Alan_Butcher| , English cricketer and coach   1954    |José_María_Vitier|José_María_Vitier| , Cuban pianist and composer    |1955|1955| |Mamata_Shankar|Mamata_Shankar| , Indian-Bengali actress who worked with  |Satyajit_Ray|Satyajit_Ray| |1956|1956| |David_Caruso|David_Caruso| , American actor   1956    |Mike_Liut|Mike_Liut| , Canadian ice hockey player and coach   1956    |Kostas_Petropoulos|Kostas_Petropoulos| , Greek basketball player and coach    |1957|1957| |Nicholson_Baker|Nicholson_Baker| , American novelist and essayist   1957    |Katie_Couric|Katie_Couric| , American television journalist, anchor, and author    |1959|1959| |Angela_Smith,_Baroness_Smith_of_Basildon|Angela_Smith,_Baroness_Smith_Of_Basildon| , English accountant and politician   1959    |Kathy_Valentine|Kathy_Valentine| , American bass player and songwriter    |1960|1960| |Loretta_Sanchez|Loretta_Sanchez| , American politician    |1961|1961| |Ian_Mercer|Ian_Mercer| , English actor   1961    |Andrew_Thomson|Andrew_Thomson| , Australian lawyer and politician   1961    |John_Thune|John_Thune| , American lawyer and politician    |1962|1962| |Aleksandr_Dugin|Aleksandr_Dugin| , Russian sociologist and philosopher   1962    |Hallie_Todd|Hallie_Todd| , American actress, producer, and screenwriter    |1963|1963| |Rand_Paul|Rand_Paul| , American ophthalmologist and politician    |1964|1964| |Nicolas_Cage|Nicolas_Cage| , American actor    |1965|1965| |Alessandro_Lambruschini|Alessandro_Lambruschini| , Italian runner   1965    |John_Ondrasik|John_Ondrasik| , American singer-songwriter    |1967|1967| |Nick_Clegg|Nick_Clegg| , English academic and politician,  |Deputy_Prime_Minister_of_the_United_Kingdom|Deputy_Prime_Minister_Of_The_United_Kingdom| |Tim_Donaghy|Tim_Donaghy| , American basketball player and referee   1967    |Guy_Hebert|Guy_Hebert| , American ice hockey player   1967    |Ricky_Stuart|Ricky_Stuart| , Australian rugby player, coach, and sportscaster    |1969|1969| |Rex_Lee|Rex_Lee| , American actor   1969    |Marco_Simone|Marco_Simone| , Italian footballer and manager    |1970|1970| |Andy_Burnham|Andy_Burnham| , English politician,  |Secretary_of_State_for_Health|Secretary_Of_State_For_Health| |Doug_E._Doug|Doug_E._Doug| , American actor, comedian, screenwriter, producer, and film director   1970    |Todd_Day|Todd_Day| , American basketball player and coach    |1971|1971| |Jeremy_Renner|Jeremy_Renner| , American actor    |1972|1972| |Donald_Brashear|Donald_Brashear| , American-Canadian ice hockey player and mixed martial artist   1972    |Shane_Kelly|Shane_Kelly| , Australian cyclist    |1974|1974| |Alenka_Bikar|Alenka_Bikar| , Slovenian sprinter and politician    |1976|1976| |Vic_Darchinyan|Vic_Darchinyan| , Armenian-Australian boxer   1976    |Éric_Gagné|Éric_Gagné| , Canadian baseball player   1976    |Tomas_Ražanauskas|Tomas_Ražanauskas| , Lithuanian footballer and manager   1976    |Alfonso_Soriano|Alfonso_Soriano| , Dominican baseball player    |1977|1977| |John_Gidding|John_Gidding| , American architect and television host   1977    |Sofi_Oksanen|Sofi_Oksanen| , Finnish author and playwright   1977    |Marco_Storari|Marco_Storari| , Italian footballer    |1978|1978| |Dean_Cosker|Dean_Cosker| , English cricketer   1978    |Kevin_Mench|Kevin_Mench| , American baseball player    |1979|1979| |Aloe_Blacc|Aloe_Blacc| , American musician, singer, songwriter, record producer, actor, businessman and philanthropist.    1979    |Ha_Jae-sook|Ha_Jae-Sook| , South Korean actress   1979    |Ricardo_Maurício|Ricardo_Maurício| , Brazilian race car driver    |1980|1980| |Campbell_Johnstone|Campbell_Johnstone| , New Zealand rugby player   1980    |Ivan_Moody|Ivan_Moody| , American singer-songwriter, producer, and actor   1980    |Zöe_Salmon|Zöe_Salmon| , Northern Irish model and television host,  |Miss_Northern_Ireland_1999|Miss_Northern_Ireland| |Reece_Simmonds|Reece_Simmonds| , Australian rugby league player    |1981|1981| |Alex_Auld|Alex_Auld| , Canadian ice hockey player   1981    |Marquis_Daniels|Marquis_Daniels| , American basketball player   1981    |Travis_Friend|Travis_Friend| , Zimbabwean cricketer    |1982|1982| |Francisco_Rodríguez|Francisco_Rodríguez| , Venezuelan baseball player   1982    |Hannah_Stockbauer|Hannah_Stockbauer| , German swimmer   1982    |Ianina_Zanazzi|Ianina_Zanazzi| , Argentinian race car driver    |1983|1983| |Edwin_Encarnación|Edwin_Encarnación| , Dominican baseball player   1983    |Natalie_Gulbis|Natalie_Gulbis| , American golfer    |1984|1984| |Diego_Balbinot|Diego_Balbinot| , Italian footballer   1984    |Jon_Lester|Jon_Lester| , American baseball player   1984    |Antonino_Saviano|Antonino_Saviano| , Italian footballer    |1985|1985| |Bănel_Nicoliță|Bănel_Nicoliță| , Romanian footballer and manager   1985    |Lewis_Hamilton|Lewis_Hamilton| , English race car driver    |1986|1986| |Grant_Leadbitter|Grant_Leadbitter| , English footballer    |1987|1987| |Stefan_Babović|Stefan_Babović| , Serbian footballer   1987    |Lyndsy_Fonseca|Lyndsy_Fonseca| , American actress   1987    |Olga_Panova|Olga_Panova| , Russian tennis player   1987    |Jimmy_Smith|Jimmy_Smith| , English footballer   1987    |Davide_Astori|Davide_Astori| , Italian footballer    |1988|1988| |Scott_Pendlebury|Scott_Pendlebury| , Australian footballer   1988    |Lim_Ju-eun|Lim_Ju-Eun| , South Korean actress    |1989|1989| |Miles_Addison|Miles_Addison| , English footballer    |1990|1990| |Michael_Sam|Michael_Sam| , American football player   1990    |Gregor_Schlierenzauer|Gregor_Schlierenzauer| , Austrian ski jumper    |1991|1991| |Eden_Hazard|Eden_Hazard| , Belgian footballer   1991    |Caster_Semenya|Caster_Semenya| , South African sprinter    |1992|1992| |Tohu_Harris|Tohu_Harris| , New Zealand rugby league player    |1993|1993| |Jan_Oblak|Jan_Oblak| , Slovenian footballer    |1995|1995| |Leslie_Grace|Leslie_Grace| , American singer    |1996|1996| |Fu_Yuanhui|Fu_Yuanhui| , Chinese swimmer    |1997|1997| |Ozzie_Albies|Ozzie_Albies| , Curaçaoan baseball player          |312|312| |Lucian_of_Antioch|Lucian_Of_Antioch| , Christian martyr, saint, and theologian    |672|672| |Tenji|Emperor_Tenji| , Japanese emperor    |838|838| |Babak_Khorramdin|Babak_Khorramdin| , Iranian leader of the  |Khurramite|Khurramite|  uprising against the  |Abbasid_Caliphate|Abbasid_Caliphate| |856|856| |Aldric|Aldric_Of_Le_Mans| , bishop of  |Le_Mans|Roman_Catholic_Diocese_Of_Le_Mans| |1131|1131| |Canute_Lavard|Canute_Lavard| , Danish prince and saint    |1285|1285| |Charles_I_of_Naples|Charles_I_Of_Naples| |1325|1325| |Denis_of_Portugal|Denis_Of_Portugal| |1355|1355| |Inês_de_Castro|Inês_De_Castro| , Castilian noblewoman    |1361|1361| |Gerlach_I_of_Nassau-Wiesbaden|Gerlach_I_Of_Nassau-Wiesbaden| |1400|1400| |Thomas_Holland,_1st_Duke_of_Surrey|Thomas_Holland,_1St_Duke_Of_Surrey| , English politician   1400    |John_Montagu,_3rd_Earl_of_Salisbury|John_Montagu,_3Rd_Earl_Of_Salisbury| , English Earl    |1451|1451| |Amadeus_VIII_of_Savoy|Amadeus_Viii_Of_Savoy|  a.k.a. Antipope Felix V    |1529|1529| |Peter_Vischer_the_Elder|Peter_Vischer_The_Elder| , German sculptor    |1536|1536| |Catherine_of_Aragon|Catherine_Of_Aragon| |1566|1566| |Louis_de_Blois|Louis_De_Blois| , Flemish monk and author    |1619|1619| |Nicholas_Hilliard|Nicholas_Hilliard| , English painter and goldsmith    |1625|1625| |Ruggiero_Giovannelli|Ruggiero_Giovannelli| , Italian composer and author    |1655|1655| |Pope_Innocent_X|Pope_Innocent_X| |1658|1658| |Theophilus_Eaton|Theophilus_Eaton| , American farmer and politician, 1st  |Governor_of_the_New_Haven_Colony|List_Of_Colonial_Governors_Of_Connecticut| |1694|1694| |Charles_Gerard,_1st_Earl_of_Macclesfield|Charles_Gerard,_1St_Earl_Of_Macclesfield| , English general and politician,  |Lord_Lieutenant_of_Gloucestershire|Lord_Lieutenant_Of_Gloucestershire| |1700|1700| |Raffaello_Fabretti|Raffaello_Fabretti| , Italian scholar and author    |1715|1715| |François_Fénelon|François_Fénelon| , French archbishop, theologian, and poet    |1758|1758| |Allan_Ramsay|Allan_Ramsay| , Scottish poet and playwright    |1767|1767| |Thomas_Clap|Thomas_Clap| , American minister and academic    |1770|1770| |Carl_Gustaf_Tessin|Carl_Gustaf_Tessin| , Swedish politician and diplomat    |1783|1783| |William_Tansur|William_Tansur| , English composer and educator    |1786|1786| |Jean-Étienne_Guettard|Jean-Étienne_Guettard| , French physician and mineralogist    |1812|1812| |Joseph_Dennie|Joseph_Dennie| , American journalist and author    |1830|1830| |John_Thomas_Campbell|John_Thomas_Campbell| , Irish-Australian public servant and politician   1830    |Thomas_Lawrence|Thomas_Lawrence| , English painter and educator    |1858|1858| |Mustafa_Reşid_Pasha|Mustafa_Reşid_Pasha| , Ottoman politician,  |Grand_Vizier_of_the_Ottoman_Empire|List_Of_Ottoman_Grand_Viziers| |1864|1864| |Caleb_Blood_Smith|Caleb_Blood_Smith| , American journalist and politician, 6th  |U.S._Secretary_of_the_Interior|U.S._Secretary_Of_The_Interior| |1876|1876| |Juste_Olivier|Juste_Olivier| , Swiss poet and academic    |1878|1878| |François-Vincent_Raspail|François-Vincent_Raspail| , French chemist, physician, and physiologist    |1892|1892| |Tewfik_Pasha|Tewfik_Pasha| , Egyptian ruler    |1893|1893| |Josef_Stefan|Josef_Stefan| , Slovenian physicist and mathematician    |1904|1904| |Emmanuel_Rhoides|Emmanuel_Rhoides| , Greek journalist and author    |1913|1913| |Jack_Boyle|Jack_Boyle| , American baseball player and umpire    |1919|1919| |Henry_Ware_Eliot|Henry_Ware_Eliot| , American businessman and philanthropist, co-founded  |Washington_University_in_St._Louis|Washington_University_In_St._Louis| |1920|1920| |Edmund_Barton|Edmund_Barton| , Australian judge and politician, 1st  |Prime_Minister_of_Australia|Prime_Minister_Of_Australia| |1927|1927| |Nikolaos_Kalogeropoulos|Nikolaos_Kalogeropoulos| , Greek politician, 99th  |Prime_Minister_of_Greece|Prime_Minister_Of_Greece| |1931|1931| |Edward_Channing|Edward_Channing| , American historian and author    |1932|1932| |André_Maginot|André_Maginot| , French sergeant and politician    |1936|1936| |Guy_dHardelot|Guy_Dhardelot| , French pianist and composer    |1941|1941| |Charles_Finger|Charles_Finger| , English journalist and author    |1943|1943| |Nikola_Tesla|Nikola_Tesla| , Serbian-American physicist and engineer    |1944|1944| |Napoleon_Lapathiotis|Napoleon_Lapathiotis| , Greek lawyer and poet    |1951|1951| |René_Guénon|René_Guénon| , French-Egyptian philosopher and author    |1953|1953| |Osa_Johnson|Osa_Johnson| , American explorer, director, and producer    |1960|1960| |Dorothea_Douglass_Lambert_Chambers|Dorothea_Douglass_Lambert_Chambers| , English tennis player and coach    |1963|1963| |Arthur_Edward_Moore|Arthur_Edward_Moore| , New Zealand-Australian farmer and politician, 23rd  |Premier_of_Queensland|Premier_Of_Queensland| |1964|1964| |Reg_Parnell|Reg_Parnell| , English race car driver and manager    |1966|1966| |Allan_Chapman|Allan_Chapman| , Scottish lawyer and politician    |1967|1967| |David_Goodis|David_Goodis| , American author and screenwriter   1967    |Carl_Schuricht|Carl_Schuricht| , German-Swiss conductor    |1968|1968| |J._L._B._Smith|J._L._B._Smith| , South African chemist and academic    |1972|1972| |John_Berryman|John_Berryman| , American poet and scholar    |1981|1981| |Alvar_Lidell|Alvar_Lidell| , English journalist   1981    |Eric_Robinson|Eric_Robinson| , Australian businessman and politician, 2nd  |Australian_Minister_for_Finance|Minister_For_Finance| |1984|1984| |Alfred_Kastler|Alfred_Kastler| , German-French physicist and academic,  |Nobel_Prize|Nobel_Prize_In_Physics|  laureate    |1986|1986| |P._D._Eastman|P._D._Eastman| , American author and illustrator   1986    |Juan_Rulfo|Juan_Rulfo| , Mexican author, screenwriter, and photographer    |1988|1988| |Zara_Cisco_Brough|Zara_Cisco_Brough| , American  |Nipmuc|Nipmuc|  Indian chief and fashion designer    1988    |Trevor_Howard|Trevor_Howard| , English actor    |1989|1989| |Hirohito|Hirohito| , Japanese emperor    |1990|1990| |Bronko_Nagurski|Bronko_Nagurski| , Canadian-American football player and wrestler    |1992|1992| |Richard_Hunt|Richard_Hunt| , American puppeteer and voice actor    |1995|1995| |Murray_Rothbard|Murray_Rothbard| , American economist, historian, and theorist    |1996|1996| |Károly_Grósz|Károly_Grósz| , Hungarian politician, 51st  |Prime_Minister_of_Hungary|List_Of_Prime_Ministers_Of_Hungary|    1996    |Tarō_Okamoto|Tarō_Okamoto| , Japanese painter and sculptor    |1998|1998| |Owen_Bradley|Owen_Bradley| , American record producer   1998    |Vladimir_Prelog|Vladimir_Prelog| , Croatian-Swiss chemist and academic,  |Nobel_Prize|Nobel_Prize_In_Chemistry|  laureate    |2000|2000| |Gary_Albright|Gary_Albright| , American wrestler    |2001|2001| |James_Carr|James_Carr| , American singer    |2002|2002| |Avery_Schreiber|Avery_Schreiber| , American comedian and actor    |2004|2004| |Ingrid_Thulin|Ingrid_Thulin| , Swedish actress    |2005|2005| |Pierre_Daninos|Pierre_Daninos| , French author    |2006|2006| |Heinrich_Harrer|Heinrich_Harrer| , Austrian mountaineer, geographer, and author    |2007|2007| |Bobby_Hamilton|Bobby_Hamilton| , American race car driver and businessman   2007    |Magnus_Magnusson|Magnus_Magnusson| , Icelandic journalist, author, and academic    |2008|2008| |Alwyn_Schlebusch|Alwyn_Schlebusch| , South African academic and politician,  |Vice_State_President_of_South_Africa|Vice_State_President_Of_South_Africa| |2011|2011| |Derek_Gardner|Derek_Gardner| , English engineer    |2012|2012| |Ibrahim_Aslan|Ibrahim_Aslan| , Egyptian journalist and author   2012    |Tony_Blankley|Tony_Blankley| , British-born American child actor, journalist and pundit   2012    |Milburn_E._Calhoun|Milburn_E._Calhoun| , American physician, philanthropist, and publisher   2012    |George_Livingston|George_Livingston| , American politician   2012    |Herbert_Wilf|Herbert_Wilf| , American mathematician and academic    |2013|2013| |Richard_Ben_Cramer|Richard_Ben_Cramer| , American journalist and author   2013    |Ada_Louise_Huxtable|Ada_Louise_Huxtable| , American curator and critic   2013    |Harvey_Shapiro|Harvey_Shapiro| , American poet    |2014|2014| |Paul_Goggins|Paul_Goggins| , English politician   2014    |Run_Run_Shaw|Run_Run_Shaw| , Chinese-Hong Kong businessman and philanthropist, founded  |Shaw_Brothers_Studio|Shaw_Brothers_Studio|  and  |TVB|Tvb| |2015|2015| |Subhas_Anandan|Subhas_Anandan| , Indian-Singaporean lawyer   2015    |Mompati_Merafhe|Mompati_Merafhe| , Botswana general and politician,  |Vice-President_of_Botswana|Vice-President_Of_Botswana|    2015    |Arch_A._Moore_Jr.|Arch_A._Moore_Jr.| , American sergeant, lawyer, and politician, 28th  |Governor_of_West_Virginia|Governor_Of_West_Virginia|    2015    |J._P._Parisé|J._P._Parisé| , Canadian-American ice hockey player, coach, and manager   2015    |Herb_Simpson|Herb_Simpson| , American baseball player   2015    |Rod_Taylor|Rod_Taylor| , Australian-American actor and screenwriter   2015    |Georges_Wolinski|Georges_Wolinski| , Tunisian-French cartoonist    |2016|2016| |Bill_Foster|Bill_Foster| , American basketball player and coach   2016    |John_Johnson|John_Johnson| , American basketball player   2016    |Kitty_Kallen|Kitty_Kallen| , American singer   2016    |Judith_Kaye|Judith_Kaye| , American lawyer and jurist   2016    |Mufti_Mohammad_Sayeed|Mufti_Mohammad_Sayeed| , Indian lawyer and politician,  |Indian_Minister_of_Home_Affairs|Minister_Of_Home_Affairs| |2017|2017| |Mário_Soares|Mário_Soares| , Portuguese politician; 16th  |President_of_Portugal|President_Of_Portugal| |2018|2018| |Jim_Anderton|Jim_Anderton| , Former New Zealand Deputy Prime Minister   2018    |France_Gall|France_Gall| , French singer         Christian  |Feast_Day|Feast_Day| |André_Bessette|André_Bessette| |Canute_Lavard|Canute_Lavard| |Charles_of_Sezze|Charles_Of_Sezze| |Felix_and_Januarius|Felix_And_Januarius| |Lucian_of_Antioch|Lucian_Of_Antioch| |Raymond_of_Penyafort|Raymond_Of_Penyafort| |Synaxis|Synaxis|  of  |John_the_Forerunner_&_Baptist|John_The_Baptist| |January_7|January_7| |Christmas|Christmas| |Christmas_in_Russia|Christmas_In_Russia| |Christmas_in_Ukraine|Christmas_In_Ukraine| |Remembrance_Day_of_the_Dead|Public_Holidays_In_Armenia| |Distaff_Day|Distaff_Day|     Earliest day on which  |Plough_Monday|Plough_Monday|  can fall, while January 13 is the latest; celebrated on Monday after  |Epiphany|Epiphany|  .    |Nanakusa_no_sekku|Nanakusa_No_Sekku| |Pioneers_Day|Public_Holidays_In_Liberia| |Tricolour_day|Flag_Of_Italy|  or Festa del Tricolore     |Victory_from_Genocide_Day|Public_Holidays_In_Cambodia|   .