This list of chess players includes people who are primarily known as  |chess|Chess|  players and have an article on the English Wikipedia.     |Jacob_Aagaard|Jacob_Aagaard| |Manuel_Aaron|Manuel_Aaron| |István_Abonyi|István_Abonyi| |Gerald_Abrahams|Gerald_Abrahams| |Tatev_Abrahamyan|Tatev_Abrahamyan| |Jude_Acers|Jude_Acers| |Peter_Acs|Peter_Acs| |Weaver_Adams|Weaver_W._Adams| |Utut_Adianto|Utut_Adianto| |András_Adorján|András_Adorján| |Vladimir_Afromeev|Vladimir_Afromeev| |Simen_Agdestein|Simen_Agdestein| |Evgeny_Agrest|Evgeny_Agrest| |Georgy_Agzamov|Georgy_Agzamov| |Carl_Ahues|Carl_Ahues| |James_Macrae_Aitken|James_Macrae_Aitken| |Ralf_Åkesson|Ralf_Åkesson| |Anna_Akhsharumova|Anna_Akhsharumova| |Varuzhan_Akobian|Varuzhan_Akobian| |Vladimir_Akopian|Vladimir_Akopian| |Mohamad_Al-Modiahki|Mohamad_Al-Modiahki| |Simon_Alapin|Simon_Alapin| |Vladimir_Alatortsev|Vladimir_Alatortsev| |Adolf_Albin|Adolf_Albin| |Lev_Alburt|Lev_Alburt| |Alexander_Alekhine|Alexander_Alekhine| |Alexei_Alekhine|Alexei_Alekhine| |Grace_Alekhine|Grace_Alekhine| |Aleksej_Aleksandrov|Aleksej_Aleksandrov| |Evgeny_Alekseev|Evgeny_Alekseev| |Hugh_Alexander|Conel_Hugh_Odonel_Alexander| |Aaron_Alexandre|Aaron_Alexandre| |Nana_Alexandria|Nana_Alexandria| |Johann_Baptist_Allgaier|Johann_Baptist_Allgaier| |Zoltán_Almási|Zoltán_Almási| |Izak_Aloni|Izak_Aloni| |Yoel_Aloni|Yoel_Aloni| |Boris_Alterman|Boris_Alterman| |Friedrich_Amelung|Friedrich_Amelung| |Bassem_Amin|Bassem_Amin| |Farrukh_Amonatov|Farrukh_Amonatov| |Bruce_Amos|Bruce_Amos| |An_Yangfeng|An_Yangfeng| |Viswanathan_Anand|Viswanathan_Anand| |Erik_Andersen|Erik_Andersen| |Frank_Anderson|Frank_Anderson| |Adolf_Anderssen|Adolf_Anderssen| |Ulf_Andersson|Ulf_Andersson| |Dmitry_Andreikin|Dmitry_Andreikin| |Zaven_Andriasian|Zaven_Andriasian| |Dejan_Antic|Dejan_Antic| |Rogelio_Antonio_Jr.|Rogelio_Antonio_Jr.| |Vladimir_Antoshin|Vladimir_Antoshin| |Oskar_Antze|Oskar_Antze| |Manuel_Apicella|Manuel_Apicella| |Izaak_Appel|Izaak_Appel| |Fricis_Apšenieks|Fricis_Apšenieks| |Lev_Aptekar|Lev_Aptekar| |José_Joaquin_Araiza|José_Joaquin_Araiza| |Ketevan_Arakhamia-Grant|Ketevan_Arakhamia-Grant| |Walter_Arencibia|Walter_Arencibia| |Alexander_Areshchenko|Alexander_Areshchenko| |Keith_Arkell|Keith_Arkell| |Romanas_Arlauskas|Romanas_Arlauskas| |Jon_Arnason|Jón_Loftur_Árnason| |Dagur_Arngrímsson|Dagur_Arngrímsson| |Levon_Aronian|Levon_Aronian| |Lev_Aronin|Lev_Aronin| |Andreas_Ascharin|Andreas_Ascharin| |Jacob_Ascher|Jacob_Ascher| |Konstantin_Aseev|Konstantin_Aseev| |Maurice_Ashley|Maurice_Ashley| |Karen_Asrian|Karen_Asrian| |Bibisara_Assaubayeva|Bibisara_Assaubayeva| |As-Suli|As-Suli| |Lajos_Asztalos|Lajos_Asztalos| |Ekaterina_Atalik|Ekaterina_Atalik| |Suat_Atalık|Suat_Atalık| |Henry_Atkins|Henry_Ernest_Atkins| |Arnold_Aurbach|Arnold_Aurbach| |Yuri_Averbakh|Yuri_Averbakh| |Valeriy_Aveskulov|Valeriy_Aveskulov| |Herbert_Avram|Herbert_Avram| |Boris_Avrukh|Boris_Avrukh| |Zurab_Azmaiparashvili|Zurab_Azmaiparashvili| |Alexander_Baburin|Alexander_Baburin| |Étienne_Bacrot|Étienne_Bacrot| |Paul_Baender|Paul_Baender| |Giorgi_Bagaturov|Giorgi_Bagaturov| |Amir_Bagheri|Amir_Bagheri| |Camilla_Baginskaite|Camilla_Baginskaite| |Vladimir_Bagirov|Vladimir_Bagirov| |Mary_Bain|Mary_Bain| |David_Graham_Baird|David_Graham_Baird| |Vladimir_Baklan|Vladimir_Baklan| |Yuri_Balashov|Yuri_Balashov| |Rosendo_Balinas,_Jr.|Rosendo_Balinas,_Jr.| |Zoltán_von_Balla|Zoltán_Von_Balla| |Csaba_Balogh|Csaba_Balogh| |János_Balogh|János_Balogh| |Julio_Balparda|Julio_Balparda| |Amikam_Balshan|Amikam_Balshan| |Hristos_Banikas|Hristos_Banikas| |Anatoly_Bannik|Anatoly_Bannik| |David_Baramidze|David_Baramidze| |Zsigmond_Barász|Zsigmond_Barász| |Abraham_Baratz|Abraham_Baratz| |Gerardo_Barbero|Gerardo_Barbero| |Gedeon_Barcza|Gedeon_Barcza| |Olaf_Barda|Olaf_Barda| |Curt_von_Bardeleben|Curt_Von_Bardeleben| |Leonard_Barden|Leonard_Barden| |Evgeny_Bareev|Evgeny_Bareev| |Robert_Henry_Barnes|Robert_Henry_Barnes| |Thomas_Wilson_Barnes|Thomas_Wilson_Barnes| |Alexei_Barsov|Alexei_Barsov| |Mateusz_Bartel|Mateusz_Bartel| |Dibyendu_Barua|Dibyendu_Barua| |Cerdas_Barus|Cerdas_Barus| |Michael_Basman|Michael_Basman| |Christian_Bauer|Christian_Bauer| |Johann_Hermann_Bauer|Johann_Hermann_Bauer| |Friedrich_Baumbach|Friedrich_Baumbach| |Albert_Becker|Albert_Becker| |Anjelina_Belakovskaia|Anjelina_Belakovskaia| |Liudmila_Belavenets|Liudmila_Belavenets| |Sergey_Belavenets|Sergey_Belavenets| |Alexander_Beliavsky|Alexander_Beliavsky| |Slim_Belkhodja|Slim_Belkhodja| |Jana_Bellin|Jana_Bellin| |Zdzisław_Belsitzmann|Zdzisław_Belsitzmann| |Levi_Benima|Levi_Benima| |Clarice_Benini|Clarice_Benini| |Joel_Benjamin|Joel_Benjamin| |Francisco_Benkö|Francisco_Benkö| |Pal_Benko|Pal_Benko| |David_Berczes|David_Berczes| |Emanuel_Berg|Emanuel_Berg| |Bela_Berger|Bela_Berger| |Johann_Berger|Johann_Berger| |Victor_Berger|Victor_Buerger| |Nils_Bergkvist|Nils_Bergkvist| |Teodors_Bergs|Teodors_Bergs| |Hans_Berliner|Hans_Berliner| |Ivar_Bern|Ivar_Bern| |Karl_Berndtsson|Karl_Berndtsson| |Jacob_Bernstein|Jacob_Bernstein| |Ossip_Bernstein|Ossip_Bernstein| |Sidney_Norman_Bernstein|Sidney_Norman_Bernstein| |Yaacov_Bernstein|Yaacov_Bernstein| |Mario_Bertok|Mario_Bertok| |Katarina_Beskow|Katarina_Beskow| |Louis_Betbeder_Matibet|Louis_Betbeder_Matibet| |Kārlis_Bētiņš|Kārlis_Bētiņš| |Siegmund_Beutum|Siegmund_Beutum| |Vinay_Bhat|Vinay_Bhat| |Carlos_Bielicki|Carlos_Bielicki| |Martin_Bier|Martin_Bier| |Horace_Bigelow|Horace_Bigelow| |István_Bilek|István_Bilek| |Paul_Rudolf_von_Bilguer|Paul_Rudolf_Von_Bilguer| |Maurice_Billecard|Maurice_Billecard| |Reefat_Bin-Sattar|Reefat_Bin-Sattar| |Henry_Bird|Henry_Bird| |Nathan_Birnboim|Nathan_Birnboim| |Klaus_Bischoff|Klaus_Bischoff| |Arthur_Bisguier|Arthur_Bisguier| |Peter_Biyiasas|Peter_Biyiasas| |Dimitrije_Bjelica|Dimitrije_Bjelica| |Roy_Turnbull_Black|Roy_Turnbull_Black| |Joseph_Henry_Blackburne|Joseph_Henry_Blackburne| |Armand_Blackmar|Armand_Blackmar| |Joseph_Henry_Blake|Joseph_Henry_Blake| |Abram_Blass|Abram_Blass| |Ottó_Bláthy|Ottó_Bláthy| |Max_Blau|Max_Blau| |Ludwig_Bledow|Ludwig_Bledow| |Paweł_Blehm|Paweł_Blehm| |Dirk_Bleijkmans|Dirk_Bleijkmans| |Yaacov_Bleiman|Yaacov_Bleiman| |Calvin_Blocker|Calvin_Blocker| |Claude_Bloodgood|Claude_Bloodgood| |Oscar_Blum|Oscar_Blum| |Benjamin_Blumenfeld|Benjamin_Blumenfeld| |Max_Blümich|Max_Blümich| |Boris_Blumin|Boris_Blumin| |Milko_Bobotsov|Milko_Bobotsov| |Dmitry_Bocharov|Dmitry_Bocharov| |Samuel_Boden|Samuel_Boden| |Fedor_Bogatyrchuk|Fedor_Bogatyrchuk| |Efim_Bogoljubov|Efim_Bogoljubov| |Paolo_Boi|Paolo_Boi| |Jácobo_Bolbochán|Jácobo_Bolbochán| |Julio_Bolbochán|Julio_Bolbochán| |Isaac_Boleslavsky|Isaac_Boleslavsky| |Victor_Bologan|Victor_Bologan| |Igor_Bondarevsky|Igor_Bondarevsky| |Eero_Böök|Eero_Böök| |Valentina_Borisenko|Valentina_Borisenko| |Olexandr_Bortnyk|Olexandr_Bortnyk| |Tea_Bosboom-Lanchava|Tea_Bosboom-Lanchava| |George_Botterill|George_Botterill| |Mikhail_Botvinnik|Mikhail_Botvinnik| |Louis-Charles_Mahé_de_La_Bourdonnais|Louis-Charles_Mahé_De_La_Bourdonnais| |César_Boutteville|César_Boutteville| |Olena_Boytsun|Olena_Boytsun| |Julius_Brach|Julius_Brach| |Gyula_Breyer|Gyula_Breyer| |Alfred_Brinckmann|Alfred_Brinckmann| |Mirko_Bröder|Mirko_Bröder| |Miklós_Bródy|Miklós_Bródy| |Vladimir_Bron|Vladimir_Bron| |David_Bronstein|David_Bronstein| |Walter_Browne|Walter_Browne| |Agnieszka_Brustman|Agnieszka_Brustman| |Lázaro_Bruzón|Lázaro_Bruzón| |Stellan_Brynell|Stellan_Brynell| |Bu_Xiangzhi|Bu_Xiangzhi| |Henry_Thomas_Buckle|Henry_Thomas_Buckle| |Gerardo_Budowski|Gerardo_Budowski| |Wincenty_Budzyński|Wincenty_Budzyński| |Nataliya_Buksa|Nataliya_Buksa| |Constant_Ferdinand_Burille|Constant_Ferdinand_Burille| |Amos_Burn|Amos_Burn| |Algimantas_Butnorius|Algimantas_Butnorius| |Elisabeth_Bykova|Elisabeth_Bykova| |Donald_Byrne|Donald_Byrne| |Robert_Byrne|Robert_Byrne| |Elisabeth_Bykova|Elisabeth_Bykova| |Florencio_Campomanes|Florencio_Campomanes| |Daniel_Hugo_Cámpora|Daniel_Cámpora| |Esteban_Canal|Esteban_Canal| |Arianne_Caoili|Arianne_Caoili| |José_Raúl_Capablanca|José_Raúl_Capablanca| |Rodolfo_Tan_Cardoso|Rodolfo_Tan_Cardoso| |Ruth_Volgl_Cardoso|Ruth_Volgl_Cardoso| |Carl_Carls|Carl_Carls| |Magnus_Carlsen|Magnus_Carlsen| |Pontus_Carlsson|Pontus_Carlsson| |Horatio_Caro|Horatio_Caro| |Berna_Carrasco|Berna_Carrasco| |Pietro_Carrera|Pietro_Carrera| |Fabiano_Caruana|Fabiano_Caruana| |Vincenzo_Castaldi|Vincenzo_Castaldi| |Mariano_Castillo|Mariano_Castillo| |Mišo_Cebalo|Mišo_Cebalo| |Giovanni_Cenni|Giovanni_Cenni| |Alfonso_Ceron|Alfonso_Ceron| |Oscar_Chajes|Oscar_Chajes| |Ferenc_Chalupetzky|Ferenc_Chalupetzky| |Edward_Chamier|Edward_Chamier| |Chan_Peng_Kong|Chan_Peng_Kong| |Sandipan_Chanda|Sandipan_Chanda| |Chang_Tung_Lo|Chang_Tung_Lo| |Murray_Chandler|Murray_Chandler| |Pascal_Charbonneau|Pascal_Charbonneau| |Rudolf_Charousek|Rudolf_Charousek| |Chantal_Chaudé_de_Silans|Chantal_Chaudé_De_Silans| |Valery_Chekhov|Valery_Chekhov| |Vitaly_Chekhover|Vitaly_Chekhover| |Chen_De|Chen_De| |Ivan_Cheparinov|Ivan_Cheparinov| |Alexander_Cherepkov|Alexander_Cherepkov| |Irving_Chernev|Irving_Chernev| |Alexander_Chernin|Alexander_Chernin| |Konstantin_Chernyshov|Konstantin_Chernyshov| |André_Chéron|André_Chéron| |Maia_Chiburdanidze|Maia_Chiburdanidze| |Mikhail_Chigorin|Mikhail_Chigorin| |Larry_Christiansen|Larry_Christiansen| |Vladimir_Chuchelov|Vladimir_Chuchelov| |Slavko_Cicak|Slavko_Cicak| |Roberto_Cifuentes|Roberto_Cifuentes| |Victor_Ciocâltea|Victor_Ciocâltea| |Hermann_Clemenz|Hermann_Clemenz| |Albert_Clerc|Albert_Clerc| |Viktorija_Čmilytė|Viktorija_Čmilytė| |John_Cochrane|John_Cochrane| |Erich_Cohn|Erich_Cohn| |Wilhelm_Cohn|Wilhelm_Cohn| |Edgard_Colle|Edgard_Colle| |John_W._Collins|John_W._Collins| |Eugene_Ernest_Colman|Eugene_Ernest_Colman| |Camila_Colombo|Camila_Colombo| |Adrián_García_Conde|Adrián_García_Conde| |Stuart_Conquest|Stuart_Conquest| |Anya_Corke|Anya_Corke| |Nicolaas_Cortlever|Nicolaas_Cortlever| |Juan_Corzo|Juan_Corzo| |Carlo_Cozio|Carlo_Cozio| |Spencer_Crakanthorp|Spencer_Crakanthorp| |Pia_Cramling|Pia_Cramling| |Robert_Crépeaux|Robert_Crépeaux| |Walter_Cruz|Walter_Cruz| |István_Csom|István_Csom| |Miguel_Cuéllar|Miguel_Cuéllar| |Josef_Cukierman|Josef_Cukierman| |John_Curdo|John_Curdo| |Ognjen_Cvitan|Ognjen_Cvitan| |Hieronim_Czarnowski|Hieronim_Czarnowski| |Moshe_Czerniak|Moshe_Czerniak| |Arthur_Dake|Arthur_Dake| |Pedro_Damiano|Pedro_Damiano| |Mato_Damjanović|Mato_Damjanović| |Gösta_Danielsson|Gösta_Danielsson| |Silvio_Danailov|Silvio_Danailov| |A._Polak_Daniels|A._Polak_Daniels| |Dawid_Daniuszewski|Dawid_Daniuszewski| |Klaus_Darga|Klaus_Darga| |Alberto_David|Alberto_David| |Jacques_Davidson|Jacques_Davidson| |Nigel_Davies|Nigel_Davies| |Boris_De_Greiff|Boris_De_Greiff| |Frederic_Deacon|Frederic_Deacon| |Chakkravarthy_Deepan|Chakkravarthy_Deepan| |Nick_de_Firmian|Nick_De_Firmian| |Marigje_Degrande|Marigje_Degrande| |Aleksander_Delchev|Aleksander_Delchev| |Eugene_Delmar|Eugene_Delmar| |Yelena_Dembo|Yelena_Dembo| |Arnold_Denker|Arnold_Denker| |Alexandre_Deschapelles|Alexandre_Deschapelles| |Andrei_Deviatkin|Andrei_Deviatkin| |Paul_Devos|Paul_Devos| |André_Diamant|André_Diamant| |Emil_Josef_Diemer|Emil_Josef_Diemer| |Mark_Diesen|Mark_Diesen| |Julius_Dimer|Julius_Dimer| |Nathan_Divinsky|Nathan_Divinsky| |Rune_Djurhuus|Rune_Djurhuus| |Maxim_Dlugy|Maxim_Dlugy| |Josef_Dobiáš|Josef_Dobiáš| |Yosef_Dobkin|Yosef_Dobkin| |Yury_Dokhoian|Yury_Dokhoian| |Sergey_Dolmatov|Sergey_Dolmatov| |Lenier_Dominguez|Lenier_Dominguez| |Józef_Dominik|Józef_Dominik| |Zadok_Domnitz|Zadok_Domnitz| |Elena_Donaldson|Elena_Donaldson| |John_W._Donaldson|John_W._Donaldson| |Ivo_Donev|Ivo_Donev| |Jan_Hein_Donner|Jan_Hein_Donner| |Iossif_Dorfman|Iossif_Dorfman| |Alexey_Dreev|Alexey_Dreev| |Leonids_Dreibergs|Leonids_Dreibergs| |Kurt_Dreyer|Kurt_Dreyer| |Tihomil_Drezga|Tihomil_Drezga| |Yuri_Drozdovskij|Yuri_Drozdovskij| |Leroy_Dubeck|Leroy_Dubeck| |Serafino_Dubois|Serafino_Dubois| |Daniil_Dubov|Daniil_Dubov| |Andreas_Dückstein|Andreas_Dückstein| |Jean_Dufresne|Jean_Dufresne| |Andreas_Duhm|Andreas_Duhm| |Dietrich_Duhm|Dietrich_Duhm| |Hans_Duhm|Hans_Duhm| |Arthur_Dunkelblum|Arthur_Dunkelblum| |Oldřich_Duras|Oldřich_Duras| |Fyodor_Duz-Khotimirsky|Fyodor_Duz-Khotimirsky| |Mark_Dvoretsky|Mark_Dvoretsky| |Joanna_Dworakowska|Joanna_Dworakowska| |Eduard_Dyckhoff|Eduard_Dyckhoff| |Viacheslav_Dydyshko|Viacheslav_Dydyshko| |Boruch_Israel_Dyner|Boruch_Israel_Dyner| |Semen_Dvoirys|Semen_Dvoirys| |Nana_Dzagnidze|Nana_Dzagnidze| |Roman_Dzindzichashvili|Roman_Dzindzichashvili| |Marat_Dzhumaev|Marat_Dzhumaev| |James_Eade|James_Eade| |Zahar_Efimenko|Zahar_Efimenko| |Marsel_Efroimski|Marsel_Efroimski| |Jaan_Ehlvest|Jaan_Ehlvest| |Rakhil_Eidelson|Rakhil_Eidelson| |Vereslav_Eingorn|Vereslav_Eingorn| |Louis_Eisenberg|Louis_Eisenberg| |Bengt_Ekenberg|Bengt_Ekenberg| |Folke_Ekström|Folke_Ekström| |Erich_Eliskases|Erich_Eliskases| |Pavel_Eljanov|Pavel_Eljanov| |Moissei_Eljaschoff|Moissei_Eljaschoff| |John_Emms|John_Emms| |Lucijs_Endzelins|Lucijs_Endzelins| |Jens_Enevoldsen|Jens_Enevoldsen| |Ludwig_Engels|Ludwig_Engels| |Berthold_Englisch|Berthold_Englisch| |David_Enoch|David_Enoch| |Vladimir_Epishin|Vladimir_Epishin| |Stefan_Erdélyi|Stefan_Erdélyi| |Hanna_Ereńska|Hanna_Ereńska| |Evgenij_Ermenkov|Evgenij_Ermenkov| |Wilhelm_Ernst|Wilhelm_Ernst| |John_Angus_Erskine|John_Angus_Erskine| |Yakov_Estrin|Yakov_Estrin| |Max_Euwe|Max_Euwe| |Larry_M._Evans|Larry_Evans| |William_Davies_Evans|William_Davies_Evans| |Alexander_Evensohn|Alexander_Evensohn| |Győző_Exner|Győző_Exner| |Samuel_Factor|Samuel_Factor| |Louisa_Matilda_Fagan|Louisa_Matilda_Fagan| |Hugo_Fähndrich|Hugo_Fähndrich| |Hans_Fahrni|Hans_Fahrni| |William_Fairhurst|William_Fairhurst| |Sammi_Fajarowicz|Sammi_Fajarowicz| |Raphael_Falk|Raphael_Falk| |Ernst_Falkbeer|Ernst_Falkbeer| |Stefan_Fazekas|Stefan_Fazekas| |Sergey_Fedorchuk|Sergey_Fedorchuk| |Alexei_Fedorov|Alexei_Fedorov| |John_Fedorowicz|John_Fedorowicz| |Vladimir_Fedoseev|Vladimir_Fedoseev| |Movsas_Feigins|Movsas_Feigins| |Rafał_Feinmesser|Rafał_Feinmesser| |Florin_Felecan|Florin_Felecan| |Virgilio_Fenoglio|Virgilio_Fenoglio| |Arthur_Feuerstein|Arthur_Feuerstein| |Alexandr_Fier|Alexandr_Fier| |Martha_Fierro|Martha_Fierro| |Miroslav_Filip|Miroslav_Filip| |Anton_Filippov|Anton_Filippov| |Reuben_Fine|Reuben_Fine| |Ben_Finegold|Ben_Finegold| |Julius_Finn|Julius_Finn| |Nick_de_Firmian|Nick_De_Firmian| |Robert_James_Fischer|Robert_James_Fischer| |Alex_Fishbein|Alex_Fishbein| |Alexander_Flamberg|Alexander_Flamberg| |Alfred_Flatow|Alfred_Flatow| |Glenn_Flear|Glenn_Flear| |Ernst_Flechsig|Ernst_Flechsig| |Bernhard_Fleissig|Bernhard_Fleissig| |Max_Fleissig|Max_Fleissig| |János_Flesch|János_Flesch| |Salo_Flohr|Salo_Flohr| |Rodrigo_Flores|Rodrigo_Flores| |Alberto_Foguelman|Alberto_Foguelman| |Jan_Foltys|Jan_Foltys| |George_Salto_Fontein|George_Salto_Fontein| |Leó_Forgács|Leó_Forgács| |Győző_Forintos|Győző_Forintos| |Albert_Fox|Albert_Fox| |Maurice_Fox|Maurice_Fox| |Selim_Franklin|Selim_Franklin| |Zenon_Franco|Zenon_Franco| |Laurent_Fressinet|Laurent_Fressinet| |Sergey_von_Freymann|Sergey_Von_Freymann| |Joel_Fridlizius|Joel_Fridlizius| |Daniel_Fridman|Daniel_Fridman| |Frederic_Friedel|Frederic_Friedel| |Gunnar_Friedemann|Gunnar_Friedemann| |David_Friedgood|David_Friedgood| |Henryk_Friedman|Henryk_Friedman| |Alexander_Fritz|Alexander_Fritz| |Martin_Severin_From|Martin_Severin_From| |Achilles_Frydman|Achilles_Frydman| |Paulino_Frydman|Paulino_Frydman| |Ľubomír_Ftáčnik|Ľubomír_Ftáčnik| |Andrija_Fuderer|Andrija_Fuderer| |Semyon_Furman|Semyon_Furman| |Ivana_Maria_Furtado|Ivana_Maria_Furtado| |Géza_Füster|Géza_Füster| |Roy_Fyllingen|Roy_Fyllingen| |Merab_Gagunashvili|Merab_Gagunashvili| |Aleksandr_Galkin|Aleksandr_Galkin| |Joseph_Gallagher|Joseph_Gallagher| |Alisa_Galliamova|Alisa_Galliamova| |Surya_Shekhar_Ganguly|Surya_Shekhar_Ganguly| |Nona_Gaprindashvili|Nona_Gaprindashvili| |Valeriane_Gaprindashvili|Valeriane_Gaprindashvili| |Carlos_Garcia_Palermo|Carlos_Garcia_Palermo| |Raimundo_Garcia|Raimundo_Garcia| |Timur_Gareev|Timur_Gareev| |Eldar_Gasanov|Eldar_Gasanov| |Vugar_Gashimov|Vugar_Gashimov| |Anna_Gasik|Anna_Gasik| |Einar_Gausel|Einar_Gausel| |Viktor_Gavrikov|Viktor_Gavrikov| |Tamaz_Gelashvili|Tamaz_Gelashvili| |Boris_Gelfand|Boris_Gelfand| |Efim_Geller|Efim_Geller| |Uzi_Geller|Uzi_Geller| |Petar_Genov|Petar_Genov| |Kiril_Georgiev|Kiril_Georgiev| |Krum_Georgiev|Krum_Georgiev| |Ernő_Gereben|Ernő_Gereben| |Regina_Gerlecka|Regina_Gerlecka| |Eugenio_German|Eugenio_German| |Theodor_Germann|Theodor_Germann| |Alik_Gershon|Alik_Gershon| |Edward_Gerstenfeld|Edward_Gerstenfeld| |Georgy_Geshev|Georgy_Geshev| |Ehsan_Ghaem_Maghami|Ehsan_Ghaem_Maghami| |Tigran_Gharamian|Tigran_Gharamian| |Ameet_Ghasi|Ameet_Ghasi| |Florin_Gheorghiu|Florin_Gheorghiu| |Amédée_Gibaud|Amédée_Gibaud| |Johannes_Giersing|Johannes_Giersing| |Ellen_Gilbert|Ellen_Gilbert| |Jessie_Gilbert|Jessie_Gilbert| |Karl_Gilg|Karl_Gilg| |Aivars_Gipslis|Aivars_Gipslis| |Anish_Giri|Anish_Giri| |Matteo_Gladig|Matteo_Gladig| |Eduard_Glass|Eduard_Glass| |Evgeny_Gleizerov|Evgeny_Gleizerov| |Igor_Glek|Igor_Glek| |Svetozar_Gligorić|Svetozar_Gligorić| |Fernand_Gobet|Fernand_Gobet| |Michele_Godena|Michele_Godena| |Carl_Goering|Carl_Goering| |Alphonse_Goetz|Alphonse_Goetz| |Leonid_Gofshtein|Leonid_Gofshtein| |Jason_Goh_Koon-Jong|Jason_Goh_Koon-Jong| |Goh_Weiming|Goh_Weiming| |Samuel_Gold|Samuel_Gold| |Alexander_Goldin|Alexander_Goldin| |Rusudan_Goletiani|Rusudan_Goletiani| |Celso_Golmayo_Torriente|Celso_Golmayo_Torriente| |Celso_Golmayo_Zúpide|Celso_Golmayo_Zúpide| |Manuel_Golmayo_Torriente|Manuel_Golmayo_Torriente| |Vitali_Golod|Vitali_Golod| |Harry_Golombek|Harry_Golombek| |Alexander_Goloshchapov|Alexander_Goloshchapov| |Alexander_Ferdinand_von_der_Goltz|Alexander_Ferdinand_Von_Der_Goltz| |Valentina_Golubenko|Valentina_Golubenko| |Mikhail_Golubev|Mikhail_Golubev| |Aleksei_Goncharov|Aleksei_Fyodorovich_Goncharov| |Gong_Qianyun|Gong_Qianyun| |Jayson_Gonzales|Jayson_Gonzales| |José_González_García|José_González_García| |Juan_Carlos_González_Zamora|Juan_Carlos_González_Zamora| |David_S._Goodman|David_S._Goodman| |Stephen_J._Gordon|Stephen_J._Gordon| |Danny_Gormally|Danny_Gormally| |George_H._D._Gossip|George_H._D._Gossip| |Solomon_Gotthilf|Solomon_Gotthilf| |Hermann_von_Gottschall|Hermann_Von_Gottschall| |Boris_Grachev|Boris_Grachev| |Alexander_Graf|Alexander_Graf| |Sonja_Graf|Sonja_Graf| |Julio_Granda_Zuniga|Julio_Granda_Zuniga| |Roberto_Grau|Roberto_Grau| |Gioachino_Greco|Gioachino_Greco| |Ewen_McGowen_Green|Ewen_Mcgowen_Green| |Alon_Greenfeld|Alon_Greenfeld| |John_Grefe|John_Grefe| |Bernhard_Gregory|Bernhard_Gregory| |Gisela_Kahn_Gresser|Gisela_Kahn_Gresser| |Helgi_Gretarsson|Helgi_Gretarsson| |Richard_Griffith|Richard_Griffith| |Nikolay_Grigoriev|Nikolay_Grigoriev| |Avetik_Grigoryan|Avetik_Grigoryan| |Vincent_Grimm|Vincent_Grimm| |Alexander_Grischuk|Alexander_Grischuk| |Efstratios_Grivas|Efstratios_Grivas| |Henri_Grob|Henri_Grob| |Aristide_Gromer|Aristide_Gromer| |Adriaan_de_Groot|Adriaan_De_Groot| |Ernst_Grünfeld|Ernst_Grünfeld| |Yehuda_Gruenfeld|Yehuda_Gruenfeld| |James_Grundy|James_Grundy| |Izaak_Grynfeld|Izaak_Grynfeld| |Gu_Xiaobing|Gu_Xiaobing| |Ion_Gudju|Ion_Gudju| |Eduard_Gufeld|Eduard_Gufeld| |Ilse_Guggenberger|Ilse_Guggenberger| |Carlos_Guimard|Carlos_Guimard| |Boris_Gulko|Boris_Gulko| |Gunnar_Gundersen|Gunnar_Gundersen| |Isidor_Gunsberg|Isidor_Gunsberg| |Abhijeet_Gupta|Abhijeet_Gupta| |Dmitry_Gurevich|Dmitry_Gurevich| |Ilya_Gurevich|Ilya_Gurevich| |Mikhail_Gurevich|Mikhail_Gurevich| |Bukhuti_Gurgenidze|Bukhuti_Gurgenidze| |Jan_Gustafsson|Jan_Gustafsson| |Emanuel_Guthi|Emanuel_Guthi| |Lev_Gutman|Lev_Gutman| |Fritz_Gygli|Fritz_Gygli| |Alfred_William_Gyles|Alfred_William_Gyles| |Anna_Hahn|Anna_Hahn| |Vitaly_Halberstadt|Vitaly_Halberstadt| |Alexander_Halprin|Alexander_Halprin| |Tunc_Hamarat|Tunc_Hamarat| |Hichem_Hamdouchi|Hichem_Hamdouchi| |Rani_Hamid|Rani_Hamid| |Jon_Ludvig_Hammer|Jon_Ludvig_Hammer| |Carl_Hamppe|Carl_Hamppe| |Milton_Hanauer|Milton_Hanauer| |James_Hanham|James_Hanham| |Hermann_von_Hanneken|Hermann_Von_Hanneken| |Curt_Hansen|Curt_Hansen| |Wilhelm_Hanstein|Wilhelm_Hanstein| |Khosro_Harandi|Khosro_Harandi| |Dronavalli_Harika|Dronavalli_Harika| |Pendyala_Harikrishna|Pendyala_Harikrishna| |Max_Harmonist|Max_Harmonist| |Daniel_Harrwitz|Daniel_Harrwitz| |William_Hartston|William_Hartston| |Wolfgang_Hasenfuss|Wolfgang_Hasenfuss| |Stewart_Haslinger|Stewart_Haslinger| |Arnaud_Hauchard|Arnaud_Hauchard| |Cécile_Haussernot|Cécile_Haussernot| |Kornél_Havasi|Kornél_Havasi| |Jonathan_Hawkins|Jonathan_Hawkins| |Mark_Hebden|Mark_Hebden| |Jean_Hebert|Jean_Hebert| |Hans-Joachim_Hecht|Hans-Joachim_Hecht| |Jonny_Hector|Jonny_Hector| |Fenny_Heemskerk|Fenny_Heemskerk| |Wolfgang_Heidenfeld|Wolfgang_Heidenfeld| |Jakub_Heilpern|Jakub_Heilpern| |Herbert_Heinicke|Herbert_Heinicke| |Arved_Heinrichsen|Arved_Heinrichsen| |Dan_Heisman|Dan_Heisman| |Grigory_Helbach|Grigory_Helbach| |Karl_Helling|Karl_Helling| |Johan_Hellsten|Johan_Hellsten| |Hermann_Helms|Hermann_Helms| |Ron_Henley|Ron_Henley| |Moriz_Henneberger|Moriz_Henneberger| |Walter_Henneberger|Walter_Henneberger| |Deen_Hergott|Deen_Hergott| |Sigmund_Herland|Sigmund_Herland| |Róża_Herman|Róża_Herman| |Gilberto_Hernández_Guerrero|Gilberto_Hernández_Guerrero| |Tiger_Hillarp_Persson|Tiger_Hillarp_Persson| |Wilhelm_Hilse|Wilhelm_Hilse| |Moshe_Hirschbein|Moshe_Hirschbein| |Moses_Hirschel|Moses_Hirschel| |Philipp_Hirschfeld|Philipp_Hirschfeld| |Jóhann_Hjartarson|Jóhann_Hjartarson| |Hoang_Thanh_Trang|Hoang_Thanh_Trang| |Albert_Hodges|Albert_Hodges| |Julian_Hodgson|Julian_Hodgson| |Leopold_Hoffer|Leopold_Hoffer| |Karl_Holländer|Karl_Holländer| |Edith_Holloway|Edith_Holloway| |Krystyna_Hołuj-Radzikowska|Krystyna_Hołuj-Radzikowska| |Walther_von_Holzhausen|Walther_Von_Holzhausen| |Baldur_Hönlinger|Baldur_Hönlinger| |Bill_Hook|Bill_Hook| |Vlastimil_Hort|Vlastimil_Hort| |Israel_Horowitz|Israel_Horowitz| |Bernhard_Horwitz|Bernhard_Horwitz| |Henry_Hosmer|Henry_Hosmer| |Enamul_Hossain|Enamul_Hossain| |Hou_Yifan|Hou_Yifan| |Jovanka_Houska|Jovanka_Houska| |Clarence_Howell|Clarence_Howell| |David_Howell|David_Howell| |James_Howell|James_Howell| |Zbyněk_Hráček|Zbyněk_Hráček| |Karel_Hromádka|Karel_Hromádka| |Vincenz_Hruby|Vincenz_Hruby| |Hsu_Li_Yang|Hsu_Li_Yang| |Huang_Qian|Huang_Qian| |Robert_Hübner|Robert_Hübner| |Werner_Hug|Werner_Hug| |Krunoslav_Hulak|Krunoslav_Hulak| |Koneru_Humpy|Koneru_Humpy| |Harriet_Hunt|Harriet_Hunt| |Alexander_Huzman|Alexander_Huzman| |Ildar_Ibragimov|Ildar_Ibragimov| |Bella_Igla|Bella_Igla| |Juan_Iliesco|Juan_Iliesco| |Rolando_Illa|Rolando_Illa| |Miguel_Illescas_Córdoba|Miguel_Illescas_Córdoba| |Alexander_Ilyin-Zhenevsky|Alexander_Ilyin-Zhenevsky| |Ernesto_Inarkiev|Ernesto_Inarkiev| |Viorel_Iordachescu|Viorel_Iordachescu| |Nana_Ioseliani|Nana_Ioseliani| |Alexander_Ipatov|Alexander_Ipatov| |Andrei_Istrățescu|Andrei_Istrățescu| |Saidali_Iuldachev|Saidali_Iuldachev| |Vassily_Ivanchuk|Vassily_Ivanchuk| |Ivan_Ivanišević|Ivan_Ivanišević| |Alexander_Ivanov|Alexander_Ivanov| |Igor_Ivanov|Igor_Ivanov| |Božidar_Ivanović|Božidar_Ivanović| |Borislav_Ivkov|Borislav_Ivkov| |Stefan_Izbinsky|Stefan_Izbinsky| |Zviad_Izoria|Zviad_Izoria| |Jana_Jacková|Jana_Jacková| |Egil_Jacobsen|Egil_Jacobsen| |Ernst_Jacobson|Ernst_Jacobson| |Carl_Jaenisch|Carl_Jaenisch| |Charles_Jaffe|Charles_Jaffe| |Jerzy_Jagielski|Jerzy_Jagielski| |Dmitry_Jakovenko|Dmitry_Jakovenko| |Lora_Jakovleva|Lora_Jakovleva| |Dragoljub_Janošević|Dragoljub_Janošević| |Chaim_Janowski|Chaim_Janowski| |Dawid_Janowski|Dawid_Janowski| |Vlastimil_Jansa|Vlastimil_Jansa| |Nicolai_Jasnogrodsky|Nicolai_Jasnogrodsky| |Carlos_Jauregui|Carlos_Jauregui| |Florian_Jenni|Florian_Jenni| |Eleazar_Jiménez|Eleazar_Jiménez| |Baadur_Jobava|Baadur_Jobava| |Leif_Erlend_Johannessen|Leif_Erlend_Johannessen| |Svein_Johannessen|Svein_Johannessen| |Darryl_Johansen|Darryl_Johansen| |Walter_John|Walter_John| |Hans_Johner|Hans_Johner| |Paul_Johner|Paul_Johner| |Gawain_Jones|Gawain_Jones| |Iolo_Jones|Iolo_Jones| |Paul_Journoud|Paul_Journoud| |Ju_Wenjun|Ju_Wenjun| |Max_Judd|Max_Judd| |Klaus_Junge|Klaus_Junge| |Otto_Junge|Otto_Junge| |Miervaldis_Jursevskis|Miervaldis_Jursevskis| |Bernhard_Kagan|Bernhard_Kagan| |Shimon_Kagan|Shimon_Kagan| |Victor_Kahn|Victor_Kahn| |Gregory_Kaidanov|Gregory_Kaidanov| |Osmo_Kaila|Osmo_Kaila| |Charles_Kalme|Charles_Kalme| |Gata_Kamsky|Gata_Kamsky| |Ilya_Kan|Ilya_Kan| |Marcus_Kann|Marcus_Kann| |Albert_Kapengut|Albert_Kapengut| |Julio_Kaplan|Julio_Kaplan| |Darja_Kapš|Darja_Kapš| |Mona_May_Karff|Mona_May_Karff| |Sergey_Karjakin|Sergey_Karjakin| |Anastasiya_Karlovich|Anastasiya_Karlovich| |Anatoly_Karpov|Anatoly_Karpov| |Isaac_Kashdan|Isaac_Kashdan| |Rustam_Kasimdzhanov|Rustam_Kasimdzhanov| |Garry_Kasparov|Garry_Kasparov| |Genrikh_Kasparyan|Genrikh_Kasparyan| |Miroslav_Katětov|Miroslav_Katětov| |Arthur_Kaufmann|Arthur_Kaufmann| |Lubomir_Kavalek|Lubomir_Kavalek| |Raymond_Keene|Raymond_Keene| |Hermann_Keidanski|Hermann_Keidanski| |Dieter_Keller|Dieter_Keller| |Edith_Keller-Herrmann|Edith_Keller-Herrmann| |Rudolf_Keller|Rudolf_Keller| |Brian_Kelly|Brian_Kelly| |Emil_Kemény|Emil_Kemény| |Edvīns_Ķeņģis|Edvīns_Ķeņģis| |Hugh_Alexander_Kennedy|Hugh_Alexander_Kennedy| |Paul_Keres|Paul_Keres| |Alexander_Kevitz|Alexander_Kevitz| |Rohini_Khadilkar|Rohini_Khadilkar| |Alexander_Khalifman|Alexander_Khalifman| |Mir_Sultan_Khan|Mir_Sultan_Khan| |Andrei_Kharlov|Andrei_Kharlov| |Murtas_Kazhgaleyev|Murtas_Kazhgaleyev| |Abram_Khavin|Abram_Khavin| |Igor_Khenkin|Igor_Khenkin| |Denis_Khismatullin|Denis_Khismatullin| |Ratmir_Kholmov|Ratmir_Kholmov| |Natalia_Khoudgarian|Natalia_Khoudgarian| |Nino_Khurtsidze|Nino_Khurtsidze| |Feliks_Kibbermann|Feliks_Kibbermann| |Georg_Kieninger|Georg_Kieninger| |Lionel_Kieseritzky|Lionel_Kieseritzky| |R.K._Kieseritzky|R.K._Kieseritzky| |Daniel_King|Daniel_King| |Olof_Kinnmark|Olof_Kinnmark| |Ove_Kinnmark|Ove_Kinnmark| |Georg_Klaus|Georg_Klaus| |Jan_Kleczyński,_Jr.|Jan_Kleczyński,_Jr.| |Jan_Kleczyński,_Sr.|Jan_Kleczyński,_Sr.| |Ernst_Klein|Ernest_Klein| |Paul_Klein|Paul_Klein| |Josef_Kling|Josef_Kling| |Jānis_Klovāns|Jānis_Klovāns| |Gyula_Kluger|Gyula_Kluger| |Hans_Kmoch|Hans_Kmoch| |Rainer_Knaak|Rainer_Knaak| |Viktor_Knorre|Viktor_Knorre| |Mikhail_Kobalia|Mikhail_Kobalia| |Alexander_Koblencs|Alexander_Koblencs| |Berthold_Koch|Berthold_Koch| |Alexander_Kochyev|Alexander_Kochyev| |Artur_Kogan|Artur_Kogan| |Boris_Kogan|Boris_Kogan| |Anton_Kohler|Anton_Kohler| |Stanisław_Kohn|Stanisław_Kohn| |Friedrich_Köhnlein|Friedrich_Köhnlein| |Dmitry_Kokarev|Dmitry_Kokarev| |Atanas_Kolev|Atanas_Kolev| |Ignác_Kolisch|Ignác_Kolisch| |Jakub_Kolski|Jakub_Kolski| |Georges_Koltanowski|Georges_Koltanowski| |Henrijeta_Konarkowska-Sokolov|Henrijeta_Konarkowska-Sokolov| |Humpy_Koneru|Humpy_Koneru| |Imre_König|Imre_König| |Jerzy_Konikowski|Jerzy_Konikowski| |Alexander_Konstantinopolsky|Alexander_Konstantinopolsky| |Danny_Kopec|Danny_Kopec| |Viktor_Korchnoi|Viktor_Korchnoi| |Akshayraj_Kore|Akshayraj_Kore| |Anton_Korobov|Anton_Korobov| |Imre_Korody|Imre_Korody| |Alexey_Korotylev|Alexey_Korotylev| |Yona_Kosashvili|Yona_Kosashvili| |Gary_Koshnitsky|Gary_Koshnitsky| |Nadezhda_Kosintseva|Nadezhda_Kosintseva| |Tatiana_Kosintseva|Tatiana_Kosintseva| |Alexandra_Kosteniuk|Alexandra_Kosteniuk| |Boris_Kostić|Boris_Kostić| |Jan_Kotrč|Jan_Kotrč| |Vasilios_Kotronias|Vasilios_Kotronias| |Pavel_Kotsur|Pavel_Kotsur| |Alexander_Kotov|Alexander_Kotov| |Čeněk_Kottnauer|Čeněk_Kottnauer| |Bachar_Kouatly|Bachar_Kouatly| |Vlatko_Kovačević|Vlatko_Kovačević| |Alexander_Kovchan|Alexander_Kovchan| |Boris_Koyalovich|Boris_Koyalovich| |Valentina_Kozlovskaya|Valentina_Kozlovskaya| |Zdenko_Kozul|Zdenko_Kozul| |Jesse_Kraai|Jesse_Kraai| |Yair_Kraidman|Yair_Kraidman| |Adolf_Kraemer|Adolf_Kraemer| |Adolf_Kramer|Adolf_Kramer| |Haije_Kramer|Haije_Kramer| |Vladimir_Kramnik|Vladimir_Kramnik| |Michał_Krasenkow|Michał_Krasenkow| |Orla_Hermann_Krause|Orla_Hermann_Krause| |Martyn_Kravtsiv|Martyn_Kravtsiv| |Boris_Kreiman|Boris_Kreiman| |Josef_Krejcik|Josef_Krejcik| |Leon_Kremer|Leon_Kremer| |Martin_Kreuzer|Martin_Kreuzer| |Ljuba_Kristol|Ljuba_Kristol| |Stanislav_Kriventsov|Stanislav_Kriventsov| |Nikolai_Krogius|Nikolai_Krogius| |Paul_Krüger|Paul_Krüger| |Irina_Krush|Irina_Krush| |Yuriy_Kryvoruchko|Yuriy_Kryvoruchko| |Arvid_Kubbel|Arvid_Kubbel| |Leonid_Kubbel|Leonid_Kubbel| |Sergey_Kudrin|Sergey_Kudrin| |Adam_Kuligowski|Adam_Kuligowski| |Kaido_Külaots|Kaido_Külaots| |Abhijit_Kunte|Abhijit_Kunte| |Abraham_Kupchik|Abraham_Kupchik| |Viktor_Kupreichik|Viktor_Kupreichik| |Bojan_Kurajica|Bojan_Kurajica| |Igor_Kurnosov|Igor_Kurnosov| |Alla_Kushnir|Alla_Kushnir| |Gennady_Kuzmin|Gennady_Kuzmin| |Yuriy_Kuzubov|Yuriy_Kuzubov| |Jan_Kvicala|Jan_Kvicala| |Kateryna_Lahno|Kateryna_Lahno| |Bogdan_Lalić|Bogdan_Lalić| |Erwin_lAmi|Erwin_Lami| |Frank_Lamprecht|Frank_Lamprecht| |Konstantin_Landa|Konstantin_Landa| |Salo_Landau|Salo_Landau| |Gary_Lane|Gary_Lane| |Lisa_Lane|Lisa_Lane| |Max_Lange|Max_Lange| |Salomon_Langleben|Salomon_Langleben| |Bent_Larsen|Bent_Larsen| |Ernst_Larsson|Ernst_Larsson| |Baron_Tassilo_von_Heydebrand_und_der_Lasa|Baron_Tassilo_Von_Heydebrand_Und_Der_Lasa| |Berthold_Lasker|Berthold_Lasker| |Edward_Lasker|Edward_Lasker| |Emanuel_Lasker|Emanuel_Lasker| |Milda_Lauberte|Milda_Lauberte| |Leho_Laurine|Leho_Laurine| |Joël_Lautier|Joël_Lautier| |Darwin_Laylo|Darwin_Laylo| |Frédéric_Lazard|Frédéric_Lazard| |Gustave_Lazard|Gustave_Lazard| |Milunka_Lazarević|Milunka_Lazarević| |Viktor_Laznicka|Viktor_Laznicka| |Lê_Quang_Liêm|Lê_Quang_Liêm| |Sergey_Lebedev|Sergey_Lebedev| |Peter_Lee|Peter_Lee| |Peter_Leepin|Peter_Leepin| |Legall_de_Kermeur|Legall_De_Kermeur| |Anatoly_Lein|Anatoly_Lein| |Péter_Lékó|Péter_Lékó| |Giovanni_Leonardo|Giovanni_Leonardo| |Paul_Saladin_Leonhardt|Paul_Saladin_Leonhardt| |Alex_Lenderman|Alex_Lenderman| |James_A._Leonard|James_A._Leonard| |Konstantin_Lerner|Konstantin_Lerner| |Jean-Pierre_Le_Roux|Jean-Pierre_Le_Roux| |Alexandre_Lesiege|Alexandre_Lesiege| |Norman_Lessing|Norman_Lessing| |René_Letelier|René_Letelier| |Grigory_Levenfish|Grigory_Levenfish| |Alexander_Levin|Aleksandr_Mitrofanovich_Levin| |Jacob_Levin|Jacob_Levin| |Naum_Levin|Naum_Levin| |Irina_Levitina|Irina_Levitina| |Stepan_Levitsky|Stepan_Levitsky| |David_Levy|David_Levy| |Jerzy_Lewi|Jerzy_Lewi| |Moritz_Lewitt|Moritz_Lewitt| |Li_Chao|Li_Chao| |Li_Ruofan|Li_Ruofan| |Li_Shilong|Li_Shilong| |Li_Shongjian|Li_Shongjian| |Li_Wenliang|Li_Wenliang| |Li_Zunian|Li_Zunian| |Liang_Chong|Liang_Chong| |Liang_Jinrong|Liang_Jinrong| |Vladimir_Liberzon|Vladimir_Liberzon| |Theodor_Lichtenhein|Theodor_Lichtenhein| |Espen_Lie|Espen_Lie| |Kjetil_Aleksander_Lie|Kjetil_Aleksander_Lie| |Andor_Lilienthal|Andor_Lilienthal| |Darcy_Lima|Darcy_Lima| |Lin_Ta|Lin_Ta| |Lin_Weiguo|Lin_Weiguo| |Paul_Lipke|Paul_Lipke| |Isaac_Lipnitsky|Isaac_Lipnitsky| |Samuel_Lipschütz|Samuel_Lipschütz| |Georgy_Lisitsin|Georgy_Lisitsin| |Paul_List|Paul_List| |Marta_Litinskaya-Shul|Marta_Litinskaya-Shul| |John_Littlewood|John_Littlewood| |Liu_Shilan|Liu_Shilan| |Liu_Wenzhe|Liu_Wenzhe| |Ljubomir_Ljubojević|Ljubomir_Ljubojević| |Eric_Lobron|Eric_Lobron| |Josef_Lokvenc|Josef_Lokvenc| |Giambattista_Lolli|Giambattista_Lolli| |Rudolf_Loman|Rudolf_Loman| |William_Lombardy|William_Lombardy| |Ruy_López_de_Segura|Ruy_López_De_Segura| |Edward_Löwe|Edward_Löwe| |Otto_Löwenborg|Otto_Löwenborg| |Johann_Löwenthal|Johann_Löwenthal| |Leopold_Löwy,_Jr|Leopold_Löwy,_Jr| |Leopold_Löwy,_Sr|Leopold_Löwy,_Sr| |Moishe_Lowtzky|Moishe_Lowtzky| |Sam_Loyd|Sam_Loyd| |Smbat_Lputian|Smbat_Lputian| |Luis_Ramirez_Lucena|Luis_Ramirez_Lucena| |Markas_Luckis|Markas_Luckis| |Andrey_Lukin|Andrey_Lukin| |Stig_Lundholm|Stig_Lundholm| |Erik_Lundin|Erik_Lundin| |Francisco_Lupi|Francisco_Lupi| |Constantin_Lupulescu|Constantin_Lupulescu| |Thomas_Luther|Thomas_Luther| |Christopher_Lutz|Christopher_Lutz| |Gottlieb_Machate|Gottlieb_Machate| |Aleksandras_Machtas|Aleksandras_Machtas| |Bartłomiej_Macieja|Bartłomiej_Macieja| |George_Henry_Mackenzie|George_Henry_Mackenzie| |Nicholas_MacLeod|Nicholas_Macleod| |Carlos_Maderna|Carlos_Maderna| |Ildikó_Mádl|Ildikó_Mádl| |Elmar_Magerramov|Elmar_Magerramov| |Joanna_Majdan|Joanna_Majdan| |Kazimierz_Makarczyk|Kazimierz_Makarczyk| |Vladimir_Makogonov|Vladimir_Makogonov| |Gyula_Makovetz|Gyula_Makovetz| |Vadim_Malakhatko|Vadim_Malakhatko| |Vladimir_Malakhov|Vladimir_Malakhov| |Vidmantas_Mališauskas|Vidmantas_Mališauskas| |Vladimir_Malaniuk|Vladimir_Malaniuk| |Boris_Maliutin|Boris_Maliutin| |Nidjat_Mamedov|Nidjat_Mamedov| |Shakhriyar_Mamedyarov|Shakhriyar_Mamedyarov| |Rauf_Mammadov|Rauf_Mammadov| |Maria_Manakova|Maria_Manakova| |Karmen_Mar|Karmen_Mar| |Napoleon_Marache|Napoleon_Marache| |Max_Marchand|Max_Marchand| |Georg_Marco|Georg_Marco| |Alisa_Marić|Alisa_Marić| |Mirjana_Marić|Mirjana_Marić| |Mihail_Marin|Mihail_Marin| |Beatriz_Marinello|Beatriz_Marinello| |Sergio_Mariotti|Sergio_Mariotti| |Ján_Markoš|Ján_Markoš| |Tomasz_Markowski|Tomasz_Markowski| |Robert_Markuš|Robert_Markuš| |Géza_Maróczy|Géza_Maróczy| |Davide_Marotti|Davide_Marotti| |Dražen_Marović|Dražen_Marović| |Frank_Marshall|Frank_Marshall| |Dion_Martinez|Dion_Martinez| |Giovanni_Martinolich|Giovanni_Martinolich| |Rico_Mascarinas|Rico_Mascarinas| |Houshang_Mashian|Houshang_Mashian| |James_Mason|James_Mason| |Dimitrios_Mastrovasilis|Dimitrios_Mastrovasilis| |Aleksandar_Matanović|Aleksandar_Matanović| |Hermanis_Matisons|Hermanis_Matisons| |Milan_Matulović|Milan_Matulović| |Svetlana_Matveeva|Svetlana_Matveeva| |Carl_Mayet|Carl_Mayet| |Isaak_Mazel|Isaak_Mazel| |Neil_McDonald|Neil_Mcdonald| |Alexander_McDonnell|Alexander_Mcdonnell| |Colin_McNab|Colin_Mcnab| |Luke_McShane|Luke_Mcshane| |Henrique_Mecking|Henrique_Mecking| |Antonio_Medina|Antonio_Medina_García| |Edmar_Mednis|Edmar_Mednis| |Susanto_Megaranto|Susanto_Megaranto| |Philipp_Meitner|Philipp_Meitner| |Hrant_Melkumyan|Hrant_Melkumyan| |Olga_Menchik|Olga_Menchik| |Vera_Menchik|Vera_Menchik| |Julius_Mendheim|Julius_Mendheim| |Jonathan_Mestel|Jonathan_Mestel| |Johannes_Metger|Johannes_Metger| |Voldemars_Mežgailis|Voldemars_Mežgailis| |Paul_Michel|Paul_Michel| |Walter_Michel|Walter_Michel| |Reginald_Price_Michell|Reginald_Price_Michell| |Jacques_Mieses|Jacques_Mieses| |Samuel_Mieses|Samuel_Mieses| |Vladas_Mikėnas|Vladas_Mikėnas| |Adrian_Mikhalchishin|Adrian_Mikhalchishin| |Victor_Mikhalevski|Victor_Mikhalevski| |Igor_Miladinović|Igor_Miladinović| |Tony_Miles|Tony_Miles| |Zdravko_Milev|Zdravko_Milev| |Borislav_Milic|Borislav_Milic| |Sophie_Milliet|Sophie_Milliet| |Stuart_Milner-Barry|Stuart_Milner-Barry| |Vadim_Milov|Vadim_Milov| |Artashes_Minasian|Artashes_Minasian| |Johannes_Minckwitz|Johannes_Minckwitz| |Nikolay_Minev|Nikolay_Minev| |Dragoljub_Minić|Dragoljub_Minić| |Evgenij_Miroshnichenko|Evgenij_Miroshnichenko| |Azer_Mirzoev|Azer_Mirzoev| |Vesna_Mišanović|Vesna_Mišanović| |Kamil_Mitoń|Kamil_Mitoń| |Lilit_Mkrtchian|Lilit_Mkrtchian| |Stasch_Mlotkowski|Stasch_Mlotkowski| |Abram_Model|Abram_Model| |Charles_Moehle|Charles_Moehle| |Jorgen_Moeller|Jorgen_Moeller| |Ariah_Mohiliver|Ariah_Mohiliver| |Stefan_Mohr|Stefan_Mohr| |Alexander_Moiseenko|Alexander_Moiseenko| |Baldur_Möller|Baldur_Möller| |Augustus_Mongredien|Augustus_Mongredien| |Léon_Monosson|Léon_Monosson| |Julius_du_Mont|Julius_Du_Mont| |Mario_Monticelli|Mario_Monticelli| |María_Teresa_Mora|María_Teresa_Mora| |Elshan_Moradi|Elshan_Moradi| |Luciana_Morales_Mendoza|Luciana_Morales_Mendoza| |Kalikst_Morawski|Kalikst_Morawski| |Bruno_Moritz|Bruno_Moritz| |Iván_Morovic|Iván_Morovic| |Alexander_Moroz|Alexander_Moroz| |Alexander_Morozevich|Alexander_Morozevich| |Paul_Morphy|Paul_Morphy| |John_Morrison|John_Morrison| |Niaz_Morshed|Niaz_Morshed| |Paul_Motwani|Paul_Motwani| |Alexander_Motylev|Alexander_Motylev| |Sergei_Movsesian|Sergei_Movsesian| |Paul_Mross|Paul_Mross| |Martin_Mrva|Martin_Mrva| |André_Muffang|André_Muffang| |Hans_Müller|Hans_Müller| |Karsten_Müller|Karsten_Müller| |César_Muñoz|César_Muñoz| |Piotr_Murdzia|Piotr_Murdzia| |Jacob_Murey|Jacob_Murey| |Augusto_de_Muro|Augusto_De_Muro| |Phiona_Mutesi|Phiona_Mutesi| |Anna_Muzychuk|Anna_Muzychuk| |Lhamsuren_Myagmarsuren|Lhamsuren_Myagmarsuren| |Hugh_Myers|Hugh_Myers| |Ashot_Nadanian|Ashot_Nadanian| |Arkadij_Naiditsch|Arkadij_Naiditsch| |Oskar_Naegeli|Oskar_Naegeli| |Géza_Nagy|Géza_Nagy| |Miguel_Najdorf|Miguel_Najdorf| |Hikaru_Nakamura|Hikaru_Nakamura| |William_Napier|William_Ewart_Napier| |Mario_Napolitano|Mario_Napolitano| |Renato_Naranja|Renato_Naranja| |Srinath_Narayanan|Srinath_Narayanan| |Daniel_Naroditsky|Daniel_Naroditsky| |David_Navara|David_Navara| |Vera_Nebolsina|Vera_Nebolsina| |Ozren_Nedeljković|Ozren_Nedeljković| |Gastón_Needleman|Gastón_Needleman| |Parimarjan_Negi|Parimarjan_Negi| |Iivo_Nei|Iivo_Nei| |Oleg_Neikirch|Oleg_Neikirch| |Kateřina_Němcová|Kateřina_Němcová| |Vladimir_Nenarokov|Vladimir_Nenarokov| |Ian_Nepomniachtchi|Ian_Nepomniachtchi| |Vincenzo_Nestler|Vincenzo_Nestler| |Augustin_Neumann|Augustin_Neumann| |Gustav_Neumann|Gustav_Neumann| |Vladislav_Nevednichy|Vladislav_Nevednichy| |Valeriy_Neverov|Valeriy_Neverov| |Rashid_Nezhmetdinov|Rashid_Nezhmetdinov| |Ni_Hua|Ni_Hua| |Arno_Nickel|Arno_Nickel| |Bryon_Nickoloff|Bryon_Nickoloff| |Bjørn_Nielsen|Bjørn_Nielsen| |Peter_Heine_Nielsen|Peter_Heine_Nielsen| |Torkil_Nielsen|Torkil_Nielsen| |Walter_Niephaus|Walter_Niephaus| |Yuri_Nikolaevsky|Yuri_Nikolaevsky| |Ioannis_Nikolaidis|Ioannis_Nikolaidis| |Predrag_Nikolić|Predrag_Nikolić| |Allan_Nilsson|Allan_Nilsson| |Aron_Nimzowitsch|Aron_Nimzowitsch| |Ning_Chunhong|Ning_Chunhong| |Liviu-Dieter_Nisipeanu|Liviu-Dieter_Nisipeanu| |Josef_Noa|Josef_Noa| |Jesus_Nogueiras|Jesus_Nogueiras| |Federico_Norcia|Federico_Norcia| |Holger_Norman-Hansen|Holger_Norman-Hansen| |David_Norwood|David_Norwood| |Daniël_Noteboom|Daniël_Noteboom| |Igor_Novikov|Igor_Novikov| |Nikolay_Novotelnov|Nikolay_Novotelnov| |Heinz_Nowarra|Heinz_Nowarra| |John_Nunn|John_Nunn| |Friedrich_Nürnberg|Friedrich_Nürnberg| |Tomi_Nyback|Tomi_Nyback| |Gustaf_Nyholm|Gustaf_Nyholm| |Illya_Nyzhnyk|Illya_Nyzhnyk| |Kevin_OConnell|Kevin_Oconnell| |Handszar_Odeev|Handszar_Odeev| |Leif_Øgaard|Leif_Øgaard| |John_OHanlon|John_Ohanlon| |Tõnu_Õim|Tõnu_Õim| |Kaarle_Ojanen|Kaarle_Ojanen| |Albéric_OKelly_de_Galway|Albéric_Okelly_De_Galway| |Friðrik_Ólafsson|Friðrik_Ólafsson| |Helgi_Ólafsson|Helgi_Ólafsson| |Mikhailo_Oleksienko|Mikhailo_Oleksienko| |Lembit_Oll|Lembit_Oll| |Adolf_Georg_Olland|Adolf_Georg_Olland| |Anton_Olson|Anton_Olson| |Alexander_Onischuk|Alexander_Onischuk| |Karel_Opočensky|Karel_Opočensky| |Wilhelm_Orbach|Wilhelm_Orbach| |Menachem_Oren|Menachem_Oren| |Gerard_Oskam|Gerard_Oskam| |Berge_Ostenstad|Berge_Ostenstad| |John_Owen|John_Owen| |Karlis_Ozols|Karlis_Ozols| |Ludek_Pachman|Ludek_Pachman| |Nikola_Padevsky|Nikola_Padevsky| |Elisabeth_Pähtz|Elisabeth_Pähtz| |Mladen_Palac|Mladen_Palac| |Sam_Palatnik|Sam_Palatnik| |Luis_Palau|Luis_Palau| |Victor_Palciauskas|Victor_Palciauskas| |Richard_Palliser|Richard_Palliser| |Rudolf_Palme|Rudolf_Palme| |Ryan_Palmer|Ryan_Palmer| |Davor_Palo|Davor_Palo| |Eero_Paloheimo|Eero_Paloheimo| |Oscar_Panno|Oscar_Panno| |Vasily_Panov|Vasily_Panov| |Mark_Paragua|Mark_Paragua| |Shadi_Paridar|Shadi_Paridar| |Mircea_Parligras|Mircea_Parligras| |Bruno_Parma|Bruno_Parma| |Frank_Parr|Frank_Parr| |Louis_Paulsen|Louis_Paulsen| |Wilfried_Paulsen|Wilfried_Paulsen| |Duško_Pavasovič|Duško_Pavasovič| |Max_Pavey|Max_Pavey| |Jiří_Pelikán|Jiří_Pelikán| |Yannick_Pelletier|Yannick_Pelletier| |Roman_Pelts|Roman_Pelts| |Peng_Xiaomin|Peng_Xiaomin| |Peng_Zhaoqin|Peng_Zhaoqin| |Jonathan_Penrose|Jonathan_Penrose| |Corina_Peptan|Corina_Peptan| |Julius_Perlis|Julius_Perlis| |Frederic_Perrin|Frederic_Perrin| |Raaphi_Persitz|Raaphi_Persitz| |Nick_Pert|Nick_Pert| |John_Peters|John_Peters| |Jusefs_Petkevich|Jusefs_Petkevich| |Arshak_Petrosian|Arshak_Petrosian| |Davit_G._Petrosian|Davit_G._Petrosian| |Tigran_Petrosian|Tigran_Petrosian| |Alexander_Petrov|Alexander_Petrov| |Vladimirs_Petrovs|Vladimirs_Petrovs| |Gerhard_Pfeiffer|Gerhard_Pfeiffer| |Helmut_Pfleger|Helmut_Pfleger| |François-André_Danican_Philidor|François-André_Danican_Philidor| |Luis_Piazzini|Luis_Piazzini| |Jeroen_Piket|Jeroen_Piket| |Harry_Nelson_Pillsbury|Harry_Nelson_Pillsbury| |Herman_Pilnik|Herman_Pilnik| |Karol_Piltz|Karol_Piltz| |Albert_Pinkus|Albert_Pinkus| |József_Pintér|József_Pintér| |Vasja_Pirc|Vasja_Pirc| |Rudolf_Pitschak|Rudolf_Pitschak| |Karl_Pitschel|Karl_Pitschel| |Aaron_Pixton|Aaron_Pixton| |Ján_Plachetka|Ján_Plachetka| |Albin_Planinc|Albin_Planinc| |James_Plaskett|James_Plaskett| |Kazimierz_Plater|Kazimierz_Plater| |Igor_Platonov|Igor_Platonov| |Joseph_Platz|Joseph_Platz| |Isaias_Pleci|Isaias_Pleci| |David_Podhorzer|David_Podhorzer| |Natalia_Pogonina|Natalia_Pogonina| |Henryk_Pogorieły|Henryk_Pogorieły| |Ernest_Pogosyants|Ernest_Pogosyants| |Iosif_Pogrebyssky|Iosif_Pogrebyssky| |Amos_Pokorný|Amos_Pokorný| |Rudolph_Pokorny|Rudolph_Pokorny| |Giulio_Polerio|Giulio_Polerio| |Judit_Polgár|Judit_Polgár| |Zsuzsa_Polgar|Zsuzsa_Polgar| |Zsofia_Polgar|Zsofia_Polgar| |Elisabeta_Polihroniade|Elisabeta_Polihroniade| |David_Polland|David_Polland| |William_Pollock|William_Pollock| |Lev_Polugaevsky|Lev_Polugaevsky| |Arturo_Pomar|Arturo_Pomar| |Ruslan_Ponomariov|Ruslan_Ponomariov| |Domenico_Ponziani|Domenico_Ponziani| |Stepan_Popel|Stepan_Popel| |Ignatz_von_Popiel|Ignatz_Von_Popiel| |Petar_Popović|Petar_Popović| |Artur_Poplawski|Artur_Poplawski| |Yosef_Porath|Yosef_Porath| |Moritz_Porges|Moritz_Porges| |Lajos_Portisch|Lajos_Portisch| |Ehrhardt_Post|Ehrhardt_Post| |Evgeny_Postny|Evgeny_Postny| |Peter_Potemkine|Peter_Potemkine| |Vladimir_Potkin|Vladimir_Potkin| |Ludovit_Potuček|Ludovit_Potuček| |Christian_Poulsen|Christian_Poulsen| |Atousa_Pourkashiyan|Atousa_Pourkashiyan| |Borki_Predojević|Borki_Predojević| |Edith_Charlotte_Price|Edith_Charlotte_Price| |Lodewijk_Prins|Lodewijk_Prins| |Svetlana_Prudnikova|Svetlana_Prudnikova| |Dawid_Przepiórka|Dawid_Przepiórka| |Lev_Psakhis|Lev_Psakhis| |Lenka_Ptacnikova|Lenka_Ptacnikova| |Stojan_Puc|Stojan_Puc| |Viktors_Pupols|Viktors_Pupols| |Cecil_Purdy|Cecil_Purdy| |John_Purdy|John_Purdy| |Qi_Jingxuan|Qi_Jingxuan| |Qin_Kanying|Qin_Kanying| |Oscar_Quiñones|Oscar_Quiñones| |Miguel_Quinteros|Miguel_Quinteros| |Braslav_Rabar|Braslav_Rabar| |Abram_Rabinovich|Abram_Rabinovich| |Ilya_Rabinovich|Ilya_Rabinovich| |Teimour_Radjabov|Teimour_Radjabov| |Ivan_Radulov|Ivan_Radulov| |Markus_Ragger|Markus_Ragger| |Viacheslav_Ragozin|Viacheslav_Ragozin| |Ziaur_Rahman|Ziaur_Rahman| |Maurice_Raizman|Maurice_Raizman| |Iweta_Rajlich|Iweta_Rajlich| |Ramachandran_Ramesh|Ramachandran_Ramesh| |Alejandro_Ramírez|Alejandro_Ramírez| |Richárd_Rapport|Richárd_Rapport| |Nukhim_Rashkovsky|Nukhim_Rashkovsky| |Ilmar_Raud|Ilmar_Raud| |Vsevolod_Rauzer|Vsevolod_Rauzer| |Yuri_Razuvayev|Yuri_Razuvayev| |Damian_Reca|Damian_Reca| |Hans_Ree|Hans_Ree| |Brian_Reilly|Brian_Reilly| |Dimitri_Reinderman|Dimitri_Reinderman| |Fred_Reinfeld|Fred_Reinfeld| |Heinrich_Reinhardt|Heinrich_Reinhardt| |Salome_Reischer|Salome_Reischer| |Teodor_Regedziński|Teodor_Regedziński| |Arturo_Reggio|Arturo_Reggio| |Josef_Rejfir|Josef_Rejfir| |Ludwig_Rellstab|Ludwig_Rellstab| |Georges_Renaud|Georges_Renaud| |Samuel_Reshevsky|Samuel_Reshevsky| |Pál_Réthy|Pál_Réthy| |Richard_Réti|Richard_Réti| |Ramón_Rey_Ardid|Ramón_Rey_Ardid| |Alexander_Riazantsev|Alexander_Riazantsev| |Zoltán_Ribli|Zoltán_Ribli| |Pablo_Ricardi|Pablo_Ricardi| |Isaac_Rice|Isaac_Rice| |Kurt_Richter|Kurt_Richter| |Antonio_Rico|Antonio_Rico| |Alessandra_Riegler|Alessandra_Riegler| |Fritz_Riemann|Fritz_Riemann| |Friedl_Rinder|Friedl_Rinder| |Horst_Rittner|Horst_Rittner| |Nikolai_Riumin|Nikolai_Riumin| |Jules_Arnous_de_Rivière|Jules_Arnous_De_Rivière| |Karl_Robatsch|Karl_Robatsch| |Walter_Robinow|Walter_Robinow| |Ray_Robson|Ray_Robson| |Ludwig_Rödl|Ludwig_Rödl| |Maxim_Rodshtein|Maxim_Rodshtein| |Hans_Roepstorff|Hans_Roepstorff| |Ian_Rogers|Ian_Rogers| |Gustav_Rogmann|Gustav_Rogmann| |Kenneth_Rogoff|Kenneth_Rogoff| |Dorian_Rogozenko|Dorian_Rogozenko| |Ivan_Vladimir_Rohaček|Ivan_Vladimir_Rohaček| |Michael_Rohde|Michael_Rohde| |Michael_Roiz|Michael_Roiz| |Oleg_Romanishin|Oleg_Romanishin| |Alexander_Romanovsky|Alexander_Romanovsky| |Peter_Romanovsky|Peter_Romanovsky| |Max_Romih|Max_Romih| |Chris_de_Ronde|Chris_De_Ronde| |Catharina_Roodzant|Catharina_Roodzant| |Salme_Rootare|Salme_Rootare| |Vidrik_Rootare|Vidrik_Rootare| |Jakob_Rosanes|Jakob_Rosanes| |Bernardo_Roselli|Bernardo_Roselli| |Eric_Rosen|Eric_Rosen| |Leon_Rosen|Leon_Rosen| |Andreas_Rosendahl|Andreas_Rosendahl| |Karl_Wilhelm_Rosenkrantz|Karl_Wilhelm_Rosenkrantz| |Jacob_Rosenthal|Jacob_Rosenthal| |Samuel_Rosenthal|Samuel_Rosenthal| |Laura_Ross|Laura_Ross| |Stefano_Rosselli_del_Turco|Stefano_Rosselli_Del_Turco| |Héctor_Rossetto|Héctor_Rossetto| |Nicolas_Rossolimo|Nicolas_Rossolimo| |Gersz_Rotlewi|Gersz_Rotlewi| |Eugéne_Rousseau|Eugéne_Rousseau| |Jonathan_Rowson|Jonathan_Rowson| |Solomon_Rozental|Solomon_Rozental| |Eduardas_Rozentalis|Eduardas_Rozentalis| |Vesna_Rožič|Vesna_Rožič| |Ruan_Lufei|Ruan_Lufei| |Serge_Rubanraut|Serge_Rubanraut| |Karl_Ruben|Karl_Ruben| |Jorge_Rubinetti|Jorge_Rubinetti| |Akiba_Rubinstein|Akiba_Rubinstein| |Emanuel_Rubinstein|Emanuel_Rubinstein| |José_Rubinstein|José_Rubinstein| |Simon_Rubinstein|Simon_Rubinstein| |Solomon_Rubinstein|Solomon_Rubinstein| |Sergei_Rublevsky|Sergei_Rublevsky| |Olga_Rubtsova|Olga_Rubtsova| |Iosif_Rudakovsky|Iosif_Rudakovsky| |Lyudmila_Rudenko|Lyudmila_Rudenko| |Mary_Rudge|Mary_Rudge| |Nikoly_Rudnev|Nikoly_Rudnev| |Anna_Rudolf|Anna_Rudolf| |Alexander_Rueb|Alexander_Rueb| |Mikhail_Rytshagov|Mikhail_Rytshagov| |Peter_Alexandrovich_Saburov|Peter_Alexandrovich_Saburov| |Peter_Petrovich_Saburov|Peter_Petrovich_Saburov| |Antonio_Sacconi|Antonio_Sacconi| |Matthew_Sadler|Matthew_Sadler| |Darmen_Sadvakasov|Darmen_Sadvakasov| |Yousof_Safvat|Yousof_Safvat| |Pierre_Charles_Fournier_de_Saint-Amant|Pierre_Charles_Fournier_De_Saint-Amant| |Jaroslav_Šajtar|Jaroslav_Šajtar| |Konstantin_Sakaev|Konstantin_Sakaev| |Yuri_Sakharov|Yuri_Sakharov| |Valery_Salov|Valery_Salov| |Alessandro_Salvio|Alessandro_Salvio| |Gersz_Salwe|Gersz_Salwe| |Friedrich_Sämisch|Friedrich_Sämisch| |Sergiu_Samarian|Sergiu_Samarian| |Grigory_Sanakoev|Grigory_Sanakoev| |Luis_Augusto_Sánchez|Luis_Augusto_Sánchez| |Albert_Sandrin_Jr.|Albert_Sandrin_Jr.| |Raúl_Sanguineti|Raúl_Sanguineti| |Anthony_Santasiere|Anthony_Santasiere| |Emmanuel_Sapira|Emmanuel_Sapira| |Ortvin_Sarapu|Ortvin_Sarapu| |Jonathan_Sarfati|Jonathan_Sarfati| |Gabriel_Sargissian|Gabriel_Sargissian| |Ivan_Šarić|Ivan_Šarić| |Zoltan_Sarosy|Zoltan_Sarosy| |Jacob_Sarratt|Jacob_Sarratt| |Jeff_Sarwer|Jeff_Sarwer| |Krishnan_Sasikiran|Krishnan_Sasikiran| |Harold_Saunders|Harold_Saunders| |Stanislav_Savchenko|Stanislav_Savchenko| |Vladimir_Savon|Vladimir_Savon| |Gyula_Sax|Gyula_Sax| |Emil_Schallopp|Emil_Schallopp| |Morris_Schapiro|Morris_Schapiro| |Willem_Schelfhout|Willem_Schelfhout| |Theodor_von_Scheve|Theodor_Von_Scheve| |Emanuel_Schiffers|Emanuel_Schiffers| |Willi_Schlage|Willi_Schlage| |Carl_Schlechter|Carl_Schlechter| |Roland_Schmaltz|Roland_Schmaltz| |Carl_Friedrich_Schmid|Carl_Friedrich_Schmid| |Lothar_Schmid|Lothar_Schmid| |Paul_Felix_Schmidt|Paul_Felix_Schmidt| |Wlodzimierz_Schmidt|Wlodzimierz_Schmidt| |Ludwig_Schmitt|Ludwig_Schmitt| |Wilhelm_Schönmann|Wilhelm_Schönmann| |Georg_Schories|Georg_Schories| |Karl_Schorn|Karl_Schorn| |Arnold_Schottländer|Arnold_Schottländer| |František_Schubert|František_Schubert| |John_William_Schulten|John_William_Schulten| |Jan_Schulz|Jan_Schulz| |Aaron_Schwartzman|Aaron_Schwartzman| |Gabriel_Schwartzman|Gabriel_Schwartzman| |Leon_Schwartzmann|Leon_Schwartzmann| |Paulette_Schwartzmann|Paulette_Schwartzmann| |Adolf_Schwarz|Adolf_Schwarz| |Jacques_Schwarz|Jacques_Schwarz| |Samuel_Schweber|Samuel_Schweber| |Marie_Sebag|Marie_Sebag| |Yasser_Seirawan|Yasser_Seirawan| |Adolf_Seitz|Adolf_Seitz| |Alexey_Selezniev|Alexey_Selezniev| |Lidia_Semenova|Lidia_Semenova| |Olav_Sepp|Olav_Sepp| |Edward_Guthlac_Sergeant|Edward_Guthlac_Sergeant| |Philip_Walsingham_Sergeant|Philip_Walsingham_Sergeant| |Aleksandr_Sergeyev|Aleksandr_Sergeyev| |Drazen_Sermek|Drazen_Sermek| |Gregory_Serper|Gregory_Serper| |Alexander_Shabalov|Alexander_Shabalov| |Greg_Shahade|Greg_Shahade| |Jennifer_Shahade|Jennifer_Shahade| |Leonid_Shamkovich|Leonid_Shamkovich| |Gauri_Shankar|Gauri_Shankar| |Samuel_Shankland|Samuel_Shankland| |Andrey_Shariyazdanov|Andrey_Shariyazdanov| |Elizabeth_Shaughnessy|Elizabeth_Shaughnessy| |Shen_Yang|Shen_Yang| |James_Sherwin|James_Sherwin| |Sergei_Shipov|Sergei_Shipov| |Kamran_Shirazi|Kamran_Shirazi| |Alexei_Shirov|Alexei_Shirov| |Nigel_Short|Nigel_Short| |Jackson_Showalter|Jackson_Showalter| |Yury_Shulman|Yury_Shulman| |Ilya_Shumov|Ilya_Shumov| |Félix_Sicre|Félix_Sicre| |Bruno_Edgar_Siegheim|Bruno_Edgar_Siegheim| |Guðmundur_Sigurjónsson|Guðmundur_Sigurjónsson| |Jeremy_Silman|Jeremy_Silman| |Vladimir_Simagin|Vladimir_Simagin| |Albert_Simonson|Albert_Simonson| |Amon_Simutowe|Amon_Simutowe| |Marcel_Sisniega_Campbell|Marcel_Sisniega_Campbell| |Stanislaus_Sittenfeld|Stanislaus_Sittenfeld| |Sanan_Sjugirov|Sanan_Sjugirov| |Karel_Skalička|Karel_Skalička| |Almira_Skripchenko|Almira_Skripchenko| |Bogdan_Śliwa|Bogdan_Śliwa| |Sam_Sloan|Sam_Sloan| |Roman_Slobodjan|Roman_Slobodjan| |Jorn_Sloth|Jorn_Sloth| |Jan_Smeets|Jan_Smeets| |Jan_Smejkal|Jan_Smejkal| |David_Smerdon|David_Smerdon| |Shlomo_Smiltiner|Shlomo_Smiltiner| |Ilya_Smirin|Ilya_Smirin| |Pavel_Smirnov|Pavel_Smirnov| |Stephen_Francis_Smith|Stephen_Francis_Smith| |Vasily_Osipovich_Smyslov|Vasily_Osipovich_Smyslov| |Vasily_Smyslov|Vasily_Smyslov| |Wesley_So|Wesley_So| |Bartosz_Soćko|Bartosz_Soćko| |Monika_Soćko|Monika_Soćko| |Andrei_Sokolov|Andrei_Sokolov| |Ivan_Sokolov|Ivan_Sokolov| |Alexey_Sokolsky|Alexey_Sokolsky| |Dragan_Solak|Dragan_Solak| |Alexander_Solovtsov|Alexander_Solovtsov| |Andrew_Soltis|Andrew_Soltis| |Ariel_Sorin|Ariel_Sorin| |Genna_Sosonko|Genna_Sosonko| |Victor_Soultanbeieff|Victor_Soultanbeieff| |Vladimir_Sournin|Vladimir_Sournin| |João_de_Souza_Mendes|João_De_Souza_Mendes| |Hugo_Spangenberg|Hugo_Spangenberg| |Vasil_Spasov|Vasil_Spasov| |Boris_Spassky|Boris_Spassky| |Jon_Speelman|Jon_Speelman| |Abraham_Speijer|Abraham_Speijer| |Rudolf_Spielmann|Rudolf_Spielmann| |Kevin_Spraggett|Kevin_Spraggett| |Ana_Srebrnič|Ana_Srebrnič| |Gideon_Ståhlberg|Gideon_Ståhlberg| |Wilhelm_von_Stamm|Wilhelm_Von_Stamm| |Phillip_Stamma|Phillip_Stamma| |Nikolaus_Stanec|Nikolaus_Stanec| |Charles_Stanley|Charles_Stanley| |Nava_Starr|Nava_Starr| |Howard_Staunton|Howard_Staunton| |Michael_Stean|Michael_Stean| |Antoaneta_Stefanova|Antoaneta_Stefanova| |Hannes_Stefansson|Hannes_Stefansson| |Elias_Stein|Elias_Stein| |Leonid_Stein|Leonid_Stein| |Endre_Steiner|Endre_Steiner| |Lajos_Steiner|Lajos_Steiner| |Herman_Steiner|Herman_Steiner| |Wilhelm_Steinitz|Wilhelm_Steinitz| |Daniel_Stellwagen|Daniel_Stellwagen| |Károly_Sterk|Károly_Sterk| |Adolf_Stern|Adolf_Stern| |Agnes_Stevenson|Agnes_Stevenson| |Lara_Stock|Lara_Stock| |Mark_Stolberg|Mark_Stolberg| |Gösta_Stoltz|Gösta_Stoltz| |Leon_Stolzenberg|Leon_Stolzenberg| |Zurab_Sturua|Zurab_Sturua| |Mihai_Suba|Mihai_Suba| |Mladen_Šubarić|Mladen_Šubarić| |Hugo_Süchting|Hugo_Süchting| |Alexey_Suetin|Alexey_Suetin| |Berthold_Suhle|Berthold_Suhle| |Franciszek_Sulik|Franciszek_Sulik| |Šarūnas_Šulskis|Šarūnas_Šulskis| |Aaron_Summerscale|Aaron_Summerscale| |Anne_Sunnucks|Anne_Sunnucks| |Jaime_Sunye_Neto|Jaime_Sunye_Neto| |Emil_Sutovsky|Emil_Sutovsky| |Duncan_Suttles|Duncan_Suttles| |Evgeny_Sveshnikov|Evgeny_Sveshnikov| |Dmitry_Svetushkin|Dmitry_Svetushkin| |Peter_Svidler|Peter_Svidler| |Rudolf_Swiderski|Rudolf_Swiderski| |Eugenio_Szabados|Eugenio_Szabados| |László_Szabó|László_Szabó| |Gedali_Szapiro|Gedali_Szapiro| |Salomon_Szapiro|Salomon_Szapiro| |Rudolph_Sze|Rudolph_Sze| |József_Szén|József_Szén| |József_Szily|József_Szily| |Jorge_Szmetan|Jorge_Szmetan| |Aleksander_Sznapik|Aleksander_Sznapik| |Abram_Szpiro|Abram_Szpiro| |Mark_Taimanov|Mark_Taimanov| |Sándor_Takács|Sándor_Takács| |Mikhail_Tal|Mikhail_Tal| |Tan_Chengxuan|Tan_Chengxuan| |Hiong_Liong_Tan|Hiong_Liong_Tan| |Lian_Ann_Tan|Lian_Ann_Tan| |László_Tapasztó|László_Tapasztó| |James_Tarjan|James_Tarjan| |Siegbert_Tarrasch|Siegbert_Tarrasch| |Savielly_Tartakower|Savielly_Tartakower| |Jean_Taubenhaus|Jean_Taubenhaus| |Lev_Taussig|Lev_Taussig| |Povilas_Tautvaišas|Povilas_Tautvaišas| |Jan_Willem_te_Kolsté|Jan_Willem_Te_Kolsté| |Richard_Teichmann|Richard_Teichmann| |Oscar_Tenner|Oscar_Tenner| |Rudolf_Teschner|Rudolf_Teschner| |Vitaly_Teterev|Vitaly_Teterev| |Praveen_Thipsay|Praveen_Thipsay| |Murugan_Thiruchelvam|Murugan_Thiruchelvam| |George_Alan_Thomas|George_Alan_Thomas| |James_Thompson|James_Thompson| |Theophilus_Thompson|Theophilus_Thompson| |Tian_Tian|Tian_Tian| |Viktor_Tietz|Viktor_Tietz| |Hans_Tikkanen|Hans_Tikkanen| |Jan_Timman|Jan_Timman| |Gert_Jan_Timmerman|Gert_Jan_Timmerman| |Artyom_Timofeev|Artyom_Timofeev| |Samuel_Tinsley|Samuel_Tinsley| |Sergei_Tiviakov|Sergei_Tiviakov| |Jonathan_Tisdall|Jonathan_Tisdall| |Vladislav_Tkachiev|Vladislav_Tkachiev| |Miodrag_Todorcevic|Miodrag_Todorcevic| |Alexander_Tolush|Alexander_Tolush| |Evgeny_Tomashevsky|Evgeny_Tomashevsky| |Vasilije_Tomović|Vasilije_Tomović| |Tong_Yuanming|Tong_Yuanming| |Alice_Tonini|Alice_Tonini| |Veselin_Topalov|Veselin_Topalov| |Eugenio_Torre|Eugenio_Torre| |Carlos_Torre_Repetto|Carlos_Torre_Repetto| |Yury_Toshev|Yury_Toshev| |Izaak_Towbin|Izaak_Towbin| |Karel_Traxler|Karel_Traxler| |Herbert_William_Trenchard|Herbert_William_Trenchard| |Lawrence_Trent|Lawrence_Trent| |František_Treybal|František_Treybal| |Karel_Treybal|Karel_Treybal| |George_Treysman|George_Treysman| |Petar_Trifunović|Petar_Trifunović| |Georgi_Tringov|Georgi_Tringov| |Paul_Truong|Paul_Truong| |Cindy_Tsai|Cindy_Tsai| |Anatol_Tschepurnoff|Anatol_Tschepurnoff| |Mark_Tseitlin|Mark_Tseitlin| |Mikhail_Tseitlin|Mikhail_Tseitlin| |Vitaly_Tseshkovsky|Vitaly_Tseshkovsky| |Alexander_Tsvetkov|Alexander_Tsvetkov| |Leon_Tuhan-Baranowski|Leon_Tuhan-Baranowski| |Vladimir_Tukmakov|Vladimir_Tukmakov| |Myroslav_Turiansky|Myroslav_Turiansky| |Johannes_Türn|Johannes_Türn| |Abe_Turner|Abe_Turner| |Maxim_Turov|Maxim_Turov| |Isador_Samuel_Turover|Isador_Samuel_Turover| |Theodore_Tylor|T_H_Tylor| |Dimitri_Tyomkin|Dimitri_Tyomkin| |Alexandru_Tyroler|Alexandru_Tyroler| |Louis_Uedemann|Louis_Uedemann| |Shinsaku_Uesugi|Shinsaku_Uesugi| |Wolfgang_Uhlmann|Wolfgang_Uhlmann| |Tüdeviin_Üitümen|Tüdeviin_Üitümen| |Maximilian_Ujtelky|Maximilian_Ujtelky| |Mikhail_Ulibin|Mikhail_Ulibin| |Mikhail_Umansky|Mikhail_Umansky| |Wolfgang_Unzicker|Wolfgang_Unzicker| |Anna_Ushenina|Anna_Ushenina| |Maxime_Vachier-Lagrave|Maxime_Vachier-Lagrave| |Rafael_Vaganian|Rafael_Vaganian| |Samuil_Vainshtein|Samuil_Vainshtein| |Anatoly_Vaisser|Anatoly_Vaisser| |Povilas_Vaitonis|Povilas_Vaitonis| |Árpád_Vajda|Árpád_Vajda| |Francisco_Vallejo_Pons|Francisco_Vallejo_Pons| |Michael_Valvo|Michael_Valvo| |Johannes_van_den_Bosch|Johannes_Van_Den_Bosch| |Arnold_van_den_Hoek|Arnold_Van_Den_Hoek| |Paul_van_der_Sterren|Paul_Van_Der_Sterren| |John_van_der_Wiel|John_Van_Der_Wiel| |Arnold_van_Foreest|Arnold_Van_Foreest| |Dirk_van_Foreest|Dirk_Van_Foreest| |Norman_van_Lennep|Norman_Van_Lennep| |Herman_Claudius_van_Riemsdijk|Herman_Claudius_Van_Riemsdijk| |Theo_van_Scheltinga|Theo_Van_Scheltinga| |Louis_van_Vliet|Louis_Van_Vliet| |Loek_van_Wely|Loek_Van_Wely| |Cyril_Vansittart|Cyril_Vansittart| |Zoltán_Varga|Zoltán_Varga| |Egon_Varnusz|Egon_Varnusz| |Evgeni_Vasiukov|Evgeni_Vasiukov| |Petar_Velikov|Petar_Velikov| |Dragoljub_Velimirović|Dragoljub_Velimirović| |Gavriil_Veresov|Gavriil_Veresov| |Beniamino_Vergani|Beniamino_Vergani| |Giovanni_Vescovi|Giovanni_Vescovi| |Boris_Verlinsky|Boris_Verlinsky| |Milan_Vidmar|Milan_Vidmar| |Milan_Vidmar,_Jr.|Milan_Vidmar,_Jr.| |Subbaraman_Vijayalakshmi|Subbaraman_Vijayalakshmi| |Benito_Villegas|Benito_Villegas| ,    |Yakov_Vilner|Yakov_Vilner| |William_Samuel_Viner|William_Samuel_Viner| |Fernando_Visier_Segovia|Fernando_Visier_Segovia| |Isakas_Vistaneckis|Isakas_Vistaneckis| |Nikita_Vitiugov|Nikita_Vitiugov| |Alvis_Vitolinš|Alvis_Vitolinš| |Evgeny_Vladimirov|Evgeny_Vladimirov| |Erwin_Voellmy|Erwin_Voellmy| |Sergey_Volkov|Sergey_Volkov| |Andrei_Volokitin|Andrei_Volokitin| |Larisa_Volpert|Larisa_Volpert| |Andrey_Vovk|Andrey_Vovk| |Yuri_Vovk|Yuri_Vovk| |Zvonko_Vranesic|Zvonko_Vranesic| |Milan_Vukcevich|Milan_Vukcevich| |Milan_Vukić|Milan_Vukić| |Vladimir_Vuković|Vladimir_Vuković| |Konstantin_Vygodchikov|Konstantin_Vygodchikov| |Alexey_Vyzmanavin|Alexey_Vyzmanavin| |Robert_Wade|Robert_Wade| |Alexander_Wagner|Alexander_Wagner| |Heinrich_Wagner|Heinrich_Wagner| |Victor_Wahltuch|Victor_Wahltuch| |Josh_Waitzkin|Josh_Waitzkin| |Carl_August_Walbrodt|Carl_August_Walbrodt| |George_Walker|George_Walker| |Max_Walter|Max_Walter| |Wang_Hao|Wang_Hao| |Wang_Lei|Wang_Lei| |Wang_Pin|Wang_Pin| |Puchen_Wang|Puchen_Wang| |Wang_Rui|Wang_Rui| |Wang_Yu|Wang_Yu| |Wang_Yue|Wang_Yue| |Chris_Ward|Chris_Ward| |Preston_Ware|Preston_Ware| |Cathy_Warwick|Cathy_Warwick| |Miyoko_Watai|Miyoko_Watai| |John_L._Watson|John_L._Watson| |William_Watson|William_Watson| |William_Wayte|William_Wayte| |Simon_Webb|Simon_Webb| |Tom_Wedberg|Tom_Wedberg| |Henri_Weenink|Henri_Weenink| |Otto_Wegemund|Otto_Wegemund| |Wolfgang_Weil|Wolfgang_Weil| |Max_Weiss|Max_Weiss| |Peter_Wells|Peter_Wells| |Carl_Wemmers|Carl_Wemmers| |Wen_Yang|Wen_Yang| |Jan_Werle|Jan_Werle| |Guy_West|Guy_West| |Heikki_Westerinen|Heikki_Westerinen| |Bernardo_Wexler|Bernardo_Wexler| |Kasimir_de_Weydlich|Kasimir_De_Weydlich| |Norman_Tweed_Whitaker|Norman_Tweed_Whitaker| |Michael_Wiedenkeller|Michael_Wiedenkeller| |Arthur_Wijnans|Arthur_Wijnans| |Elijah_Williams|Elijah_Williams| |Simon_Williams|Simon_Williams| |Szymon_Winawer|Szymon_Winawer| |Karl_Gottlieb_von_Windisch|Karl_Gottlieb_Von_Windisch| |Peter_Winston|Peter_Winston| |William_Winter|William_Winter| |Victor_Winz|Victor_Winz| |John_Wisker|John_Wisker| |Alexander_Wittek|Alexander_Wittek| |Aleksandar_Wohl|Aleksandar_Wohl| |Antoni_Wojciechowski|Antoni_Wojciechowski| |Radosław_Wojtaszek|Radosław_Wojtaszek| |Aleksander_Wojtkiewicz|Aleksander_Wojtkiewicz| |Heinrich_Wolf|Heinrich_Wolf| |Siegfried_Reginald_Wolf|Siegfried_Reginald_Wolf| |Paula_Wolf-Kalmar|Paula_Wolf-Kalmar| |Balduin_Wolff|Balduin_Wolff| |Patrick_Wolff|Patrick_Wolff| |Wong_Meng_Kong|Wong_Meng_Kong| |Baruch_Harold_Wood|Baruch_Harold_Wood| |Wu_Mingqian|Wu_Mingqian| |Wu_Shaobin|Wu_Shaobin| |Wu_Wenjin|Wu_Wenjin| |Marmaduke_Wyvill|Marmaduke_Wyvill| |Xie_Jun|Xie_Jun| |Xu_Jun|Xu_Jun| |Xu_Yuanyuan|Xu_Yuanyuan| |Xu_Yuhua|Xu_Yuhua| |Yuri_Yakovich|Yuri_Yakovich| |Daniel_Yanofsky|Daniel_Yanofsky| |Frederick_Yates|Frederick_Yates| |Ye_Jiangchuan|Ye_Jiangchuan| |Ye_Rongguang|Ye_Rongguang| |Olavo_Yépez|Olavo_Yépez| |Trotzky_Yepez|Trotzky_Augusto_Yepez_Obando| |Alex_Yermolinsky|Alex_Yermolinsky| |Betul_Cemre_Yildiz|Betul_Cemre_Yildiz| |Yin_Hao|Yin_Hao| |Yu_Shaoteng|Yu_Shaoteng| |Leonid_Yudasin|Leonid_Yudasin| |Mikhail_Yudovich|Mikhail_Yudovich| |Peter_Yurdansky|Peter_Yurdansky| |Artur_Yusupov|Artur_Yusupov| |Józef_Żabiński|Józef_Żabiński| |Aron_Zabłudowski|Aron_Zabłudowski| |Aldo_Zadrima|Aldo_Zadrima| |Vladimir_Zagorovsky|Vladimir_Zagorovsky| |Sergey_Zagrebelny|Sergey_Zagrebelny| |Alexander_Zaitsev|Alexander_Nikolayevich_Zaitsev| |Igor_Zaitsev|Igor_Zaitsev| |Lazar_Zalkind|Lazar_Zalkind| |Oswaldo_Zambrana|Oswaldo_Zambrana| |Abram_Zamikhovsky|Abram_Zamikhovsky| |Alonso_Zapata|Alonso_Zapata| |Pablo_Zarnicki|Pablo_Zarnicki| |Anna_Zatonskih|Anna_Zatonskih| |Tatiana_Zatulovskaya|Tatiana_Zatulovskaya| |Beata_Zawadzka|Beata_Zawadzka| |Jolanta_Zawadzka|Jolanta_Zawadzka| |Elmārs_Zemgalis|Elmārs_Zemgalis| |Zhang_Jilin|Zhang_Jilin| |Zhang_Pengxiang|Zhang_Pengxiang| |Zhang_Weida|Zhang_Weida| |Zhang_Xiaowen|Zhang_Xiaowen| |Zhang_Zhong|Zhang_Zhong| |Zhao_Jun|Zhao_Jun| |Zhao_Lan|Zhao_Lan| |Zhao_Xue|Zhao_Xue| |Zhao_Zong-Yuan|Zhao_Zong-Yuan| |Peng_Zhaoqin|Peng_Zhaoqin| |Viktor_Zheliandinov|Viktor_Zheliandinov| |Zhou_Jianchao|Zhou_Jianchao| |Zhou_Weiqi|Zhou_Weiqi| |Zhu_Chen|Zhu_Chen| |Natalia_Zhukova|Natalia_Zhukova| |Yaacov_Zilberman|Yaacov_Zilberman| |Otto_Zimmermann|Otto_Zimmermann| |Adolf_Zinkl|Adolf_Zinkl| |Emil_Zinner|Emil_Zinner| |František_Zíta|František_Zíta| |Eugene_Znosko-Borovsky|Eugene_Znosko-Borovsky| |Leo_Zobel|Leo_Zobel| |Alexander_Zubarev|Alexander_Zubarev| |Nikolai_Zubarev|Nikolai_Zubarev| |Bernard_Zuckerman|Bernard_Zuckerman| |Igor_Zugic|Igor_Zugic| |Johannes_Zukertort|Johannes_Zukertort| |Vadim_Zvjaginsev|Vadim_Zvjaginsev| |Kira_Zvorykina|Kira_Zvorykina| |Adolf_Zytogorski|Adolf_Zytogorski|           The people in this list are famous in other areas of activity, but are known to have played chess, or have declared an interest in the game, or created works of art and literature in which the game is prominently featured.            |Deep_Blue|Ibm_Deep_Blue| , the  |IBM|International_Business_Machines| |chess_playing_computer|Computer_Chess| , was victorious in a 1997 match against then-world champion  |Garry_Kasparov|Garry_Kasparov| .    |Deep_Thought|Deep_Thought| , an earlier version of Deep Blue, won many computer chess championships.    |Deep_Fritz|Deep_Fritz|  achieved a draw in the 2002 match,  |Brains_in_Bahrain|Brains_In_Bahrain|  , against  |Vladimir_Kramnik|Vladimir_Kramnik| . A variant,  |X3D_Fritz|X3D_Fritz| , drew against Kasparov in 2004, and the version Deep Fritz 10 defeated the world champion Vladimir Kramnik in 2006.    |Houdini|Houdini|  Since the release of version 1.5 on 15 December 2010, it has taken the top spot in every rating list that includes it.    |Hydra|Hydra|  is a very strong machine which uses custom parallel hardware.    |Junior|Junior|  is the winner of the 2006  |World_Computer_Chess_Championship|World_Computer_Chess_Championship| , its third victory at this event.    |Rybka|Rybka|  is a recent engine. As of December 2006, Rybka has topped all  |chess_engine_rating_lists|Chess_Engine_Rating_Lists|  and won the 2007 WCCC.    |Shredder|Shredder| .