This is an incomplete alphabetical list by surname of notable  economists , experts in the  |social_science|Social_Science|  of  |economics|Economics| , past and present. For a history of economics, see the article  |History_of_economic_thought|History_Of_Economic_Thought| . Only economists with biographical articles in Wikipedia are listed here.                                    |Edith_Abbott|Edith_Abbott|  , American economist,  |social_worker|Social_Worker| , educator, and author    |Daron_Acemoglu|Daron_Acemoglu|  , Turkish-born American economist, Professor at  |Massachusetts_Institute_of_Technology|Massachusetts_Institute_Of_Technology|  and winner of the 2005  |John_Bates_Clark_Medal|John_Bates_Clark_Medal| |Nicola_Acocella|Nicola_Acocella|  , Italian economist known for his holistic contribution to systematisation and development of  |Economic_policy|Economic_Policy|  and for the innovations introduced in the theory of  |monetary|Monetary_Policy|  and  |fiscal_policy|Fiscal_Policy|  and the theory of social pacts    |Zoltan_Acs|Zoltan_Acs| , professor at  |George_Mason_University|George_Mason_University| , advocate of the importance of entrepreneurship for  |economic_development|Economic_Development| |Henry_Carter_Adams|Henry_Carter_Adams|  , American economist    |Walter_Adams|Walter_Adams|  , American economist and college professor who served as an expert witness before 36  |congressional_committees|Congressional_Committees| |Philippe_Aghion|Philippe_Aghion|  , French economist    |Montek_Singh_Ahluwalia|Montek_Singh_Ahluwalia|  , Indian economist and former deputy chairman of the planning commission of the Republic of India    |Qazi_Kholiquzzaman_Ahmad|Qazi_Kholiquzzaman_Ahmad| , Bangladeshi economist and environmentalist    |George_Akerlof|George_Akerlof|  , American professor of economics at the  |University_of_California,_Berkeley|University_Of_California,_Berkeley| , and shared the 2001  |Nobel_Prize_in_Economics|Nobel_Prize_In_Economics| |Armen_Alchian|Armen_Alchian|  , American, emeritus professor of economics at the  |University_of_California,_Los_Angeles|University_Of_California,_Los_Angeles| |Alberto_Alesina|Alberto_Alesina|  , Italian  |political_economist|Political_Economics| , author of much-cited books and articles in major economics journals    |Sidney_S._Alexander|Sidney_S._Alexander|  , American, professor of economics at MIT, known for contributions to international trade and finance.    |Maurice_Allais|Maurice_Allais|  , French economist, 1988 winner of the  |Nobel_Memorial_Prize_in_Economics|Nobel_Memorial_Prize_In_Economic_Sciences| |Franklin_Allen|Franklin_Allen|  , American economist    |R._G._D._Allen|R._G._D._Allen| ,  |CBE|Order_Of_The_British_Empire| ,  |FBA|British_Academy|  , English economist, mathematician and  |statistician|Statistician| |Gar_Alperovitz|Gar_Alperovitz| |Lee_J._Alston|Lee_J._Alston| |Elisabeth_Altmann-Gottheiner|Elisabeth_Altmann-Gottheiner|  , German economist, the first woman to become a university lecturer in Germany    |Fernando_Alvarez|Fernando_Alvarez| , Argentine economist    |B._R._Ambedkar|B._R._Ambedkar|  , Indian jurist, political leader, economist and Buddhist activist    |Takeshi_Amemiya|Takeshi_Amemiya|  , Japanese economist specializing in  |econometrics|Econometrics|  and the  |economy_of_ancient_Greece|Economy_Of_Ancient_Greece| |Georges_Anderla|Georges_Anderla|  , Czech-born French economist    |Donald_Andrews|Donald_Andrews| |George-Marios_Angeletos|George-Marios_Angeletos| |Norman_Angell|Norman_Angell|  , English lecturer, journalist, author, and  |Member_of_Parliament|Member_Of_Parliament|  for the  |Labour_Party|The_Labour_Party| |Joshua_Angrist|Joshua_Angrist| |Kofi_Annan|Kofi_Annan| |Masahiko_Aoki|Masahiko_Aoki|  , Japanese economist    |Thomas_Aquinas|Thomas_Aquinas|  , Italian  |Dominican|Dominican_Order|  priest of the Roman Catholic Church who wrote about economics    |Pérsio_Arida|Pérsio_Arida|  , Brazilian economist    |Dan_Ariely|Dan_Ariely| |Aristotle|Aristotle|  , Greek philosopher, a student of  |Plato|Plato|  and teacher of  |Alexander_the_Great|Alexander_The_Great| |Heinz_Arndt|Heinz_Arndt| |Kenneth_Arrow|Kenneth_Arrow|  , American economist, winner of the  |Nobel_Memorial_Prize_in_Economics|Nobel_Memorial_Prize_In_Economics|  with  |John_Hicks|John_Hicks|  in 1972    |Orley_Ashenfelter|Orley_Ashenfelter|  , American economist    |William_Ashley|William_Ashley|  , English economic historian    |Cliff_Asness|Cliff_Asness| |Jeremy_Atack|Jeremy_Atack| |Susan_Athey|Susan_Athey|  , American economist    |Anthony_Barnes_Atkinson|Anthony_Barnes_Atkinson|  , British economist, namesake of the  |Atkinson_index|Atkinson_Index| , a measure of  |economic_inequality|Economic_Inequality| |Orazio_Attanasio|Orazio_Attanasio|  , Italian economist    |Thomas_Attwood|Thomas_Attwood|  , British economist, the leading figure of the  |underconsumption|Underconsumption| ist  |Birmingham_School|Birmingham_School| |David_B._Audretsch|David_B._Audretsch|  , American economist    |Leonardo_Auernheimer|Leonardo_Auernheimer|  , Argentinian economist, professor, and international monetary consultant    |Robert_Aumann|Robert_Aumann|  , Israeli-American mathematician,  |Nobel_Memorial_Prize_in_Economics|Nobel_Memorial_Prize_In_Economics|  in 2005    |George_Ayittey|George_Ayittey|  , Ghanaian economist    |Clarence_Ayres|Clarence_Ayres|  , principal thinker in the Texas school of  |Institutional_Economics|Institutional_Economics| |Ali_Babacan|Ali_Babacan|  , Turkish economic minister    |Roger_Babson|Roger_Babson|  , American business theorist    |Louis_Bachelier|Louis_Bachelier|  , French mathematician    |Roger_Backhouse|Roger_Backhouse| , English economist    |Walter_Bagehot|Walter_Bagehot|  , British journalist, businessman, and essayist; wrote extensively about government, economics, and literature    |Nikolai_Baibakov|Nikolai_Baibakov|  , Soviet statesman, economist and  |Hero_of_Socialist_Labor|Hero_Of_Socialist_Labor| |Joe_S._Bain|Joe_S._Bain|  , American economist, founder of  |Industrial_organization|Industrial_Organization|  economics    |Dean_Baker|Dean_Baker|  , American  |macroeconomist|Macroeconomist|  and co-founder of the  |Center_for_Economic_and_Policy_Research|Center_For_Economic_And_Policy_Research| |E._Wight_Bakke|E._Wight_Bakke|  , American  |industrial_relations|Industrial_Relations|  specialist and professor at  |Yale_University|Yale_University| |Leszek_Balcerowicz|Leszek_Balcerowicz|  , Polish economist, the former chairman of the  |National_Bank_of_Poland|National_Bank_Of_Poland| |Emily_Greene_Balch|Emily_Greene_Balch| , American economist and peace activist    |Richard_Baldwin|Richard_Baldwin| , American economist    |Sir_James_Ball|James_Ball|  , British  |econometrician|Econometrician| , Emeritus Professor of  |Economics|Economics|  at the  |London_Business_School|London_Business_School|  and a leader in the field of  |econometric_model|Econometric_Model| ing    |Ludwig_Bamberger|Ludwig_Bamberger|  , German economist, politician and writer    |Abhijit_Banerjee|Abhijit_Banerjee|  , Indian economist,  |Ford_Foundation|Ford_Foundation|  International Professor of Economics at the  |Massachusetts_Institute_of_Technology|Massachusetts_Institute_Of_Technology| |Paul_A._Baran|Paul_A._Baran|  , Russian, American, was the only tenured  |Marxist_economist|Marxist_Economist|  in the United States until his death in 1964    |Pranab_Bardhan|Pranab_Bardhan|  , Indian economist, Professor Emeritus of Economics at the University of California, Berkeley    |William_A._Barnett|William_A._Barnett| , American economist, works in  |chaos|Chaos_Theory| ,  |bifurcation|Bifurcation_Theory| , and  |nonlinearity|Nonlinearity| |Enrico_Barone|Enrico_Barone|  , Italian soldier,  |military_historian|Military_Historian| , and economist    |Nicholas_Barr|Nicholas_Barr| , British economist, professor of  |public_economics|Public_Economics|  at the  |London_School_of_Economics|London_School_Of_Economics| |Raymond_Barre|Raymond_Barre|  , French economist and politician    |Robert_Barro|Robert_Barro|  , American classical  |macroeconomist|Macroeconomist| , presently the Paul M. Warburg Professor of Economics at  |Harvard_University|Harvard_University| |Yoram_Barzel|Yoram_Barzel| , Israeli economist, works in property rights, applied price theory, and  |political_economy|Political_Economy| |Frédéric_Bastiat|Frédéric_Bastiat|  , French  |classical_liberal|Classical_Liberalism|  theorist,  |political_economist|Political_Economy| |Kaushik_Basu|Kaushik_Basu|  , Indian economist and academic, Senior Vice President and Chief Economist of the  |World_Bank|World_Bank| |Ravi_Batra|Ravi_Batra|  , American economist, author and professor at  |Southern_Methodist_University|Southern_Methodist_University|  in  |Dallas,_Texas|Dallas,_Texas| |Peter_Thomas_Bauer|Peter_Thomas_Bauer|  , Hungarian  |developmental_economist|Development_Economics| |William_Baumol|William_Baumol|  , American,  |New_York_University|New_York_University|  economics professor    |Mahamudu_Bawumia|Mahamudu_Bawumia|  , Ghanaian economist; worked at the Research Department of  |International_Monetary_Fund|International_Monetary_Fund|  in  |Washington,_D.C.|Washington,_D.C.| ,  |United_States|United_States| |Eugen_Boehm_von_Bawerk|Eugen_Boehm_Von_Bawerk|  , Austrian, founder of the  |Austrian_School_of_economics|Austrian_School| |Robert_Dudley_Baxter|Robert_Dudley_Baxter|  , English economist and  |statistician|Statistician| |Michael_Baye|Michael_Baye| |Charlie_Bean|Charlie_Bean| |Gary_Becker|Gary_Becker|  , American economist and winner of the  |Nobel_Memorial_Prize_in_Economic_Sciences|Nobel_Memorial_Prize_In_Economic_Sciences| |Jeremy_Bentham|Jeremy_Bentham|  , English jurist, philosopher, and legal and social reformer    |Mahamudu_Bawumia|Mahamudu_Bawumia|  ,  |Tamale|Tamale,_Ghana| , Deputy Governor of the  |Bank_of_Ghana|Bank_Of_Ghana| |Dwayne_Benjamin|Dwayne_Benjamin|  , Canadian economist, managing editor of the  |Canadian_Journal_of_Economics|Canadian_Journal_Of_Economics| |Barbara_Bergmann|Barbara_Bergmann|  , American, forerunner in  |feminist_economics|Feminist_Economics|  with a passion for  |social_policy|Social_Policy|  and  |equality|Egalitarianism| |C._Fred_Bergsten|C._Fred_Bergsten|  , American founder of the  |Peterson_Institute_for_International_Economics|Peterson_Institute_For_International_Economics| |Albert_Rex_Bergstrom|Albert_Rex_Bergstrom| , New Zealand econometrician recognized for his work in continuous time  |econometrics|Econometrics| |Adolf_Berle|Adolf_Berle|  , American lawyer, educator, author, and US diplomat    |Ben_Bernanke|Ben_Bernanke|  , American economist, former  |Chairman|Chairman_Of_The_Federal_Reserve|  of the United States  |Federal_Reserve|Federal_Reserve| |Jared_Bernstein|Jared_Bernstein| , American economist    |Marianne_Bertrand|Marianne_Bertrand| , Belgian economist    |Tim_Besley|Tim_Besley| |William_Beveridge|William_Beveridge| |Truman_Bewley|Truman_Bewley| |Jagdish_Bhagwati|Jagdish_Bhagwati|  , Indian economist and professor of economics and law at  |Columbia_University|Columbia_University| |Mark_Bils|Mark_Bils|  ,  |macroeconomist|Macroeconomics|  at the  |University_of_Rochester|University_Of_Rochester| |Nancy_Birdsall|Nancy_Birdsall|  , American, founding president of the  |Center_for_Global_Development|Center_For_Global_Development| |Kenneth_Binmore|Kenneth_Binmore|  , British, economist and  |game_theorist|Game_Theory| , professor emeritus of economics at  |University_College,_London|University_College,_London| |William_K._Black|William_K._Black| , professor of economics at  |UMKC|University_Of_Missouri–Kansas_City| |Fischer_Black|Fischer_Black|  , American economist, best known as one of the authors of the famous  |Black–Scholes|Black–Scholes|  equation    |William_Blake|William_Blake|  , English classical economist    |Olivier_Blanchard|Olivier_Blanchard|  , French, chief economist at the  |International_Monetary_Fund|International_Monetary_Fund| |Rebecca_Blank|Rebecca_Blank| |Francine_D._Blau|Francine_D._Blau| |Alan_Blinder|Alan_Blinder|  , American economist, serves at  |Princeton_University|Princeton_University| |Walter_Block|Walter_Block|  , American  |free_market|Free_Market|  economist and  |anarcho-capitalist|Anarcho-Capitalist| |Barry_Bluestone|Barry_Bluestone| |John_Blundell|John_Blundell| |Richard_Blundell|Richard_Blundell| |Jean_Bodin|Jean_Bodin|  , French, early proponent of the  |Quantity_Theory_of_Money|Quantity_Theory_Of_Money| |Tito_Boeri|Tito_Boeri|  , Italian economist, professor of economics at  |Bocconi_University|Bocconi_University| ,  |Milan|Milan| |Peter_J._Boettke|Peter_J._Boettke|  , American economist of the  |Austrian_School|Austrian_School| |Michele_Boldrin|Michele_Boldrin|  , Italian American economist, expert in  |economic_growth|Economic_Growth| |Tim_Bollerslev|Tim_Bollerslev|  , Danish economist    |Murray_Bookchin|Murray_Bookchin| |Korkut_Boratav|Korkut_Boratav|  , Turkish,  |marxist|Marxist|  economist    |George_Borjas|George_Borjas|  , American, at Harvard Kennedy School    |Michael_Boskin|Michael_Boskin|  , American, T. M. Friedman Professor of Economics and senior fellow at  |Stanford_Universitys|Stanford_University| |Hoover_Institution|Hoover_Institution| |Giovanni_Botero|Giovanni_Botero|  , Italian thinker, priest, poet, and diplomat    |Kenneth_E._Boulding|Kenneth_E._Boulding|  , American economist, educator, peace activist, poet,  |religious_mystic|Mysticism| , devoted  |Quaker|Quaker| |Heather_Boushey|Heather_Boushey|  , senior economist with the  |Center_for_American_Progress|Center_For_American_Progress| |Samuel_Bowles|Samuel_Bowles|  , American, Professor Emeritus at the  |University_of_Massachusetts_Amherst|University_Of_Massachusetts_Amherst| |Marcel_Boyer|Marcel_Boyer| |David_Boyle|David_Boyle| |William_Brainard|William_Brainard| |James_Brander|James_Brander| |Harry_Braverman|Harry_Braverman|  , American  |Socialist|Socialist| , economist and political writer    |John_Francis_Bray|John_Francis_Bray|  , American, radical, Chartist, writer on socialist economics    |Richard_A._Brealey|Richard_A._Brealey| |William_Breit|William_Breit|  , professor of economics at  |Trinity_University|Trinity_University| ,  |San_Antonio,_Texas|San_Antonio,_Texas| |George_Ignatius_Brizan|George_Brizan|  , economics lecturer and later Prime Minister of Grenada    |Martin_Browning|Martin_Browning|  , English economist, professor of economics at the  |University_of_Oxford|University_Of_Oxford| |Markus_Brunnermeier|Markus_Brunnermeier| |James_M._Buchanan|James_M._Buchanan|  , American economist known for his work on  |public_choice_theory|Public_Choice_Theory| , received the Swedish central bankers  |Nobel|Nobel_Memorial_Prize_In_Economic_Sciences|  prize in 1986    |Alan_Budd|Alan_Budd| |Willem_Buiter|Willem_Buiter|  , Dutch economist    |Sergei_Bulgakov|Sergei_Bulgakov|  , Russian Orthodox theologian, philosopher and economist                                |Ricardo_J._Caballero|Ricardo_J._Caballero|  , Chilean  |macroeconomist|Macroeconomics| , holds the Ford International chair of economics at  |MIT|Massachusetts_Institute_Of_Technology| |Vince_Cable|Vince_Cable|  , British economist    |Federico_Caffè|Federico_Caffè|  , Italian, economist and Professor of Economic and Financial Policy at  |Sapienza_University_of_Rome|Sapienza_University_Of_Rome| , Rome    |Phillip_D._Cagan|Phillip_D._Cagan|  , American scholar and author, Professor of Economics Emeritus at  |Columbia_University|Columbia_University| |John_Elliot_Cairnes|John_Elliott_Cairnes|  , Ireland, last of the classical economists    |Guillermo_Calvo|Guillermo_Calvo|  , Argentine economist    |John_Y._Campbell|John_Y._Campbell|  , British-American economist, chairman of the Harvard economics department    |Colin_Camerer|Colin_Camerer|  , American economist    |Lisa_Cameron|Lisa_Cameron|  , Australian, Professional Research Fellow at the  |Melbourne_Institute_of_Applied_Economic_and_Social_Research|Melbourne_Institute_Of_Applied_Economic_And_Social_Research| |Stephen_Cameron|Stephen_Cameron|  , American  |financial_analyst|Financial_Analyst| , economist and Adjunct Associate Professor of International and Public Affairs at  |Columbia_University|Columbia_University| |Richard_Cantillon|Richard_Cantillon|  , Irish-French, economist and author of Essay on the Nature of Trade in General  |Edwin_Cannan|Edwin_Cannan|  , British, economist and historian of economic thought    |Bryan_Caplan|Bryan_Caplan|  , professor of economics at  |George_Mason_University|George_Mason_University|  in  |Fairfax,_Virginia|Fairfax,_Virginia| |David_Card|David_Card| , Canadian, labor economist and professor at the  |University_of_California,_Berkeley|University_Of_California,_Berkeley| |Henry_Charles_Carey|Henry_Charles_Carey|  , American, 19th century economist of the  |American_School|American_School|  of Capitalism    |Mark_Carney|Mark_Carney|  , Canadian economist, governor of the  |Bank_of_England|Bank_Of_England| |Kevin_Carson|Kevin_Carson|  , American social and political theorist and scholar of  |political_economy|Political_Economy|  writing in the  |mutualist|Mutualism|  and  |individualist_anarchist|Individualist_Anarchist|  traditions    |Richard_Carson|Richard_Carson| ,  |environmental_economist|Environmental_Economist| |Agustín_Carstens|Agustín_Carstens|  , Mexican economist, governor of the  |Bank_of_Mexico|Bank_Of_Mexico| |Anne_P._Carter|Anne_Carter|  , American economist, professor at  |Brandeis_University|Brandeis_University| |David_Cass|David_Cass|  , American, professor of economics at the  |University_of_Pennsylvania|University_Of_Pennsylvania| |Gustav_Cassel|Gustav_Cassel|  , Swedish, economist and professor of economics at  |Stockholm_University|Stockholm_University| |Attilio_Celant|Attilio_Celant|  , Italian economist, Dean of the Faculty of Economics and Professor of Economic Geography at  |Sapienza_University_of_Rome|Sapienza_University_Of_Rome| ,  |Rome|Rome| |:es:Ramón_Antonio_Cereijo|:Es:Ramón_Antonio_Cereijo| |Seweryn_Chajtman|Seweryn_Chajtman|  , Polish scientist, engineer, teacher of the  |Industrial_Management|Industrial_Management| , pioneered  |Computer_Science|Computer_Science|  in  |Poland|Poland| , creator of the  |Alternative_Theory_of_Organization_and_Management|Alternative_Theory_Of_Organization_And_Management| |Thomas_Chalmers|Thomas_Chalmers|  , Scottish mathematician,  |political_economist|Political_Economist|  and a leader of the  |Free_Church_of_Scotland|Free_Church_Of_Scotland| |Frank_J._Chaloupka|Frank_J._Chaloupka| , American, distinguished professor of economics at the  |University_of_Illinois_at_Chicago|University_Of_Illinois_At_Chicago|  and affiliate of the  |National_Bureau_of_Economic_Research|National_Bureau_Of_Economic_Research| |Winston_Chang|Winston_Chang|  , Chinese, president of  |Soochow_University|Soochow_University|  in  |Taipei|Taipei| |Edward_Hastings_Chamberlin|Edward_Hastings_Chamberlin|  , American economist    |Neil_W._Chamberlain|Neil_W._Chamberlain|  , American economist at Yale University and Columbia University most known for work in  |industrial_relations|Industrial_Relations| |Alfred_D._Chandler,_Jr.|Alfred_D._Chandler,_Jr.|  , American, professor of business history at  |Harvard_Business_School|Harvard_Business_School|  and  |Johns_Hopkins_University|Johns_Hopkins_University| |Ha-Joon_Chang|Ha-Joon_Chang|  , Korean, one of the leading  |heterodox_economists|Heterodox_Economics|  and  |institutional_economists|Institutional_Economists|  specialising in  |development_economics|Development_Economics| |V._V._Chari|V._V._Chari|  , Indian-American economist    |Raj_Chetty|Raj_Chetty|  , Indian-American economist    |Steven_N._S._Cheung|Steven_N._S._Cheung|  , Chinese economist, specializes in the fields of  |transaction_costs|Transaction_Cost|  and  |property_rights|Property_Right| |Ajay_Chhibber|Ajay_Chhibber| |Graciela_Chichilnisky|Graciela_Chichilnisky| |Victoria_Chick|Victoria_Chick| |Josiah_Child|Josiah_Child|  , English mercantilist, politician and governor of the East India Company    |Menzie_Chinn|Menzie_Chinn| |Lawrence_J._Christiano|Lawrence_J._Christiano|  , American economist    |Richard_Clarida|Richard_Clarida| |Colin_Clark|Colin_Clark|  , British and Australian economist, pioneered the use of the gross national product    |Gregory_Clark|Gregory_Clark|  , economic historian at the University of California, Davis    |John_Bates_Clark|John_Bates_Clark|  , American neoclassical marginalist    |John_Maurice_Clark|John_Maurice_Clark|  , American marginalist    |William_D._Clark|William_D._Clark| |Ronald_Coase|Ronald_Coase|  , winner of the Swedish central bankers  |Nobel|Nobel_Memorial_Prize_In_Economic_Sciences|  prize in 1991, for contributions including  |transaction_costs|Transaction_Cost|  and  |Coase_theorem|Coase_Theorem| |Warren_Coats|Warren_Coats|  , American economist specializing in monetary policy    |John_H._Cochrane|John_H._Cochrane| |Luc_Coene|Luc_Coene|  , Belgian economist, governor of the  |National_Bank_of_Belgium|National_Bank_Of_Belgium| |Jean-Baptiste_Colbert|Jean-Baptiste_Colbert|  , French King Louis XIVs Minister of Finances, known for  |protectionism|Protectionism|  and  |dirigisme|Dirigisme| |Paul_Collier|Paul_Collier| |John_R._Commons|John_R._Commons|  , American institutional economist and labor historian    |Auguste_Comte|Auguste_Comte|  , French philosopher, founder of sociology and positivism    |Marquis_de_Condorcet|Marquis_De_Condorcet|  , French enlightenment philosopher, mathematician, and early political scientist known for the  |Condorcet_method|Condorcet_Method|  of voting    |Tim_Congdon|Tim_Congdon|  , British economist and euro-sceptic politician    |Alfred_Haskell_Conrad|Alfred_Haskell_Conrad|  , Harvard professor of economics    |Hugh_E._Conway|Hugh_E._Conway|  , American economist and professor at the  |Industrial_College_of_the_Armed_Forces|Industrial_College_Of_The_Armed_Forces| |Richard_N._Cooper|Richard_N._Cooper| |Russell_W._Cooper|Russell_W._Cooper|  , American macroeconomist    |Antoine_Augustin_Cournot|Antoine_Augustin_Cournot|  , French philosopher and mathematician, influenced the use of mathematics in economics, known for  |oligopoly|Oligopoly|  theory,  |Cournot_competition|Cournot_Competition|  is named for him    |Nicolaus_Copernicus|Nicolaus_Copernicus|  , Polish mathematician and economist    |Dora_L._Costa|Dora_L._Costa| |Christopher_Coyne|Christopher_Coyne|  ,  |F.A._Harper|F.A._Harper|  professor of Economics at the  |Mercatus_Center|Mercatus_Center| ,  |George_Mason_University|George_Mason_University| |Tyler_Cowen|Tyler_Cowen|  , American economist and writer, one of the authors of the Marginal Revolution blog    |August_Friedrich_Wilhelm_Crome|August_Friedrich_Wilhelm_Crome|  , German economist and statistician, known particularly for his Producten-Karte von Europa , one of the first uses of  |cartograms|Cartogram| |James_Crotty|James_Crotty| |Raymond_Crotty|Raymond_Crotty|  , Irish economist and campaigner against Irish membership of the European Union; his 1987 successful legal challenge in the Irish Supreme Court is the basis for EU treaty changes having to be submitted to referendum in Ireland    |Jakša_Cvitanić|Jakša_Cvitanić|  , Croatian American economist, professor at Caltech                          |Uri_Dadush|Uri_Dadush| |Hugh_Dalton|Hugh_Dalton| |Herman_Daly|Herman_Daly|  , known as the father of  |ecological_economics|Ecological_Economics| |George_Dantzig|George_Dantzig| |Sandy_Darity,_Jr.|Sandy_Darity,_Jr.| |Partha_Dasgupta|Partha_Dasgupta| |Charles_Davenant|Charles_Davenant| |Paul_Davidson|Paul_Davidson| |Antony_Davies|Antony_Davies| |D._J._Davies|David_James_Davies| |Debapriya_Bhattacharya|Debapriya_Bhattacharya| |Lance_E._Davis|Lance_E._Davis| |Angus_Deaton|Angus_Deaton| |Gérard_Debreu|Gérard_Debreu| |Rajeev_Dehejia|Rajeev_Dehejia| |J._Bradford_DeLong|J._Bradford_Delong| |Harold_Demsetz|Harold_Demsetz| |Isaac_de_Pinto|Isaac_De_Pinto| |Meghnad_Desai,_Baron_Desai|Meghnad_Desai,_Baron_Desai| |Hernando_de_Soto_Polar|Hernando_De_Soto| |Pat_Devine|Pat_Devine| |Mathias_Dewatripont|Mathias_Dewatripont| |Armando_Di_Filippo|Armando_Di_Filippo| |Douglas_W._Diamond|Douglas_W._Diamond| |Peter_Diamond|Peter_A._Diamond| |Peter_Dicken|Peter_Dicken| |Benjamin_Diokno|Benjamin_Diokno| |Avinash_Dixit|Avinash_Dixit| |Huw_Dixon|Huw_Dixon| |Simeon_Djankov|Simeon_Djankov| |Maurice_Dobb|Maurice_Dobb| |David_Dodd|David_Dodd| |Randall_Dodd|Randall_Dodd| |Benjamin_Charles_Doddato|Benjamin_Charles_Doddato|  , American economist, computer engineer, herbologist, mathematician, philanthropist, scientist, & 3rd cousin of  |Lord_Charles_Maurice_Petty-Fitzmaurice,_9th_Marquess_of_Lansdowne,_LVO,_DL|Charles_Petty-Fitzmaurice,_9Th_Marquess_Of_Lansdowne|  .    |Ed_Dolan|Ed_Dolan| |Evsey_Domar|Evsey_Domar| |Stephen_J._Dubner|Stephen_J._Dubner|  , award-winning author, journalist, and podcast and radio host. He is co-author of the popular Freakonomics book series and host of Freakonomics Radio.    |Esther_Duflo|Esther_Duflo| |Francis_Ysidro_Edgeworth|Francis_Ysidro_Edgeworth| |Sebastian_Edwards|Sebastian_Edwards| |Martin_Eichenbaum|Martin_Eichenbaum| |Barry_Eichengreen|Barry_Eichengreen| |Alfred_Eichner|Alfred_Eichner| |Ali_M._El-Agraa|Ali_M._El-Agraa| |Daniel_Ellsberg|Daniel_Ellsberg| |Richard_T._Ely|Richard_T._Ely| |Kenneth_G._Elzinga|Kenneth_G._Elzinga| |Ernst_Engel|Ernst_Engel| |Friedrich_Engels|Friedrich_Engels| |Stanley_Engerman|Stanley_Engerman| |Robert_F._Engle|Robert_F._Engle| |Ludwig_Erhard|Ludwig_Erhard| |Vanessa_Erogbogbo|Vanessa_Erogbogbo| |Marc_Faber|Marc_Faber| |Armin_Falk|Armin_Falk| |Günter_Faltin|Günter_Faltin| |Eugene_Fama|Eugene_Fama| |Emmanuel_Farhi|Emmanuel_Farhi| |Tacito_Augusto_Farias|Tacito_Augusto_Farias| , Brazilian economist, Professor of Economics at  |Federal_University_of_Sergipe|Federal_University_Of_Sergipe| |M._J._Farrell|Michael_James_Farrell| |Jeff_Faux|Jeff_Faux| |Henry_Fawcett|Henry_Fawcett| |Nikolaj_Prokofevich_Fedorenko|Nikolaj_Prokofevich_Fedorenko| |Ernst_Fehr|Ernst_Fehr| |Martin_Feldstein|Martin_Feldstein| |Randall_K._Filer|Randall_K._Filer| |Amy_Finkelstein|Amy_Finkelstein| |Stanley_Fischer|Stanley_Fischer| |Price_V._Fishback|Price_V._Fishback| |Irving_Fisher|Irving_Fisher| |Jon_Fisher|Jon_Fisher| |Jean-Paul_Fitoussi|Jean-Paul_Fitoussi| |William_Fleetwood|William_Fleetwood| |Marcus_Fleming|Marcus_Fleming| |Amelia_Fletcher|Amelia_Fletcher| , former Chief Economist at the UK  |Office_of_Fair_Trading|Office_Of_Fair_Trading| |John_E._Floyd|John_E._Floyd| |Karnit_Flug|Karnit_Flug| |Robert_Fogel|Robert_Fogel| |Charles_Fourier|Charles_Fourier| |Joseph_Francois|Joseph_Francois| |Robert_H._Frank|Robert_H._Frank| |Jeffrey_Frankel|Jeffrey_Frankel| |Bernie_Fraser|Bernie_Fraser| |Christopher_Freeman|Christopher_Freeman| |Richard_B._Freeman|Richard_B._Freeman| |Bruno_Frey|Bruno_Frey| |Benjamin_M._Friedman|Benjamin_M._Friedman| |David_D._Friedman|David_D._Friedman| |Milton_Friedman|Milton_Friedman| |Rose_Friedman|Rose_Friedman| |Ragnar_Anton_Kittil_Frisch|Ragnar_Anton_Kittil_Frisch| |Roland_Fryer|Roland_Fryer| |Drew_Fudenberg|Drew_Fudenberg| |Masahisa_Fujita|Masahisa_Fujita| |Connel_Fullenkamp|Connel_Fullenkamp| |Jason_Furman|Jason_Furman| |Celso_Furtado|Celso_Furtado| |Xavier_Gabaix|Xavier_Gabaix| |Yegor_Gaidar|Yegor_Gaidar| |James_Kenneth_Galbraith|James_K._Galbraith| |John_Kenneth_Galbraith|John_Kenneth_Galbraith| |David_Gale|David_Gale| |William_G._Gale|William_G._Gale| |Jordi_Galí|Jordi_Galí| |A._Ronald_Gallant|A._Ronald_Gallant| |Mauro_Gallegati|Mauro_Gallegati| |Oded_Galor|Oded_Galor| |Francisco_Javier_Carrillo_Gamboa|Francisco_Javier_Carrillo_Gamboa| |Laszlo_Garai|Laszlo_Garai| |Gonzalo_Garland|Gonzalo_Garland| |Pierangelo_Garegnani|Pierangelo_Garegnani| |Norton_Garfinkle|Norton_Garfinkle| |Leonid_Gatovsky|Leonid_Gatovsky| |John_Geanakoplos|John_Geanakoplos| |Jacques_Généreux|Jacques_Généreux| |Henry_George|Henry_George| |Nicholas_Georgescu-Roegen|Nicholas_Georgescu-Roegen| |Mark_Gertler|Mark_Gertler| |Silvio_Gesell|Silvio_Gesell| |Jayati_Ghosh|Jayati_Ghosh| |Eric_Ghysels|Eric_Ghysels| |Francesco_Giavazzi|Francesco_Giavazzi| |Charles_Gide|Charles_Gide| |George_Gilder|George_Gilder| |Richard_T._Gill|Richard_T._Gill| |Victor_Ginsburgh|Victor_Ginsburgh| |Herbert_Gintis|Herbert_Gintis| |Edward_Glaeser|Edward_Glaeser| |William_Godwin|William_Godwin| |Claudia_Goldin|Claudia_Goldin| |Ian_Goldin|Ian_Goldin| |Jose_Antonio_Gomariz|Jose_Antonio_Gomariz| |Charles_Goodhart|Charles_Goodhart| |George_Goodman|George_Goodman| |Austan_Goolsbee|Austan_Goolsbee| |Myron_J._Gordon|Myron_J._Gordon| |Robert_J._Gordon|Robert_J._Gordon| |Gary_Gorton|Gary_Gorton| |Hermann_Heinrich_Gossen|Hermann_Heinrich_Gossen| |Christian_Gouriéroux|Christian_Gouriéroux| |Benjamin_Graham|Benjamin_Graham| |Phil_Gramm|Phil_Gramm| |Clive_Granger|Clive_Granger| |George_Grantham|George_Grantham| |Alan_Greenspan|Alan_Greenspan| |Sir_Thomas_Gresham|Sir_Thomas_Gresham| |Stephany_Griffith-Jones|Stephany_Griffith-Jones| |Zvi_Griliches|Zvi_Griliches| |Elgin_Groseclose|Elgin_Groseclose| |Gene_Grossman|Gene_Grossman| |Henryk_Grossman|Henryk_Grossman| |Jonathan_Gruber|Jonathan_Gruber| |Rebeca_Grynspan|Rebeca_Grynspan| |Dominique_Guellec|Dominique_Guellec| |Maria-Carmen_Guisan|:Es:Guisan/Maria-Carmen_Guisan| |Faruk_Gül|Faruk_Gül| |Trygve_Haavelmo|Trygve_Haavelmo| |Gottfried_Haberler|Gottfried_Haberler| |Charles_Hall|Charles_Hall| |Robert_Hall|Robert_Hall| |Andrew_Hughes_Hallett|Andrew_Hughes_Hallett| , British economist, theory of economic policy coordination, policy adviser to Scottish and European governments and international agencies    |John_Haltiwanger|John_Haltiwanger| |Daniel_S._Hamermesh|Daniel_S._Hamermesh| |James_D._Hamilton|James_D._Hamilton| |Steve_H._Hanke|Steve_H._Hanke| |Alvin_Hansen|Alvin_Hansen| |Lars_Peter_Hansen|Lars_Peter_Hansen| |Eric_Hanushek|Eric_Hanushek| |Mahbub_ul_Haq|Mahbub_Ul_Haq| |Arnold_Harberger|Arnold_Harberger| |Donald_Harding|Donald_Harding| |Tim_Harford|Tim_Harford| |Charles_Knickerbocker_Harley|Charles_Knickerbocker_Harley| |Stephen_Harper|Stephen_Harper| , 22nd Prime Minister of Canada    |Roy_Harrod|Roy_Harrod| |John_Harsanyi|John_Harsanyi| |Oliver_Hart|Oliver_Hart| |Campbell_Harvey|Campbell_Harvey| |Jerry_A._Hausman|Jerry_A._Hausman| |Bohdan_Hawrylyshyn|Bohdan_Hawrylyshyn| |Friedrich_Hayek|Friedrich_Hayek| |Henry_Hazlitt|Henry_Hazlitt| |James_Heckman|James_Heckman| |Eli_Heckscher|Eli_Heckscher| |Robert_Heilbroner|Robert_Heilbroner| |Carolyn_Heinrich|Carolyn_Heinrich| |Christian_Hellwig|Christian_Hellwig| |Elhanan_Helpman|Elhanan_Helpman| |Hazel_Henderson|Hazel_Henderson| |David_Forbes_Hendry|David_Forbes_Hendry| |Noreena_Hertz|Noreena_Hertz| |William_Hewins|William_Hewins| |John_Hicks|John_Hicks| |Michael_J._Hicks|Michael_J._Hicks| |Robert_Higgs|Robert_Higgs| |Jack_Hirshleifer|Jack_Hirshleifer| |John_A._Hobson|John_A._Hobson| |Thomas_Hodgskin|Thomas_Hodgskin| |Samuel_Hollander|Samuel_Hollander| |Bengt_Holmstrom|Bengt_Holmstrom| |Charles_A._Holt|Charles_A._Holt| |Harry_J._Holzer|Harry_J._Holzer| |Kevin_Hoover|Kevin_Hoover| |Hans-Hermann_Hoppe|Hans-Hermann_Hoppe| |Charles_Horioka|Charles_Horioka| |Branko_Horvat|Branko_Horvat| |Harold_Hotelling|Harold_Hotelling| |Peter_Howitt|Peter_Howitt| |William_Hsiao|William_Hsiao| |Glenn_Hubbard|Glenn_Hubbard| |Michael_Hudson|Michael_Hudson| |David_Hume|David_Hume| |Thomas_M._Humphrey|Thomas_M._Humphrey| |Jennifer_Hunt|Jennifer_Hunt| |Leonid_Hurwicz|Leonid_Hurwicz| |Terence_Wilmot_Hutchison|Terence_Wilmot_Hutchison| |Sri_Mulyani_Indrawati|Sri_Mulyani_Indrawati|  , Indonesian economist, former managing director of World Bank, Indonesian finance minister, and lecturer at Universitas Indonesia    |Stefan_Ingves|Stefan_Ingves| |Douglas_Irwin|Douglas_Irwin| |Mugur_Isărescu|Mugur_Isărescu| |Otmar_Issing|Otmar_Issing| |Matthew_O._Jackson|Matthew_O._Jackson| |Tim_Jackson|Tim_Jackson| |David_A._Jaeger|David_A._Jaeger| |Ravi_Jagannathan|Ravi_Jagannathan| |Eliot_Janeway|Eliot_Janeway| |William_H._Janeway|William_H._Janeway| |Robert_A._Jarrow|Robert_A._Jarrow| |Peter_Jay|Peter_Jay| |Michael_Jensen|Michael_C._Jensen| |William_Stanley_Jevons|William_Stanley_Jevons| |Søren_Johansen|Søren_Johansen| |Harry_Gordon_Johnson|Harry_Gordon_Johnson| |Simon_Johnson|Simon_Johnson| |Lewis_Webster_Jones|Lewis_Webster_Jones| |Richard_Jones|Richard_Jones| |Dan_Johnson|Dan_Johnson| |Thomas_Jordan|Thomas_Jordan| |Dale_W._Jorgenson|Dale_W._Jorgenson| |Boyan_Jovanovic|Boyan_Jovanovic| |Daniel_Kahneman|Daniel_Kahneman| |Ehud_Kalai|Ehud_Kalai| |Nicholas_Kaldor|Nicholas_Kaldor| |Michał_Kalecki|Michał_Kalecki| |Thomas_Kane|Thomas_Kane| |Leonid_Kantorovich|Leonid_Kantorovich| |Ethan_Kaplan|Ethan_Kaplan| |Steven_Kaplan|Steven_Kaplan| |Dean_Karlan|Dean_Karlan| |Michael_Kaser|Michael_Kaser| |Lawrence_F._Katz|Lawrence_F._Katz| |Steve_Keen|Steve_Keen| |Timothy_J._Kehoe|Timothy_J._Kehoe| |Stephanie_Kelton|Stephanie_Kelton| |A._R._Kemal|Abdul_Razzaq_Kemal| |Peter_Kenen|Peter_Kenen| |Charles_Kennedy|Charles_Kennedy| |Li_Keqiang|Li_Keqiang| |Srgjan_Kerim|Srgjan_Kerim| |John_Maynard_Keynes|John_Maynard_Keynes| |Ibn_Khaldun|Ibn_Khaldun| |Mushtaq_Khan|Mushtaq_Khan| |Homi_Kharas|Homi_Kharas| |Mwai_Kibaki|Mwai_Kibaki| |Mervyn_King|Mervyn_King,_Baron_King_Of_Lothbury| |Robert_G._King|Robert_King| |Bruce_Kingma|Bruce_Kingma| |Israel_Kirzner|Israel_Kirzner| |Nobuhiro_Kiyotaki|Nobuhiro_Kiyotaki| |Lawrence_Klein|Lawrence_Klein| |Morton_Klein|Morton_Klein| |Paul_Klemperer|Paul_Klemperer| |Arnold_Kling|Arnold_Kling| |Teun_Kloek|Teun_Kloek| |Jan_Kmenta|Jan_Kmenta| |Frank_Knight|Frank_Knight| |Klaas_Knot|Klaas_Knot| |Narayana_Kocherlakota|Narayana_Kocherlakota| |Leopold_Kohr|Leopold_Kohr| |John_Komlos|John_Komlos| |Nikolai_Kondratiev|Nikolai_Kondratiev| |Tjalling_Koopmans|Tjalling_Koopmans| |Roger_C._Kormendi|Roger_C._Kormendi| |János_Kornai|János_Kornai| |Andrey_Korotayev|Andrey_Korotayev| |Naum_Krasner|Naum_Krasner| |Lawrence_B._Krause|Lawrence_B._Krause| |Jan_Kregel|Jan_Kregel| |Michael_Kremer|Michael_Kremer| |David_M._Kreps|David_M._Kreps| |Peter_Kropotkin|Peter_Kropotkin| |Anne_Osborn_Krueger|Anne_Osborn_Krueger| |Paul_Krugman|Paul_Krugman| |Per_Krusell|Per_Krusell| |Lawrence_Kudlow|Lawrence_Kudlow| |Adriana_Kugler|Adriana_Kugler| |Maurice_Kugler|Maurice_Kugler| |Robert_Kuttner|Robert_Kuttner| |Simon_Kuznets|Simon_Kuznets| |Vladimir_Kvint|Vladimir_Kvint| |Finn_E._Kydland|Finn_E._Kydland| |Ludwig_Lachmann|Ludwig_Lachmann| |Arthur_Laffer|Arthur_Laffer| |Jean-Jacques_Laffont|Jean-Jacques_Laffont| |Ricardo_Lagos|Ricardo_Lagos| |David_Laibson|David_Laibson| |David_Laidler|David_Laidler| |Domingo_Laino|Domingo_Laino| |John_A._Skip_Laitner|John_A._Skip_Laitner| |Naomi_Lamoreaux|Naomi_Lamoreaux| |Steven_Landsburg|Steven_Landsburg| |Philip_R._Lane|Philip_R._Lane| |Oskar_Lange|Oskar_Lange| |Lyndon_LaRouche|Lyndon_Larouche| |Serge_Latouche|Serge_Latouche| |John_Law|John_Law| |Richard_Layard|Richard_Layard| |Edward_Lazear|Edward_Lazear| |Edward_E._Leamer|Edward_E._Leamer| |Stanley_Lebergott|Stanley_Lebergott| |Lewis_Lehrman|Lewis_Lehrman| |Frederic_S._Lee|Frederic_Sterling_Lee| |Peter_Leeson|Peter_Leeson| |Axel_Leijonhufvud|Axel_Leijonhufvud| |Manuela_Ferreira_Leite|Manuela_Ferreira_Leite| |Leonard_Liggio|Leonard_Liggio| |Wassily_Leontief|Wassily_Leontief| |Abba_Lerner|Abba_Lerner| |Leonardus_Lessius|Leonardus_Lessius| |Richard_Levin|Richard_Levin| |David_K._Levine|David_K._Levine| |Lars_Lefgren|Lars_Lefgren| |Steven_D._Levitt|Steven_D._Levitt| |Arthur_Lewbel|Arthur_Lewbel| |Arthur_Lewis|Arthur_Lewis| |Tracy_R._Lewis|Tracy_R._Lewis| |Kevin_Leyton-Brown|Kevin_Leyton-Brown| |Evsei_Liberman|Evsei_Liberman| |Justin_Yifu_Lin|Justin_Yifu_Lin| |Michael_Lind|Michael_Lind| |Erik_Lindahl|Erik_Lindahl| |Assar_Lindbeck|Assar_Lindbeck| |Adam_Lintz|Adam_Lintz| |Friedrich_List|Friedrich_List| |John_A._List|John_A._List| |Andrew_Lo|Andrew_Lo| |John_Locke|John_Locke| |William_Forster_Lloyd|William_Forster_Lloyd| |Bernard_Lonergan|Bernard_Lonergan| |Frédéric_Lordon|Frédéric_Lordon| |Max_O._Lorenz|Max_O._Lorenz| |Pascal_Lorot|Pascal_Lorot| |Andreas_Löschel|Andreas_Löschel| |John_Lott|John_Lott| |Robert_Lucas,_Jr.|Robert_Lucas,_Jr.| |Stephen_J._Luczo|Stephen_J._Luczo| |Rosa_Luxemburg|Rosa_Luxemburg| |Gerard_Lyons|Gerard_Lyons| |Gloria_Macapagal-Arroyo|Gloria_Macapagal-Arroyo| |Donald_MacDougall|Donald_Macdougall| |Mark_J._Machina|Mark_J._Machina| |Carlos_Manuel_Urzúa_Macías|Carlos_Manuel_Urzúa_Macías| |Henry_Dunning_Macleod|Henry_Dunning_Macleod| |Adil_Abdul-Mahdi|Adil_Abdul-Mahdi| |Edmond_Malinvaud|Edmond_Malinvaud| |Burton_Malkiel|Burton_Malkiel| |Thomas_Malthus|Thomas_Malthus| |Gerard_de_Malynes|Gerard_De_Malynes| |N._Gregory_Mankiw|N._Gregory_Mankiw| |Henry_Manne|Henry_Manne| |Alan_Manning|Alan_Manning| |Edwin_Mansfield|Edwin_Mansfield| |Charles_Manski|Charles_Manski| |Harry_Markowitz|Harry_Markowitz| |Karl_Marlo|Karl_Marlo| |Jacob_Marschak|Jacob_Marschak| |Alfred_Marshall|Alfred_Marshall| |Marsh_Marshall|Marsh_Marshall| |Xavier_Sala_i_Martin|Xavier_Sala-I-Martin| |Harriet_Martineau|Harriet_Martineau| |Karl_Marx|Karl_Marx| , founder of  |Marxian_economics|Marxian_Economics| |Eric_Maskin|Eric_Maskin| |Jason_Gaverick_Matheny|Jason_Gaverick_Matheny| |Paul_Mattick|Paul_Mattick| |Richard_Maybury|Richard_Maybury| |C._M._Mayo|C._M._Mayo| |Elizabeth_Mays|Elizabeth_Mays| |Preston_McAfee|Preston_Mcafee| |Bennett_McCallum|Bennett_Mccallum| |Rachel_McCleary|Rachel_Mccleary| |Deirdre_McCloskey|Deirdre_Mccloskey| |John_Ramsey_McCulloch|John_Ramsey_Mcculloch| |Paul_McCulley|Paul_Mcculley| |James_McDonald|James_Mcdonald| |Daniel_McFadden|Daniel_Mcfadden| |Richard_McKelvey|Richard_Mckelvey| |Lionel_W._McKenzie|Lionel_W._Mckenzie| |Warwick_McKibbin|Warwick_Mckibbin| |David_McWilliams|David_Mcwilliams| |James_Meade|James_Meade| |Gardiner_Means|Gardiner_Means| |Marc_Melitz|Marc_Melitz| |Leslie_Melville|Leslie_Melville| |Carl_Menger|Carl_Menger| |Stanislav_Menshikov|Stanislav_Menshikov| |Robert_C._Merton|Robert_C._Merton| |Albert_J._Meyer|Albert_J._Meyer| |John_R._Meyer|John_R._Meyer| |Valery_Ivanovich_Mezhlauk|Valery_Ivanovich_Mezhlauk| |Leo_Michelis|Leo_Michelis| |David_Miles|David_Miles| |Murray_Milgate|Murray_Milgate| |Paul_Milgrom|Paul_Milgrom| |John_Maynard_Keynes|John_Maynard_Keynes| |John_Stuart_Mill|John_Stuart_Mill| |Merton_Miller|Merton_Miller| |Jacob_Mincer|Jacob_Mincer| |Hyman_Minsky|Hyman_Minsky| |James_Mirrlees|James_Mirrlees| |Ludwig_von_Mises|Ludwig_Von_Mises| |Frederic_Mishkin|Frederic_Mishkin| |Wesley_Mitchell|Wesley_Mitchell| |Alfred_Mitchell-Innes|Alfred_Mitchell-Innes| |Franco_Modigliani|Franco_Modigliani| |Robert_Moffit|Robert_Moffit| |Semion_Mogilevich|Semion_Mogilevich| |Herbert_Mohring|Herbert_Mohring| |Joel_Mokyr|Joel_Mokyr| |Gustave_de_Molinari|Gustave_De_Molinari| |Winnie_Monsod|Winnie_Monsod| |John_Hardman_Moore|John_Hardman_Moore| |Jonathan_Morduch|Jonathan_Morduch| |Michio_Morishima|Michio_Morishima| |Stephen_Morris|Stephen_Morris| |Dale_Mortensen|Dale_Mortensen| |Warren_Mosler|Warren_Mosler| |David_C._Mowery|David_C._Mowery| |Dambisa_Moyo|Dambisa_Moyo| |Anu_Muhammad|Anu_Muhammad| |Sendhil_Mullainathan|Sendhil_Mullainathan| |Thomas_Mun|Thomas_Mun| |Mohan_Munasinghe|Mohan_Munasinghe| |Robert_Mundell|Robert_Mundell| |Karthik_Muralidharan|Karthik_Muralidharan| |Richard_Murnane|Richard_Murnane| |Kevin_J._Murphy|Kevin_J._Murphy| |Kevin_M._Murphy|Kevin_M._Murphy| |Robert_P._Murphy|Robert_P._Murphy| |Richard_Musgrave|Richard_Musgrave| |Michael_Mussa|Michael_Mussa| |John_Muth|John_Muth| |Bingu_wa_Mutharika|Bingu_Wa_Mutharika| |Stewart_Myers|Stewart_Myers| |Roger_Myerson|Roger_Myerson| |Alva_Myrdal|Alva_Myrdal| |Gunnar_Myrdal|Gunnar_Myrdal| |John_Forbes_Nash|John_Forbes_Nash| |Richard_Nelson|Richard_R._Nelson| |Nikolay_Nenovsky|Nikolay_Nenovsky| |Marc_Nerlove|Marc_Nerlove| |John_von_Neumann|John_Von_Neumann| |David_Neumark|David_Neumark| |David_Newbery|David_Newbery| |Francis_William_Newman|Francis_William_Newman| |Stephen_Nickell|Stephen_Nickell| |Peter_Nijkamp|Peter_Nijkamp| |Yew-Kwang_Ng|Yew-Kwang_Ng| , Australian economist, best known for his contributions in  |welfare_economics|Welfare_Economics| .    |William_A._Niskanen|William_A._Niskanen| |William_Nordhaus|William_Nordhaus| |Montagu_Norman|Montagu_Norman| |Douglass_North|Douglass_North| |Dudley_North|Dudley_North| |William_Oakland|William_Oakland| |Maurice_Obstfeld|Maurice_Obstfeld| |William_Ogilvie|William_Ogilvie_Of_Pittensear| |Lee_E._Ohanian|Lee_E._Ohanian| |Bertil_Ohlin|Bertil_Ohlin| |Walter_Oi|Walter_Oi| |Nobuo_Okishio|Nobuo_Okishio| |Ngozi_Okonjo-Iweala|Ngozi_Okonjo-Iweala| |Arthur_Melvin_Okun|Arthur_Melvin_Okun| |Mancur_Olson|Mancur_Olson| |Redvers_Opie|Redvers_Opie| |Nicole_Oresme|Nicole_Oresme| |Peter_Orszag|Peter_Orszag| |Elinor_Ostrom|Elinor_Ostrom| |Andrew_Oswald|Andrew_Oswald| |Robert_Owen|Robert_Owen| |Krishna_Palepu|Krishna_Palepu| |Giancarlo_Pallavicini|Giancarlo_Pallavicini| |V._R._Panchamukhi|V._R._Panchamukhi| |Thomas_Palfrey|Thomas_Palfrey| |Yadav_Prasad_Pant|Yadav_Prasad_Pant| |Maffeo_Pantaleoni|Maffeo_Pantaleoni| |Philippe_Van_Parijs|Philippe_Van_Parijs| |Vilfredo_Pareto|Vilfredo_Pareto| |Manuel_V._Pangilinan|Manuel_V._Pangilinan| |Jacques_Parizeau|Jacques_Parizeau| |Luigi_Pasinetti|Luigi_Pasinetti| |Frédéric_Passy|Frédéric_Passy| |Indraprasad_Gordhanbhai_Patel|Indraprasad_Gordhanbhai_Patel| |Prabhat_Patnaik|Prabhat_Patnaik| |William_Paterson|William_Paterson| |Christina_Paxson|Christina_Paxson| |Lasse_Heje_Pedersen|Lasse_Heje_Pedersen| |Edith_Penrose|Edith_Penrose| |Émile_Péreire|Péreire_Brothers| |Carlota_Perez|Carlota_Perez| |Javier_Perez-Capdevila|Javier_Perez-Capdevila| |Torsten_Persson|Torsten_Persson| |Pierre_Le_Pesant,_sieur_de_Boisguilbert|Pierre_Le_Pesant,_Sieur_De_Boisguilbert| |Mohammad_Hashem_Pesaran|Mohammad_Hashem_Pesaran| |Wolfgang_Pesendorfer|Wolfgang_Pesendorfer| |Pierre_Pestieau|Pierre_Pestieau| |Maurice_Peston,_Baron_Peston|Maurice_Peston,_Baron_Peston| |Douglas_Peters|Douglas_Peters| |Sir_William_Petty|Sir_William_Petty| |Edmund_Phelps|Edmund_Phelps| |Thomas_Philippon|Thomas_Philippon| |Peter_C._B._Phillips|Peter_C._B._Phillips| |William_Phillips|William_Phillips| |Arthur_Cecil_Pigou|Arthur_Cecil_Pigou| |Thomas_Piketty|Thomas_Piketty| |Christopher_A._Pissarides|Christopher_A._Pissarides| |Arnold_Plant|Arnold_Plant| |Plato|Plato| |Charles_Plott|Charles_Plott| |Karl_Polanyi|Karl_Polanyi| |Michael_Polanyi|Michael_Polanyi| |Robert_Pollin|Robert_Pollin| |Yuri_Poluneev|Yuri_Poluneev| |Jean-Pierre_Ponssard|Jean-Pierre_Ponssard| |Arden_Pope|Arden_Pope| |Michael_Porter|Michael_Porter| |Richard_Portes|Richard_Portes| |Arturo_C._Porzecanski|Arturo_C._Porzecanski| |Richard_Posner|Richard_Posner| |James_M._Poterba|James_M._Poterba| |Bernard_van_Praag|Bernard_Van_Praag| |John_W._Pratt|John_W._Pratt| |Edward_C._Prescott|Edward_C._Prescott| |Steven_Pressman|Dr._Steven_Pressman| |Clyde_V._Prestowitz_Jr.|Clyde_V._Prestowitz_Jr.| |Raúl_Prebisch|Raúl_Prebisch| |Cuno_Pümpin|Cuno_Pümpin| |Guy_Quaden|Guy_Quaden| |Danny_Quah|Danny_Quah| |François_Quesnay|François_Quesnay| |John_Quiggin|John_Quiggin| |Matthew_Rabin|Matthew_Rabin| |Roy_Radner|Roy_Radner| |John_Rae|John_Rae| |Richard_W._Rahn|Richard_W._Rahn| |Raghuram_Rajan|Raghuram_Rajan| |Mihir_Rakshit|Mihir_Rakshit| |Rogelio_Ramírez_de_la_O|Rogelio_Ramírez_De_La_O| |Frank_Plumpton_Ramsey|Frank_Plumpton_Ramsey| |Ajit_Ranade|Ajit_Ranade| |Leonard_Rapping|Leonard_Rapping| |Martin_Ravallion|Martin_Ravallion| |Debraj_Ray|Debraj_Ray| |Daniel_Raymond|Daniel_Raymond| |Ralph_Recto|Ralph_Recto| |Rajiv_Kumar|Rajiv_Kumar| |Robert_Reich|Robert_Reich| |Carmen_Reinhart|Carmen_Reinhart| |Ricardo_Reis|Ricardo_Reis| |George_Reisman|George_Reisman| |Philip_J._Reny|Philip_J._Reny| |David_Ricardo|David_Ricardo| |Jeremy_Rifkin|Jeremy_Rifkin| |Alice_Rivlin|Alice_Rivlin| |Lionel_Robbins|Lionel_Robbins| |Donald_John_Roberts|Donald_John_Roberts| |Paul_Craig_Roberts|Paul_Craig_Roberts| |Russ_Roberts|Russ_Roberts|  ,  |Stanford_University|Stanford_University| |Hoover_Institution|Hoover_Institution|  research fellow and host of the  EconTalk  podcast    |Denis_Robertson|Dennis_Robertson| |Abraham_Robinson|Abraham_Robinson| |Austin_Robinson|Austin_Robinson| |Joan_Robinson|Joan_Robinson| |Johann_Karl_Rodbertus|Johann_Karl_Rodbertus| |Dani_Rodrik|Dani_Rodrik| |John_Roemer|John_Roemer| |Kenneth_Rogoff|Kenneth_Rogoff| |Gérard_Roland|Gérard_Roland| |Eric_Roll|Eric_Roll| |Richard_Roll|Richard_Roll| |Christina_Romer|Christina_Romer| |David_Romer|David_Romer| |Paul_Romer|Paul_Romer| |Raymond_de_Roover|Raymond_De_Roover| |Harvey_S._Rosen|Harvey_S._Rosen| |Henry_Rosovsky|Henry_Rosovsky| |Sherwin_Rosen|Sherwin_Rosen| |Nathan_Rosenberg|Nathan_Rosenberg| |Stephen_A._Ross|Stephen_Ross| |Walt_Whitman_Rostow|Walt_Whitman_Rostow| |Julio_Rotemberg|Julio_Rotemberg| |Alvin_E._Roth|Alvin_E._Roth| |Murray_Rothbard|Murray_Rothbard| |Nouriel_Roubini|Nouriel_Roubini| |Ariel_Rubinstein|Ariel_Rubinstein| |Isaak_Russman|Isaak_Russman| |John_Rust|John_Rust| |Justinian_Rweyemamu|Justinian_Rweyemamu| |Tadeusz_Rybczynski|Tadeusz_Rybczynski| |Fabrizio_Saccomanni|Fabrizio_Saccomanni| |Alexander_Sachs|Alexander_Sachs| |Jeffrey_Sachs|Jeffrey_Sachs| |Emmanuel_Saez|Emmanuel_Saez| |Gilles_Saint-Paul|Gilles_Saint-Paul| |Henri_de_Saint-Simon|Claude_Henri_De_Rouvroy,_Comte_De_Saint-Simon| |António_de_Oliveira_Salazar|António_De_Oliveira_Salazar| |Arthur_Salz|Arthur_Salz| |Paul_Samuelson|Paul_Samuelson| |Chris_William_Sanchirico|Chris_William_Sanchirico| |José_Santana|José_Santana| |Diego_Abad_de_Santillán|Diego_Abad_De_Santillán| |Juan_Manuel_Santos|Juan_Manuel_Santos| |Gopal_Krishna_Sarangi|Gopal_Krishna_Sarangi| |Thomas_J._Sargent|Thomas_J._Sargent| |Mark_Satterthwaite|Mark_Satterthwaite| |Anthony_Saunders|Anthony_Saunders| |Jean-Baptiste_Say|Jean-Baptiste_Say| |Louis_Say|Louis_Say| |Herbert_Scarf|Herbert_Scarf| |Hjalmar_Schacht|Hjalmar_Schacht| |José_Scheinkman|José_Scheinkman| |Thomas_Schelling|Thomas_Schelling| |Peter_Schiff|Peter_Schiff| |Christoph_M._Schmidt|Christoph_M._Schmidt| |Helmut_Schmidt|Helmut_Schmidt| |John_Schmitt|John_Schmitt| |Gustav_von_Schmoller|Gustav_Von_Schmoller| |Myron_Scholes|Myron_Scholes| |Ken_Schoolland|Ken_Schoolland| |Stephan_Schulmeister|Stephan_Schulmeister| |Theodore_Schultz|Theodore_Schultz| |Ernst_Schumacher|E._F._Schumacher| |Joseph_Schumpeter|Joseph_Schumpeter| |Anna_Schwartz|Anna_Schwartz| |Tibor_Scitovsky|Tibor_Scitovsky| |Molly_Scott_Cato|Molly_Scott_Cato|  , English green economist    |L._William_Seidman|L._William_Seidman| |Arthur_Seldon|Arthur_Seldon| |Edwin_Robert_Anderson_Seligman|Edwin_Robert_Anderson_Seligman| |Reinhard_Selten|Reinhard_Selten| |Amartya_Sen|Amartya_Sen| |Hans_Sennholz|Hans_Sennholz| |Nassau_William_Senior|Nassau_William_Senior| |Andrew_Sentance|Andrew_Sentance| |Brad_Setser|Brad_Setser| |Ernest_Seyd|Ernest_Seyd| |G._L._S._Shackle|G._L._S._Shackle| |Anwar_Shaikh|Anwar_Shaikh| |David_Shapiro|David_Shapiro| |Lloyd_Shapley|Lloyd_Shapley| |William_F._Sharpe|William_F._Sharpe| |Neil_Shephard|Neil_Shephard| |Shouyong_Shi|Shouyong_Shi| |Robert_Shiller|Robert_Shiller| |Gary_Shilling|Gary_Shilling| |Robert_Shimer|Robert_Shimer| |Hyun-Song_Shin|Hyun-Song_Shin| |Yongcheol_Shin|Yongcheol_Shin| |D_Shina|D_Shina| |Masaaki_Shirakawa|Masaaki_Shirakawa| |Andrei_Shleifer|Andrei_Shleifer| |Artyom_Shneyerov|Artyom_Shneyerov| |Martin_Shubik|Martin_Shubik| |Mohammad_Najatuallah_Siddiqui|Mohammad_Najatuallah_Siddiqui| |Henry_Sidgwick|Henry_Sidgwick| |Miguel_Sidrauski|Miguel_Sidrauski| |Ota_Šik|Ota_Šik| |Cavaco_Silva|Cavaco_Silva| |Herbert_A._Simon|Herbert_A._Simon| |Julian_Lincoln_Simon|Julian_Lincoln_Simon| |Christopher_A._Sims|Christopher_A._Sims| |Hans_Singer|Hans_Singer| |Kurt_Singer|Kurt_Singer| |Manmohan_Singh|Manmohan_Singh| |Hans-Werner_Sinn|Hans-Werner_Sinn| |Mark_Skousen|Mark_Skousen| |Margaret_Slade|Margaret_Slade| |Andrzej_Sławiński|Andrzej_Sławiński| |Joel_Slemrod|Joel_Slemrod| |Eugen_Slutsky|Eugen_Slutsky| |Adam_Smith|Adam_Smith|  , Scottish economist, philosopher and author as well as a moral philosopher, a pioneer of political economy and a key figure during the Scottish Enlightenment era    |Alasdair_Smith|Alasdair_Smith| |Thomas_Smith|Smiths_Bank| |Vernon_L._Smith|Vernon_L._Smith| |Dennis_Snower|Dennis_Snower| |Robert_Solow|Robert_Solow| |Werner_Sombart|Werner_Sombart| |Willem_Somermeyer|Willem_Somermeyer| |Hugo_F._Sonnenschein|Hugo_F._Sonnenschein| |Thomas_Sowell|Thomas_Sowell| |Michael_Spence|Michael_Spence| |Barbara_J._Spencer|Barbara_J._Spencer| |Gene_Sperling|Gene_Sperling| |Piero_Sraffa|Piero_Sraffa| |T._N._Srinivasan|T._N._Srinivasan| |Guy_Standing|Guy_Standing| |Ross_Starr|Ross_Starr| , American economist at the  |University_of_California,_San_Diego|University_Of_California,_San_Diego| |Richard_H._Steckel|Richard_H._Steckel| |Herbert_Stein|Herbert_Stein| |Jeremy_C._Stein|Jeremy_C._Stein| |Nicholas_Stern|Nicholas_Stern| |George_Stigler|George_Stigler| |Joseph_E._Stiglitz|Joseph_E._Stiglitz| |James_H._Stock|James_H._Stock| |George_W._Stocking,_Sr.|George_W._Stocking,_Sr.| |Nancy_Stokey|Nancy_Stokey| |Richard_Stone|Richard_Stone| |Benjamin_Strong|Benjamin_Strong| |Steve_Strongin|Steve_Strongin| |Stanislav_Gustavovich_Strumilin|Stanislav_Gustavovich_Strumilin| |Robert_Sugden|Robert_Sugden| |Paul_Sultan|Paul_Sultan| |Lawrence_Summers|Lawrence_Summers| |Robert_Summers|Robert_Summers| |William_Graham_Sumner|William_Graham_Sumner| |Jomo_Kwame_Sundaram|Jomo_Kwame_Sundaram| |Arun_Sundararajan|Arun_Sundararajan| |Richard_Sutch|Richard_Sutch| |Kotaro_Suzumura|Kotaro_Suzumura| |Jan_Švejnar|Jan_Švejnar| |Lars_E._O._Svensson|Lars_E._O._Svensson| |Subramanian_Swamy|Subramanian_Swamy| |Trevor_Swan|Trevor_Swan| |Paul_Sweezy|Paul_Sweezy| |Syahrir|Syahrir| |Richard_Sylla|Richard_Sylla| |Edward_Szczepanik|Edward_Szczepanik| |Alex_Tabarrok|Alex_Tabarrok| |Guido_Tabellini|Guido_Tabellini| |Naim_Talu|Naim_Talu| |Yair_Tauman|Yair_Tauman| |Frank_William_Taussig|Frank_William_Taussig| |R.H._Tawney|R.H._Tawney| |Fred_M._Taylor|Fred_M._Taylor| |Henry_Charles_Taylor|Henry_Charles_Taylor| |John_B._Taylor|John_B._Taylor| |Mark_P._Taylor|Mark_P._Taylor| |Paul_Schuster_Taylor|Paul_Schuster_Taylor| |Lester_G._Telser|Lester_G._Telser| |Richard_Thaler|Richard_Thaler| |William_Thompson|William_Thompson| |Christopher_Thornberg|Christopher_Thornberg|  , American economist and founding partner of  |Beacon_Economics,_LLC|Beacon_Economics,_Llc| , a  |Los_Angeles|Los_Angeles|  based economic research firm    |Henry_Thornton|Henry_Thornton| |Johann_Heinrich_von_Thünen|Johann_Heinrich_Von_Thünen| |Lester_Thurow|Lester_Thurow| |Richard_Timberlake|Richard_Timberlake| |Jan_Tinbergen|Jan_Tinbergen| |Jean_Tirole|Jean_Tirole| |Sheridan_Titman|Sheridan_Titman| |James_Tobin|James_Tobin| |Michael_Todaro|Michael_Todaro| |Richard_Tol|Richard_Tol| |Alejandro_Toledo|Alejandro_Toledo| |Robert_Torrens|Robert_Torrens| |Robert_M._Townsend|Robert_M._Townsend| |Kenneth_E._Train|Kenneth_E._Train| |Daniel_Trefler|Daniel_Trefler| , Canadian economist, Douglas and Ruth Canada Research Chair in Competitiveness and Prosperity at the  |University_of_Toronto|University_Of_Toronto| |Rodrigue_Tremblay|Rodrigue_Tremblay| |Giulio_Tremonti|Giulio_Tremonti| |Jean-Claude_Trichet|Jean-Claude_Trichet| |Robert_Triffin|Robert_Triffin| |Sho-Chieh_Tsiang|Sho-Chieh_Tsiang| |Catherine_Tucker|Catherine_Tucker| |Mikhail_Tugan-Baranovsky|Mikhail_Tugan-Baranovsky| |Gordon_Tullock|Gordon_Tullock| |Anne_Turgot|Anne_Turgot| |Adair_Turner,_Baron_Turner_of_Ecchinswell|Adair_Turner,_Baron_Turner_Of_Ecchinswell| |Amos_Tversky|Amos_Tversky| |Laura_DAndrea_Tyson|Laura_Dandrea_Tyson| |Kazuhide_Uekusa|Kazuhide_Uekusa| |Hirofumi_Uzawa|Hirofumi_Uzawa| |Natacha_Valla|Natacha_Valla| |Alexander_Van_der_Bellen|Alexander_Van_Der_Bellen| |John_Van_Reenen|John_Van_Reenen| |Eugen_Varga|Eugen_Varga| |Hal_Varian|Hal_Varian| |Antoaneta_Vassileva|Antoaneta_Vassileva| |Thorstein_Veblen|Thorstein_Veblen| |Richard_Vedder|Richard_Vedder| |Carlos_A._Vegh|Carlos_A._Vegh| |Anthony_Venables|Anthony_Venables| |Fernando_Vianello|Fernando_Vianello| |William_Vickrey|William_Vickrey| |Thomas_Vietorisz|Thomas_Vietorisz| |Jacob_Viner|Jacob_Viner| |Ignazio_Visco|Ignazio_Visco| |Robert_W._Vishny|Robert_W._Vishny| |Eva_Vivalt|Eva_Vivalt| |Xavier_Vives|Xavier_Vives| |Paul_Volcker|Paul_Volcker| |Romain_Wacziarg|Romain_Wacziarg| |Sushil_Wadhwani|Sushil_Wadhwani| |Adolph_Wagner|Adolph_Wagner| |Jim_Walker|Jim_Walker| |Neil_Wallace|Neil_Wallace| |Phyllis_Ann_Wallace|Phyllis_Ann_Wallace| |Henry_Wallich|Henry_Wallich| |W._Allen_Wallis|W._Allen_Wallis| |Léon_Walras|Léon_Walras| |Carl_Walsh|Carl_Walsh| |Alan_Walters|Alan_Walters| |John_Glen_Wardrop|John_Glen_Wardrop| |Marilyn_Waring|Marilyn_Waring| |Mark_Watson|Mark_Watson| |Beatrice_Webb|Beatrice_Webb| |Sidney_Webb|Sidney_Webb| |Alfred_Weber|Alfred_Weber| |Max_Weber|Max_Weber| |Dorothy_Wedderburn|Dorothy_Wedderburn| |Beatrice_Weder_di_Mauro|Beatrice_Weder_Di_Mauro| |Jens_Weidmann|Jens_Weidmann| |Burton_Weisbrod|Burton_Weisbrod| |Mark_Weisbrot|Mark_Weisbrot| |Thomas_J._Weiss|Thomas_J._Weiss| |Martin_Weitzman|Martin_Weitzman| |Richard_Werner|Richard_Werner| |Brian_Wesbury|Brian_Wesbury| |Richard_Whately|Richard_Whately| |Edward_Lawrence_Wheelwright|Edward_Lawrence_Wheelwright| |Halbert_White|Halbert_White| |Knut_Wicksell|Knut_Wicksell| |Philip_H._Wicksteed|Philip_H_Wicksteed| |Friedrich_von_Wieser|Friedrich_Von_Wieser| |Clair_Wilcox|Clair_Wilcox| |John_Williamson|John_Williamson| |Oliver_E._Williamson|Oliver_E._Williamson| |Walter_E._Williams|Walter_E._Williams| |Ulrich_Witt|Ulrich_Witt| |Charles_Wolf,_Jr|Charles_Wolf,_Jr| |Martin_Wolf|Martin_Wolf| |Richard_D._Wolff|Richard_D._Wolff| |Justin_Wolfers|Justin_Wolfers| |Edward_Wolff|Edward_Wolff| |Myrna_Wooders|Myrna_Wooders| |Michael_Woodford|Michael_Woodford| |Jeffrey_Wooldridge|Jeffrey_Wooldridge| |Holbrook_Working|Holbrook_Working| |Stephen_T._Worland|Stephen_T._Worland| , taught at the University of Notre Dame; author of Scholasticism and Welfare Economics  |L._Randall_Wray|L._Randall_Wray| |Simon_Wren-Lewis|Simon_Wren-Lewis| |Gavin_Wright|Gavin_Wright| |Randall_Wright|Randall_Wright| |Xenophon|Xenophon|  , Ancient Greek, author of  Oeconomicus             |Basil_Yamey|Basil_Yamey| |Janet_Yellen|Janet_Yellen| |Allyn_Abbott_Young|Allyn_Abbott_Young| |Alwyn_Young|Alwyn_Young| |Arthur_Young|Arthur_Young| |Peyton_Young|Peyton_Young| |Linda_Yueh|Linda_Yueh| |Muhammad_Yunus|Muhammad_Yunus| |Richard_Zeckhauser|Richard_Zeckhauser| |Zeine_Ould_Zeidane|Zeine_Ould_Zeidane| |Milan_Zeleny|Milan_Zeleny| |Arnold_Zellner|Arnold_Zellner| |Zhou_Xiaochuan|Zhou_Xiaochuan| |Jeffrey_Zients|Jeffrey_Zients| |Fabrizio_Zilibotti|Fabrizio_Zilibotti| |Luigi_Zingales|Luigi_Zingales| .