Note     This is an alphabetical listing of  |Polish|Poland| |painters|Painters| . This list is incomplete. If a notable Polish painter is  |missing_and_without_article|Talk:List_Of_Polish_Paintersarticle_Requests| , please add the name  here .     |Bronislaw_Abramowicz|Bronislaw_Abramowicz| |Piotr_Abraszewski|Piotr_Abraszewski| |Julia_Acker|Julia_Acker| |Tadeusz_Ajdukiewicz|Tadeusz_Ajdukiewicz| |Zygmunt_Ajdukiewicz|Zygmunt_Ajdukiewicz| |Hiacynt_Alchimowicz|Hiacynt_Alchimowicz| |Kazimierz_Alchimowicz|Kazimierz_Alchimowicz| |Zygmunt_Andrychiewicz|Zygmunt_Andrychiewicz| |Włodzimierz_Antkowiak|Włodzimierz_Antkowiak| |Zofia_Atteslander|Zofia_Atteslander| |Aleksander_Augustynowicz|Aleksander_Augustynowicz| |Teodor_Axentowicz|Teodor_Axentowicz| |Władysław_Bakałowicz|Władysław_Bakałowicz| |Stefan_Bakałowicz|Stefan_Bakałowicz| |Henoch_Barczyński|Henoch_Barczyński| |Andrzej_Marian_Bartczak|Andrzej_Marian_Bartczak| |Zdzisław_Beksiński|Zdzisław_Beksiński| |Ludomir_Benedyktowicz|Ludomir_Benedyktowicz| |Stanisław_Bergman|Stanisław_Bergman| |Jan_Betley|Jan_Betley| |Antoni_Blank|Antoni_Blank| |Jan_Bohuszewicz|Jan_Bohuszewicz| |Krzysztof_Boguszewski|Krzysztof_Boguszewski| |Stanisław_Bohusz-Siestrzeńcewicz|Stanisław_Bohusz-Siestrzeńcewicz| |Olga_Boznańska|Olga_Boznańska| |Józef_Brandt|Józef_Brandt| |Chrystian_Breslauer|Chrystian_Breslauer| |Antoni_Brodowski|Antoni_Brodowski| |Józef_Brodowski_the_Elder|Józef_Brodowski_The_Elder| |Józef_Brodowski_the_Younger|Józef_Brodowski_The_Younger| |Feliks_Brzozowski|Feliks_Brzozowski| |Tadeusz_Brzozowski|Tadeusz_Brzozowski| |Teodor_Buchholz|Teodor_Buchholz| |Maxim_Bugzester|Maxim_Bugzester| |Józef_Cempla|Józef_Cempla| |Maximilian_Cercha|Maximilian_Cercha| |Józef_Chełmoński|Józef_Chełmoński| |Stanisław_Chlebowski|Stanisław_Chlebowski| |Daniel_Chodowiecki|Daniel_Chodowiecki| |Leon_Chwistek|Leon_Chwistek| |Jan_Ciągliński|Jan_Ciągliński| |Henryk_Cieszkowski|Henryk_Cieszkowski| |Florian_Cynk|Florian_Cynk| |Władysław_Czachorski|Władysław_Czachorski| |Marian_Czapla|Marian_Czapla| |Szymon_Czechowicz|Szymon_Czechowicz| |Tytus_Czyżewski|Tytus_Czyżewski| |Zefiryn_Ćwikliński|Zefiryn_Ćwikliński| |Odo_Dobrowolski|Odo_Dobrowolski| |Tomasz_Dolabella|Tommaso_Dolabella| |Kasia_Domanska|Kasia_Domanska| |Tadeusz_Dominik|Tadeusz_Dominik| |Tadeusz_Dowgird|Tadeusz_Dowgird| |Erwin_Elster|Erwin_Elster| |Erazm_Fabijański|Erazm_Fabijański| |Julian_Fałat|Julian_Fałat| |Wojciech_Fangor|Wojciech_Fangor| |Tadeusz_Fuss-Kaden|Tadeusz_Fuss-Kaden| |Ewa_Gargulinska|Ewa_Gargulinska| |Maria_Gażycz|Maria_Gażycz| |Ignacy_Gepner|Ignacy_Gepner| |Wojciech_Gerson|Wojciech_Gerson| |Adam_Gerżabek|Adam_Gerżabek| |Stefan_Gierowski|Stefan_Gierowski| |Aleksander_Gierymski|Aleksander_Gierymski| |Maksymilian_Gierymski|Maksymilian_Gierymski| |Adrian_Głębocki|Adrian_Głębocki| |Krzysztof_Gliszczyński|Krzysztof_Gliszczyński| |Chaim_Goldberg|Chaim_Goldberg| |Tadeusz_Gorecki|Tadeusz_Gorecki| |Michał_Gorstkin-Wywiórski|Michał_Gorstkin-Wywiórski| |Henryk_Gotlib|Henryk_Gotlib| |Maurycy_Gottlieb|Maurycy_Gottlieb| |Stanisław_Grocholski|Stanisław_Grocholski| |Artur_Grottger|Artur_Grottger| |Aleksander_Gryglewski|Aleksander_Gryglewski| |Gustaw_Gwozdecki|Gustaw_Gwozdecki| |Karol_Hiller|Karol_Hiller| |Napoleon_Iłłakowicz|Napoleon_Iłłakowicz| |Marian_Iwańciów|Marian_Iwańciów| |Izydor_Jabłoński|Izydor_Jabłoński| |Janusz_Janowski|Janusz_Janowski| |Maria_Jarema|Maria_Jarema| |Zdzisław_Jasiński|Zdzisław_Jasiński| |Danuta_Joppek|Danuta_Joppek| |Krzysztof_Jung|Krzysztof_Jung| |Jan_Kaja|Jan_Kaja| |Stanisław_Kamocki|Stanisław_Kamocki| |Rajmund_Kanelba|Rajmund_Kanelba| |Tadeusz_Kantor|Tadeusz_Kantor| |Stanisława_de_Karłowska|Stanisława_De_Karłowska| |Alfons_Karpiński|Alfons_Karpiński| |Wincenty_Kasprzycki|Wincenty_Kasprzycki| |Apoloniusz_Kędzierski|Apoloniusz_Kędzierski| |Mojżesz_Kisling|Moise_Kisling| |Marcin_Kitz|Marcin_Kitz| |Marcin_Kober|Marcin_Kober| |Roman_Kochanowski|Roman_Kochanowski| |Aleksander_Kokular|Aleksander_Kokular| |Ludwik_Konarzewski|Ludwik_Konarzewski| |Ludwik_Konarzewski|Ludwik_Konarzewski| |Bogdan_Korczowski|Bogdan_Korczowski| |Jerzy_Kossak|Jerzy_Kossak| |Juliusz_Kossak|Juliusz_Kossak| |Wojciech_Kossak|Wojciech_Kossak| |Franciszek_Kostrzewski|Franciszek_Kostrzewski| |Mieczysław_Kościelniak|Mieczysław_Kościelniak| |Wilhelm_Kotarbiński|Wilhelm_Kotarbiński| |Apolinary_Kotowicz|Apolinary_Kotowicz| |Aleksander_Kotsis|Aleksander_Kotsis| |Andrzej_Kowalski|Andrzej_Kowalski| |Felicjan_Kowarski|Felicjan_Kowarski| |Antoni_Kozakiewicz|Antoni_Kozakiewicz| |Andrzej_Krajewski|Andre_De_Krayewski| |Nikifor_Krynicki|Nikifor_Krynicki| |Hilary_Krzysztofiak|Hilary_Krzysztofiak| |Konrad_Krzyżanowski|Konrad_Krzyżanowski| |Stanisław_Kubicki|Stanisław_Kubicki| |Alexander_Kucharsky|Alexander_Kucharsky| |Jarosław_Kukowski|Jarosław_Kukowski| |Teofil_Kwiatkowski|Teofil_Kwiatkowski| |Tamara_de_Lempicka|Tamara_De_Lempicka| |Stanisław_Lentz|Stanisław_Lentz| |Wincenty_de_Lesseur|Wincenty_De_Lesseur| |Olga_Lewicka|Olga_Lewicka| |Benon_Liberski|Benon_Liberski| |Władysław_Łuszczkiewicz|Władysław_Łuszczkiewicz| |Jerzy_Makarewicz|Jerzy_Makarewicz| |Tadeusz_Makowski|Tadeusz_Makowski| |Jacek_Malczewski|Jacek_Malczewski| |Władysław_Malecki|Władysław_Malecki| |Adam_Marczyński|Adam_Marczyński| |Artur_Markowicz|Artur_Markowicz| |Ludwik_Marteau|Ludwik_Marteau| |Stanisław_Masłowski|Stanisław_Masłowski| |Jan_Matejko|Jan_Matejko| |Józef_Męcina-Krzesz|Józef_Męcina-Krzesz| |Józef_Mehoffer|Józef_Mehoffer| |Paweł_Merwart|Paweł_Merwart| |Piotr_Michałowski|Piotr_Michałowski|    Andrzej Mierzejewski    |Jacek_Mierzejewski|Jacek_Mierzejewski| |Jerzy_Mierzejewski|Jerzy_Mierzejewski| |Maurycy_Minkowski|Maurycy_Minkowski| |Augustyn_Mirys|Augustyn_Mirys| |Ludwik_Misky|Ludwik_Misky| |Eugeniusz_Molski|Eugeniusz_Molski| |Tadeusz_Myslowski|Tadeusz_Myslowski| |Abraham_Neumann|Abraham_Neumann| |Leopold_Niemirowski|Leopold_Niemirowski| |Eligiusz_Niewiadomski|Eligiusz_Niewiadomski| |Jan_Piotr_Norblin|Jan_Piotr_Norblin| |Zbigniew_Nowosadzki|Zbigniew_Nowosadzki| |Jerzy_Nowosielski|Jerzy_Nowosielski| |Leszek_Nowosielski|Leszek_Nowosielski| |Seweryn_Obst|Seweryn_Obst| |Józef_Oleszkiewicz|Józef_Oleszkiewicz| |Roman_Opałka|Roman_Opałka| |Aleksander_Orłowski|Aleksander_Orłowski| |Aniela_Pająkówna|Aniela_Pająkówna| |Józef_Pankiewicz|Józef_Pankiewicz| |Józef_Peszka|Józef_Peszka| |Franciszek_Pfanhauser|Franciszek_Pfanhauser| |Henryk_Pillati|Henryk_Pillati| |Józef_Pitschmann|Józef_Pitschmann| |Kazimierz_Pochwalski|Kazimierz_Pochwalski| |Władysław_Pochwalski|Władysław_Pochwalski| |Władysław_Podkowiński|Władysław_Podkowiński| |Tadeusz_Popiel|Tadeusz_Popiel| |Thomas_Pradzynski|Thomas_Pradzynski| |Tadeusz_Pruszkowski|Tadeusz_Pruszkowski| |Witold_Pruszkowski|Witold_Pruszkowski| |Stanislaw_Przespolewski|Stanislaw_Przespolewski| |Józef_Rapacki|Józef_Rapacki| |Jan_Rembowski|Jan_Rembowski| |Henryk_Rodakowski|Henryk_Rodakowski| |Jan_Rosen|Jan_Rosen| |Jan_Rubczak|Jan_Rubczak| |Kanuty_Rusiecki|Kanuty_Rusiecki| |Ferdynand_Ruszczyc|Ferdynand_Ruszczyc| |Wojciech_Sadley|Wojciech_Sadley| |Katrina_Sadrak|Stanisław_Samostrzelnik| |Stanisław_Samostrzelnik|Stanisław_Samostrzelnik| |Wilhelm_Sasnal|Wilhelm_Sasnal| |Bruno_Schulz|Bruno_Schulz| |Kazimierz_Sichulski|Kazimierz_Sichulski| |Jerzy_Siemiginowski-Eleuter|Jerzy_Siemiginowski-Eleuter| |Henryk_Siemiradzki|Henryk_Siemiradzki| |Józef_Simmler|Józef_Simmler| |Wojciech_Siudmak|Wojciech_Siudmak| |Wincenty_Sleńdziński|Wincenty_Sleńdziński| |Władysław_Ślewiński|Władysław_Ślewiński| |Wincenty_Smokowski|Wincenty_Smokowski| |Franciszek_Smuglewicz|Franciszek_Smuglewicz| |Jacek_Soliński|Jacek_Soliński| |Kajetan_Sosnowski|Kajetan_Sosnowski| |Jan_Stanisławski|Jan_Stanisławski| |Franciszek_Starowieyski|Franciszek_Starowieyski| |Kazimierz_Stabrowski|Kazimierz_Stabrowski| |Piotr_Stachiewicz|Piotr_Stachiewicz| |Michał_Stachowicz|Michał_Stachowicz| |Ludwik_Stasiak|Ludwik_Stasiak| |Henryk_Stażewski|Henryk_Stażewski| |Andrzej_Stech|Andrzej_Stech| |Kajetan_Stefanowicz|Kajetan_Stefanowicz| |Zofia_Stryjeńska|Zofia_Stryjeńska| |Władysław_Strzemiński|Władysław_Strzemiński| |Jan_Styka|Jan_Styka| |January_Suchodolski|January_Suchodolski| |Józef_Szermentowski|Józef_Szermentowski| |Stanislav_Szukalski|Stanislav_Szukalski| |Boguslaw_Szwacz|Boguslaw_Szwacz| |Włodzimierz_Szymanowicz|Włodzimierz_Szymanowicz| |Pantaleon_Szyndler|Pantaleon_Szyndler| |Franciszek_Tepa|Franciszek_Tepa| |Włodzimierz_Tetmajer|Włodzimierz_Tetmajer| |Wincenty_Trojanowski|Wincenty_Trojanowski| |Aleksandra_Urban|Aleksandra_Urban| |Zygmunt_Vogel|Zygmunt_Vogel| |Zygmunt_Waliszewski|Zygmunt_Waliszewski| |Władysław_Wankie|Władysław_Wankie| |Walenty_Wańkowicz|Walenty_Wańkowicz| |Ryszard_Wasko|Ryszard_Wasko| |Wacław_Wąsowicz|Wacław_Wąsowicz| |Wojciech_Weiss|Wojciech_Weiss| |Henryk_Weyssenhoff|Henryk_Weyssenhoff| |Katerina_Wilczynski|Katerina_Wilczynski| |Mikołaj_Wisznicki|Mikołaj_Wisznicki| |Stanisław_Witkiewicz|Stanisław_Witkiewicz| |Stanisław_Ignacy_Witkiewicz|Stanisław_Ignacy_Witkiewicz| |Karol_D._Witkowski|Karol_D._Witkowski| |Wincenty_Wodzinowski|Wincenty_Wodzinowski| |Kazimierz_Wojniakowski|Kazimierz_Wojniakowski| |Witold_Wojtkiewicz|Witold_Wojtkiewicz| |Ryszard_Woźniak|Ryszard_Woźniak| |Andrzej_Wróblewski|Andrzej_Wróblewski| |Leon_Wyczółkowski|Leon_Wyczółkowski| |Stanisław_Wyspiański|Stanisław_Wyspiański| |Jacek_Yerka|Jacek_Yerka| |Eugeniusz_Zak|Eugeniusz_Zak| |Marcin_Zaleski|Marcin_Zaleski| |Jan_Zamoyski|Jan_Zamoyski| |Anna_Ziaja|Anna_Ziaja| |Franciszek_Żmurko|Franciszek_Żmurko| |Aleksander_Żywiecki|Aleksander_Żywiecki|.