|Aquatic_plants|Aquatic_Plant|  are used to give the  |freshwater_aquarium|Freshwater_Aquarium|  a natural appearance, oxygenate the  |water|Water| , absorb  |ammonia|Ammonia| , and provide  |habitat|Habitat|  for  |fish|Fish| , especially  |fry|Fry|  and for  |invertebrates|Invertebrate| . Some aquarium fish and invertebrates also eat live plants. Hobbyists use aquatic plants for  |aquascaping|Aquascaping| , of several aesthetic styles.     Most of these plant species are found either partially or fully submerged in their natural habitat. Although there are a handful of obligate aquatic plants that must be grown entirely underwater, most can grow fully emersed if the soil is moist. Though some are just living at the water margins, still, they can live in the completely submerged habitat.       The  |taxonomy|Alpha_Taxonomy|  of most plant genera is not final.  |Scientific_names|Scientific_Name|  listed here may, therefore, contradict other sources.     Common aquarium plant  |species|Species|   Aciotis acuminifolia    |Acmella_repens|Acmella_Repens|   Acorus calamus    |Acorus_gramineus|Acorus_Gramineus|     Aldrovanda vesiculosa    |Alisma_canaliculatum|Alisma_Canaliculatum| |Alisma_gramineum|Alisma_Gramineum| |Alisma_lanceolatum|Alisma_Lanceolatum| |Alisma_nanum|Alisma_Nanum| |Alisma_orientale|Alisma_Orientale| |Alisma_plantago-aquatica|Alisma_Plantago-Aquatica| |Alisma_subcordatum|Alisma_Subcordatum| |Alisma_triviale|Alisma_Triviale| |Alisma_wahlenbergii|Alisma_Wahlenbergii| |Alternanthera_bettzickiana|Alternanthera_Bettzickiana| |Alternanthera_philoxeroides|Alternanthera_Philoxeroides| |Alternanthera_reineckii|Alternanthera_Reineckii| |Alternanthera_sessilis|Alternanthera_Sessilis| |Ammania_capitellata|Ammania_Capitellata| |Ammannia_crassicaulis|Ammannia_Crassicaulis| |Ammania_gracilis|Ammania_Gracilis| |Ammania_latifolia|Ammania_Latifolia| |Ammannia_pedicellata|Ammannia_Pedicellata| |Ammannia_praetemissa|Ammannia_Praetemissa| |Ammania_senegalensis|Ammania_Senegalensis| |Anubias_afzelii|Anubias_Afzelii| |Anubias_barteri_var._barteri|Anubias_Barteri_Var._Barteri| |Anubias_barteri_var._angustifolia|Anubias_Barteri_Var._Angustifolia| |Anubias_barteri_var._caladiifolia|Anubias_Barteri_Var._Caladiifolia| |Anubias_barteri_var._glabra|Anubias_Barteri_Var._Glabra| |Anubias_barteri_var._nana|Anubias_Barteri_Var._Nana| |Anubias_gigantea|Anubias_Gigantea| |Anubias_gilletti|Anubias_Gilletti| |Anubias_gracilis|Anubias_Gracilis| |Anubias_hastifolia|Anubias_Hastifolia| |Anubias_heterophylla|Anubias_Heterophylla| |Anubias_pynaertii|Anubias_Pynaertii| |Aponogeton_appendiculatus|Aponogeton_Appendiculatus| |Aponogeton_bernierianus|Aponogeton_Bernierianus| |Aponogeton_boivinianus|Aponogeton_Boivinianus| |Aponogeton_capuronii|Aponogeton_Capuronii| |Aponogeton_crispus|Aponogeton_Crispus| |Aponogeton_decartyi|Aponogeton_Decartyi| |Aponogeton_desertorum|Aponogeton_Desertorum| |Aponogeton_dioecus|Aponogeton_Dioecus| |Aponogeton_distachyos|Aponogeton_Distachyos| |Aponogeton_elongatus|Aponogeton_Elongatus| |Aponogeton_fenestralis|Aponogeton_Fenestralis| |Aponogeton_henkelianus|Aponogeton_Henkelianus| |Aponogeton_junceus|Aponogeton_Junceus| |Aponogeton_longiplumulosus|Aponogeton_Longiplumulosus| |Aponogeton_loriae|Aponogeton_Loriae| |Aponogeton_madagascariensis|Aponogeton_Madagascariensis| |Aponogeton_natans|Aponogeton_Natans| |Aponogeton_rigidifolius|Aponogeton_Rigidifolius| |Aponogeton_tenuispicatus|Aponogeton_Tenuispicatus| |Aponogeton_ulvaceus|Aponogeton_Ulvaceus| |Aponogeton_undulatus|Aponogeton_Undulatus| |Armoracia_aquatica|Armoracia_Aquatica| |Arthraxon_hispidus|Arthraxon_Hispidus| |Azolla_caroliniana|Azolla_Caroliniana| |Azolla_filiculoïdes|Azolla_Filiculoides| |Azolla_pinnata|Azolla_Pinnata| |Bacopa_amplexicaulis|Bacopa_Amplexicaulis| |Bacopa_australis|Bacopa_Australis| |Bacopa_caroliniana|Bacopa_Caroliniana| |Bacopa_crenata|Bacopa_Crenata| |Bacopa_innominata|Bacopa_Innominata| |Bacopa_lanigera|Bacopa_Lanigera| |Bacopa_madagascarensis|Bacopa_Madagascarensis| |Bacopa_monnieri|Bacopa_Monnieri| |Bacopa_myriophylloides|Bacopa_Myriophylloides| |Bacopa_rotundifolia|Bacopa_Rotundifolia| |Bacopa_salzmannii|Bacopa_Salzmannii| |Bacopa_serpyllifolia|Bacopa_Serpyllifolia| |Baldellia_ranunculoides|Baldellia_Ranunculoides| |Barclaya_longifolia|Barclaya_Longifolia| |Barclaya_motleyi|Barclaya_Motleyi| |Berula_erecta|Berula_Erecta| |Blyxa_aubertii|Blyxa_Aubertii| |Blyxa_echinosperma|Blyxa_Echinosperma| |Blyxa_japonica|Blyxa_Japonica| |Blyxa_novoguineensis|Blyxa_Novoguineensis| |Blyxa_octandra|Blyxa_Octandra| |Bolbitis_heteroclita|Bolbitis_Heteroclita| |Bolbitis_heudelotii|Bolbitis_Heudelotii| |Bucephalandra_gigantea|Bucephalandra_Gigantea| |Bucephalandra_motleyana|Bucephalandra_Motleyana| |Bucephalandra_catherineae|Bucephalandra_Catherineae| |Cabomba_aquatica|Cabomba_Aquatica| |Cabomba_caroliniana|Cabomba_Caroliniana| |Cabomba_furcata|Cabomba_Furcata| |Cabomba_palaeformis|Cabomba_Palaeformis| |Cabomba_piauhyensis|Cabomba_Piauhyensis| |Caldesia_parnassifolia|Caldesia_Parnassifolia| |Calla_palustris|Calla_Palustris| |Caltha_palustris|Caltha_Palustris| |Callitriche_hamulata|Callitriche_Hamulata| |Callitriche_hermaphroditica|Callitriche_Hermaphroditica| |Callitriche_palustris|Callitriche_Palustris| |Callitriche_stagnalis|Callitriche_Stagnalis| |Callitriche_terestris|Callitriche_Terestris| |Cardamine_lyrata|Cardamine_Lyrata| |Cardamine_rotundifolia|Cardamine_Rotundifolia| |Ceratophyllum_demersum|Ceratophyllum_Demersum| |Ceratophyllum_submersum|Ceratophyllum_Submersum| |Ceratopteris_cornuta|Ceratopteris_Cornuta| |Ceratopteris_pteridoides|Ceratopteris_Pteridoides| |Ceratopteris_thalictroides|Ceratopteris_Thalictroides| |Cladophora_aegagropila|Cladophora_Aegagropila| |Clinopodium_brownei|Clinopodium_Brownei| |Crassula_aquatica|Crassula_Aquatica| |Crassula_helmsii|Crassula_Helmsii| |Crinum_calamistratum|Crinum_Calamistratum| |Crinum_natans|Crinum_Natans| |Crinum_purpurascens|Crinum_Purpurascens| |Crinum_thaianum|Crinum_Thaianum| |Cryptocoryne_affinis|Cryptocoryne_Affinis| |Cryptocoryne_alba|Cryptocoryne_Alba| |Cryptocoryne_albida|Cryptocoryne_Albida| |Cryptocoryne_aponogetifolia|Cryptocoryne_Aponogetifolia| |Cryptocoryne_auriculata|Cryptocoryne_Auriculata| |Cryptocoryne_axelrodii|Cryptocoryne_Axelrodii| |Cryptocoryne_balansae|Cryptocoryne_Balansae| |Cryptocoryne_beckettii|Cryptocoryne_Beckettii| |Cryptocoryne_blassii|Cryptocoryne_Blassii| |Cryptocoryne_bogneri|Cryptocoryne_Bogneri| |Cryptocoryne_bullosa|Cryptocoryne_Bullosa| |Cryptocoryne_ciliata|Cryptocoryne_Ciliata| |Cryptocoryne_cognata|Cryptocoryne_Cognata| |Cryptocoryne_cordata|Cryptocoryne_Cordata| |Cryptocoryne_crispatula|Cryptocoryne_Crispatula| |Cryptocoryne_cruddasiana|Cryptocoryne_Cruddasiana| |Cryptocoryne_dewitii|Cryptocoryne_Dewitii| |Cryptocoryne_diderici|Cryptocoryne_Diderici| |Cryptocoryne_elliptica|Cryptocoryne_Elliptica| |Cryptocoryne_ferruginea|Cryptocoryne_Ferruginea| |Cryptocoryne_fusca|Cryptocoryne_Fusca| |Cryptocoryne_gasserii|Cryptocoryne_Gasserii| |Cryptocoryne_grabowskii|Cryptocoryne_Grabowskii| |Cryptocoryne_gracilis|Cryptocoryne_Gracilis| |Cryptocoryne_griffithii|Cryptocoryne_Griffithii| |Cryptocoryne_hudoroi|Cryptocoryne_Hudoroi| |Cryptocoryne_keei|Cryptocoryne_Keei| |Cryptocoryne_legroi|Cryptocoryne_Legroi| |Cryptocoryne_lingua|Cryptocoryne_Lingua| |Cryptocoryne_longicauda|Cryptocoryne_Longicauda| |Cryptocoryne_lucens|Cryptocoryne_Lucens| |Cryptocoryne_lutea|Cryptocoryne_Lutea| |Cryptocoryne_minima|Cryptocoryne_Minima| |Cryptocoryne_moehlmannii|Cryptocoryne_Moehlmannii| |Cryptocoryne_nevillii|Cryptocoryne_Nevillii| |Cryptocoryne_nurii|Cryptocoryne_Nurii| |Cryptocoryne_pallidinervia|Cryptocoryne_Pallidinervia| |Cryptocoryne_parva|Cryptocoryne_Parva| |Cryptocoryne_petchii|Cryptocoryne_Petchii| |Cryptocoryne_pontederiifolia|Cryptocoryne_Pontederiifolia| |Cryptocoryne_purpurea|Cryptocoryne_Purpurea| |Cryptocoryne_retrospiralis|Cryptocoryne_Retrospiralis| |Cryptocoryne_schulzei|Cryptocoryne_Schulzei| |Cryptocoryne_scrurillis|Cryptocoryne_Scrurillis| |Cryptocoryne_siamensis|Cryptocoryne_Siamensis| |Cryptocoryne_spiralis|Cryptocoryne_Spiralis| |Cryptocoryne_striolata|Cryptocoryne_Striolata| |Cryptocoryne_thwaitesii|Cryptocoryne_Thwaitesii| |Cryptocoryne_tonkinensis|Cryptocoryne_Tonkinensis| |Cryptocoryne_undulata|Cryptocoryne_Undulata| |Cryptocoryne_usteriana|Cryptocoryne_Usteriana| |Cryptocoryne_venemae|Cryptocoryne_Venemae| |Cryptocoryne_versteegii|Cryptocoryne_Versteegii| |Cryptocoryne_walkeri|Cryptocoryne_Walkeri| |Cryptocoryne_wendtii_Tropica|Cryptocoryne_Wendtii| |Cryptocoryne_x_willisii|Cryptocoryne_X_Willisii| |Cryptocoryne_zewaldiae|Cryptocoryne_Zewaldiae| |Cryptocoryne_zonata|Cryptocoryne_Zonata| |Cryptocoryne_zukalii|Cryptocoryne_Zukalii| |Cuphea_anagalloidea|Cuphea_Anagalloidea| |Cyperus_alternifolius|Cyperus_Alternifolius| |Cyperus_helferi|Cyperus_Helferi| |Cyperus_papyrus|Cyperus_Papyrus| |Damasonium_alisma|Damasonium_Alisma| |Didiplis_diandra|Didiplis_Diandra| |Diodia_kuntzei|Diodia_Kuntzei| |Diodia_virginiana|Diodia_Virginiana| |Echinodorus_africanus|Echinodorus_Africanus| |Echinodorus_amazonicus|Echinodorus_Amazonicus| |Echinodorus_andrieuxii|Echinodorus_Andrieuxii| |Echinodorus_angustifolius|Echinodorus_Angustifolius| |Echinodorus_argentinensis|Echinodorus_Argentinensis| |Echinodorus_aschersonianus|Echinodorus_Aschersonianus| |Echinodorus_barthii|Echinodorus_Barthii| |Echinodorus_berteroi|Echinodorus_Berteroi| |Echinodorus_bleheri|Echinodorus_Bleheri| |Echinodorus_brevipedicellatus|Echinodorus_Brevipedicellatus| |Echinodorus_cordifolius|Echinodorus_Cordifolius| |Echinodorus_fluitans|Echinodorus_Fluitans| |Echinodorus_grandiflorus|Echinodorus_Grandiflorus| |Echinodorus_horemanii|Echinodorus_Horemanii| |Echinodorus_horizontalis|Echinodorus_Horizontalis| |Echinodorus_humilis|Echinodorus_Humilis| |Echinodorus_latifolius|Echinodorus_Latifolius| |Echinodorus_longiscapus|Echinodorus_Longiscapus| |Echinodorus_macrophyllus|Echinodorus_Macrophyllus| |Echinodorus_martii|Echinodorus_Martii| |Echinodorus_major|Echinodorus_Major| |Echinodorus_opacus|Echinodorus_Opacus| |Echinodorus_osiris|Echinodorus_Osiris| |Echinodorus_Ozelot|Echinodorus_Ozelot| |Echinodorus_palaefolius|Echinodorus_Palaefolius| |Echinodorus_paniculatus|Echinodorus_Paniculatus| |Echinodorus_parviflorus|Echinodorus_Parviflorus| |Echinodorus_pelliscidus|Echinodorus_Pelliscidus| |Echinodorus_quadricostatus|Echinodorus_Quadricostatus| |Echinodorus_radicans|Echinodorus_Radicans| |Echinodorus_rigidifolius|Echinodorus_Rigidifolius| |Echinodorus_Rubin|Echinodorus_Rubin| |Echinodorus_rubra|Echinodorus_Rubra| |Echinodorus_schlueteri|Echinodorus_Schlueteri| |Echinodorus_subalatus|Echinodorus_Subalatus| |Echinodorus_tunicatus|Echinodorus_Tunicatus| |Echinodorus_uruguayensis|Echinodorus_Uruguayensis| |Egeria_densa|Egeria_Densa| |Egeria_najas|Egeria_Najas| |Egleria_fluctuans|Egleria_Fluctuans| |Eichhornia_azurea|Eichhornia_Azurea| |Eichhornia_crassipes|Eichhornia_Crassipes| |Eichhornia_diversifolia|Eichhornia_Diversifolia| |Elatine_gussonei|Elatine_Gussonei| |Elatine_hydropiper|Elatine_Hydropiper| |Elatine_macropoda|Elatine_Macropoda| |Elatine_triandra|Elatine_Triandra| |Eleocharis_acicularis|Eleocharis_Acicularis| |Eleocharis_dulcis|Eleocharis_Dulcis| |Eleocharis_minima|Eleocharis_Minima| |Eleocharis_obtusa|Eleocharis_Obtusa| |Eleocharis_parvula|Eleocharis_Parvula| |Eleocharis_vivipara|Eleocharis_Vivipara| |Elodea_canadensis|Elodea_Canadensis| |Elodea_granatensis|Elodea_Granatensis| |Elodea_nuttallii|Elodea_Nuttallii| |Elodea_occidentalis|Elodea_Occidentalis|    Equisetum spp.    |Eriocaulon_amanoanum|Eriocaulon_Amanoanum| |Eriocaulon_cinereum|Eriocaulon_Cinereum| |Eriocaulon_depressum|Eriocaulon_Depressum| |Eriocaulon_parkeri|Eriocaulon_Parkeri| |Eusteralis_stellata|Eusteralis_Stellata| |Fittonia_argyroneura|Fittonia_Argyroneura| |Fontinalis_antipyretica|Fontinalis_Antipyretica| |Glossadelphus_zollingeri|Glossadelphus_Zollingeri| |Glossostigma_diandrum|Glossostigma_Diandrum| |Glossostigma_elatinoides|Glossostigma_Elatinoides| |Gratiola_amphiantha|Gratiola_Amphiantha| |Gratiola_brevefolia|Gratiola_Brevefolia| |Gratiola_viscidula|Gratiola_Viscidula| |Gymnocoronis_spilanthoides|Gymnocoronis_Spilanthoides| |Helanthium_bolivianum|Helanthium_Bolivianum| |Helanthium_tenellum|Helanthium_Tenellum| |Helanthium_zombiense|Helanthium_Zombiense| |Hemianthus_callitrichoides|Hemianthus_Callitrichoides| |Hemianthus_micranthemoides|Hemianthus_Micranthemoides| |Heteranthera_dubia|Heteranthera_Dubia| |Heteranthera_reniformis|Heteranthera_Reniformis| |Heteranthera_zosterifolia|Heteranthera_Zosterifolia| |Hippuris_vulgaris|Hippuris_Vulgaris| |Hottonia_inflata|Hottonia_Inflata| |Hottonia_palustris|Hottonia_Palustris| |Hydrilla_verticillata|Hydrilla_Verticillata| |Hydrocharis_morsus-ranae|Hydrocharis_Morsus-Ranae| |Hydrocleys_martii|Hydrocleys_Martii| |Hydrocleys_nymphoides|Hydrocleys_Nymphoides| |Hydrocotyle_leucocephala|Hydrocotyle_Leucocephala| |Hydrocotyle_sibthorpioides|Hydrocotyle_Sibthorpioides| |Hydrocotyle_tripartita|Hydrocotyle_Tripartita| |Hydrocotyle_verticillata|Hydrocotyle_Verticillata| |Hydrocotyle_vulgaris|Hydrocotyle_Vulgaris| |Hydrothrix_gardneri|Hydrothrix_Gardneri| |Hydrotriche_hottoniiflora|Hydrotriche_Hottoniiflora| |Hygrophila_angustifolia|Hygrophila_Angustifolia| |Hygrophila_corymbosa_crispa|Hygrophila_Corymbosa_Crispa| |Hygrophila_corymbosa_glabra|Hygrophila_Corymbosa_Glabra| |Hygrophila_corymbosa_gracilis|Hygrophila_Corymbosa_Gracilis| |Hygrophila_corymbosa_siamensis|Hygrophila_Corymbosa_Siamensis| |Hygrophila_corymbosa_strigosa|Hygrophila_Corymbosa_Strigosa| |Hygrophila_difformis|Hygrophila_Difformis| |Hygrophila_guianensis|Hygrophila_Guianensis| |Hygrophila_lacustris|Hygrophila_Lacustris| |Hygrophila_lancea|Hygrophila_Lancea| |Hygrophila_natalis|Hygrophila_Natalis| |Hygrophila_polysperma|Hygrophila_Polysperma| |Hygrophila_salicifolia|Hygrophila_Salicifolia| |Hygrophila_stricta|Hygrophila_Stricta| |Hygroryza_aristata|Hygroryza_Aristata| |Hyptis_lorentziana|Hyptis_Lorentziana|    Iris spp.    |Isoetes_lacustris|Isoetes_Lacustris| |Isoetes_malinverniana|Isoetes_Malinverniana| |Isoetes_taiwanensis|Isoetes_Taiwanensis| |Isoetes_velata|Isoetes_Velata| |Isolepis_setracea|Isolepis_Setracea| |Jasarum_steyermarkii|Jasarum_Steyermarkii| |Juncus_repens|Juncus_Repens| |Lagarosiphon_cordofanus|Lagarosiphon_Cordofanus| |Lagarosiphon_madagascariensis|Lagarosiphon_Madagascariensis| |Lagarosiphon_major|Lagarosiphon_Major| |Lagenandra_dewitii|Lagenandra_Dewitii| |Lagenandra_insignis|Lagenandra_Insignis| |Lagenandra_koenigii|Lagenandra_Koenigii| |Lagenandra_lancifolia|Lagenandra_Lancifolia| |Lagenandra_meeboldii|Lagenandra_Meeboldii| |Lagenandra_nairii|Lagenandra_Nairii| |Lagenandra_ovata|Lagenandra_Ovata| |Lagenandra_thwaitesii|Lagenandra_Thwaitesii| |Lemna_gibba|Lemna_Gibba| |Lemna_minor|Lemna_Minor| |Lemna_paucicostata|Lemna_Paucicostata| |Lemna_perpusilla|Lemna_Perpusilla| |Lemna_trisulca|Lemna_Trisulca| |Lilaeopsis_brasiliensis|Lilaeopsis_Brasiliensis| |Lilaeopsis_carolinensis|Lilaeopsis_Carolinensis| |Lilaeopsis_macloviana|Lilaeopsis_Macloviana| |Lilaeopsis_mauritiana|Lilaeopsis_Mauritiana| |Lilaeopsis_novae-zelandiae|Lilaeopsis_Novae-Zelandiae| |Lilaeopsis_ruthiana|Lilaeopsis_Ruthiana| |Limnobium_laevigatum|Limnobium_Laevigatum| |Limnobium_spongia|Limnobium_Spongia| |Limnocharis_flava|Limnocharis_Flava| |Limnophila_aquatica|Limnophila_Aquatica| |Limnophila_aromatica|Limnophila_Aromatica| |Limnophila_glabra|Limnophila_Glabra| |Limnophila_heterophylla|Limnophila_Heterophylla| |Limnophila_indica|Limnophila_Indica| |Limnophila_sessiliflora|Limnophila_Sessiliflora| |Limnophyton_fluitans|Limnophyton_Fluitans| |Lindernia_crustacea|Lindernia_Crustacea|  F. Muell.    |Lindernia_dubia|Lindernia_Dubia| |Lindernia_grandiflora|Lindernia_Grandiflora| |Lindernia_parviflora|Lindernia_Parviflora| |Lindernia_rotundifolia|Lindernia_Rotundifolia| |Littorella_uniflora|Littorella_Uniflora| |Lobelia_cardinalis|Lobelia_Cardinalis| |Lobelia_dortmanna|Lobelia_Dortmanna|    Lomariopsis sp.    |Ludwigia_alternifolia|Ludwigia_Alternifolia| |Ludwigia_arcuata|Ludwigia_Arcuata| |Ludwigia_glandulosa|Ludwigia_Glandulosa| |Ludwigia_helminthorrhiza|Ludwigia_Helminthorrhiza| |Ludwigia_inclinata|Ludwigia_Inclinata| |Ludwigia_inclinata_var._verticellata_Cuba|Ludwigia_Inclinata_Var._Verticellata_Cuba| |Ludwigia_mullertii|Ludwigia_Mullertii| |Ludwigia_natans|Ludwigia_Natans| |Ludwigia_sedioides|Ludwigia_Sedioides| |Ludwigia_palustris|Ludwigia_Palustris| |Ludwigia_pulvinaris|Ludwigia_Pulvinaris| |Ludwigia_repens|Ludwigia_Repens| |Luronium_natans|Luronium_Natans| |Lycopodiella_inundata|Lycopodiella_Inundata| |Lysimachia_nummularia|Lysimachia_Nummularia| |Marsilea_crenata|Marsilea_Crenata| |Marsilea_drummondii|Marsilea_Drummondii| |Marsilea_hirsuta|Marsilea_Hirsuta| |Marsilea_pubescens|Marsilea_Pubescens| |Marsilea_quadrifolia|Marsilea_Quadrifolia| |Mayaca_fluviatilis|Mayaca_Fluviatilis| |Mayaca_madida|Mayaca_Madida| |Mayaca_vandellii|Mayaca_Vandellii| |Mentha_aquatica|Mentha_Aquatica| |Micranthemum_umbrosum|Micranthemum_Umbrosum| |Microcarpaea_minima|Microcarpaea_Minima| |Microsorum_pteropus|Microsorum_Pteropus| |Monochoria_vaginalis|Monochoria_Vaginalis| |Monosolenium_tenerum|Monosolenium_Tenerum| |Murdannia_keisak|Murdannia_Keisak| |Myriophyllum_alterniflorum|Myriophyllum_Alterniflorum| |Myriophyllum_aquaticum|Myriophyllum_Aquaticum| |Myriophyllum_elatinoides|Myriophyllum_Elatinoides| |Myriophyllum_heterophyllum|Myriophyllum_Heterophyllum| |Myriophyllum_hippuroides|Myriophyllum_Hippuroides| |Myriophyllum_mattogrossense|Myriophyllum_Mattogrossense| |Myriophyllum_proserpinacoides|Myriophyllum_Proserpinacoides| |Myriophyllum_scabratum|Myriophyllum_Scabratum| |Myriophyllum_spicatum|Myriophyllum_Spicatum| |Myriophyllum_tuberculatum|Myriophyllum_Tuberculatum| |Myriophyllum_ussuriense|Myriophyllum_Ussuriense| |Myriophyllum_verticillatum|Myriophyllum_Verticillatum| |Myriophylumm_oguraense|Myriophylumm_Oguraense| |Najas_graminea|Najas_Graminea| |Najas_guadelupensis|Najas_Guadelupensis| |Najas_indica|Najas_Indica| |Najas_marina|Najas_Marina| |Najas_minor|Najas_Minor| |Najas_pectinata|Najas_Pectinata| |Nechamandra_alternifolia|Nechamandra_Alternifolia| |Nelumbo_nucifera|Nelumbo_Nucifera| |Neptunia_oleracea|Neptunia_Oleracea| |Nitella_capillaris|Nitella_Capillaris| |Nitella_flexilis|Nitella_Flexilis| |Nitella_gracilis|Nitella_Gracilis| |Nomaphila_siamensis|Nomaphila_Siamensis| |Nuphar_advenum|Nuphar_Advenum| |Nuphar_japonica|Nuphar_Japonica| |Nuphar_lutea|Nuphar_Lutea| |Nuphar_pumilum|Nuphar_Pumilum| |Nuphar_sagittifolium|Nuphar_Sagittifolium| |Nymphaea_alba|Nymphaea_Alba| |Nymphaea_lotus|Nymphaea_Lotus| |Nymphaea_lotus_var._rubra|Nymphaea_Lotus_Var._Rubra| |Nymphaea_micrantha|Nymphaea_Micrantha| |Nymphaea_pubescens|Nymphaea_Pubescens| |Nymphaea_pygmea|Nymphaea_Pygmea| |Nymphaea_stellata|Nymphaea_Stellata| |Nymphaea_zenkeri_Red|Nymphaea_Zenkeri_Red| |Nymphoides_aquatica|Nymphoides_Aquatica| |Nymphoides_humboldtiana|Nymphoides_Humboldtiana| |Nymphoides_indica|Nymphoides_Indica| |Nymphoides_peltata|Nymphoides_Peltata| |Oenanthe_javanica|Oenanthe_Javanica| |Oenanthe_aquatica|Oenanthe_Aquatica| |Oldenlandia_salzmannii|Oldenlandia_Salzmannii| |Orontium_aquaticum|Orontium_Aquaticum| |Ottelia_alismoides|Ottelia_Alismoides| |Ottelia_mesenterum|Ottelia_Mesenterum| |Ottelia_ulvifolia|Ottelia_Ulvifolia| |Penthorum_sedoides|Penthorum_Sedoides| |Persicaria_hydropiperoides|Persicaria_Hydropiperoides| |Persicaria_praetermissa|Persicaria_Praetermissa| |Phyllanthus_fluitans|Phyllanthus_Fluitans| |Pilularia_americana|Pilularia_Americana| |Pilularia_globulifera|Pilularia_Globulifera| |Pistia_stratiotes|Pistia_Stratiotes| |Phyllanthus_fluitans|Phyllanthus_Fluitans| |Physostegia_purpurea|Physostegia_Purpurea| |Pogostemon_helferi|Pogostemon_Helferi| |Pogostemon_stellatus|Pogostemon_Stellatus| |Pontederia_cordata|Pontederia_Cordata| |Potamogeton_coloratus|Potamogeton_Coloratus| |Potamogeton_crispus|Potamogeton_Crispus| |Potamogeton_densus|Potamogeton_Densus| |Potamogeton_filiformis|Potamogeton_Filiformis| |Potamogeton_gayi|Potamogeton_Gayi| |Potamogeton_gramineus|Potamogeton_Gramineus| |Potamogeton_lucens|Potamogeton_Lucens| |Potamogeton_malaianus|Potamogeton_Malaianus| |Potamogeton_natans|Potamogeton_Natans| |Potamogeton_perfoliatus|Potamogeton_Perfoliatus| |Proserpinaca_palustris|Proserpinaca_Palustris| |Ranunculus_aquatilis|Ranunculus_Aquatilis| |Ranunculus_limosella|Ranunculus_Limosella| |Regnellidium_diphyllum|Regnellidium_Diphyllum| |Riccia_fluitans|Riccia_Fluitans| |Ricciocarpos_natans|Ricciocarpos_Natans| |Rorippa_aquatica|Rorippa_Aquatica| |Rotala_indica|Rotala_Indica| |Rotala_macrandra|Rotala_Macrandra| |Rotala_mexicana|Rotala_Mexicana| |Rotala_ramosior|Rotala_Ramosior| |Rotala_rotundifolia|Rotala_Rotundifolia| |Rotala_pusilla|Rotala_Pusilla| |Rotala_wallichii|Rotala_Wallichii| |Ruppia_maritima|Ruppia_Maritima| |Sagittaria_chapmani|Sagittaria_Chapmani| |Sagittaria_eatonii|Sagittaria_Eatonii| |Sagittaria_filiformis|Sagittaria_Filiformis| |Sagittaria_graminea|Sagittaria_Graminea| |Sagittaria_guyanensis|Sagittaria_Guyanensis| |Sagittaria_isoëtiformis|Sagittaria_Isoëtiformis| |Sagittaria_latifolia|Sagittaria_Latifolia| |Sagittaria_microfila|Sagittaria_Microfila| |Sagittaria_montevidensis|Sagittaria_Montevidensis| |Sagittaria_natans|Sagittaria_Natans| |Sagittaria_papillosa|Sagittaria_Papillosa| |Sagittaria_platyphylla|Sagittaria_Platyphylla| |Sagittaria_pusilla|Sagittaria_Pusilla| |Sagittaria_sagittifolia|Sagittaria_Sagittifolia| |Sagittaria_subulata|Sagittaria_Subulata| |Salvinia_auriculata|Salvinia_Auriculata| |Salvinia_cucullata|Salvinia_Cucullata| |Salvinia_minima|Salvinia_Minima| |Salvinia_natans|Salvinia_Natans| |Salvinia_oblongifolia|Salvinia_Oblongifolia| |Salvinia_rotundifolia|Salvinia_Rotundifolia| |Samolus_valerandi|Samolus_Valerandi| |Saururus_cernuus|Saururus_Cernuus|    Selaginella sp.    |Sium_floridanum|Sium_Floridanum| |Sium_latifolium|Sium_Latifolium| |Shinnersia_rivularis|Shinnersia_Rivularis| |Spiranthes_romanzoffiana|Spiranthes_Romanzoffiana| |Spirodela_polyrhiza|Spirodela_Polyrhiza| |Staurogyne_repens|Staurogyne_Repens|  http://www.theplantlist.org/browse/A/Acanthaceae/Staurogyne/    |Staurogyne_stolonifera|Staurogyne_Stolonifera| |Stratiotes_aloides|Stratiotes_Aloides| |Stuckenia_vaginata|Stuckenia_Vaginata| |Subularia_aquatica|Subularia_Aquatica| |Syngonanthus_caulescens|Syngonanthus_Caulescens| |Synnema_triflorum|Hygrophila_Difformis| |Taxiphyllum_barbieri|Taxiphyllum_Barbieri| |Tonina_fluviatilis|Tonina_Fluviatilis| |Trapa_natans|Trapa_Natans| |Triglochin_maritima|Triglochin_Maritima| |Triglochin_palustris|Triglochin_Palustris| |Triglochin_striata|Triglochin_Striata| |Trithuria_austinensis|Trithuria_Austinensis| |Trithuria_austinensis|Trithuria_Austinensis| |Trithuria_australis|Trithuria_Australis| |Trithuria_inconspicua|Trithuria_Inconspicua| |Typha_angustifolia|Typha_Angustifolia| |Typha_latifolia|Typha_Latifolia| |Utricularia_bifida|Utricularia_Bifida| |Utricularia_gibba|Utricularia_Gibba| |Utricularia_graminifolia|Utricularia_Graminifolia| |Utricularia_minor|Utricularia_Minor| |Utricularia_vulgaris|Utricularia_Vulgaris| |Vallisneria_americana|Vallisneria_Americana| |Vallisneria_asiatica|Vallisneria_Asiatica| |Vallisneria_asiatica_var._biwaensis|Vallisneria_Asiatica_Var._Biwaensis| |Vallisneria_gigantea|Vallisneria_Gigantea| |Vallisneria_neotropicalis|Vallisneria_Neotropicalis| |Vallisneria_rubra|Vallisneria_Rubra| |Vallisneria_spiralis|Vallisneria_Spiralis| |Vallisneria_tortifolia|Vallisneria_Tortifolia| |Vallisneria_tortissima|Vallisneria_Tortissima| |Vesicularia_montagnei|Vesicularia_Montagnei| |Veronica_americana|Veronica_Americana|   Wolffia arrhiza   Wolffia microscopica   Wolffiella floridana   Zannichellia palustris           Several species of terrestrial plants are frequently sold as aquarium plants . While such plants are beautiful and can survive and even flourish for months under water, they will eventually die and must be removed so their decay does not contaminate the aquarium water. These plants have no necessary biology to live underwater.      Aglaonema modestum     Aglaonema simplex   Chlorophytum bichetii     Dracaena sanderiana     Hemigraphis colorata     Ophiopogon japonicus     Pilea cadierei    Sciadopitys Sciadopitys verticillataUmbrella pine, koyamakiBrazil swordStardust ivyUSDAaka2005 08 08Common Bladderwort .