Following is a list of physicist s who are notable for their achievements.          |Jules_Aarons|Jules_Aarons|  — United States    |Ernst_Karl_Abbe|Ernst_Karl_Abbe|  — Germany    |Derek_Abbott|Derek_Abbott|  — Australia    |Hasan_Abdullayev|Hasan_Abdullayev|  — Azerbaijan Democratic Republic, Soviet Union, Azerbaijan    |Alexei_Alexeyevich_Abrikosov|Alexei_Alexeyevich_Abrikosov|  — Soviet Union, Russia Nobel laureate    |Robert_Adler|Robert_Adler|  — United States    |Stephen_L_Adler|Stephen_L_Adler|  — United States    |Franz_Aepinus|Franz_Aepinus|  — Rostock    |David_Z_Albert|David_Z_Albert| , United States    |Miguel_Alcubierre|Miguel_Alcubierre|  — Mexico    |Zhores_Ivanovich_Alferov|Zhores_Ivanovich_Alferov|  — Russia Nobel laureate    |Hannes_Olof_Gösta_Alfvén|Hannes_Olof_Gösta_Alfvén|  — Sweden Nobel laureate    |Alhazen|Alhazen|  — Basra, Iraq    |Artem_Alikhanian|Artem_Alikhanian|  — Moscow    |Abraham_Alikhanov|Abraham_Alikhanov|  — Ganja    |William_Allis|William_Allis|  — United States    |Samuel_King_Allison|Samuel_King_Allison|  — United States    |Yakov_Lvovich_Alpert|Yakov_Lvovich_Alpert|  — Russia, United States    |Ralph_Asher_Alpher|Ralph_Asher_Alpher|  — United States    |Semen_Altshuler|Semen_Altshuler|  — Vitebsk    |Luis_Walter_Alvarez|Luis_Walter_Alvarez|  — United States Nobel laureate    |Viktor_Ambartsumian|Viktor_Ambartsumian|  — Soviet Union, Armenia    |André_Marie_Ampère|André_Marie_Ampère|  — France    |Anja_Cetti_Andersen|Anja_Cetti_Andersen|  — Denmark    |Hans_Henrik_Andersen|Hans_Henrik_Andersen|  — Denmark    |Philip_Warren_Anderson|Philip_Warren_Anderson|  — United States Nobel laureate    |Carl_David_Anderson|Carl_David_Anderson|  — United States Nobel laureate    |Herbert_L_Anderson|Herbert_L_Anderson|  — United States    |Elephter_Andronikashvili|Elephter_Andronikashvili|  — Georgia    |Anders_Jonas_Ångström|Anders_Jonas_Ångström|  — Sweden    |Alexander_Animalu|Alexander_Animalu| , Nigeria    |Edward_Victor_Appleton|Edward_Victor_Appleton|  — U.K. Nobel laureate    |François_Jean_Dominique_Arago|François_Jean_Dominique_Arago|  — France    |Archimedes|Archimedes|  — Syracuse, Greece    |Manfred_von_Ardenne|Manfred_Von_Ardenne|  — Germany    |Aristarchus_of_Samos|Aristarchus_Of_Samos|  — Samos, Greece    |Aristotle|Aristotle|  — Athens, Greece    |Nima_Arkani_Hamed|Nima_Arkani_Hamed|  — United States    |Lev_Artsimovich|Lev_Artsimovich|  — Moscow    |Aryabhata|Aryabhata|  — Pataliputra, India    |Neil_Ashby|Neil_Ashby|  — United States    |Gurgen_Askaryan|Gurgen_Askaryan|  — Soviet Union    |Alain_Aspect|Alain_Aspect|  – France    |Avicenna|Avicenna|  — Persia    |Amedeo_Avogadro|Amedeo_Avogadro|  — Italy    |David_Awschalom|David_Awschalom|  — United States        |Mani_Lal_Bhaumik|Mani_Lal_Bhaumik|  – United States    |Tom_Baehr_Jones|Tom_Baehr_Jones|  — United States    |Gilbert_Ronald_Bainbridge|Gilbert_Ronald_Bainbridge|  — U.K. Wolfson Professor of Energy Studies,  |University_of_Newcastle_upon_Tyne|Newcastle_University| |_Aiyalam_Parameswaran_Balachandran|Aiyalam_Parameswaran_Balachandran|  — India    |V_Balakrishnan|V_Balakrishnan|  — India    |Milla_Baldo_Ceolin|Milla_Baldo_Ceolin|  — Italy    |Johann_Jakob_Balmer|Johann_Jakob_Balmer|  — Switzerland    |Tom_Banks|Tom_Banks|  — United States    |Riccardo_Barbieri|Riccardo_Barbieri|  — Italy    |Marcia_Barbosa|Marcia_Barbosa|  — Brazil    |John_Bardeen|John_Bardeen|  — United States double Nobel laureate    |William_A_Bardeen|William_A_Bardeen|  — United States    |Charles_Glover_Barkla|Charles_Glover_Barkla|  — U.K. Nobel laureate    |Amanda_Barnard|Amanda_Barnard|  — Australia    |Boyd_Bartlett|Boyd_Bartlett|  — United States    |Asım_Orhan_Barut|Asım_Orhan_Barut|  — Malatya, Turkey    |Heinz_Barwich|Heinz_Barwich|  — Germany    |Nikolay_Basov|Nikolay_Basov|  — Russia Nobel laureate    |Laura_Maria_Caterina_Bassi|Laura_Maria_Caterina_Bassi|  — Italy    |Zoltán_Lajos_Bay|Zoltán_Lajos_Bay|  — Hungary    |Karl_Bechert|Karl_Bechert|  — Germany    |Henri_Becquerel|Henri_Becquerel|  — France Nobel laureate    |Johannes_Georg_Bednorz|Johannes_Georg_Bednorz|  — Germany Nobel laureate    |Isaac_Beeckman|Isaac_Beeckman|  — Netherlands    |Alexander_Graham_Bell|Alexander_Graham_Bell|  — Scotland, Canada, U.S.A.    |John_Stewart_Bell|John_Stewart_Bell|  — U.K.    |Jocelyn_Bell_Burnell|Jocelyn_Bell_Burnell|  — Northern Ireland, U.K.    |Carl_M_Bender|Carl_M_Bender|  — United States    |Abraham_Bennet|Abraham_Bennet|  — England    |Daniel_Bernoulli|Daniel_Bernoulli|  — Switzerland    |Hans_Bethe|Hans_Bethe|  — Germany, United States Nobel laureate    |Homi_J_Bhabha|Homi_J_Bhabha|  — India    |James_Binney|James_Binney|  — England    |Gerd_Binnig|Gerd_Binnig|  — Germany Nobel laureate    |Jean_Baptiste_Biot|Jean_Baptiste_Biot|  — France    |Raymond_T_Birge|Raymond_T_Birge|  — United States    |Abū_Rayhān_al_Bīrūnī|Abū_Rayhān_Al_Bīrūnī|  — Persia    |Vilhelm_Bjerknes|Vilhelm_Bjerknes|  — Norway    |James_Bjorken|James_Bjorken|  — United States    |Patrick_Blackett|Patrick_Blackett|  — U.K. Nobel laureate    |Felix_Bloch|Felix_Bloch|  — Switzerland Nobel laureate    |Nicolaas_Bloembergen|Nicolaas_Bloembergen|  — Netherlands, United States Nobel laureate    |Walter_Boas|Walter_Boas|  — Germany, Australia    |Céline_Bœhm|Céline_Bœhm|  — working in Australia    |Nikolay_Bogolyubov|Nikolay_Bogolyubov|  — Soviet Union, Russia    |David_Bohm|David_Bohm|  — United States    |Aage_Bohr|Aage_Bohr|  — Denmark Nobel laureate    |Niels_Bohr|Niels_Bohr|  — Denmark Nobel laureate    |Martin_Bojowald|Martin_Bojowald|  — Germany    |Ludwig_Boltzmann|Ludwig_Boltzmann|  — Austria    |Eugene_T_Booth|Eugene_T_Booth|  – United States    |Max_Born|Max_Born|  — Germany, U.K. Nobel laureate    |Rudjer_Josip_Boscovich|Rudjer_Josip_Boscovich|  — Croatia    |Jagadish_Chandra_Bose|Jagadish_Chandra_Bose|  — India    |Margrete_Heiberg_Bose|Margrete_Heiberg_Bose|  — Denmark    |Satyendra_Nath_Bose|Satyendra_Nath_Bose|  — India    |Johannes_Bosscha|Johannes_Bosscha|  — Netherlands    |Walther_Bothe|Walther_Bothe|  — Germany Nobel laureate    |Edward_Bouchet|Edward_Bouchet|  — United States    |Robert_Boyle|Robert_Boyle|  — Ireland, England    |Willard_S_Boyle|Willard_Boyle|  — Canada, United States Nobel laureate    |William_Henry_Bragg|William_Henry_Bragg|  — U.K. Nobel laureate    |William_Lawrence_Bragg|William_Lawrence_Bragg|  — U.K., Australia Nobel laureate    |Tycho_Brahe|Tycho_Brahe|  — Denmark    |Howard_Brandt|Howard_Brandt|  — United States    |Walter_Houser_Brattain|Walter_Houser_Brattain|  — United States Nobel laureate    |Karl_Ferdinand_Braun|Karl_Ferdinand_Braun|  — Germany Nobel laureate    |David_Brewster|David_Brewster|  — U.K.    |Percy_Williams_Bridgman|Percy_Williams_Bridgman|  — United States Nobel laureate    |Léon_Nicolas_Brillouin|Léon_Brillouin|  — France    |Marcel_Brillouin|Marcel_Brillouin|  — France    |Bertram_Brockhouse|Bertram_Brockhouse|  — Canada Nobel laureate    |Louis_Victor_de_Broglie|Louis_Victor_De_Broglie|  — France Nobel laureate    |William_Fuller_Brown_Jr_|William_Fuller_Brown_Jr_|  — United States    |Ernst_Brüche|Ernst_Brüche|  — Germany    |Hermann_Brück|Hermann_Brück|  — Germany    |Ari_Brynjolfsson|Ari_Brynjolfsson|  — Iceland    |Hans_Buchdahl|Hans_Buchdahl|  — Germany, Australia    |Gersh_Budker|Gersh_Budker|  — Soviet Union    |Johannes_Martinus_Burgers|Johannes_Martinus_Burgers|  — Netherlands    |Friedrich_Burmeister|Friedrich_Burmeister|  — Germany    |Bimla_Buti|Bimla_Buti|  — India    |Christophorus_Buys_Ballot|C_H_D_Buys_Ballot|  — Netherlands        |Nicola_Cabibbo|Nicola_Cabibbo|  — Italy    |Nicolás_Cabrera|Nicolás_Cabrera|  — Spain    |Curtis_Callan|Curtis_Callan|  — United States    |Annie_Jump_Cannon|Annie_Jump_Cannon|  – United States    |Fritjof_Capra|Fritjof_Capra|  — Austria, United States    |Marcela_Carena|Marcela_Carena|  — Argentina    |Ricardo_Carezani|Ricardo_Carezani|  — Argentina    |Nicolas_Léonard_Sadi_Carnot|Nicolas_Léonard_Sadi_Carnot|  — France    |David_Carroll|David_Carroll|  — United States    |Brandon_Carter|Brandon_Carter|  — Australia    |Hendrik_Casimir|Hendrik_Casimir|  — Netherlands    |Henry_Cavendish|Henry_Cavendish|  — U.K.    |James_Chadwick|James_Chadwick|  — U.K. Nobel laureate    |Owen_Chamberlain|Owen_Chamberlain|  — United States Nobel laureate    |Moses_H_W_Chan|Moses_H_W_Chan|  — Hong Kong    |Subrahmanyan_Chandrasekhar|Subrahmanyan_Chandrasekhar|  — India, United States Nobel laureate    |Georges_Charpak|Georges_Charpak|  — France Nobel laureate    |Émilie_du_Châtelet|Émilie_Du_Châtelet|  — France    |Swapan_Chattopadhyay|Swapan_Chattopadhyay|  — India    |Pavel_Alekseyevich_Cherenkov|Pavel_Alekseyevich_Cherenkov|  — Imperial Russia, Soviet Union Nobel laureate    |Maxim_Chernodub|Maxim_Chernodub|  — Russia, France    |Geoffrey_Chew|Geoffrey_Chew|  — United States    |Boris_Chirikov|Boris_Chirikov|  — Soviet Union, Russia    |Juansher_Chkareuli|Juansher_Chkareuli|  — Georgia    |Ernst_Chladni|Ernst_Chladni|  — Germany    |Steven_Chu|Steven_Chu|  — United States Nobel laureate    |Giovanni_Ciccotti|Giovanni_Ciccotti|  — Italy    |Benoît_Clapeyron|Benoît_Paul_Émile_Clapeyron|  — France    |George_W_Clark|George_W_Clark| |_Rudolf_Clausius|Rudolf_Clausius|  — Germany    |Gerald_B_Cleaver|Gerald_B_Cleaver|  — United States    |Richard_Clegg|Richard_Clegg|  — United Kingdom    |John_Cockcroft|John_Cockcroft|  — United Kingdom Nobel laureate    |Claude_Cohen_Tannoudji|Claude_Cohen_Tannoudji|  — France Nobel laureate    |Arthur_Compton|Arthur_Compton|  — United States Nobel laureate    |Karl_Compton|Karl_Compton|  — United States    |Edward_Condon|Edward_Condon|  — United States    |Leon_Cooper|Leon_Cooper|  — United States Nobel laureate    |Alejandro_Corichi|Alejandro_Corichi|  — Mexico    |Gaspard_Gustave_Coriolis|Gaspard_Gustave_Coriolis|  — France    |Allan_McLeod_Cormack|Allan_Mcleod_Cormack|  — South Africa, United States    |Eric_Allin_Cornell|Eric_Allin_Cornell|  — United States Nobel laureate    |Marie_Alfred_Cornu|Marie_Alfred_Cornu|  — France    |Charles_Augustin_de_Coulomb|Charles_Augustin_De_Coulomb|  — France    |Ernest_Courant|Ernest_Courant|  — United States    |Brian_Cox|Brian_Cox|  — U.K.    |Charles_Critchfield|Charles_Critchfield|  — United States    |James_Cronin|James_Cronin|  — United States Nobel laureate    |Sir_William_Crookes|Sir_William_Crookes|  — U.K.    |Paul_Crowell|Paul_Crowell|  — United States    |Marie_Curie|Marie_Curie|  — Poland, France twice Nobel laureate    |Pierre_Curie|Pierre_Curie|  — France Nobel laureate    |Predrag_Cvitanović|Predrag_Cvitanović|  — Croatia        |Jean_le_Rond_dAlembert|Jean_Le_Rond_Dalembert|  — France    |Gustaf_Dalén|Gustaf_Dalén|  — Sweden Nobel laureate    |Jean_Dalibard|Jean_Dalibard|  — France    |Richard_Dalitz|Richard_Dalitz|  — U.K., United States    |John_Dalton|John_Dalton|  — U.K.    |Sanja_Damjanović|Sanja_Damjanović|  – Montenegro    |Ranjan_Roy_Daniel|Ranjan_Roy_Daniel|  — India    |Charles_Galton_Darwin|Charles_Galton_Darwin|  — U.K.    |Ashok_Das|Ashok_Das|  — India, United States    |Paul_Davies|Paul_Davies|  — Australia    |Raymond_Davis_Jr_|Raymond_Davis_Jr_|  — United States Nobel laureate    |Clinton_Davisson|Clinton_Davisson|  — United States Nobel laureate    |Peter_Debije|Peter_Debye|  — Netherlands    |Hans_Georg_Dehmelt|Hans_Georg_Dehmelt|  — Germany, United States Nobel laureate    |Max_Delbrück|Max_Delbrück|  — Germany, United States    |Democritus|Democritus|  — Abdera    |David_M_Dennison|David_M_Dennison|  — United States    |David_Deutsch|David_Deutsch|  — Israel, U.K.    |James_Dewar|James_Dewar|  — U.K.    |Scott_Diddams|Scott_Diddams|  — United States    |Ulrike_Diebold|Ulrike_Diebold|  — Austria    |Robbert_Dijkgraaf|Robbert_Dijkgraaf|  — Netherlands    |Viktor_Dilman|Viktor_Dilman|  — Russia    |Savas_Dimopoulos|Savas_Dimopoulos|  — United States    |Paul_Dirac|Paul_Dirac|  — Switzerland, U.K. Nobel laureate    |Revaz_Dogonadze|Revaz_Dogonadze|  — Soviet Union, Georgia    |Amos_Dolbear|Amos_Dolbear|  – United States    |Robert_Döpel|Robert_Döpel|  — Germany    |Christian_Doppler|Christian_Doppler|  — Austria    |Henk_Dorgelo|Henk_Dorgelo|  — Netherlands    |Friedrich_Ernst_Dorn|Friedrich_Ernst_Dorn|  — Germany    |Michael_R_Douglas|Michael_R_Douglas|  — United States    |Jonathan_Dowling|Jonathan_Dowling|  — United States    |Sidney_Drell|Sidney_Drell|  — United States    |Mildred_Dresselhaus|Mildred_Dresselhaus|  — United States    |Paul_Drude|Paul_Drude|  — Germany    |F_J_Duarte|F_J_Duarte|  — United States    |Émilie_du_Châtelet|Émilie_Du_Châtelet|  — France    |Pierre_Louis_Dulong|Pierre_Louis_Dulong|  — France    |Samuel_T_Durrance|Samuel_T_Durrance|  — United States    |Freeman_Dyson|Freeman_Dyson|  — U.K., United States Wolf laureate    |Arthur_Jeffrey_Dempster|Arthur_Jeffrey_Dempster|  — Canada        |Joseph_H_Eberly|Joseph_H_Eberly|  — United States    |William_Eccles|William_Eccles|  — U.K.    |Carl_Eckart|Carl_Eckart|  — United States    |Arthur_Stanley_Eddington|Arthur_Stanley_Eddington|  — U.K.      |Paul_Ehrenfest|Paul_Ehrenfest|  — Austria-Hungary, Netherlands    |Felix_Ehrenhaft|Felix_Ehrenhaft|  — Austria-Hungary, United States    |Manfred_Eigen|Manfred_Eigen|  — Germany    |Albert_Einstein|Albert_Einstein|  — Germany, Italy, Switzerland, United States Nobel laureate    |Laura_Eisenstein|Laura_Eisenstein|  - Professor in the Physics department at University of Illinois    |Terence_James_Elkins|Terence_James_Elkins|  — Australia, United States    |John_Ellis|John_Ellis|  — U.K.    |Paul_John_Ellis|Paul_John_Ellis|  – U.K., United States    |Richard_Keith_Ellis|Richard_Keith_Ellis|  — U.K., United States    |Arpad_Elo|Arpad_Elo|  — Hungary    |François_Englert|François_Englert|  — Belgium Nobel laureate    |David_Enskog|David_Enskog|  — Sweden    |Loránd_Eötvös|Loránd_Eötvös|  — Austria-Hungary    |Frederick_J_Ernst|Ernst_Equation|  — United States    |Leo_Esaki|Leo_Esaki|  — Japan Nobel laureate    |Ernest_Esclangon|Ernest_Esclangon|  — France    |Louis_Essen|Louis_Essen|  — U.K.    |Leonhard_Euler|Leonhard_Euler|  — Switzerland    |Denis_Evans|Denis_Evans|  — Australia    |Paul_Peter_Ewald|Paul_Peter_Ewald|  — Germany, United States    |James_Alfred_Ewing|James_Alfred_Ewing|  — U.K.    |Franz_S_Exner|Franz_S_Exner|  — Austria        |Ludvig_Faddeev|Ludvig_Faddeev|  — Russia    |Daniel_Gabriel_Fahrenheit|Gabriel_Fahrenheit|  —  |Prussia|Royal_Prussia| |_Kazimierz_Fajans|Kazimierz_Fajans|  — Poland, United States    |James_E_Faller|James_E_Faller|  — United States    |Michael_Faraday|Michael_Faraday|  — U.K.    |Eugene_Feenberg|Eugene_Feenberg|  — United States    |Mitchell_Feigenbaum|Mitchell_Feigenbaum|  — United States    |Gerald_Feinberg|Gerald_Feinberg|  — United States    |Enrico_Fermi|Enrico_Fermi|  — Italy Nobel laureate    |Albert_Fert|Albert_Fert|  — France Nobel laureate    |Herman_Feshbach|Herman_Feshbach|  — United States    |Richard_Feynman|Richard_Feynman|  — United States Nobel laureate    |Wolfgang_Finkelnburg|Wolfgang_Finkelnburg|  — Germany    |David_Finkelstein|David_Finkelstein|  — United States    |Johannes_Fischer|Johannes_Fischer|  — Germany    |Willy_Fischler|Willy_Fischler|  — Belgium    |Val_Logsdon_Fitch|Val_Logsdon_Fitch|  — United States Nobel laureate    |George_Francis_FitzGerald|George_Francis_Fitzgerald|  — Ireland    |Hippolyte_Fizeau|Hippolyte_Fizeau|  — France    |Georgy_Flyorov|Georgy_Flyorov|  — Rostov-on-Don    |Vladimir_Fock|Vladimir_Fock|  — Imperial Russia, Soviet Union    |Adriaan_Fokker|Adriaan_Fokker|  — Netherlands    |James_David_Forbes|James_David_Forbes|  — U.K.    |Jeff_Forshaw|Jeff_Forshaw|  — U.K.    |Léon_Foucault|Léon_Foucault|  — France    |Joseph_Fourier|Joseph_Fourier|  — France    |Ralph_H_Fowler|Ralph_H_Fowler|  — U.K.    |William_Alfred_Fowler|William_Alfred_Fowler|  — United States Nobel laureate    |James_Franck|James_Franck|  — Germany, United States Nobel laureate    |Ilya_Frank|Ilya_Frank|  — Soviet Union Nobel laureate    |Benjamin_Franklin|Benjamin_Franklin|  — British America, United States    |Rosalind_Franklin|Rosalind_Franklin|  — U.K.    |Walter_Franz|Walter_Franz|  — Germany    |Joseph_von_Fraunhofer|Joseph_Von_Fraunhofer|  — Germany    |Steven_Frautschi|Steven_Frautschi|  — United States    |Joan_Maie_Freeman|Joan_Maie_Freeman|  – Australia    |Phyllis_S_Freier|Phyllis_S_Freier|  — United States 1788–1827born 1936born 19361888–1925born 19301904–19791893–1970born 19511900–1979born 19391564–16421737–17981904–1968born 19501777–18551778–18501882–1945born 19581929–20191932–2007born 19471889–19791894–1956born 1962born 19551931–2018born 19291839–1903born 19?? |tronom|Tronom| 1544–16031911–2002born 19791916–2009born 1926born 19321902–19871925–2018born 19341886–1945 |ysici|Ysici| born 19451906–19721920–2002born 19221911–2011born 1933born 1965born 1950born 19291902–19781856–19411688–1742 |ysici|Ysici| born 1946born 1932born 1963born 19461930–1997born 1942born 19411876–1973born 19391861–1931born 19541921–1992born 1947born 19251922–20161878–1960born 1970born 19371879–19681855–1938born 19341908–1996born 19671805–1865born 19411795–18741909–1949born 19441902–1985 |ysici|Ysici| born 19521897–19581874–1915born 19591942–2018965–10391850–19251901–19761904–19811821–1894born 19371797–18781790–18681898–19611887–19751857–18941892–19781883–19641903–1992born 1924born 1931born 19291838–19141815–18901910–19941915–19901903–1981born 1950born 19461635–17031849–18981732–17991900–1968 |e_Riefensta|E_Riefensta| 1899–19931903–1966born 19341915–2001 |ysici|Ysici| 1931–19801925–20071889–1953born 19501896–1997 |ysici|Ysici| 1923–2010born 19661629–16951918–2002born 1939born 1940born 19621883–19411947–20011900–1998born 1939born 1931born 1939born 1946born 19701715–17831928– 20161922–1998born 19581877–19461907–1973born 1968born 19541897–19561943–19951902–1980born 19401818–18891904–1974born 1945born 1959born 19471885–19541853–19261933–20181894–19841881–19631902–19841915–1997born 19481853–19401876–19561889–19841926–19991571–1630 |ysici|Ysici| 1824–1907born 1957born 1919born 1962born 19361904–19961909–19821923–2005born 19251824–18871894–1977born 1941born 19431930–20051871–1949 |ysici|Ysici| born 19441870–1945born 1926born 19611888–1956born 19651907–19791894–19521893–1983born 1954born 19281822–18791904–19951917–19471920–1995born 19511903–19601922–20031911–19931736–18131913–20081908–19681927–1999 |ysici|Ysici| 1872–19461881–19571749–18271857–19421924–20051879–1960born 19501922–20021901–19581880—19461866–19121922–2018 |ysici|Ysici| 1935–1977 |ysici|Ysici| born 1931born 1926born 19381646–17161919–19971894–19661862–19471894–1954 |ysici|Ysici| 1766–1832born 19271878–19131869–19581915–1985 |ysici|Ysici| born 19561925–2002born 19801845–1921born 19681811–1877born 19601851–19401833–1907born 19391887–1975born 19591853–19281829–18911821–18951888–19561916–200098?–55BC1857–1918born 1957born 19431904–19931838–1916born 19411927–20071925–19941906–1938 presumed dead1915–19971913–1979born 19681775–18121879–19441894—19751933-20171840–19251874–19371901–19771907–19981916–19921932–1996born 19401908–1983born 19461831–1879born 19471906–19721950–19861925–20111878–1968born 19561798–1854born 19471841–1924born 19281852–19311940–20111868–19531896–1950Born 1944born 19731858–1911born 19501887–19151929–20111905–1996born 19261821–18921898–19501910–1998born 1927born 19441896–19861692–17621921–2015born 19381907–19881904–20001925–2006born 19581903–19571835–19091642–17271920–1996born 19411784–18351882–19351899–19851881–19231787–1862born 19741923–2016 |ienti|Ienti| 1789–1854born 19541901–20001937–20121927–19921903–19761904–19671325–1382born 19241880–19411901–19891777–1851born 19451801–1862born 19571939–19881918–20001919–20071623–16621918–1984born 1937 |ysici|Ysici| 1953–20121913–19931900–19581912-19811876–19581907–19951785–1845born 1931born 1933born 1927born 19591870–19421907–19981927–2010born 19481858–19471801–18831908–1991born 19401896–19661854–19121781–18401889–19591954–2018born 1949born 1930born 19451913–1993387–312 BC1905–19751903–19691852–19141875–19531917–19931917–20031916–20021785–18501875–19521845–19181858–19351912–1997born 19431880–19631898–19881917–1986born 19551923–20081888–19701907–19951879–19551915–2011born 1962born 19641842–19191683–1757born 1951born 1942born 19321931–20141918–19981789–18591842–19121879–1959born 19371931–20181881–19391910–20031899–19931901–1990born 19691878–19091763–1837born 1933born 19601845–1923born 19181909—19951927–20031948-20021898–19571905–19931908–2005born 1956born 1934born 1928–2016born 1954born 19351906–19881871–19371854–19191918–1984born 19271916–19991934–19961724–18031869–19261893–19561911–19701929–19891922–20101926–19961924–2008born 1944born 19961919–1971born 19481791–1841bornborn 19381921–19991946–19791909–1982born 1967born 19241886–1976born 1946born 19311887–1961born 19411932–20061876–19161918–19941926–19991928–19841770–18311906–19921905–1989born 19561911–20081896–1986born 1956born 19341909–19971939–19861031–1095born 1949born 19281910–19891901–19371915–20011918–20071886–19781872–1948born 19701916–20001872–19341915–19921897–19851900–19761910–1946born 1951born 1930born 19551872–1917born 19451580–16261910–19861868–1951 |ysici|Ysici| born 1941born 1945born 1969born 1970born 19281874–19571901–19811835–1893born 1921born 19521801–1870born 19461888–19691548–16201924–20011819–19031839–1896born 1959born 1949born 19551905–1984born 1931born 1943born 1950born 19401828–19141746–18231903–19991898–19642000 - Present1895–19711911–19991886–1975born 19411929-2018born 19671922–20061908–20031921–19961892–19751856–1940 |rd_Kelv|Rd_Kelv| 1824–1907born 19401899–1990born 1936born 19471916–1990born 19541907–19731905–19721906–19791897–19711942–20121608–16471942–20081921–1978born 19151868–19571763–18221925–1999born 19391913–1973born 19581923–19981921–19681820–1893born 19581900–19881909–19841846–1915born 19361924–19901891–1951born 1971born 1935born 1931born 19421746–18221824–18661920–20041908–19751899–19801850–19191643–17091885–19651745–18271912–19771837–19231924–19981913–1980 |ysici|Ysici| 1916–19881903–19951905—1998born 19571954—20181907–1998 |ysicistPa|Ysicistpa| 1902—19691911—19831923–20061924–20001896–19861811–1883born 19381736–1819born 1942born 19371804–18911915–2006born 19331908–20021912–20071912–19811898–1978born 19471919–20151885–1955born 19521911–20081909–19921861–1928born 19511864–19281922–20131902–1993born 19511869–1959born 19361914–2000born 19361918–2001born 19441910–1994born 1953born 1951born 1922born 19341923–2015born 19591846–19011868–1955born 19271912–19971951–19901921–2011born 1922born 19461940–2008 |ysici|Ysici| born 1947 |ienti|Ienti| 1773–18291907–1981born 19571865–19431854–1949born 19451914–19871872–19511888–1960born 1929 |ysici|Ysici| 1910–19851911–1988born 19521917–19921923–2014born 19511928–2014born 1937born 1954mostly 20th-century American  .