|John_Adair|John_Adair| |B._R._Ambedkar|B._R._Ambedkar| |Giulio_Angioni|Giulio_Angioni| |Jon_Altman|Jon_Charles_Altman| |Arjun_Appadurai|Arjun_Appadurai| |Talal_Asad|Talal_Asad| |Timothy_Asch|Timothy_Asch| |Marc_Augé|Marc_Augé| |Nigel_Barley|Nigel_Barley| |Fredrik_Barth|Fredrik_Barth| |Vasily_Bartold|Vasily_Bartold| |Keith_H._Basso|Keith_H._Basso| |Daisy_Bates|Daisy_Bates| |Gregory_Bateson|Gregory_Bateson| |Ruth_Behar|Ruth_Behar| |Ruth_Benedict|Ruth_Benedict| |Dorothy_A._Bennett|Dorothy_A._Bennett| |Carl_H._Berendt|Carl_H._Berendt| |Lee_Berger|Lee_R._Berger| |Brent_Berlin|Brent_Berlin| |Catherine_Helen_Webb_Berndt|Catherine_Helen_Webb_Berndt| |Catherine_L._Besteman|Catherine_L._Besteman| |Theodore_C._Bestor|Theodore_C._Bestor| |Lewis_Binford|Lewis_Binford| |Wilhelm_Bleek|Wilhelm_Bleek| |Anton_Blok|Anton_Blok| |Franz_Boas|Franz_Boas| |Tom_Boellstorff|Tom_Boellstorff| |Paul_Bohannan|Paul_Bohannan| |Dmitri_Bondarenko|Dmitri_Bondarenko| |Pere_Bosch-Gimpera|Pere_Bosch-Gimpera| |Pierre_Bourdieu|Pierre_Bourdieu| |Philippe_Bourgois|Philippe_Bourgois| |Paul_Broca|Paul_Broca| |Kari_Bruwelheide|Kari_Bruwelheide| |Julio_Caro_Baroja|Julio_Caro_Baroja| |Edmund_Carpenter|Edmund_Snow_Carpenter| |Napoleon_Chagnon|Napoleon_Chagnon| |Pierre_Clastres|Pierre_Clastres| |Mabel_Cook_Cole|Mabel_Cook_Cole| |Malcolm_Carr_Collier|Malcolm_Carr_Collier| |Carleton_S._Coon|Carleton_S._Coon| |Frank_Hamilton_Cushing|Frank_Hamilton_Cushing| |Regna_Darnell|Regna_Darnell| |Raymond_Dart|Raymond_Dart| |Emma_Lou_Davis|Emma_Lou_Davis| |Ernesto_de_Martino|Ernesto_De_Martino| |Ella_Cara_Deloria|Ella_Cara_Deloria| |Raymond_J._DeMallie|Raymond_J._Demallie| |Philippe_Descola|Philippe_Descola| |Stanley_Diamond|Stanley_Diamond| |Mary_Douglas|Mary_Douglas| |Cora_Du_Bois|Cora_Du_Bois| |Eugene_Dubois|Eugene_Dubois| |Ann_Dunham|Ann_Dunham| |Katherine_Dunham|Katherine_Dunham| |Elizabeth_Cullen_Dunn|Elizabeth_Cullen_Dunn| |Émile_Durkheim|Émile_Durkheim| |Verrier_Elwin|Verrier_Elwin| |Arturo_Escobar|Arturo_Escobar| |E._E._Evans-Pritchard|E._E._Evans-Pritchard| |James_Ferguson|James_Ferguson| |Raymond_Firth|Raymond_Firth| |Raymond_D._Fogelson|Raymond_D._Fogelson| |Meyer_Fortes|Meyer_Fortes| |Gregory_Forth|Gregory_Forth| |Dian_Fossey|Dian_Fossey| |James_Frazer|James_Frazer| |Lina_Fruzzetti|Lina_Fruzzetti| |Anthony_Galima|Anthony_Galima| |Clifford_Geertz|Clifford_Geertz| |Alfred_Gell|Alfred_Gell| |Ernest_Gellner|Ernest_Gellner| |Herb_Di_Gioia|Herb_Di_Gioia| |Max_Gluckman|Max_Gluckman| |Maurice_Godelier|Maurice_Godelier| |Jane_Goodall|Jane_Goodall| |Marjorie_Harness_Goodwin|Marjorie_Harness_Goodwin| |Igor_Gorevich|Igor_Gorevich| |Harold_A._Gould|Harold_A._Gould| |David_Graeber|David_Graeber| |Hilma_Granqvist|Hilma_Granqvist| |J._Patrick_Gray|J._Patrick_Gray| |Marcel_Griaule|Marcel_Griaule| |Jacob_Grimm|Jacob_Grimm| |Wilhelm_Grimm|Wilhelm_Grimm| |Michael_Harkin|Michael_Harkin| |Michael_Harner|Michael_Harner| |John_P._Harrington|John_P._Harrington| |Marvin_Harris|Marvin_Harris| |Kirsten_Hastrup|Kirsten_Hastrup| |Jacquetta_Hawkes|Jacquetta_Hawkes| |Stephen_C._Headley|Stephen_C._Headley| |Te_Rangi_Hīroa|Te_Rangi_Hīroa| |Arthur_Maurice_Hocart|Arthur_Maurice_Hocart| |Ian_Hodder|Ian_Hodder| |E._Adamson_Hoebel|Hoebel| |Earnest_Hooton|Earnest_Hooton| |Robin_W.G._Horton|Robin_W.G._Horton| |Aleš_Hrdlička|Ales_Hrdlicka| |Eva_Verbitsky_Hunt|Eva_Verbitsky_Hunt| |Dell_Hymes|Dell_Hymes| |Miyako_Inoue|Miyako_Inoue| |Bill_Irons|Bill_Irons| |Ira_Jacknis|Ira_Jacknis| |John_M._Janzen|John_M._Janzen| |Thomas_Des_Jean|Thomas_Des_Jean| |F._Landa_Jocano|F._Landa_Jocano| |Alfred_E._Johnson|Alfred_E._Johnson| |William_Jones|William_Jones| |Michal_Josephy|Michal_Josephy| |Jeffrey_S._Juris|Jeffrey_S._Juris| |Sergei_Kan|Sergei_Kan| |Jomo_Kenyatta|Jomo_Kenyatta| |David_Kertzer|David_Kertzer| |Anatoly_Khazanov|Anatoly_Khazanov| |Richard_G._Klein|Richard_G._Klein| |Eduardo_Kohn|Eduardo_Kohn| |Dorinne_K._Kondo|Dorinne_K._Kondo| |Andrey_Korotayev|Andrey_Korotayev| |Conrad_Kottak|Conrad_Kottak| |Charles_H._Kraft|Charles_H._Kraft| |Grover_Krantz|Grover_Krantz| |Alfred_L._Kroeber|Alfred_L._Kroeber| |Theodora_Kroeber|Theodora_Kroeber| |Lars_Krutak|Lars_Krutak| |Adam_Kuper|Adam_Kuper| |William_Labov|William_Labov| |George_Lakoff|George_Lakoff| |Harold_E._Lambert|Harold_E._Lambert| |Edmund_Leach|Edmund_Leach| |Eleanor_Leacock|Eleanor_Leacock| |Murray_Leaf|Murray_Leaf| |Louis_Leakey|Louis_Leakey| |Mary_Leakey|Mary_Leakey| |Richard_Leakey|Richard_Leakey| |Richard_Borshay_Lee|Richard_Borshay_Lee| |Charles_Miller_Leslie|Charles_Miller_Leslie| |Claude_Lévi-Strauss|Claude_Lévi-Strauss| |Ellen_Lewin|Ellen_Lewin| |C._Scott_Littleton|C._Scott_Littleton| |Albert_Buell_Lewis|Albert_Buell_Lewis| |Oscar_Lewis|Oscar_Lewis| |Phillip_Harold_Lewis|Phillip_Harold_Lewis| |Iris_López|Iris_López| |Robert_Lowie|Robert_Lowie| |Nancy_Lurie|Nancy_Lurie| |Alan_Macfarlane|Alan_Macfarlane| |Saba_Mahmood|Saba_Mahmood| |Bronisław_Malinowski|Bronisław_Malinowski| |George_Marcus|George_E._Marcus| |Jonathan_M._Marks|Jonathan_M._Marks| |John_Alden_Mason|John_Alden_Mason| |Michael_Atwood_Mason|Michael_Atwood_Mason| |Marcel_Mauss|Marcel_Mauss| |Phillip_McArthur|Phillip_Mcarthur| |Irma_McClaurin|Irma_Mcclaurin| |Charles_Harrison_McNutt|Charles_Harrison_Mcnutt| |Margaret_Mead|Margaret_Mead| |Mervyn_Meggitt|Mervyn_Meggitt| |Josef_Mengele|Josef_Mengele| |Nicholas_Miklouho-Maclay|Nicholas_Miklouho-Maclay| |Emily_Martin|Emily_Martin| |Horace_Mitchell_Miner|Horace_Mitchell_Miner| |Sidney_Mintz|Sidney_Mintz| |Ashley_Montagu|Ashley_Montagu| |James_Mooney|James_Mooney| |Henrietta_L._Moore|Henrietta_L._Moore| |John_H._Moore|John_H._Moore| |Lewis_H._Morgan|Lewis_H._Morgan| |Desmond_Morris|Desmond_Morris| |George_Murdock|George_Murdock| |Yolanda_Murphy|Yolanda_Murphy| |Laura_Nader|Laura_Nader| |Moni_Nag|Moni_Nag| |Jeremy_Narby|Jeremy_Narby| |Raoul_Naroll|Raoul_Naroll| |Erland_Nordenskiöld|Erland_Nordenskiöld| |Gananath_Obeyesekere|Gananath_Obeyesekere| |Kaori_OConnor|Kaori_Oconnor| |Marvin_Opler|Marvin_Opler| |Morris_Opler|Morris_Opler| |Sherry_Ortner|Sherry_Ortner| |Keith_F._Otterbein|Keith_F._Otterbein| |Elsie_Clews_Parsons|Elsie_Clews_Parsons| |Bronislav_Pilsudski|Bronislav_Pilsudski| |Thomas_J._Pluckhahn|Thomas_J._Pluckhahn| |Hortense_Powdermaker|Hortense_Powdermaker| |A.H.J._Prins|A.H.J._Prins| |Harald_E.L._Prins|Harald_E.L._Prins| |James_Quesada|James_Quesada| |Paul_Rabinow|Paul_Rabinow| |Wilhelm_Radloff|Wilhelm_Radloff| |Roy_Rappaport|Roy_Rappaport| |Hans_Ras|Hans_Ras| |Alfred_Reginald_Radcliffe-Brown|Alfred_Reginald_Radcliffe-Brown| |Gerardo_Reichel-Dolmatoff|Gerardo_Reichel-Dolmatoff| |Kathy_Reichs|Kathy_Reichs| |Audrey_Richards|Audrey_Richards| |W._H._R._Rivers|W._H._R._Rivers| |Paul_Rivet|Paul_Rivet| |Joel_Robbins|Joel_Robbins| |Renato_Rosaldo|Renato_Rosaldo| |Eric_Ross|Eric_Ross| |Gayle_Rubin|Gayle_Rubin| |Robert_A._Rubinstein|Robert_A._Rubinstein| |Marshall_Sahlins|Marshall_Sahlins| |Noel_B._Salazar|Noel_B._Salazar| |Roger_Sandall|Roger_Sandall| |Edward_Sapir|Edward_Sapir| |Patricia_Sawin|Patricia_Sawin| |Nancy_Scheper-Hughes|Nancy_Scheper-Hughes| |Wilhelm_Schmidt|Wilhelm_Schmidt| |Tobias_Schneebaum|Tobias_Schneebaum| |James_C._Scott|James_C._Scott| |Thayer_Scudder|Thayer_Scudder| |Elman_Service|Elman_Service| |Afanasy_Shchapov|Afanasy_Shchapov| |Gerald_F._Schroedl|Gerald_F._Schroedl| |Florence_Connolly_Shipek|Florence_Connolly_Shipek| |Sydel_Silverman|Sydel_Silverman| |Cathy_Small|Cathy_Small| |Jacques_Soustelle|Jacques_Soustelle| |Melford_Spiro|Melford_Spiro| |James_Spradley|James_Spradley| |Julian_Steward|Julian_Steward| |Herbert_Spencer|Herbert_Spencer| |Marilyn_Strathern|Marilyn_Strathern| |William_Sturtevant|William_Sturtevant| |Niara_Sudarkasa|Niara_Sudarkasa| |Michael_Taussig|Michael_Taussig| |Edward_Burnett_Tylor|Edward_Burnett_Tylor| |Colin_Turnbull|Colin_Turnbull| |Victor_Turner|Victor_Turner| |Bruce_Trigger|Bruce_Trigger| |Karl_Verner|Karl_Verner| |L._P._Vidyarthi|L._P._Vidyarthi| |Eduardo_Viveiros_de_Castro|Eduardo_Viveiros_De_Castro| |Christoph_von_Fürer-Haimendorf|Christoph_Von_Fürer-Haimendorf| |Anthony_F._C._Wallace|Anthony_F._C._Wallace| |Lee_Henderson_Watkins|Lee_Henderson_Watkins| |Camilla_Wedgwood|Camilla_Wedgwood| |Hank_Wesselman|Hank_Wesselman| |Kath_Weston|Kath_Weston| |Douglas_R._White|Douglas_R._White| |Leslie_White|Leslie_White| |Tim_White|Tim_White| |Benjamin_Whorf|Benjamin_Whorf| |Unni_Wikan|Unni_Wikan| |Clark_Wissler|Clark_Wissler| |Eric_Wolf|Eric_Wolf| |Alvin_Wolfe|Alvin_Wolfe| |Sol_Worth|Sol_Worth| |Nur_Yalman|Nur_Yalman| |Kim_Yeshi|Kim_Yeshi| |R._Tom_Zuidema|R._Tom_Zuidema| |Mary_Albright|Mary_Albright|   in the sitcom  3rd Rock from the Sun   |Temperance_Bones_Brennan|Temperance_Bones_Brennan|   in the television series  Bones   |Temperance_Brennan|Temperance_Brennan|  in the novel series Temperance Brennan by  |Kathy_Reichs|Kathy_Reichs| |Chakotay|Chakotay|   in the television series  Star Trek: Voyager   |Daniel_Jackson|Daniel_Jackson|   in the television series and film  Stargate SG-1   |Charlotte_Lewis|Charlotte_Lewis|   in the television series  Lost  .