     A  |comedian|Comedian|  is one who entertains through  |comedy|Comedy| , such as jokes and other forms of  |humour|Humour| . Following is a list of comedians, comedy groups, and comedy writers.                     |Bud_Abbott|Bud_Abbott| |James_Acaster|James_Acaster| |James_Adomian|James_Adomian| |Scott_Adsit|Scott_Adsit| |Steve_Agee|Steve_Agee| |Alex_Agnew|Alex_Agnew| |Ahmed_Ahmed|Ahmed_Ahmed| |Sohail_Ahmed|Sohail_Ahmed| |Nawaal_Akram|Nawaal_Akram| |Nasser_Al_Qasabi|Nasser_Al_Qasabi| |Joe_Alaskey|Joe_Alaskey| |Carlos_Alazraqui|Carlos_Alazraqui| |Jason_Alexander|Jason_Alexander| |Barbara_Jo_Allen|Barbara_Jo_Allen| |Dave_Allen|Dave_Allen| |Gracie_Allen|Gracie_Allen| |Marty_Allen|Marty_Allen| |Steve_Allen|Steve_Allen| |Tim_Allen|Tim_Allen| |Woody_Allen|Woody_Allen| |The_Amazing_Johnathan|The_Amazing_Johnathan| |Mo_Amer|Mo_Amer| |Simon_Amstell|Simon_Amstell| |Morey_Amsterdam|Morey_Amsterdam| |Siw_Anita_Andersen|Siw_Anita_Andersen| |Amy_Anderson|Amy_Anderson| |Blake_Anderson|Blake_Anderson| |Louie_Anderson|Louie_Anderson| |Wil_Anderson|Wil_Anderson| |Aziz_Ansari|Aziz_Ansari| |Ant|Ant| |Craig_Anton|Craig_Anton| |Judd_Apatow|Judd_Apatow| |Nicole_Arbour|Nicole_Arbour| |Roscoe_Fatty_Arbuckle|Roscoe_Fatty_Arbuckle| |Fred_Armisen|Fred_Armisen| |Will_Arnett|Will_Arnett| |Tom_Arnold|Tom_Arnold| |Bea_Arthur|Bea_Arthur| |Arthur_Askey|Arthur_Askey| |Rowan_Atkinson|Rowan_Atkinson| |Helen_Atkinson-Wood|Helen_Atkinson-Wood| |Dave_Attell|Dave_Attell| |Michael_Atters_Attree|Michael_Atters_Attree| |Scott_Aukerman|Scott_Aukerman| |Phil_Austin|Phil_Austin| |Joe_Avati|Joe_Avati| |Ayelet_the_Kosher_Komic|Ayelet_The_Kosher_Komic| |Dan_Aykroyd|Dan_Aykroyd| |Peter_Aykroyd|Peter_Aykroyd| |Damali_Ayo|Damali_Ayo| |Richard_Ayoade|Richard_Ayoade| |Hank_Azaria|Hank_Azaria| |Angela_Barnes|Angela_Barnes| |Baba_Ali|Baba_Ali| |Ben_Bailey|Ben_Bailey| |Bill_Bailey|Bill_Bailey| |Bobbie_Baker|Bobbie_Baker| |Dan_Bakkedahl|Dan_Bakkedahl| |Hugo_Egon_Balder|Hugo_Egon_Balder| |Alec_Baldwin|Alec_Baldwin| |Lucille_Ball|Lucille_Ball| |Colleen_Ballinger|Colleen_Ballinger| |Maria_Bamford|Maria_Bamford| |Morwenna_Banks|Morwenna_Banks| |Ike_Barinholtz|Ike_Barinholtz| |Arj_Barker|Arj_Barker| |Ronnie_Barker|Ronnie_Barker| |Vince_Barnett|Vince_Barnett| |Sandy_Baron|Sandy_Baron| |Roseanne_Barr|Roseanne_Barr| |Julian_Barratt|Julian_Barratt| |Carl_Barron|Carl_Barron| |Todd_Barry|Todd_Barry| |Mario_Barth|Mario_Barth| |Jay_Baruchel|Jay_Baruchel| |Jason_Bateman|Jason_Bateman| |Stanley_Baxter|Stanley_Baxter| |Vanessa_Bayer|Vanessa_Bayer| |Aisling_Bea|Aisling_Bea| |David_Beck|David_Beck| |Jürgen_Becker|Jürgen_Becker| |Rob_Beckett|Rob_Beckett| |Samantha_Bee|Samantha_Bee| |Greg_Behrendt|Greg_Behrendt| |Beth_Behrs|Beth_Behrs| |Jillian_Bell|Jillian_Bell| |W._Kamau_Bell|W._Kamau_Bell| |Bill_Bellamy|Bill_Bellamy| |Jim_Belushi|Jim_Belushi| |John_Belushi|John_Belushi| |Richard_Belzer|Richard_Belzer| |Bea_Benaderet|Bea_Benaderet| |Beck_Bennett|Beck_Bennett| |Jack_Benny|Jack_Benny| |Doug_Benson|Doug_Benson| |Edgar_Bergen|Edgar_Bergen| |Peter_Paul_Bergman|Peter_Paul_Bergman| |Milton_Berle|Milton_Berle| |Shelley_Berman|Shelley_Berman| |Sandra_Bernhard|Sandra_Bernhard| |Joe_Besser|Joe_Besser| |Matt_Besser|Matt_Besser| |Danny_Bhoy|Danny_Bhoy| |Jason_Biggs|Jason_Biggs| |Mike_Birbiglia|Mike_Birbiglia| |Joey_Bishop|Joey_Bishop| |John_Bishop|John_Bishop| |Jack_Black|Jack_Black| |Lewis_Black|Lewis_Black| |Michael_Ian_Black|Michael_Ian_Black| |Hamish_Blake|Hamish_Blake| |Mel_Blanc|Mel_Blanc| |Ben_Blue|Ben_Blue| |Josh_Blue|Josh_Blue| |Amir_Blumenfeld|Amir_Blumenfeld| |Alonzo_Bodden|Alonzo_Bodden| |Elayne_Boosler|Elayne_Boosler| |Tato_Bores|Tato_Bores| |Victor_Borge|Victor_Borge| |Alex_Borstein|Alex_Borstein| |Max_Boyce|Max_Boyce| |Frankie_Boyle|Frankie_Boyle| |Wayne_Brady|Wayne_Brady| |Zach_Braff|Zach_Braff| |Joey_Bragg|Joey_Bragg| |Jo_Brand|Jo_Brand| |Russell_Brand|Russell_Brand| |Guy_Branum|Guy_Branum| |Matt_Braunger|Matt_Braunger| |Kurt_Braunohler|Kurt_Braunohler| |El_Brendel|El_Brendel| |Neal_Brennan|Neal_Brennan| |David_Brenner|David_Brenner| |Jim_Breuer|Jim_Breuer| |Paget_Brewster|Paget_Brewster| |Alison_Brie|Alison_Brie| |Janine_Brito|Janine_Brito| |Paul_Brittain|Paul_Brittain| |Jimmy_Brogan|Jimmy_Brogan| |Albert_Brooks|Albert_Brooks| |Mel_Brooks|Mel_Brooks| |Brother_Theodore|Brother_Theodore| |Alan_Brough|Alan_Brough| |A._Whitney_Brown|A._Whitney_Brown| |Joe_E._Brown|Joe_E._Brown| |Kevin_Brown|Kevin_Brown| |Wally_Brown|Wally_Brown| |Yvette_Nicole_Brown|Yvette_Nicole_Brown| |Lenny_Bruce|Lenny_Bruce| |Aidy_Bryant|Aidy_Bryant| |Rob_Brydon|Rob_Brydon| |Jim_J._Bullock|Jim_J._Bullock| |Vicco_von_Bülow|Vicco_Von_Bülow| |John_Bunny|John_Bunny| |Hannibal_Buress|Hannibal_Buress| |Carol_Burnett|Carol_Burnett| |Bo_Burnham|Bo_Burnham| |George_Burns|George_Burns| |Jack_Burns|Jack_Burns| |Sarah_Burns|Sarah_Burns| |Bill_Burr|Bill_Burr| |Ty_Burrell|Ty_Burrell| |Rhea_Butcher|Rhea_Butcher| |Brett_Butler|Brett_Butler| |Red_Buttons|Red_Buttons| |Ruth_Buzzi|Ruth_Buzzi| |John_Byner|John_Byner| |Ed_Byrne|Ed_Byrne| |Jason_Byrne|Jason_Byrne| |Steve_Byrne|Steve_Byrne| |Louis_C.K.|Louis_C.K.| |Sid_Caesar|Sid_Caesar| |Frank_Caliendo|Frank_Caliendo| |Charlie_Callas|Charlie_Callas| |Rhona_Cameron|Rhona_Cameron| |Archie_Campbell|Archie_Campbell| |Craig_Campbell|Craig_Campbell| |Larry_Joe_Campbell|Larry_Joe_Campbell| |John_Candy|John_Candy| |Nick_Cannon|Nick_Cannon| |John_Caparulo|John_Caparulo| |Scott_Capurro|Scott_Capurro| |Steve_Carell|Steve_Carell| |Drew_Carey|Drew_Carey| |John_Carfi|John_Carfi| |George_Carlin|George_Carlin| |Jerrod_Carmichael|Jerrod_Carmichael| |Alan_Carney|Alan_Carney| |Art_Carney|Art_Carney| |Adam_Carolla|Adam_Carolla| |Alan_Carr|Alan_Carr| |Jimmy_Carr|Jimmy_Carr| |Jim_Carrey|Jim_Carrey| |Rodney_Carrington|Rodney_Carrington| |Carrot_Top|Carrot_Top| |Jasper_Carrott|Jasper_Carrott| |Johnny_Carson|Johnny_Carson| |Nancy_Cartwright|Nancy_Cartwright| |Dana_Carvey|Dana_Carvey| |Dan_Castellaneta|Dan_Castellaneta| |Roy_Castle|Roy_Castle| |Walter_Catlett|Walter_Catlett| |Jo_Caulfield|Jo_Caulfield| |Kyle_Cease|Kyle_Cease| |Cedric_The_Entertainer|Cedric_The_Entertainer| |Bülent_Ceylan|Bülent_Ceylan| |Jessica_Chaffin|Jessica_Chaffin| |Rachel_Chagall|Rachel_Chagall| |Jay_Chandrasekhar|Jay_Chandrasekhar| |Carol_Channing|Carol_Channing| |Charlie_Chaplin|Charlie_Chaplin| |Graham_Chapman|Graham_Chapman| |Doug_Chappel|Doug_Chappel| |Dave_Chappelle|Dave_Chappelle| |Craig_Charles|Craig_Charles| |Charo|Charo| |Charley_Chase|Charley_Chase| |Chevy_Chase|Chevy_Chase| |Michael_Che|Michael_Che| |Richard_Cheese|Richard_Cheese| |Michael_Chiklis|Michael_Chiklis| |Nasir_Chinyoti|Nasir_Chinyoti| |Ted_Chippington|Ted_Chippington| |Henry_Cho|Henry_Cho| |John_Cho|John_Cho| |Margaret_Cho|Margaret_Cho| |Tommy_Chong|Tommy_Chong| |Papa_CJ|Papa_Cj| |Anthony_Clark|Anthony_Clark| |Bobby_Clark|Bobby_Clark| |Laurence_Clark|Laurence_Clark| |Mystro_Clark|Mystro_Clark| |Julian_Clary|Julian_Clary| |Andrew_Dice_Clay|Andrew_Dice_Clay| |John_Cleese|John_Cleese| |Jemaine_Clement|Jemaine_Clement| |Jerry_Clower|Jerry_Clower| |Andy_Clyde|Andy_Clyde| |Sacha_Baron_Cohen|Sacha_Baron_Cohen| |Mindy_Cohn|Mindy_Cohn| |Enrico_Colantoni|Enrico_Colantoni| |Stephen_Colbert|Stephen_Colbert| |Deon_Cole|Deon_Cole| |Gary_Coleman|Gary_Coleman| |Kim_Coles|Kim_Coles| |Bobby_Collins|Bobby_Collins| |Misha_Collins|Misha_Collins| |Mo_Collins|Mo_Collins| |Ray_Combs|Ray_Combs| |Pat_Condell|Pat_Condell| |Billy_Connolly|Billy_Connolly| |Nina_Conti|Nina_Conti| |Tim_Conway|Tim_Conway| |Steve_Coogan|Steve_Coogan| |Dane_Cook|Dane_Cook| |David_L._Cook|David_L._Cook| |Peter_Cook|Peter_Cook| |Pat_Cooper|Pat_Cooper| |Tommy_Cooper|Tommy_Cooper| |Ronnie_Corbett|Ronnie_Corbett| |Nate_Corddry|Nate_Corddry| |Rob_Corddry|Rob_Corddry| |James_Corden|James_Corden| |Professor_Irwin_Corey|Professor_Irwin_Corey| |Johnny_Corn|Johnny_Corn| |Bill_Cosby|Bill_Cosby| |Lou_Costello|Lou_Costello| |Dave_Coulier|Dave_Coulier| |Wally_Cox|Wally_Cox| |Lavell_Crawford|Lavell_Crawford| |Amanda_Crew|Amanda_Crew| |Affion_Crockett|Affion_Crockett| |Norm_Crosby|Norm_Crosby| |David_Cross|David_Cross| |Lucas_Cruikshank|Lucas_Cruikshank| |Hal_Cruttenden|Hal_Cruttenden| |Billy_Crystal|Billy_Crystal| |Seán_Cullen|Seán_Cullen| |Whitney_Cummings|Whitney_Cummings| |Dan_Cummins|Dan_Cummins| |James_Cunningham|James_Cunningham| |Jane_Curtin|Jane_Curtin| |Peter_F._Dailey|Peter_F._Dailey| |Charlie_Dale|Smith_And_Dale| |Karl_Dall|Karl_Dall| |Andrew_Daly|Andrew_Daly| |Jon_Daly|Jon_Daly| |Bill_Dana|Bill_Dana| |Rodney_Dangerfield|Rodney_Dangerfield| |Ted_Danson|Ted_Danson| |Tony_Danza|Tony_Danza| |Khalid_Abbas_Dar|Khalid_Abbas_Dar| |Rhys_Darby|Rhys_Darby| |Severn_Darden|Severn_Darden| |Jim_David|Jim_David| |Larry_David|Larry_David| |Dov_Davidoff|Dov_Davidoff| |Pete_Davidson|Pete_Davidson| |Alan_Davies|Alan_Davies| |Jeff_B._Davis|Jeff_B._Davis| |Matt_Davis|Matt_Davis| |Tanyalee_Davis|Tanyalee_Davis| |Richard_Dawson|Richard_Dawson| |Shane_Dawson|Shane_Dawson| |Charlie_Day|Charlie_Day| |Felicia_Day|Felicia_Day| |Mikey_Day|Mikey_Day| |Andy_de_la_Tour|Andy_De_La_Tour| |Jack_Dee|Jack_Dee| |Rob_Deering|Rob_Deering| |Ellen_DeGeneres|Ellen_Degeneres| |Neil_Delamere|Neil_Delamere| |Rob_Delaney|Rob_Delaney| |Lea_DeLaria|Lea_Delaria| |Jessica_Delfino|Jessica_Delfino| |Chris_DElia|Chris_Delia| |Dom_DeLuise|Dom_Deluise| |Ivor_Dembina|Ivor_Dembina| |Dr._Demento|Dr._Demento| |Jamie_Denbo|Jamie_Denbo| |Hugh_Dennis|Hugh_Dennis| |Les_Dennis|Les_Dennis| |Joe_DeRita|Joe_Derita| |Zooey_Deschanel|Zooey_Deschanel| |Adam_DeVine|Adam_Devine| |Danny_DeVito|Danny_Devito| |Eugenio_Derbez|Eugenio_Derbez| |Dustin_Diamond|Dustin_Diamond| |Chris_Diamantopoulos|Chris_Diamantopoulos| |Joey_Diaz|Joey_Diaz| |Vic_Dibitetto|Vic_Dibitetto| |Andy_Dick|Andy_Dick| |Daniel_Dickey|Daniel_Dickey| |Dominic_Dierkes|Dominic_Dierkes| |Richard_Digance|Richard_Digance| |Phyllis_Diller|Phyllis_Diller| |Nick_DiPaolo|Nick_Dipaolo| |Chris_Distefano|Chris_Distefano| |Omid_Djalili|Omid_Djalili| |Anh_Do|Anh_Do| |Ken_Dodd|Ken_Dodd| |Mark_Dolan|Mark_Dolan| |Jimmy_Dore|Jimmy_Dore| |John_Dowie|John_Dowie| |Robert_Downey,_Jr.|Robert_Downey,_Jr.| |Brian_Doyle-Murray|Brian_Doyle-Murray| |Charlie_Drake|Charlie_Drake| |Larry_Drake|Larry_Drake| |Ruth_Draper|Ruth_Draper| |Rachel_Dratch|Rachel_Dratch| |Fran_Drescher|Fran_Drescher| |Marie_Dressler|Marie_Dressler| |Josh_Duhamel|Josh_Duhamel| |Jean_Dujardin|Jean_Dujardin| |Clark_Duke|Clark_Duke| |Robin_Duke|Robin_Duke| |Sandy_Duncan|Sandy_Duncan| |Shane_Dundas|Shane_Dundas| |Jeff_Dunham|Jeff_Dunham| |Lena_Dunham|Lena_Dunham| |Jimmy_Durante|Jimmy_Durante| |Sanjay_Dutt|Sanjay_Dutt| |Shelley_Duvall|Shelley_Duvall| |Jeff_Dye|Jeff_Dye| |Costaki_Economopoulos|Costaki_Economopoulos| |Derek_Edwards|Derek_Edwards| |Billy_Eichner|Billy_Eichner| |Jenna_Elfman|Jenna_Elfman| |Laurie_Elliot|Laurie_Elliot| |Abby_Elliott|Abby_Elliott| |Bob_Elliott|Bob_Elliott| |Chris_Elliott|Chris_Elliott| |Graham_Elwood|Graham_Elwood| |Dick_Emery|Dick_Emery| |Harry_Enfield|Harry_Enfield| |Anke_Engelke|Anke_Engelke| |Bill_Engvall|Bill_Engvall| |Mike_Epps|Mike_Epps| |Paco_Erhard|Paco_Erhard| |Leon_Errol|Leon_Errol| |Cameron_Esposito|Cameron_Esposito| |Lee_Evans|Lee_Evans| |Bridget_Everett|Bridget_Everett| |Justine_Ezarick|Justine_Ezarick| |Damien_Fahey|Damien_Fahey| |Donald_Faison|Donald_Faison| |Jimmy_Fallon|Jimmy_Fallon| |Simon_Fanshawe|Simon_Fanshawe| |Chris_Farley|Chris_Farley| |Negin_Farsad|Negin_Farsad| |Mitch_Fatel|Mitch_Fatel| |Nat_Faxon|Nat_Faxon| |Isabel_Fay|Isabel_Fay| |Wayne_Federman|Wayne_Federman| |Rachel_Feinstein|Rachel_Feinstein| |Marty_Feldman|Marty_Feldman| |Graham_Fellowes|Graham_Fellowes| |Spike_Feresten|Spike_Feresten| |Craig_Ferguson|Craig_Ferguson| |Don_Ferguson|Don_Ferguson| |Adam_Ferrara|Adam_Ferrara| |Will_Ferrell|Will_Ferrell| |Tina_Fey|Tina_Fey| |Nathan_Fielder|Nathan_Fielder| |Noel_Fielding|Noel_Fielding| |Totie_Fields|Totie_Fields| |W._C._Fields|W._C._Fields| |Larry_Fine|Larry_Fine| |Chloe_Fineman|Chloe_Fineman| |Christian_Finnegan|Christian_Finnegan| |Greg_Fitzsimmons|Greg_Fitzsimmons| |Joe_Flaherty|Joe_Flaherty| |Jim_Florentine|Jim_Florentine| |Neil_Flynn|Neil_Flynn| |Dave_Foley|Dave_Foley| |Cam_Folker|Cam_Folker| |Joey_Forman|Joey_Forman| |George_Formby|George_Formby| |Will_Forte|Will_Forte| |Jermaine_Fowler|Jermaine_Fowler| |Jeff_Foxworthy|Jeff_Foxworthy| |Jamie_Foxx|Jamie_Foxx| |Redd_Foxx|Redd_Foxx| |Leigh_Francis|Leigh_Francis| |Stewart_Francis|Stewart_Francis| |Pablo_Francisco|Pablo_Francisco| |James_Franco|James_Franco| |Al_Franken|Al_Franken| |William_Frawley|William_Frawley| |Stan_Freberg|Stan_Freberg| |Dawn_French|Dawn_French| |Judah_Friedlander|Judah_Friedlander| |Will_Friedle|Will_Friedle| |Freddie_Frinton|Freddie_Frinton| |Nick_Frost|Nick_Frost| |Stephen_Fry|Stephen_Fry| |Rich_Fulcher|Rich_Fulcher| |Ron_Funches|Ron_Funches| |Fakkah_Fuzz|Fakkah_Fuzz| |Josh_Gad|Josh_Gad| |Hannah_Gadsby|Hannah_Gadsby| |Jim_Gaffigan|Jim_Gaffigan| |Mo_Gaffney|Mo_Gaffney| |Zach_Galifianakis|Zach_Galifianakis| |Gallagher|Gallagher| |Robert_Ben_Garant|Robert_Ben_Garant| |Billy_Gardell|Billy_Gardell| |Graeme_Garden|Graeme_Garden| |Brother_Dave_Gardner|Brother_Dave_Gardner| |Heidi_Gardner|Heidi_Gardner| |Tony_Gardner|Tony_Gardner| |Jeff_Garlin|Jeff_Garlin| |Paul_Garner|Paul_Garner| |Janeane_Garofalo|Janeane_Garofalo| |Teri_Garr|Teri_Garr| |Brad_Garrett|Brad_Garrett| |Ana_Gasteyer|Ana_Gasteyer| |Richard_Gautier|Richard_Gautier| |Dustin_Gee|Dustin_Gee| |Brett_Gelman|Brett_Gelman| |Ricky_Gervais|Ricky_Gervais| |Estelle_Getty|Estelle_Getty| |Billy_Gilbert|Billy_Gilbert| |Rhod_Gilbert|Rhod_Gilbert| |Russell_Gilbert|Russell_Gilbert| |Terry_Gilliam|Terry_Gilliam| |Shane_Gillis|Shane_Gillis| |Greg_Giraldo|Greg_Giraldo| |Adele_Givens|Adele_Givens| |Nikki_Glaser|Nikki_Glaser|  born    |Todd_Glass|Todd_Glass| |Jackie_Gleason|Jackie_Gleason| |Donald_Glover|Donald_Glover| |George_Gobel|George_Gobel| |Janey_Godley|Janey_Godley| |Adam_Goldberg|Adam_Goldberg| |Whoopi_Goldberg|Whoopi_Goldberg| |Bobcat_Goldthwait|Bobcat_Goldthwait| |Ian_Gomez|Ian_Gomez| |Jami_Gong|Jami_Gong| |Ken_Goodwin|Ken_Goodwin| |Leo_Gorcey|Leo_Gorcey| |Dave_Gorman|Dave_Gorman| |Frank_Gorshin|Frank_Gorshin| |Freeman_Gosden|Freeman_Gosden| |Gilbert_Gottfried|Gilbert_Gottfried| |Theodore_Gottlieb|Theodore_Gottlieb| |Dana_Gould|Dana_Gould| |Ray_Goulding|Ray_Goulding| |Luba_Goy|Luba_Goy| |Topher_Grace|Topher_Grace| |Boothby_Graffoe|Boothby_Graffoe| |Kelsey_Grammer|Kelsey_Grammer| |Corinne_Grant|Corinne_Grant| |Stephen_Grant|Stephen_Grant| |Judy_Graubart|Judy_Graubart| |Jeff_Green|Jeff_Green| |Seth_Green|Seth_Green| |Tom_Green|Tom_Green| |Shecky_Greene|Shecky_Greene| |Max_Greenfield|Max_Greenfield| |Judy_Greer|Judy_Greer| |Dick_Gregory|Dick_Gregory| |James_Gregory|James_Gregory| |David_Alan_Grier|David_Alan_Grier| |Eddie_Griffin|Eddie_Griffin| |Kathy_Griffin|Kathy_Griffin| |Andy_Griffith|Andy_Griffith| |Charles_Grodin|Charles_Grodin| |Matt_Groening|Matt_Groening| |David_Groh|David_Groh| |Christopher_Guest|Christopher_Guest| |Gary_Gulman|Gary_Gulman| |Appurv_Gupta|Appurv_Gupta| |Deryck_Guyler|Deryck_Guyler| |Ewen_Gilmour|Ewen_Gilmour| |Buddy_Hackett|Buddy_Hackett| |Tiffany_Haddish|Tiffany_Haddish| |Bill_Hader|Bill_Hader| |Kathryn_Hahn|Kathryn_Hahn| |Tony_Hale|Tony_Hale| |Brian_Haley|Brian_Haley| |Huntz_Hall|Huntz_Hall| |Rich_Hall|Rich_Hall| |Dieter_Hallervorden|Dieter_Hallervorden| |Neil_Hamburger|Neil_Hamburger| |Lloyd_Hamilton|Lloyd_Hamilton| |Nick_Hancock|Nick_Hancock| |Tony_Hancock|Tony_Hancock| |Jack_Handey|Jack_Handey| |Chelsea_Handler|Chelsea_Handler| |Colin_Hanks|Colin_Hanks| |Ryan_Hansen|Ryan_Hansen| |Malcolm_Hardee|Malcolm_Hardee| |Mike_Harding|Mike_Harding| |Chris_Hardwick|Chris_Hardwick| |Jeremy_Hardy|Jeremy_Hardy| |Oliver_Hardy|Oliver_Hardy| |Otis_Harlan|Otis_Harlan| |Dan_Harmon|Dan_Harmon| |Valerie_Harper|Valerie_Harper| |Neil_Patrick_Harris|Neil_Patrick_Harris| |Rachael_Harris|Rachael_Harris| |Robin_Harris|Robin_Harris| |Hannah_Hart|Hannah_Hart| |Kevin_Hart|Kevin_Hart| |Mamrie_Hart|Mamrie_Hart| |Miranda_Hart|Miranda_Hart| |Adam_Hartle|Adam_Hartle| |Phil_Hartman|Phil_Hartman| |Steve_Harvey|Steve_Harvey| |Murtaza_Hassan|Murtaza_Hassan| |Allan_Havey|Allan_Havey| |Tim_Hawkins|Tim_Hawkins| |Tony_Hawks|Tony_Hawks| |Goldie_Hawn|Goldie_Hawn| |Charles_Hawtrey|Charles_Hawtrey| |Charles_Hawtrey|Charles_Hawtrey| |Will_Hay|Will_Hay| |Richard_Haydn|Richard_Haydn| |Erinn_Hayes|Erinn_Hayes| |Sean_Hayes|Sean_Hayes| |Mike_Hayley|Mike_Hayley| |Natalie_Haynes|Natalie_Haynes| |Ted_Healy|Ted_Healy| |Richard_Hearne|Richard_Hearne| |Patricia_Heaton|Patricia_Heaton| |Mitch_Hedberg|Mitch_Hedberg| |Jon_Heder|Jon_Heder| |Bobby_Heenan|Bobby_Heenan| |John_Hegley|John_Hegley| |Tim_Heidecker|Tim_Heidecker| |Simon_Helberg|Simon_Helberg| |Grace_Helbig|Grace_Helbig| |Peter_Helliar|Peter_Helliar| |Nick_Helm|Nick_Helm| |Ed_Helms|Ed_Helms| |Greg_Hemphill|Greg_Hemphill| |Shirley_Hemphill|Shirley_Hemphill| |Dickie_Henderson|Dickie_Henderson| |Lenny_Henry|Lenny_Henry| |Mike_Henry|Mike_Henry| |John_Henton|John_Henton| |Dai_Henwood|Dai_Henwood| |Hugh_Herbert|Hugh_Herbert| |Richard_Herring|Richard_Herring| |Bill_Hicks|Bill_Hicks| |Ryan_Higa|Ryan_Higa| |Dieter_Hildebrandt|Dieter_Hildebrandt| |Benny_Hill|Benny_Hill| |Harry_Hill|Harry_Hill| |Jonah_Hill|Jonah_Hill| |Martina_Hill|Martina_Hill| |Adam_Hills|Adam_Hills| |Skip_Hinnant|Skip_Hinnant| |John_Hodgman|John_Hodgman| |Joel_Hodgson|Joel_Hodgson| |Steve_Hofstetter|Steve_Hofstetter| |Paul_Hogan|Paul_Hogan| |Vanessa_Hollingshead|Vanessa_Hollingshead| |Stanley_Holloway|Stanley_Holloway| |Anders_Holm|Anders_Holm| |Jessica_Holmes|Jessica_Holmes| |Pete_Holmes|Pete_Holmes| |Jan_Hooks|Jan_Hooks| |Bob_Hope|Bob_Hope| |Kenneth_Horne|Kenneth_Horne| |Mathew_Horne|Mathew_Horne| |Don_Hornsby|Don_Hornsby| |Edward_Everett_Horton|Edward_Everett_Horton| |Curly_Howard|Curly_Howard| |Moe_Howard|Moe_Howard| |Russell_Howard|Russell_Howard| |Shemp_Howard|Shemp_Howard| |Lil_Rel_Howery|Lil_Rel_Howery| |Jeremy_Hotz|Jeremy_Hotz| |Roy_Hudd|Roy_Hudd| |Rob_Huebel|Rob_Huebel| |Dave_Hughes|Dave_Hughes| |Sean_Hughes|Sean_Hughes| |Steve_Hughes|Steve_Hughes| |D._L._Hughley|D._L._Hughley| |Barry_Humphries|Barry_Humphries| |Reginald_D._Hunter|Reginald_D._Hunter| |Carl_Hurley|Carl_Hurley| |Armando_Iannucci|Armando_Iannucci| |Eric_Idle|Eric_Idle| |Eddie_Ifft|Eddie_Ifft| |Gabriel_Iglesias|Gabriel_Iglesias| |Robin_Ince|Robin_Ince| |Neil_Innes|Neil_Innes| |Scott_Innes|Scott_Innes| |Dom_Irrera|Dom_Irrera| |Eddie_Izzard|Eddie_Izzard| |Victoria_Jackson|Victoria_Jackson| |Gillian_Jacobs|Gillian_Jacobs| |Javed_Jaffrey|Javed_Jaffrey| |Gerburg_Jahnke|Gerburg_Jahnke| |Billy_T._James|Billy_T._James| |Kevin_James|Kevin_James| |Michael_Patrick_Jann|Michael_Patrick_Jann| |Jay_Jason|Jay_Jason| |Jim_Jefferies|Jim_Jefferies| |Richard_Jeni|Richard_Jeni| |Ken_Jeong|Ken_Jeong| |Anthony_Jeselnik|Anthony_Jeselnik| |Geri_Jewell|Geri_Jewell| |Penn_Jillette|Penn_Jillette| |Maz_Jobrani|Maz_Jobrani| |Jake_Johannsen|Jake_Johannsen| |Anjelah_Johnson|Anjelah_Johnson| |Chic_Johnson|Chic_Johnson| |Jake_Johnson|Jake_Johnson| |Hamburger_Jones|Hamburger_Jones| |Jason_Jones|Jason_Jones| |Leslie_Jones|Leslie_Jones| |Orlando_Jones|Orlando_Jones| |Terry_Jones|Terry_Jones| |Lesley_Joseph|Lesley_Joseph| |Colin_Jost|Colin_Jost| |Jesse_Joyce|Jesse_Joyce| |Phill_Jupitus|Phill_Jupitus| |Bianca_Kajlich|Bianca_Kajlich| |Mindy_Kaling|Mindy_Kaling| |Carol_Kane|Carol_Kane| |Russell_Kane|Russell_Kane| |Gabe_Kaplan|Gabe_Kaplan| |Myq_Kaplan|Myq_Kaplan| |Uğur_Rıfat_Karlova|Uğur_Rıfat_Karlova| |Moshe_Kasher|Moshe_Kasher| |Jackie_Kashian|Jackie_Kashian| |Chris_Kattan|Chris_Kattan| |Mickey_Katz|Mickey_Katz| |Andy_Kaufman|Andy_Kaufman| |Julie_Kavner|Julie_Kavner| |Peter_Kay|Peter_Kay| |Phil_Kay|Phil_Kay| |Danny_Kaye|Danny_Kaye| |John_Keister|John_Keister| |Peter_Kelamis|Peter_Kelamis| |Echo_Kellum|Echo_Kellum| |Chris_Kelly|Chris_Kelly| |Frank_Kelly|Frank_Kelly| |Patsy_Kelly|Patsy_Kelly| |Robert_Kelly|Robert_Kelly| |Pert_Kelton|Pert_Kelton| |Ellie_Kemper|Ellie_Kemper| |Sarah_Kendall|Sarah_Kendall| |Edgar_Kennedy|Edgar_Kennedy| |Graham_Kennedy|Graham_Kennedy| |Jamie_Kennedy|Jamie_Kennedy| |Tom_Kennedy|Tom_Kennedy| |Kerri_Kenney-Silver|Kerri_Kenney-Silver| |Jon_Kenny|Jon_Kenny| |Tom_Kenny|Tom_Kenny| |Hape_Kerkeling|Hape_Kerkeling| |Michael_Kessler|Michael_Kessler| |Keegan-Michael_Key|Keegan-Michael_Key| |Amanullah_Khan|Amanullah_Khan| |Shappi_Khorsandi|Shappi_Khorsandi| |Ford_Kiernan|Ford_Kiernan| |Laura_Kightlinger|Laura_Kightlinger| |Craig_Kilborn|Craig_Kilborn| |Taran_Killam|Taran_Killam| |Jimmy_Kimmel|Jimmy_Kimmel| |Kyle_Kinane|Kyle_Kinane| |Andy_Kindler|Andy_Kindler| |Alan_King|Alan_King| |Michael_Patrick_King|Michael_Patrick_King| |Sam_Kinison|Sam_Kinison| |Bill_Kirchenbauer|Bill_Kirchenbauer| |Jen_Kirkman|Jen_Kirkman| |Takeshi_Kitano|Takeshi_Kitano| |Jonathan_Kite|Jonathan_Kite| |Daniel_Kitson|Daniel_Kitson| |Robert_Klein|Robert_Klein| |Jordan_Klepper|Jordan_Klepper| |Kevin_Kline|Kevin_Kline| |Jack_Klugman|Jack_Klugman| |Ted_Knight|Ted_Knight| |Wayne_Knight|Wayne_Knight| |Don_Knotts|Don_Knotts| |David_Koechner|David_Koechner| |Hari_Kondabolu|Hari_Kondabolu| |Dada_Kondke|Dada_Kondke| |Lynne_Koplitz|Lynne_Koplitz| |Harvey_Korman|Harvey_Korman| |Ernie_Kovacs|Ernie_Kovacs| |Jo_Koy|Jo_Koy| |Diether_Krebs|Diether_Krebs| |Nick_Kroll|Nick_Kroll| |Mike_Krüger|Mike_Krüger| |Lisa_Kudrow|Lisa_Kudrow| |Elvira_Kurt|Elvira_Kurt| |Ashton_Kutcher|Ashton_Kutcher| |Jon_Lajoie|Jon_Lajoie| |Lisa_Lampanelli|Lisa_Lampanelli| |Steve_Landesberg|Steve_Landesberg| |Matteo_Lane|Matteo_Lane| |Nathan_Lane|Nathan_Lane| |Richard_Lane|Richard_Lane| |Harry_Langdon|Harry_Langdon| |Artie_Lange|Artie_Lange| |Chris_Langham|Chris_Langham| |Beth_Lapides|Beth_Lapides| |Lauren_Lapkus|Lauren_Lapkus| |Larry_the_Cable_Guy|Larry_The_Cable_Guy| |Stan_Laurel|Stan_Laurel| |Hugh_Laurie|Hugh_Laurie| |Tony_Law|Tony_Law| |Doug_Lawrence|Doug_Lawrence| |Martin_Lawrence|Martin_Lawrence| |Mike_Lawrence|Mike_Lawrence| |Vicki_Lawrence|Vicki_Lawrence| |Cloris_Leachman|Cloris_Leachman| |Denis_Leary|Denis_Leary| |Matt_LeBlanc|Matt_Leblanc| |Andy_Lee|Andy_Lee| |Bobby_Lee|Bobby_Lee| |Stewart_Lee|Stewart_Lee| |Jane_Leeves|Jane_Leeves| |Michael_Legge|Michael_Legge| |Natasha_Leggero|Natasha_Leggero| |John_Leguizamo|John_Leguizamo| |Tom_Lehrer|Tom_Lehrer| |Carol_Leifer|Carol_Leifer| |Jack_Lemmon|Jack_Lemmon| |Tom_Lenk|Tom_Lenk| |Thomas_Lennon|Thomas_Lennon| |Jay_Leno|Jay_Leno| |Jack_E._Leonard|Jack_E._Leonard| |David_Letterman|David_Letterman| |Sam_Levenson|Sam_Levenson| |Johnny_Lever|Johnny_Lever| |Eugene_Levy|Eugene_Levy| |Jerry_Lewis|Jerry_Lewis| |Richard_Lewis|Richard_Lewis| |Ash_Lieb|Ash_Lieb| |Wendy_Liebman|Wendy_Liebman| |Riki_Lindhome|Riki_Lindhome| |Joe_Lipari|Joe_Lipari| |Rich_Little|Rich_Little| |Rob_Little|Rob_Little| |Christopher_Lloyd|Christopher_Lloyd| |Harold_Lloyd|Harold_Lloyd| |Joe_Lo_Truglio|Joe_Lo_Truglio| |Sean_Lock|Sean_Lock| |Greg_London|Greg_London| |Josie_Long|Josie_Long| |Justin_Long|Justin_Long| |Andrés_López|Andrés_López_Forero| |George_Lopez|George_Lopez| |Julia_Louis-Dreyfus|Julia_Louis-Dreyfus| |Jason_Love|Jason_Love| |Loni_Love|Loni_Love| |Jon_Lovitz|Jon_Lovitz| |Mark_Lowry|Mark_Lowry| |Matt_Lucas|Matt_Lucas| |Joanna_Lumley|Joanna_Lumley| |John_Lutz|John_Lutz| |Jane_Lynch|Jane_Lynch| |Katherine_Lynch|Katherine_Lynch| |Stephen_Lynch|Stephen_Lynch| |Paul_Lynde|Paul_Lynde| |Moms_Mabley|Moms_Mabley| |Bernie_Mac|Bernie_Mac| |Norm_Macdonald|Norm_Macdonald| |Seth_MacFarlane|Seth_Macfarlane| |Charles_Mack|Charles_Mack| |Lee_Mack|Lee_Mack| |Doon_Mackichan|Doon_Mackichan| |Kathleen_Madigan|Kathleen_Madigan| |Al_Madrigal|Al_Madrigal| |Naveed_Mahbub|Naveed_Mahbub| |Bill_Maher|Bill_Maher| |Bruce_Mahler|Bruce_Mahler| |Bobby_Mair|Bobby_Mair| |Shaun_Majumder|Shaun_Majumder| |Keith_Malley|Keith_Malley| |Howie_Mandel|Howie_Mandel| |Aasif_Mandvi|Aasif_Mandvi| |Jason_Manford|Jason_Manford| |Sebastian_Maniscalco|Sebastian_Maniscalco| |Charlie_Manna|Charlie_Manna| |Bernard_Manning|Bernard_Manning| |Jason_Mantzoukas|Jason_Mantzoukas| |Jenna_Marbles|Jenna_Marbles| |Cheech_Marin|Cheech_Marin| |Ken_Marino|Ken_Marino| |Pigmeat_Markham|Pigmeat_Markham| |Bob_Marley|Bob_Marley| |Marc_Maron|Marc_Maron| |Elizabeth_Marrero|Elizabeth_Marrero| |Betty_Marsden|Betty_Marsden| |Andrea_Martin|Andrea_Martin| |Dean_Martin|Dean_Martin| |Demetri_Martin|Demetri_Martin| |Dick_Martin|Dick_Martin| |Steve_Martin|Steve_Martin| |Jackie_Martling|Jackie_Martling| |Chico_Marx|Chico_Marx| |Groucho_Marx|Groucho_Marx| |Gummo_Marx|Gummo_Marx| |Harpo_Marx|Harpo_Marx| |Zeppo_Marx|Zeppo_Marx| |Jackie_Mason|Jackie_Mason| |Kyle_Massey|Kyle_Massey| |Ross_Mathews|Ross_Mathews| |Andrew_Maxwell|Andrew_Maxwell| |Elaine_May|Elaine_May| |Ralphie_May|Ralphie_May| |Rik_Mayall|Rik_Mayall| |Jack_McBrayer|Jack_Mcbrayer| |Danny_McBride|Danny_Mcbride| |Jenny_McCarthy|Jenny_Mccarthy| |Melissa_McCarthy|Melissa_Mccarthy| |Rue_McClanahan|Rue_Mcclanahan| |Eric_McCormack|Eric_Mccormack| |Bruce_McCulloch|Bruce_Mcculloch| |Paul_McCullough|Paul_Mccullough| |Heather_McDonald|Heather_Mcdonald| |Kevin_McDonald|Kevin_Mcdonald| |Michael_McDonald|Michael_Mcdonald| |Charlie_McDonnell|Charlie_Mcdonnell| |Justin_McElroy|Justin_Mcelroy| |Travis_McElroy|Travis_Mcelroy| |Griffin_McElroy|Griffin_Mcelroy| |Joel_McHale|Joel_Mchale| |Jan_McInnis|Jan_Mcinnis| |Michael_McIntyre|Michael_Mcintyre| |Adam_McKay|Adam_Mckay| |Bret_McKenzie|Bret_Mckenzie| |Mark_McKinney|Mark_Mckinney| |Kate_McKinnon|Kate_Mckinnon| |Pauline_McLynn|Pauline_Mclynn| |Ed_McMahon|Ed_Mcmahon| |Rove_McManus|Rove_Mcmanus| |Don_McMillan|Don_Mcmillan| |Vaughn_Meader|Vaughn_Meader| |Tim_Meadows|Tim_Meadows| |Kevin_Meaney|Kevin_Meaney| |Anne_Meara|Anne_Meara| |Matt_Meese|Matt_Meese| |Carlos_Mencia|Carlos_Mencia| |Rick_Mercer|Rick_Mercer| |Stephen_Merchant|Stephen_Merchant| |Paul_Merton|Paul_Merton| |Debra_Messing|Debra_Messing| |Josh_Meyers|Josh_Meyers| |Seth_Meyers|Seth_Meyers| |Shaun_Micallef|Shaun_Micallef| |Felicia_Michaels|Felicia_Michaels| |Kate_Micucci|Kate_Micucci| |Thomas_Middleditch|Thomas_Middleditch| |John_Milhiser|John_Milhiser| |Christa_Miller|Christa_Miller| |Dennis_Miller|Dennis_Miller| |Max_Miller|Max_Miller| |T.J._Miller|T.J._Miller| |Sarah_Millican|Sarah_Millican| |Spike_Milligan|Spike_Milligan| |Tim_Minchin|Tim_Minchin| |Brian_Miner|Brian_Miner| |Jerry_Minor|Jerry_Minor| |Dan_Mintz|Dan_Mintz| |Matt_Mira|Matt_Mira| |Eugene_Mirman|Eugene_Mirman| |David_Mitchell|David_Mitchell| |Finesse_Mitchell|Finesse_Mitchell| |Kel_Mitchell|Kel_Mitchell| |Michael_Mittermeier|Michael_Mittermeier| |Colin_Mochrie|Colin_Mochrie| |Mehran_Modiri|Mehran_Modiri| |Alex_Moffat|Alex_Moffat| |Jay_Mohr|Jay_Mohr| |John_Moloney|John_Moloney| |MoNique|Monique| |Bob_Monkhouse|Bob_Monkhouse| |Lucy_Montgomery|Lucy_Montgomery| |Kyle_Mooney|Kyle_Mooney| |Paul_Mooney|Paul_Mooney| |Dudley_Moore|Dudley_Moore| |Mary_Tyler_Moore|Mary_Tyler_Moore| |Michael_Moore|Michael_Moore| |Rudy_Ray_Moore|Rudy_Ray_Moore| |Tim_Moore|Tim_Moore| |Victor_Moore|Victor_Moore| |Dylan_Moran|Dylan_Moran| |George_Moran|George_Moran| |Polly_Moran|Polly_Moran| |Rick_Moranis|Rick_Moranis| |Dave_Mordal|Dave_Mordal| |Eric_Morecambe|Eric_Morecambe| |Dermot_Morgan|Dermot_Morgan| |John_Morgan|John_Morgan| |Matt_Morgan|Matt_Morgan| |Tracy_Morgan|Tracy_Morgan| |Brent_Morin|Brent_Morin| |Chris_Morris|Chris_Morris| |Garrett_Morris|Garrett_Morris| |Lamorne_Morris|Lamorne_Morris| |Seth_Morris|Seth_Morris| |Zero_Mostel|Zero_Mostel| |José_Sánchez_Mota|José_Sánchez_Mota| |Bobby_Moynihan|Bobby_Moynihan| |Teacher_Mpamire|Teacher_Mpamire| |John_Mulaney|John_Mulaney| |Martin_Mull|Martin_Mull| |Megan_Mullally|Megan_Mullally| |Mitch_Mullany|Mitch_Mullany| |Neil_Mullarkey|Neil_Mullarkey| |Olivia_Munn|Olivia_Munn| |Simon_Munnery|Simon_Munnery| |Richard_Murdoch|Richard_Murdoch| |Charlie_Murphy|Charlie_Murphy| |Colin_Murphy|Colin_Murphy| |Eddie_Murphy|Eddie_Murphy| |Larry_Murphy|Larry_Murphy| |Morgan_Murphy|Morgan_Murphy| |Noel_Murphy|Noel_Murphy| |Al_Murray|Al_Murray| |Bill_Murray|Bill_Murray| |Jan_Murray|Jan_Murray| |Lorenzo_Music|Lorenzo_Music| |Erik_Myers|Erik_Myers| |Mike_Myers|Mike_Myers| |Arden_Myrin|Arden_Myrin| |Jim_Nabors|Jim_Nabors| |Kumail_Nanjiani|Kumail_Nanjiani| |Paul_Nardizzi|Paul_Nardizzi| |Jason_Narvy|Jason_Narvy| |Niecy_Nash|Niecy_Nash| |Rex_Navarette|Rex_Navarette| |Henry_Naylor|Henry_Naylor| |Cliff_Nazarro|Cliff_Nazarro| |Kevin_Nealon|Kevin_Nealon| |Bob_Nelson|Bob_Nelson| |Michael_J._Nelson|Michael_J._Nelson| |Bob_Newhart|Bob_Newhart| |Laraine_Newman|Laraine_Newman| |Robert_Newman|Robert_Newman| |Bert_Newton|Bert_Newton| |Phil_Nichol|Phil_Nichol| |Mike_Nichols|Mike_Nichols| |Leslie_Nielsen|Leslie_Nielsen| |Trevor_Noah|Trevor_Noah| |Ross_Noble|Ross_Noble| |Henry_Normal|Henry_Normal| |Graham_Norton|Graham_Norton| |Jim_Norton|Jim_Norton| |Duncan_Norvelle|Duncan_Norvelle| |Tig_Notaro|Tig_Notaro| |BJ_Novak|Bj_Novak| |Don_Novello|Don_Novello| |Dieter_Nuhr|Dieter_Nuhr| |Ego_Nwodim|Ego_Nwodim| |Bill_Nye|Bill_Nye| |Louis_Nye|Louis_Nye| |Dara_Ó_Briain|Dara_Ó_Briain| |Conan_OBrien|Conan_Obrien| |Mike_OBrien|Mike_Obrien| |Carroll_OConnor|Carroll_Oconnor| |Donald_OConnor|Donald_Oconnor| |Bill_Oddie|Bill_Oddie| |Bob_Odenkirk|Bob_Odenkirk| |Rosie_ODonnell|Rosie_Odonnell| |Michael_ODonoghue|Michael_Odonoghue| |Chris_ODowd|Chris_Odowd| |Nick_Offerman|Nick_Offerman| |Ardal_OHanlon|Ardal_Ohanlon| |Catherine_OHara|Catherine_Ohara| |Earl_Okin|Earl_Okin| |John_Oliver|John_Oliver| |Ole_Olsen|Ole_Olsen| |Patrice_ONeal|Patrice_Oneal| |Barunka_OShaughnessy|Barunka_Oshaughnessy| |David_Ossman|David_Ossman| |Patton_Oswalt|Patton_Oswalt| |Cheri_Oteri|Cheri_Oteri| |Jimmy_Ouyang|Jimmy_Ouyang| |Rick_Overton|Rick_Overton| |Frankie_Pace|Frankie_Pace| |Ellen_Page|Ellen_Page| |LaWanda_Page|Lawanda_Page| |Michael_Palin|Michael_Palin| |Adam_Pally|Adam_Pally| |Candy_Palmater|Candy_Palmater| |Maulik_Pancholy|Maulik_Pancholy| |Franklin_Pangborn|Franklin_Pangborn| |Tom_Papa|Tom_Papa| |Jimmy_Pardo|Jimmy_Pardo| |Lennon_Parham|Lennon_Parham| |Randall_Park|Randall_Park| |Pardis_Parker|Pardis_Parker| |Trey_Parker|Trey_Parker| |Chris_Parnell|Chris_Parnell| |Andy_Parsons|Andy_Parsons| |Sara_Pascoe|Sara_Pascoe| |Joe_Pasquale|Joe_Pasquale| |Bastian_Pastewka|Bastian_Pastewka| |Pat_Paulsen|Pat_Paulsen| |Rob_Paulsen|Rob_Paulsen| |Christina_Pazsitzky|Christina_Pazsitzky| |Ray_Peacock|Ray_Peacock| |Minnie_Pearl|Minnie_Pearl| |Zack_Pearlman|Zack_Pearlman| |Nasim_Pedrad|Nasim_Pedrad| |Jordan_Peele|Jordan_Peele| |Simon_Pegg|Simon_Pegg| |Paula_Pell|Paula_Pell| |Kal_Penn|Kal_Penn| |Joe_Penner|Joe_Penner| |Joe_Pera|Joe_Pera| |Chelsea_Peretti|Chelsea_Peretti| |Sue_Perkins|Sue_Perkins| |Matthew_Perry|Matthew_Perry| |Tyler_Perry|Tyler_Perry| |Jon_Pertwee|Jon_Pertwee| |Russell_Peters|Russell_Peters| |Dat_Phan|Dat_Phan| |Jay_Pharoah|Jay_Pharoah| |Emo_Philips|Emo_Philips| |Chonda_Pierce|Chonda_Pierce| |David_Hyde_Pierce|David_Hyde_Pierce| |Karl_Pilkington|Karl_Pilkington| |John_Pinette|John_Pinette| |Joe_Piscopo|Joe_Piscopo| |ZaSu_Pitts|Zasu_Pitts| |Jeremy_Piven|Jeremy_Piven| |Nigel_Planer|Nigel_Planer| |Aubrey_Plaza|Aubrey_Plaza| |Amy_Poehler|Amy_Poehler| |Kevin_Pollak|Kevin_Pollak| |Mike_Pollock|Mike_Pollock| |Brian_Posehn|Brian_Posehn| |Tom_Poston|Tom_Poston| |James_Postlethwaite|James_Postlethwaite| |Paula_Poundstone|Paula_Poundstone| |Navin_Prabhakar|Navin_Prabhakar| |Guy_Pratt|Guy_Pratt| |Tom_Price|Tom_Price| |Freddie_Prinze|Freddie_Prinze| |Kiri_Pritchard_Mclean|Kiri_Pritchard_Mclean| |Philip_Proctor|Philip_Proctor| |Markus_Maria_Profitlich|Markus_Maria_Profitlich| |Greg_Proops|Greg_Proops| |Paul_Provenza|Paul_Provenza| |Richard_Pryor|Richard_Pryor| |Danny_Pudi|Danny_Pudi| |Steve_Punt|Steve_Punt| |Apollo_Quiboloy|Apollo_Quiboloy| |Eddie_Quillan|Eddie_Quillan| |Colin_Quinn|Colin_Quinn| |Pauline_Quirke|Pauline_Quirke| |Stefan_Raab|Stefan_Raab| |Gilda_Radner|Gilda_Radner| |Rags_Ragland|Rags_Ragland| |Mary_Lynn_Rajskub|Mary_Lynn_Rajskub| |Louis_Ramey|Louis_Ramey| |Harold_Ramis|Harold_Ramis| |Tony_Randall|Tony_Randall| |Frank_Randle|Frank_Randle| |Romesh_Ranganathan|Romesh_Ranganathan| |Stephen_Rannazzisi|Stephen_Rannazzisi| |June_Diane_Raphael|June_Diane_Raphael| |Jim_Rash|Jim_Rash| |Melissa_Rauch|Melissa_Rauch| |Raven-Symoné|Raven-Symoné| |Jonah_Ray|Jonah_Ray| |Ted_Ray|Ted_Ray| |Martha_Raye|Martha_Raye| |Al_Read|Al_Read| |Howard_Read|Howard_Read| |Chris_Redd|Chris_Redd| |Jon_Reep|Jon_Reep| |Vic_Reeves|Vic_Reeves| |Brian_Regan|Brian_Regan| |Tim_Reid|Tim_Reid| |John_C._Reilly|John_C._Reilly| |Carl_Reiner|Carl_Reiner| |Rob_Reiner|Rob_Reiner| |Paul_Reiser|Paul_Reiser| |Roy_Rene|Roy_Rene| |Retta|Retta| |Alex_Reymundo|Alex_Reymundo| |Rick_Reynolds|Rick_Reynolds| |Caroline_Rhea|Caroline_Rhea| |Tom_Rhodes|Tom_Rhodes| |Jeff_Richards|Jeff_Richards| |Michael_Richards|Michael_Richards| |April_Richardson|April_Richardson| |Jon_Richardson|Jon_Richardson| |Mathias_Richling|Mathias_Richling| |Andy_Richter|Andy_Richter| |Don_Rickles|Don_Rickles| |Rob_Riggle|Rob_Riggle| |Gina_Riley|Gina_Riley| |Jason_Ritter|Jason_Ritter| |John_Ritter|John_Ritter| |Al_Ritz|Albert_Ritz| |Harry_Ritz|Harold_Ritz| |Jimmy_Ritz|Jimmy_Ritz| |Joan_Rivers|Joan_Rivers| |Rowland_Rivron|Rowland_Rivron| |Steve_Rizzo|Steve_Rizzo| |Lyda_Roberti|Lyda_Roberti| |Jeanne_Robertson|Jeanne_Robertson| |Craig_Robinson|Craig_Robinson| |Joe_Robinson|Joe_Robinson| |Tim_Robinson|Tim_Robinson| |Linda_Robson|Linda_Robson| |Chris_Rock|Chris_Rock| |Paul_Rodriguez|Paul_Rodriguez| |Joe_Rogan|Joe_Rogan| |Seth_Rogen|Seth_Rogen| |Will_Rogers|Will_Rogers| |Henry_Rollins|Henry_Rollins| |Ray_Romano|Ray_Romano| |Mickey_Rooney|Mickey_Rooney| |George_Roper|George_Roper| |Tony_Rosato|Tony_Rosato| |Rose_Marie|Rose_Marie| |Jeffrey_Ross|Jeffrey_Ross| |Jonathan_Ross|Jonathan_Ross| |Lonny_Ross|Lonny_Ross| |Steve_Rossi|Steve_Rossi| |Eli_Roth|Eli_Roth| |Barry_Rothbart|Barry_Rothbart| |Dan_Rowan|Dan_Rowan| |Patsy_Rowlands|Patsy_Rowlands| |Paul_Rudd|Paul_Rudd| |Rita_Rudner|Rita_Rudner| |Jon_Rudnitsky|Jon_Rudnitsky| |Maya_Rudolph|Maya_Rudolph| |Charlie_Ruggles|Charlie_Ruggles| |Chris_Rush|Chris_Rush| |Willie_Rushton|Willie_Rushton| |Anna_Russell|Anna_Russell| |Mark_Russell|Mark_Russell| |Nipsey_Russell|Nipsey_Russell| |Katherine_Ryan|Katherine_Ryan| |Tommy_Ryman|Tommy_Ryman| |Jerry_Sadowitz|Jerry_Sadowitz| |Bob_Saget|Bob_Saget| |Mort_Sahl|Mort_Sahl| |Charles_Chic_Sale|Charles_Chic_Sale| |Soupy_Sales|Soupy_Sales| |Andy_Samberg|Andy_Samberg| |Sugar_Sammy|Sugar_Sammy| |Angus_Sampson|Angus_Sampson| |Adam_Sandler|Adam_Sandler| |Horatio_Sanz|Horatio_Sanz| |Martin_Sargent|Martin_Sargent| |Will_Sasso|Will_Sasso| |Jennifer_Saunders|Jennifer_Saunders| |Alexei_Sayle|Alexei_Sayle| |Kristen_Schaal|Kristen_Schaal| |Sara_Schaefer|Sara_Schaefer| |Akiva_Schaffer|Akiva_Schaffer| |Lewis_Schaffer|Lewis_Schaffer| |Paul_Scheer|Paul_Scheer| |Ronnie_Schell|Ronnie_Schell| |Gus_Schilling|Gus_Schilling| |Robert_Schimmel|Robert_Schimmel| |Art_Paul_Schlosser|Art_Paul_Schlosser| |Harald_Schmidt|Harald_Schmidt| |Rob_Schneider|Rob_Schneider| |Avery_Schreiber|Avery_Schreiber| |Paul_Schrier|Paul_Schrier| |Richard_Schull|Richard_Schull| |Amy_Schumer|Amy_Schumer| |Leon_Schuster|Leon_Schuster| |Adam_Scott|Adam_Scott| |Seann_William_Scott|Seann_William_Scott| |Harry_Secombe|Harry_Secombe| |Amy_Sedaris|Amy_Sedaris| |George_Segal|George_Segal| |Jason_Segel|Jason_Segel| |Jerry_Seinfeld|Jerry_Seinfeld| |Peter_Sellers|Peter_Sellers| |Larry_Semon|Larry_Semon| |Mack_Sennett|Mack_Sennett| |Ross_Shafer|Ross_Shafer| |Paul_Shaffer|Paul_Shaffer| |Garry_Shandling|Garry_Shandling| |Kapil_Sharma|Kapil_Sharma| |William_Shatner|William_Shatner| |Dick_Shawn|Dick_Shawn| |Wallace_Shawn|Wallace_Shawn| |Harry_Shearer|Harry_Shearer| |Dax_Shepard|Dax_Shepard| |Waen_Shepherd|Waen_Shepherd| |Rondell_Sheridan|Rondell_Sheridan| |Allan_Sherman|Allan_Sherman| |Brad_Sherwood|Brad_Sherwood| |Ken_Shimura|Ken_Shimura| |Iliza_Shlesinger|Iliza_Shlesinger| |Craig_Shoemaker|Craig_Shoemaker| |Pauly_Shore|Pauly_Shore| |Sammy_Shore|Sammy_Shore| |Martin_Short|Martin_Short| |Pat_Shortt|Pat_Shortt| |Michael_Showalter|Michael_Showalter| |Wil_Shriner|Wil_Shriner| |Ritch_Shydner|Ritch_Shydner| |Sarah_Silverman|Sarah_Silverman| |Max_Silvestri|Max_Silvestri| |Phil_Silvers|Phil_Silvers| |Arthur_Simeon|Arthur_Simeon| |Sam_Simmons|Sam_Simmons| |Timothy_Simons|Timothy_Simons| |Joan_Sims|Joan_Sims| |Sinbad|Sinbad| |Lilly_Singh|Lilly_Singh| |Red_Skelton|Red_Skelton| |Luke_Ski|Luke_Ski| |Frank_Skinner|Frank_Skinner| |Jenny_Slate|Jenny_Slate| |Tony_Slattery|Tony_Slattery| |Bobby_Slayton|Bobby_Slayton| |Lindsay_Sloane|Lindsay_Sloane| |Daniel_Sloss|Daniel_Sloss| |Brendon_Small|Brendon_Small| |Robert_Smigel|Robert_Smigel| |Yakov_Smirnoff|Yakov_Smirnoff| |Arthur_Smith|Arthur_Smith| |Joe_Smith|Smith_And_Dale| |Linda_Smith|Linda_Smith| |Margaret_Smith|Margaret_Smith| |Will_Smith|Will_Smith| |Will_Smith|Will_Smith| |Yeardley_Smith|Yeardley_Smith| |JB_Smoove|Jb_Smoove| |Laura_Solon|Laura_Solon| |Kira_Soltanovich|Kira_Soltanovich| |Sommore|Sommore| |Kevin_Spacey|Kevin_Spacey| |David_Spade|David_Spade| |Hal_Sparks|Hal_Sparks| |Ron_Sparks|Ron_Sparks| |Chris_Spencer|Chris_Spencer| |Dave_Spikey|Dave_Spikey| |Jessica_St._Clair|Jessica_St._Clair| |Arnold_Stang|Arnold_Stang| |Doug_Stanhope|Doug_Stanhope| |Vivian_Stanshall|Vivian_Stanshall| |Martin_Starr|Martin_Starr| |Mark_Steel|Mark_Steel| |Steve_Steen|Steve_Steen| |David_Steinberg|David_Steinberg| |Jason_Stephens|Jason_Stephens| |Pamela_Stephenson|Pamela_Stephenson| |Ford_Sterling|Ford_Sterling| |Howard_Stern|Howard_Stern| |Steve-O|Steve-O| |Michael_Fenton_Stevens|Michael_Fenton_Stevens| |Ray_Stevens|Ray_Stevens| |Jon_Stewart|Jon_Stewart| |Paul_Stewart|Paul_Stewart| |Ryan_Stiles|Ryan_Stiles| |Ben_Stiller|Ben_Stiller| |Jerry_Stiller|Jerry_Stiller| |Matt_Stone|Matt_Stone| |Larry_Storch|Larry_Storch| |Ryan_Stout|Ryan_Stout| |Cecily_Strong|Cecily_Strong| |Jud_Strunk|Jud_Strunk| |Jason_Sudeikis|Jason_Sudeikis| |Chris_Sugden|Chris_Sugden| |Nicole_Sullivan|Nicole_Sullivan| |Slim_Summerville|Slim_Summerville| |Nick_Swardson|Nick_Swardson| |Jim_Sweeney|Jim_Sweeney| |Julia_Sweeney|Julia_Sweeney| |Terry_Sweeney|Terry_Sweeney| |Eric_Sykes|Eric_Sykes| |Wanda_Sykes|Wanda_Sykes| |Magda_Szubanski|Magda_Szubanski| |Jorma_Taccone|Jorma_Taccone| |Jeffrey_Tambor|Jeffrey_Tambor| |Masashi_Tashiro|Masashi_Tashiro| |Catherine_Tate|Catherine_Tate| |Jacques_Tati|Jacques_Tati| |Christine_Taylor|Christine_Taylor| |Ellie_Taylor|Ellie_Taylor| |Rip_Taylor|Rip_Taylor| |Tariq_Teddy|Tariq_Teddy| |Judy_Tenuta|Judy_Tenuta| |Terry-Thomas|Terry-Thomas| |Danny_Thomas|Danny_Thomas| |Dave_Thomas|Dave_Thomas| |Jay_Thomas|Jay_Thomas| |Josh_Thomas|Josh_Thomas| |Mark_Thomas|Mark_Thomas| |Tim_Thomerson|Tim_Thomerson| |Greg_Thomey|Greg_Thomey| |Kenan_Thompson|Kenan_Thompson| |Scott_Thompson|Scott_Thompson| |Nick_Thune|Nick_Thune| |Kai_Tier|Kai_Tier| |Tommy_Tiernan|Tommy_Tiernan| |Ashley_Tisdale|Ashley_Tisdale| |Christopher_Titus|Christopher_Titus| |Mukesh_Tiwari|Mukesh_Tiwari| |Thelma_Todd|Thelma_Todd| |Sandi_Toksvig|Sandi_Toksvig| |Lily_Tomlin|Lily_Tomlin| |Paul_F._Tompkins|Paul_F._Tompkins| |TomSka|Tomska| |Paul_Tonkinson|Paul_Tonkinson| |Barry_Took|Barry_Took| |Rip_Torn|Rip_Torn| |Liz_Torres|Liz_Torres| |Guy_Torry|Guy_Torry| |Joe_Torry|Joe_Torry| |Daniel_Tosh|Daniel_Tosh| |Jerry_Trainor|Jerry_Trainor| |Rosie_Tran|Rosie_Tran| |Tommy_Trinder|Tommy_Trinder| |Donald_Trump|Donald_Trump| |Chris_Tucker|Chris_Tucker| |Jane_Turner|Jane_Turner| |Ben_Turpin|Ben_Turpin| |Aisha_Tyler|Aisha_Tyler| |Tracey_Ullman|Tracey_Ullman| |Sheryl_Underwood|Sheryl_Underwood| |Stanley_Unwin|Stanley_Unwin| |John_Valby|John_Valby| , aka Dr. Dirty    |Billy_Van|Billy_Van| |Dick_Van_Dyke|Dick_Van_Dyke| |Jerry_Van_Dyke|Jerry_Van_Dyke| |Danitra_Vance|Danitra_Vance| |Janet_Varney|Janet_Varney| |Jim_Varney|Jim_Varney| |Vince_Vaughn|Vince_Vaughn| |Johnny_Vegas|Johnny_Vegas| |Sofia_Vergara|Sofia_Vergara| |Jackie_Vernon|Jackie_Vernon| |Wally_Vernon|Wally_Vernon| |Melissa_Villaseñor|Melissa_Villaseñor| |Tim_Vine|Tim_Vine| |Rich_Vos|Rich_Vos| |Otto_Waalkes|Otto_Waalkes| |David_Wain|David_Wain| |Doug_Walker|Nostalgia_Critic| |Christopher_Walken|Christopher_Walken| |Jimmie_Walker|Jimmie_Walker| |Roy_Walker|Roy_Walker| |Max_Wall|Max_Wall| |David_Walliams|David_Walliams| |Ruth_Wallis|Ruth_Wallis| |Greg_Walloch|Greg_Walloch|                                                                                                         .