   List of poet s who have written in the French language  |Louise_Victorine_Ackermann|Louise_Victorine_Ackermann| |_Adam_de_la_Halle|Adam_De_La_Halle| |_Pierre_Albert_Birot|Pierre_Albert_Birot| |_Anne_Marie_Albiach|Anne_Marie_Albiach| |_Pierre_Alféri|Pierre_Alféri| |_Marc_Alyn|Marc_Alyn| |_Catherine_dAmboise|Catherine_Damboise| |_Jean_Amrouche|Jean_Amrouche| |_Guillaume_Apollinaire|Guillaume_Apollinaire| |_Louis_Aragon|Louis_Aragon| |_Jacques_Arnold|Jacques_Arnold| |_Hans_Arp|Jean_Arp| |_Antonin_Artaud|Antonin_Artaud| |_Théodore_Agrippa_dAubigné|Théodore_Agrippa_Daubigné| |_Jacques_Audiberti|Jacques_Audiberti| |_Pierre_Autin_Grenier|Pierre_Autin_Grenier| |_Jean_Antoine_de_Baïf|Jean_Antoine_De_Baïf| |_Théodore_de_Banville|Théodore_De_Banville| |_Jules_Barbey_dAurevilly|Jules_Barbey_Daurevilly| |_Henri_Auguste_Barbier|Henri_Auguste_Barbier| |_Natalie_Clifford_Barney|Natalie_Clifford_Barney| |_Linda_Maria_Baros|Linda_Maria_Baros| |_Guillaume_de_Salluste_Du_Bartas|Guillaume_De_Salluste_Du_Bartas| |_Henry_Bataille|Henry_Bataille| |_Henry_Bauchau|Henry_Bauchau| |_Charles_Baudelaire|Charles_Baudelaire| |_Marcel_Béalu|Marcel_Béalu| |_Philippe_Beck|Philippe_Beck| |_Samuel_Beckett|Samuel_Beckett| |_Joachim_du_Bellay|Joachim_Du_Bellay| |_Rémy_Belleau|Rémy_Belleau| |_Tahar_Ben_Jelloun|Tahar_Ben_Jelloun| |_Isaac_de_Benserade|Isaac_De_Benserade| |_Annie_Bentoiu|Annie_Bentoiu| |_Pierre_Jean_de_Béranger|Pierre_Jean_De_Béranger| |_Christian_Bernard|Christian_Bernard| |_Béroul|Béroul| |_Louky_Bersianik|Louky_Bersianik| |_Aloysius_Bertrand|Aloysius_Bertrand| |_Gérard_Bessière|Gérard_Bessière| |_Maurice_Blanchot|Maurice_Blanchot| |_Blondel_de_Nesle|Blondel_De_Nesle| |_Christian_Bobin|Christian_Bobin| |_Jean_Bodel|Jean_Bodel| |_Étienne_de_La_Boétie|Étienne_De_La_Boétie| |_Nicolas_Boileau_Despréaux|Nicolas_Boileau_Despréaux| |_Bonaventure_Des_Périers|Bonaventure_Des_Périers| |_Yves_Bonnefoy|Yves_Bonnefoy| |_Pétrus_Borel|Pétrus_Borel| |_Bertran_de_Born|Bertran_De_Born| |_Robert_de_Boron|Robert_De_Boron| |_Théodore_Botrel|Théodore_Botrel| |_André_du_Bouchet|André_Du_Bouchet| |_Daniel_Boulanger|Daniel_Boulanger| |_Stéphane_Bouquet|Stéphane_Bouquet| |_Joë_Bousquet|Joë_Bousquet| |_Georges_Brassens|Georges_Brassens| |_Jacques_Brault|Jacques_Brault| |_André_Breton|André_Breton| |_Nicole_Brossard|Nicole_Brossard| |_Aristide_Bruant|Aristide_Bruant| |_Gace_Brulé|Gace_Brulé| |_Andrée_Brunin|Andrée_Brunin| |_Michel_Butor|Michel_Butor| |_Louis_Calaferte|Louis_Calaferte| |_Susana_Calandrelli|Susana_Calandrelli| |_Jean_Pierre_Calloch|Jean_Pierre_Calloch| |_Émile_Cammaerts|Émile_Cammaerts| |_Côtis_Capel|Côtis_Capel| |_Placide_Cappeau|Placide_Cappeau| |_Adolphe_Joseph_Carcassonne|Adolphe_Joseph_Carcassonne| |_Francis_Carco|Francis_Carco| |_Maurice_Carême|Maurice_Carême| |_Jean_Cayrol|Jean_Cayrol| |_Blaise_Cendrars|Blaise_Cendrars| |_Aimé_Césaire|Aimé_Césaire| |_Jean_Chapelain|Jean_Chapelain| |_Maurice_Chappaz|Maurice_Chappaz| |_René_Char|René_Char| |_Alain_Chartier|Alain_Chartier| |_François_René_de_Chateaubriand|François_René_De_Chateaubriand| |_Malcolm_de_Chazal|Malcolm_De_Chazal| |_Andrée_Chedid|Andrée_Chedid| |_Charles_Julien_Lioult_de_Chênedollé|Charles_Julien_Lioult_De_Chênedollé| |_François_Cheng|François_Cheng| |_André_Chénier|André_Chénier| |_Jacques_Chessex|Jacques_Chessex| |_Chrétien_de_Troyes|Chrétien_De_Troyes| |_Paul_Claudel|Paul_Claudel| |_William_Cliff|William_Cliff| |_Jean_Cocteau|Jean_Cocteau| |_Gabrielle_de_Coignard|Gabrielle_De_Coignard| |_Louise_Colet|Louise_Colet| |_Danielle_Collobert|Danielle_Collobert| |_Claude_Confortès|Claude_Confortès| |_Conon_de_Béthune|Conon_De_Béthune| |_Benoît_Conort|Benoît_Conort| |_François_Coppée|François_Coppée| |_Tristan_Corbière|Tristan_Corbière| |_Pierre_Corneille|Pierre_Corneille| |_Charles_Cotin|Charles_Cotin| |_Gaston_Couté|Gaston_Couté| |_Octave_Crémazie|Octave_Crémazie| |_René_Crevel|René_Crevel| |_Charles_Cros|Charles_Cros| |_Jean_Daive|Jean_Daive| |_Léon_Gontran_Damas|Léon_Gontran_Damas| |_René_Daumal|René_Daumal| |_François_David|François_David| |_Anne_Marie_de_Backer|Anne_Marie_De_Backer| |_Lise_Deharme|Lise_Deharme| |_Lucie_Delarue_Mardrus|Lucie_Delarue_Mardrus| |_Yanette_Delétang_Tardif|Yanette_Delétang_Tardif| |_Jacques_Delille|Jacques_Delille| |_René_Depestre|René_Depestre| |_Tristan_Derème|Tristan_Derème| |_Paul_Déroulède|Paul_Déroulède| |_Maryline_Desbiolles|Maryline_Desbiolles| |_Marceline_Desbordes_Valmore|Marceline_Desbordes_Valmore| |_Émile_Deschamps|Émile_Deschamps| |_Eustache_Deschamps|Eustache_Deschamps| |_Robert_Desnos|Robert_Desnos| |_Philippe_Desportes|Philippe_Desportes| |_Jean_Pierre_Desthuilliers|Jean_Pierre_Desthuilliers| |_Bruno_Destrée|Bruno_Destrée| |_Léon_Deubel|Léon_Deubel| |_Souéloum_Diagho|Souéloum_Diagho| |_Mohammed_Dib|Mohammed_Dib| |_David_Diop|David_Diop| |_Charles_Dobzynski|Charles_Dobzynski|  1508–158819581922–1979194719601945–19921884–19661927–20121930–19591895–19521935–200619401876–194719251916–19931903–19711809–18841872–19601154–11891410–146119361915–1957v.1337-v.14101926–19941928–199116th-century1919–20091873–19211924–20171811–18721910–19861835–18831875–16441907–19431858–19241925–19741928–201119471890–19771891–19501576–16661858–19151930–1981 1709–17771538–15701912–20061810–18391947v.1200 – v.12381520–15451907–19971237–12881916–2000195919281914–19731842–1905vers 1492-vers 156719581802–188519651936–20081912–199119251876–19441868–19381538–15921873–19071920–20111250 – v.13051532–15731928194719281887–197619341859–1936195219371874–196619281941197119421524–156619721925–20051621–16951860–18871840–19091790–18691641–17281881–195719421910–19971846–18701785–18731914–19881818–18941901–19901473–15201926–20081674–1731194919571874–19061601–16551956–20111200–12401870–19251913–19941951                                                                                .