This list contains the names of  |individuals|Individuals|   who wrote  |poetry|Poetry|  in the  |German_language|German_Language| . Most are identified as German poets , but some are not  |German|Germans| .       |Abraham_a_Sancta_Clara|Abraham_A_Sancta_Clara| |Friedrich_Achleitner|Friedrich_Achleitner| |Dietmar_von_Aist|Dietmar_Von_Aist| |Heinrich_Albert|Heinrich_Albert| |Der_wilde_Alexander|Der_Wilde_Alexander| |Hermann_Allmers|Hermann_Allmers| |Peter_Paul_Althaus|Peter_Paul_Althaus| |Günther_Anders|Günther_Anders| |Alfred_Andersch|Alfred_Andersch| |Ernst_Moritz_Arndt|Ernst_Moritz_Arndt| |Achim_von_Arnim|Achim_Von_Arnim| |Bettina_von_Arnim|Bettina_Von_Arnim| |Hans_Arp|Hans_Arp| |H._C._Artmann|H._C._Artmann| |Hans_Erasmus_Aßmann|Hans_Erasmus_Aßmann| |Hartmann_von_Aue|Hartmann_Von_Aue| |Count_Anton_Alexander_von_Auersperg|Count_Anton_Alexander_Von_Auersperg| |Rose_Ausländer|Rose_Ausländer| |Ingeborg_Bachmann|Ingeborg_Bachmann| |Hugo_Ball|Hugo_Ball| |Wolfgang_Bauer|Wolfgang_Bauer| |Konrad_Bayer|Konrad_Bayer| |Johannes_Robert_Becher|Johannes_Robert_Becher| |Richard_Beer-Hofmann|Richard_Beer-Hofmann| |Gottfried_Benn|Gottfried_Benn| |Michael_Beheim|Michael_Beheim| |Werner_Bergengruen|Werner_Bergengruen| |Thomas_Bernhard|Thomas_Bernhard| |F.W._Bernstein|F.W._Bernstein| |Marcel_Beyer|Marcel_Beyer| |Horst_Bienek|Horst_Bienek| |Otto_Julius_Bierbaum|Otto_Julius_Bierbaum| |Wolf_Biermann|Wolf_Biermann| |Johannes_Bobrowski|Johannes_Bobrowski| |Paul_Boldt|Paul_Boldt| |Wolfgang_Borchert|Wolfgang_Borchert| |Nicolas_Born|Nicolas_Born| |Thomas_Brasch|Thomas_Brasch| |Volker_Braun|Volker_Braun| |Bertolt_Brecht|Bertolt_Brecht| |Helene_Brehm|Helene_Brehm| |Clemens_von_Brentano|Clemens_Von_Brentano| |Theo_Breuer|Theo_Breuer| |Rolf_Dieter_Brinkmann|Rolf_Dieter_Brinkmann| |Georg_Britting|Georg_Britting| |Hermann_Broch|Hermann_Broch| |Barthold_Heinrich_Brockes|Barthold_Heinrich_Brockes| |August_Buchner|August_Buchner| |Georg_Büchner|Georg_Büchner| |Gottfried_August_Bürger|Gottfried_August_Bürger| |Hermann_Burger|Hermann_Burger| |Erika_Burkart|Erika_Burkart| |Wilhelm_Busch|Wilhelm_Busch| |Paul-Henri_Campbell|Paul-Henri_Campbell| |Hans_Carossa|Hans_Carossa| |Daniel_Casper_von_Lohenstein|Daniel_Casper_Von_Lohenstein| |Paul_Celan|Paul_Celan| |Conrad_Celtes|Conrad_Celtes| |Adelbert_von_Chamisso|Adelbert_Von_Chamisso| |Hanns_Cibulka|Hanns_Cibulka| |Matthias_Claudius|Matthias_Claudius| |Heinz_Czechowski|Heinz_Czechowski| |Daniel_Czepko_von_Reigersfeld|Daniel_Czepko_Von_Reigersfeld| |Simon_Dach|Simon_Dach| |Theodor_Däubler|Theodor_Däubler| |Georg_Friedrich_Daumer|Georg_Friedrich_Daumer| |Max_Dauthendey|Max_Dauthendey| |Franz_Josef_Degenhardt|Franz_Josef_Degenhardt| |Richard_Dehmel|Richard_Dehmel| |Friedrich_Christian_Delius|Friedrich_Christian_Delius| |Franz_von_Dingelstedt|Franz_Von_Dingelstedt| |Hugo_Dittberner|Hugo_Dittberner| |Reinhard_Döhl|Reinhard_Döhl| |Tankred_Dorst|Tankred_Dorst| |Lebrecht_Blücher_Dreves|Lebrecht_Blücher_Dreves| |Annette_von_Droste-Hülshoff|Annette_Von_Droste-Hülshoff| |Albert_Ehrenstein|Albert_Ehrenstein| |Günter_Eich|Günter_Eich| |Joseph_von_Eichendorff|Joseph_Von_Eichendorff| |Adolf_Endler|Adolf_Endler| |Hans_Magnus_Enzensberger|Hans_Magnus_Enzensberger| |Heinz_Erhardt|Heinz_Erhardt| |Wolfram_von_Eschenbach|Wolfram_Von_Eschenbach| |Gustav_Falke|Gustav_Falke| |August_Heinrich_Hoffmann_von_Fallersleben|August_Heinrich_Hoffmann_Von_Fallersleben| |Fereydoun_Farrokhzad|Fereydoun_Farrokhzad| |Jörg_Fauser|Jörg_Fauser| |Ernst,_Baron_von_Feuchtersleben|Ernst,_Baron_Von_Feuchtersleben| |Frank_Findeiß|Frank_Findeiß| |Johann_Fischart|Johann_Fischart| |Cäsar_Flaischlen|Cäsar_Flaischlen| |Paul_Fleming|Paul_Fleming| |Walter_Flex|Walter_Flex| |Hans_Folz|Hans_Folz| |Theodor_Fontane|Theodor_Fontane| |Friedrich_de_la_Motte_Fouqué|Friedrich_De_La_Motte_Fouqué| |Franzobel|Franzobel| |Heinrich_Frauenlob|Heinrich_Frauenlob| |Ferdinand_Freiligrath|Ferdinand_Freiligrath| |Erich_Fried|Erich_Fried| |Max_Frisch|Max_Frisch| |Gerhard_Fritsch|Gerhard_Fritsch| |Franz_Fühmann|Franz_Fühmann| |Louis_Fürnberg|Louis_Fürnberg| |Emanuel_Geibel|Emanuel_Geibel| |Christian_Fürchtegott_Gellert|Christian_Fürchtegott_Gellert| |Stefan_George|Stefan_George| |Paul_Gerhardt|Paul_Gerhardt| |Robert_Gernhardt|Robert_Gernhardt| |Heinrich_Wilhelm_von_Gerstenberg|Heinrich_Wilhelm_Von_Gerstenberg| |Adolf_Glassbrenner|Adolf_Glassbrenner| |Johann_Wilhelm_Ludwig_Gleim|Johann_Wilhelm_Ludwig_Gleim| |Leopold_Friedrich_Günther_von_Goeckingk|Leopold_Friedrich_Günther_Von_Goeckingk| |Albrecht_Goes|Albrecht_Goes| |Johann_Wolfgang_von_Goethe|Johann_Wolfgang_Von_Goethe| |Johann_Nikolaus_Götz|Johann_Nikolaus_Götz| |Yvan_Goll|Yvan_Goll| |Eugen_Gomringer|Eugen_Gomringer| |Peter_Gosse|Peter_Gosse| |Friedrich_Wilhelm_Gotter|Friedrich_Wilhelm_Gotter| |Günter_Grass|Günter_Grass| |Fritz_Grasshoff|Fritz_Grasshoff| |Martin_Greif|Martin_Greif| |Franz_Grillparzer|Franz_Grillparzer| |Hans_Jakob_Christoffel_von_Grimmelshausen|Hans_Jakob_Christoffel_Von_Grimmelshausen| |Klaus_Groth|Klaus_Groth| |Durs_Grünbein|Durs_Grünbein| |Andreas_Gryphius|Andreas_Gryphius| |Johann_Christian_Günther|Johann_Christian_Günther| |Peter_Hacks|Peter_Hacks| |Johannes_Hadlaub|Johannes_Hadlaub| |Friedrich_von_Hagedorn|Friedrich_Von_Hagedorn| |Reinmar_von_Hagenau|Reinmar_Von_Hagenau| |Peter_Handke|Peter_Handke| |Georg_Philipp_Harsdörffer|Georg_Philipp_Harsdörffer| |Otto_Erich_Hartleben|Otto_Erich_Hartleben| |Peter_Härtling|Peter_Härtling| |Walter_Hasenclever|Walter_Hasenclever| |Wilhelm_Hauff|Wilhelm_Hauff| |Gerhart_Hauptmann|Gerhart_Hauptmann| |Friedrich_von_Hausen|Friedrich_Von_Hausen| |Albrecht_Haushofer|Albrecht_Haushofer| |Christian_Friedrich_Hebbel|Christian_Friedrich_Hebbel| |Johann_Peter_Hebel|Johann_Peter_Hebel| |Johann_Heermann|Johann_Heermann| |Heinrich_Heine|Heinrich_Heine| |Hans-Jürgen_Heise|Hans-Jürgen_Heise| |Helmut_Heißenbüttel|Helmut_Heißenbüttel| |Karl_Friedrich_Henckell|Karl_Friedrich_Henckell| |Johann_Gottfried_Herder|Johann_Gottfried_Herder| |Nikolaus_Herman|Nikolaus_Herman| |Stephan_Hermlin|Stephan_Hermlin| |Georg_Herwegh|Georg_Herwegh| |Hermann_Hesse|Hermann_Hesse| |Rainer_Hesse|Rainer_Hesse| |Georg_Heym|Georg_Heym| |Paul_Heyse|Paul_Heyse| |Wolfgang_Hilbig|Wolfgang_Hilbig| |Jakob_van_Hoddis|Jakob_Van_Hoddis| |Sophie_Hoechstetter|Sophie_Hoechstetter| |Christian_Hoffmann_von_Hoffmannswaldau|Christian_Hoffmann_Von_Hoffmannswaldau| |Michael_Hofmann|Michael_Hofmann| |Hugo_von_Hofmannsthal|Hugo_Von_Hofmannsthal| |Friedrich_Hölderlin|Friedrich_Hölderlin| |Walter_Höllerer|Walter_Höllerer| |Ludwig_Christoph_Heinrich_Hölty|Ludwig_Christoph_Heinrich_Hölty| |Arno_Holz|Arno_Holz| |Peter_Huchel|Peter_Huchel| |Richard_Huelsenbeck|Richard_Huelsenbeck| |Norbert_Hummelt|Norbert_Hummelt| |Christian_Friedrich_Hunold|Christian_Friedrich_Hunold| |Ulrich_von_Hutten|Ulrich_Von_Hutten| |Karl_Leberecht_Immermann|Karl_Leberecht_Immermann| |Hans_Irrigmann|Hans_Irrigmann| |Johann_Georg_Jacobi|Johann_Georg_Jacobi| |Ernst_Jandl|Ernst_Jandl| |Elfriede_Jelinek|Elfriede_Jelinek| |Albrecht_von_Johansdorf|Albrecht_Von_Johansdorf| |Ernst_Jünger|Ernst_Jünger| |Friedrich_Georg_Jünger|Friedrich_Georg_Jünger| |Georg_Kaiser|Georg_Kaiser| |Franz_Xaver_Kappus|Franz_Xaver_Kappus| |Anna_Louisa_Karsch|Anna_Karsch| |Yaak_Karsunke|Yaak_Karsunke| |Hermann_Kasack|Hermann_Kasack| |Abraham_Gotthelf_Kästner|Abraham_Gotthelf_Kästner| |Erich_Kästner|Erich_Kästner| |Marie_Luise_Kaschnitz|Marie_Luise_Kaschnitz| |Gottfried_Keller|Gottfried_Keller| |Hans_Peter_Keller|Hans_Peter_Keller| |Justinus_Kerner|Justinus_Kerner| |Hermann_Kesten|Hermann_Kesten| |Gottfried_Kinkel|Gottfried_Kinkel| |Sarah_Kirsch|Sarah_Kirsch| |Wulf_Kirsten|Wulf_Kirsten| |Karin_Kiwus|Karin_Kiwus| |Klabund|Klabund| |Johann_Klaj|Johann_Klaj| |Paul_Klee|Paul_Klee| |Paul_Alfred_Kleinert|Paul_Alfred_Kleinert| |Ewald_Christian_von_Kleist|Ewald_Christian_Von_Kleist| |Heinrich_von_Kleist|Heinrich_Von_Kleist| |Thomas_Kling|Thomas_Kling| |Friedrich_Gottlieb_Klopstock|Friedrich_Gottlieb_Klopstock| |Christian_Knorr_von_Rosenroth|Christian_Knorr_Von_Rosenroth| |Michael_Kongehl|Michael_Kongehl| |August_Kopisch|August_Kopisch| |Theodor_Körner|Theodor_Körner| |Theodor_Kramer|Theodor_Kramer| |Karl_Kraus|Karl_Kraus| |Helmut_Krausser|Helmut_Krausser| |Karl_Krolow|Karl_Krolow| |Michael_Krüger|Michael_Krüger| |James_Krüss|James_Krüss| |Quirinus_Kuhlmann|Quirinus_Kuhlmann| |Günter_Kunert|Günter_Kunert| |Reiner_Kunze|Reiner_Kunze| |Der_von_Kürenberg|Der_Von_Kürenberg| |Else_Lasker-Schüler|Else_Lasker-Schüler| |Christine_Lavant|Christine_Lavant| |Hans_Leip|Hans_Leip| |Anton_G._Leitner|Anton_G._Leitner| |Nikolaus_Lenau|Nikolaus_Lenau| |Michael_Lentz|Michael_Lentz| |Hermann_Lenz|Hermann_Lenz| |Jakob_Michael_Reinhold_Lenz|Jakob_Michael_Reinhold_Lenz| |Rudolf_Leonhard|Rudolf_Leonhard| |Gotthold_Ephraim_Lessing|Gotthold_Ephraim_Lessing| |Heinrich_Leuthold|Heinrich_Leuthold| |Thorsten_Libotte|Thorsten_Libotte| |Alfred_Lichtenstein|Alfred_Lichtenstein| |Magnus_Gottfried_Lichtwer|Magnus_Gottfried_Lichtwer| |Ulrich_von_Liechtenstein|Ulrich_Von_Liechtenstein| |Detlev_von_Liliencron|Detlev_Von_Liliencron| |Till_Lindemann|Till_Lindemann| |Hermann_Lingg|Hermann_Lingg| |Angela_Litschev|Angela_Litschev| |Otto_Heinrich_von_Loeben|Otto_Heinrich_Von_Loeben| |Friedrich_von_Logau|Friedrich_Von_Logau| |Hermann_Löns|Hermann_Löns| |Iwar_von_Lücken|Iwar_Von_Lücken| |Martin_Luther|Martin_Luther| |Andreas_Mand|Andreas_Mand| |Itzik_Manger|Itzik_Manger| |Thomas_Mann|Thomas_Mann| |Heinrich_Mann|Heinrich_Mann| |Kurt_Marti|Kurt_Marti| |Friedrich_von_Matthisson|Friedrich_Von_Matthisson| |Georg_Maurer|Georg_Maurer| |Karl_May|Karl_May| |Karl_Mayer|Karl_Mayer| |Friederike_Mayröcker|Friederike_Mayröcker| |Christoph_Meckel|Christoph_Meckel| |Walter_Mehring|Walter_Mehring| |Ernst_Meister|Ernst_Meister| |Conrad_Ferdinand_Meyer|Conrad_Ferdinand_Meyer| |Johann_Martin_Miller|Johann_Martin_Miller| |Alfred_Mombert|Alfred_Mombert| |Christian_Morgenstern|Christian_Morgenstern| |Eduard_Mörike|Eduard_Mörike| |Heinrich_von_Morungen|Heinrich_Von_Morungen| |Johann_Michael_Moscherosch|Johann_Michael_Moscherosch| |Erich_Mühsam|Erich_Mühsam| |Heiner_Müller|Heiner_Müller| |Inge_Müller|Inge_Müller| |Wilhelm_Müller|Wilhelm_Müller| |Börries_Freiherr_von_Münchhausen|Börries_Freiherr_Von_Münchhausen| |Joachim_Neander|Joachim_Neander| |Johann_Nestroy|Johann_Nestroy| |Georg_Neumark|Georg_Neumark| |Friedrich_Nietzsche|Friedrich_Nietzsche| |Philipp_Nicolai|Philipp_Nicolai| |Helga_M._Novak|Helga_M._Novak| |Novalis|Novalis| |Andreas_Okopenko|Andreas_Okopenko| |Martin_Opitz|Martin_Opitz| |Ernst_Ortlepp|Ernst_Ortlepp| |Bert_Papenfuß|Bert_Papenfuß| |Oskar_Pastior|Oskar_Pastior| |Ludwig_Pfau|Ludwig_Pfau| |Gottlieb_Konrad_Pfeffel|Gottlieb_Konrad_Pfeffel| |Heinz_Piontek|Heinz_Piontek| |August_von_Platen-Hallermünde|August_Von_Platen-Hallermünde| |Johannes_Plavius|Johannes_Plavius| |Steffen_Popp|Steffen_Popp| |Robert_Prutz|Robert_Prutz| |Wilhelm_Raabe|Wilhelm_Raabe| |Ferdinand_Raimund|Ferdinand_Raimund| |Karl_Wilhelm_Ramler|Karl_Wilhelm_Ramler| |Lutz_Rathenow|Lutz_Rathenow| |Jacob_Regnart|Jacob_Regnart| |Robert_Reinick|Robert_Reinick| |Neidhart_von_Reuental|Neidhart_Von_Reuental| |Fritz_Reuter|Fritz_Reuter| |Karl_Riha|Karl_Riha| |Rainer_Maria_Rilke|Rainer_Maria_Rilke| |Joachim_Ringelnatz|Joachim_Ringelnatz| |Johann_von_Rist|Johann_Von_Rist| |Eugen_Roth|Eugen_Roth| |Ralf_Rothmann|Ralf_Rothmann| |Friedrich_Rückert|Friedrich_Rückert| |Gerhard_Rühm|Gerhard_Rühm| |Peter_Rühmkorf|Peter_Rühmkorf| |Hans_Sachs|Hans_Sachs| |Nelly_Sachs|Nelly_Sachs| |Alexios_Schandermani|Alexios_Schandermani| |Johannes_Scheffler|Johannes_Scheffler| , named  |Angelus_Silesius|Angelus_Silesius| |Friedrich_Schiller|Friedrich_Schiller| |Sibylla_Schwarz|Sibylla_Schwarz| |Kurt_Schwitters|Kurt_Schwitters| |Moriz_Seeler|Moriz_Seeler| |Lutz_Seiler|Lutz_Seiler| |Friedrich_Leopold_zu_Stolberg-Stolberg|Friedrich_Leopold_Zu_Stolberg-Stolberg| |Moritz_von_Strachwitz|Moritz_Von_Strachwitz| |Gottfried_von_Strassburg|Gottfried_Von_Strassburg| |Botho_Strauss|Botho_Strauss| |Der_Stricker|Der_Stricker| |Georg_Thurmair|Georg_Thurmair| |Maria_Luise_Thurmair|Maria_Luise_Thurmair| |Ludwig_Tieck|Ludwig_Tieck| |Georg_Trakl|Georg_Trakl| |Hugo_von_Trimberg|Hugo_Von_Trimberg| |Süßkind_von_Trimberg|Süßkind_Von_Trimberg| |Kurt_Tucholsky|Kurt_Tucholsky| |Ulrich_von_Türheim|Ulrich_Von_Türheim| |Heinrich_von_dem_Türlin|Heinrich_Von_Dem_Türlin| |Ludwig_Uhland|Ludwig_Uhland| |Anthony_Ulrich,_Duke_of_Brunswick-Wolfenbüttel|Anthony_Ulrich,_Duke_Of_Brunswick-Wolfenbüttel| |Hendrik_van_Veldeke|Hendrik_Van_Veldeke| |Walther_von_der_Vogelweide|Walther_Von_Der_Vogelweide| |Johann_Heinrich_Voß|Johann_Heinrich_Voss| |Robert_Walser|Robert_Walser| |Erich_Weinert|Erich_Weinert| |Oswald_von_Wolkenstein|Oswald_Von_Wolkenstein| |Konrad_von_Würzburg|Konrad_Von_Würzburg| |Christa_Wolf|Christa_Wolf| |Ulrich_von_Zatzikhoven|Ulrich_Von_Zatzikhoven|.