|1068|1068|    An  |earthquake|1068_Near_East_Earthquake|  in the  |Levant|Levant|  and the  |Arabian_Peninsula|Arabian_Peninsula| , leaves up to 20,000 dead.    |1229|1229| |Frederick_II,_Holy_Roman_Emperor|Frederick_Ii,_Holy_Roman_Emperor| , declares himself  |King_of_Jerusalem|King_Of_Jerusalem|  in the  |Sixth_Crusade|Sixth_Crusade| .    |1241|1241| |First_Mongol_invasion_of_Poland|First_Mongol_Invasion_Of_Poland| |Mongols|Mongol_Empire|  overwhelm  |Polish|History_Of_Poland_During_The_Piast_Dynasty|  armies in  |Kraków|Kraków|  in the  |Battle_of_Chmielnik|Battle_Of_Chmielnik|  and plunder the city.    |1314|1314| |Jacques_de_Molay|Jacques_De_Molay| , the 23rd and final Grand Master of the  |Knights_Templar|Knights_Templar| , is burned at the stake.    |1438|1438| |Albert_II_of_Habsburg|Albert_Ii_Of_Habsburg|  becomes  |Holy_Roman_Emperor|Holy_Roman_Emperor| .    |1608|1608| |Susenyos|Susenyos_I|  is formally crowned Emperor of  |Ethiopia|Ethiopia| .    |1644|1644|    The  |Third_Anglo-Powhatan_War|Anglo-Powhatan_Wars|  begins in the  |Colony_of_Virginia|Colony_Of_Virginia| .    |1741|1741|    New York governor  |George_Clarkes|George_Clarke|  complex at  |Fort_George|Fort_Amsterdam|  is burned in an arson attack, starting the  |New_York_Conspiracy_of_1741|New_York_Conspiracy_Of_1741| .    |1766|1766| |American_Revolution|American_Revolution| |British_Parliament|British_Parliament|  repeals the  |Stamp_Act|Stamp_Act_1765| .    |1793|1793|    The first modern  |republic|Republic|  in Germany, the  |Republic_of_Mainz|Republic_Of_Mainz| , is declared by  |Andreas_Joseph_Hofmann|Andreas_Joseph_Hofmann| .    |1793|1793| |Flanders_Campaign|Flanders_Campaign|  of the  |French_Revolution|French_Revolution| ,  |Battle_of_Neerwinden|Battle_Of_Neerwinden| .    |1834|1834| |Six_farm_labourers|Tolpuddle_Martyrs|  from  |Tolpuddle|Tolpuddle| ,  |Dorset|Dorset| , England are sentenced to be transported to Australia for forming a  |trade_union|Trade_Union| .    |1848|1848| |March_Revolution|German_Revolutions_Of_1848–49| |1850|1850| |American_Express|American_Express|  is founded by  |Henry_Wells|Henry_Wells|  and  |William_Fargo|William_Fargo| .    |1865|1865| |American_Civil_War|American_Civil_War| |Congress_of_the_Confederate_States|Congress_Of_The_Confederate_States|  adjourns for the last time.    |1871|1871|    Declaration of the  |Paris_Commune|Paris_Commune| ; President of the French Republic,  |Adolphe_Thiers|Adolphe_Thiers| , orders the evacuation of Paris.    |1874|1874| |Hawaii|Hawaii|  signs a treaty with the United States granting exclusive  |trade|Trade|  rights.    |1892|1892|    Former Governor General  |Lord_Stanley|Frederick_Stanley,_16Th_Earl_Of_Derby|  pledges to donate a  |silver|Silver|  challenge cup as an award for the best  |hockey|Ice_Hockey|  team in Canada; it was later named after him as the  |Stanley_Cup|Stanley_Cup| .    |1902|1902| |Macario_Sakay|Macario_Sakay|  issues Presidential Order No. 1 of his  |Tagalog_Republic|Tagalog_Republic| .     |1913|1913|    King  |George_I_of_Greece|George_I_Of_Greece|  is assassinated in the recently liberated city of  |Thessaloniki|Thessaloniki| .    |1915|1915| |World_War_I|World_War_I| |Battle_of_Gallipoli|Battle_Of_Gallipoli| , three  |battleships|Battleship|  are sunk during a failed British and French  |naval_attack_on_the_Dardanelles|Naval_Operations_In_The_Dardanelles_Campaign| .    |1921|1921|    The second  |Peace_of_Riga|Peace_Of_Riga|  is signed between Poland and the  |Soviet_Union|Soviet_Union| .    |1922|1922|    In India,  |Mohandas_Gandhi|Mohandas_Gandhi|  is sentenced to six years in  |prison|Prison|  for  |civil_disobedience|Civil_Disobedience| , of which he serves only two.    |1925|1925|    The  |Tri-State_Tornado|Tri-State_Tornado|  hits the Midwestern states of  |Missouri|Missouri| ,  |Illinois|Illinois| , and  |Indiana|Indiana| , killing 695 people.    |1937|1937|    The  |New_London_School_explosion|New_London_School_Explosion|  in  |New_London,_Texas|New_London,_Texas| , kills 300 people, mostly children.   1937    |Spanish_Civil_War|Spanish_Civil_War| |Italians|Italy|  at the  |Battle_of_Guadalajara|Battle_Of_Guadalajara| .    |1938|1938|    Mexico creates  |Pemex|Pemex|  by  |expropriating|Mexican_Oil_Expropriation|  all foreign-owned oil reserves and facilities.    |1940|1940| |World_War_II|World_War_Ii| |Adolf_Hitler|Adolf_Hitler|  and  |Benito_Mussolini|Benito_Mussolini|  meet at the  |Brenner_Pass|Brenner_Pass|  in the  |Alps|Alps|  and agree to form an alliance against France and the United Kingdom.    |1942|1942|    The  |War_Relocation_Authority|War_Relocation_Authority|  is established in the United States to take Japanese Americans into custody.    |1944|1944| |Mount_Vesuvius|Mount_Vesuvius|  in  |Naples,_Italy|Naples,_Italy|  erupts killing 26 people and causing thousands to flee their homes.    |1948|1948|    Soviet consultants leave Yugoslavia in the first sign of the  |Tito–Stalin_Split|Tito–Stalin_Split| .    |1953|1953|    An  |earthquake|1953_Yenice–Gönen_Earthquake|  hits western  |Turkey|Turkey| , killing 265 people.    |1959|1959|    The  |Hawaii_Admission_Act|Hawaii_Admission_Act|  is signed into law.    |1962|1962|    The  |Évian_Accords|Évian_Accords|  end the  |Algerian_War_of_Independence|Algerian_War_Of_Independence| , which had begun in 1954.    |1965|1965| |Cosmonaut|Astronaut| |Alexei_Leonov|Alexei_Leonov| , leaving his spacecraft  |Voskhod_2|Voskhod_2|  for 12 minutes, becomes the first person to  |walk_in_space|Extravehicular_Activity| .    |1967|1967|    The  |supertanker|Supertanker|   runs aground off the Cornish coast.    |1968|1968| |Gold_standard|Gold_Standard| |U.S._Congress|United_States_Congress|  repeals the requirement for a gold reserve to back  |US_currency|United_States_Dollar| .    |1969|1969|    The United States begins  |secretly_bombing|Operation_Menu|  the  |Sihanouk_Trail|Sihanouk_Trail|  in  |Cambodia|Cambodia| , used by  |communist_forces|Peoples_Army_Of_Vietnam|  to infiltrate  |South_Vietnam|South_Vietnam| .    |1970|1970| |Lon_Nol|Lon_Nol|  ousts Prince  |Norodom_Sihanouk|Norodom_Sihanouk|  of  |Cambodia|Cambodia| .    |1971|1971| |Peru|Peru| |landslide|Landslide|  crashes into  |Yanawayin_Lake|Yanawayin_Lake| , killing 200 people at the mining camp of Chungar.    |1980|1980|    A  |Vostok-2M|Vostok-2M|  rocket at  |Plesetsk_Cosmodrome_Site_43|Plesetsk_Cosmodrome_Site_43| |explodes_during_a_fueling_operation,_killing_48_people|1980_Plesetsk_Launch_Pad_Disaster| .    |1990|1990|    Germans in the  |German_Democratic_Republic|German_Democratic_Republic|  vote in the  |first_democratic_elections|1990_East_German_General_Election|  in the former communist dictatorship.   1990   In the largest  |art_theft|Art_Theft|  in US history, 12 paintings, collectively worth around $500  million,  |are_stolen|Isabella_Stewart_Gardner_Museum_Theft|  from the  |Isabella_Stewart_Gardner_Museum|Isabella_Stewart_Gardner_Museum|  in  |Boston|Boston| .     |1994|1994| |Bosnias|Bosnia_And_Herzegovina| |Bosniaks|Bosniaks|  and  |Croats|Croats|  sign the  |Washington_Agreement|Washington_Agreement| , ending war between the  |Croatian_Republic_of_Herzeg-Bosnia|Croatian_Republic_Of_Herzeg-Bosnia|  and the  |Republic_of_Bosnia_and_Herzegovina|Republic_Of_Bosnia_And_Herzegovina| , and establishing the  |Federation_of_Bosnia_and_Herzegovina|Federation_Of_Bosnia_And_Herzegovina| .    |1996|1996|    A  |nightclub_fire|Ozone_Disco_Club_Fire|  in  |Quezon_City|Quezon_City| ,  |Philippines|Philippines|  kills 162 people.    |1997|1997|    The tail of a Russian  |Antonov_An-24|Antonov_An-24|  charter plane  |breaks_off|Stavropolskaya_Aktsionernaya_Avia_Flight_1023|  while en route to Turkey causing the plane to crash and killing all 50 people on board.    |2014|2014|    The parliaments of Russia and  |Crimea|Crimea|  sign an  |accession_treaty|Treaty_On_Accession_Of_The_Republic_Of_Crimea_To_Russia| .    |2015|2015|    The  |Bardo_National_Museum|Bardo_National_Museum|  in  |Tunisia|Tunisia|  is  |attacked|Bardo_National_Museum_Attack|  by gunmen. 23 people, almost all tourists, are killed, and at least 50 other people are wounded.        |1075|1075| |Al-Zamakhshari|Al-Zamakhshari| , Persian scholar and theologian    |1395|1395| |John_Holland,_2nd_Duke_of_Exeter|John_Holland,_2Nd_Duke_Of_Exeter| , English military commander     |1495|1495| |Mary_Tudor,_Queen_of_France|Mary_Tudor,_Queen_Of_France| |1548|1548| |Cornelis_Ketel|Cornelis_Ketel| , Dutch painter    |1552|1552| |Polykarp_Leyser_the_Elder|Polykarp_Leyser_The_Elder| , German theologian    |1555|1555| |Francis,_Duke_of_Anjou|Francis,_Duke_Of_Anjou| |1578|1578| |Adam_Elsheimer|Adam_Elsheimer| , German painter    |1590|1590| |Manuel_de_Faria_e_Sousa|Manuel_De_Faria_E_Sousa| , Portuguese historian and poet    |1597|1597| |Jérôme_le_Royer_de_la_Dauversière|Jérôme_Le_Royer_De_La_Dauversière| , French religious leader, founded the  |Société_Notre-Dame_de_Montréal|Société_Notre-Dame_De_Montréal|    1603    |Simon_Bradstreet|Simon_Bradstreet| , English colonial magistrate    |1609|1609| |Frederick_III_of_Denmark|Frederick_Iii_Of_Denmark| |1634|1634| |Madame_de_La_Fayette|Madame_De_La_Fayette| , French author    |1640|1640| |Philippe_de_La_Hire|Philippe_De_La_Hire| , French mathematician and astronomer    |1657|1657| |Giuseppe_Ottavio_Pitoni|Giuseppe_Ottavio_Pitoni| , Italian organist and composer    |1690|1690| |Christian_Goldbach|Christian_Goldbach| , Prussian-German mathematician and academic    |1701|1701| |Niclas_Sahlgren|Niclas_Sahlgren| , Swedish businessman and philanthropist, co-founded the  |Swedish_East_India_Company|Swedish_East_India_Company| |1733|1733| |Christoph_Friedrich_Nicolai|Christoph_Friedrich_Nicolai| , German author and bookseller    |1780|1780| |Miloš_Obrenović|Miloš_Obrenović| , Serbian prince    |1782|1782| |John_C._Calhoun|John_C._Calhoun| , American lawyer and politician, 7th  |Vice_President_of_the_United_States|Vice_President_Of_The_United_States| |1789|1789| |Charlotte_Elliott|Charlotte_Elliott| , English poet, hymn writer, editor     |1798|1798| |Francis_Lieber|Francis_Lieber| , German-American jurist and philosopher    |1800|1800| |Harriet_Smithson|Harriet_Smithson| , Irish actress, the first wife and muse of  |Hector_Berlioz|Hector_Berlioz| |1813|1813| |Christian_Friedrich_Hebbel|Christian_Friedrich_Hebbel| , German poet and playwright    |1814|1814| |Jacob_Bunn|Jacob_Bunn| , American businessman    |1819|1819| |James_McCulloch|James_Mcculloch| , Scottish-Australian politician, 5th  |Premier_of_Victoria|Premier_Of_Victoria| |1820|1820| |John_Plankinton|John_Plankinton| , American businessman and industrialist, also noted for philanthropy     |1823|1823| |Antoine_Chanzy|Antoine_Chanzy| , French general    |1828|1828| |Randal_Cremer|Randal_Cremer| , English activist and politician,  |Nobel_Prize|Nobel_Peace_Prize|  laureate    |1837|1837| |Grover_Cleveland|Grover_Cleveland| , American lawyer and politician, 22nd and 24th  |President_of_the_United_States|President_Of_The_United_States| |1840|1840| |William_Cosmo_Monkhouse|William_Cosmo_Monkhouse| , English poet and critic    |1842|1842| |Stéphane_Mallarmé|Stéphane_Mallarmé| , French poet and critic    |1844|1844| |Nikolai_Rimsky-Korsakov|Nikolai_Rimsky-Korsakov| , Russian composer and academic    |1846|1846| |Kicking_Bear|Kicking_Bear| , Native American tribal leader    |1848|1848| |Nathanael_Greene_Herreshoff|Nathanael_Greene_Herreshoff| , American architect and engineer    |1858|1858| |Rudolf_Diesel|Rudolf_Diesel| , German engineer, invented the  |Diesel_engine|Diesel_Engine| |1862|1862| |Eugène_Jansson|Eugène_Jansson| , Swedish painter    |1863|1863| |William_Sulzer|William_Sulzer| , American lawyer and politician, 39th  |Governor_of_New_York|Governor_Of_New_York| |1869|1869| |Neville_Chamberlain|Neville_Chamberlain| , English businessman and politician,  |Prime_Minister_of_the_United_Kingdom|Prime_Minister_Of_The_United_Kingdom| |1870|1870| |Agnes_Sime_Baxter|Agnes_Sime_Baxter| , Canadian mathematician    |1874|1874| |Nikolai_Berdyaev|Nikolai_Berdyaev| , Russian-French philosopher and theologian    |1877|1877| |Edgar_Cayce|Edgar_Cayce| , American mystic and psychic   1877    |Clem_Hill|Clem_Hill| , Australian cricketer and engineer    |1878|1878| |Percival_Perry,_1st_Baron_Perry|Percival_Perry,_1St_Baron_Perry| , English businessman    |1882|1882| |Gian_Francesco_Malipiero|Gian_Francesco_Malipiero| , Italian composer and educator    |1884|1884| |Bernard_Cronin|Bernard_Cronin| , English-Australian journalist and author    |1886|1886| |Edward_Everett_Horton|Edward_Everett_Horton| , American actor, singer, and dancer    |1890|1890| |Henri_Decoin|Henri_Decoin| , French director and screenwriter    |1893|1893| |Costante_Girardengo|Costante_Girardengo| , Italian cyclist   1893    |Wilfred_Owen|Wilfred_Owen| , English soldier and poet    |1901|1901| |Manly_Palmer_Hall|Manly_Palmer_Hall| , Canadian mystic, author and philosopher   1901    |William_Johnson|William_Johnson| , American painter    |1903|1903| |Galeazzo_Ciano|Galeazzo_Ciano| , Italian journalist and politician,  |Italian_Minister_of_Foreign_Affairs|Minister_Of_Foreign_Affairs|    1903    |E._O._Plauen|E._O._Plauen| , German cartoonist    |1904|1904| |Srečko_Kosovel|Srečko_Kosovel| , Slovenian poet and author   1904    |Margaret_Tucker|Margaret_Tucker| , Australian author and activist    |1905|1905| |Thomas_Townsend_Brown|Thomas_Townsend_Brown| , American physicist and engineer   1905    |Robert_Donat|Robert_Donat| , English actor    |1907|1907| |John_Zachary_Young|John_Zachary_Young| , English zoologist and neurophysiologist    |1908|1908| |Loulou_Gasté|Loulou_Gasté| , French composer    |1909|1909| |Ernest_Gallo|Ernest_Gallo| , American businessman, co-founded the  |E_&_J_Gallo_Winery|E_&_J_Gallo_Winery|    1909    |C._Walter_Hodges|C._Walter_Hodges| , English author and illustrator    |1911|1911| |Smiley_Burnette|Smiley_Burnette| , American singer-songwriter and actor    |1912|1912| |Art_Gilmore|Art_Gilmore| , American voice actor and announcer    |1913|1913| |René_Clément|René_Clément| , French director and screenwriter   1913    |Werner_Mölders|Werner_Mölders| , German colonel and pilot    |1915|1915| |Richard_Condon|Richard_Condon| , American author and screenwriter    |1922|1922| |Egon_Bahr|Egon_Bahr| , German journalist and politician,  |Federal_Minister_for_Special_Affairs_of_Germany|Federal_Minister_For_Special_Affairs_Of_Germany|    1922    |Seymour_Martin_Lipset|Seymour_Martin_Lipset| , American sociologist and academic   1922    |Fred_Shuttlesworth|Fred_Shuttlesworth| , American activist, co-founded the  |Southern_Christian_Leadership_Conference|Southern_Christian_Leadership_Conference| |1923|1923| |Andy_Granatelli|Andy_Granatelli| , American race car driver and businessman    |1925|1925| |Alessandro_Alessandroni|Alessandro_Alessandroni| , Italian musician   1925    |James_Pickles|James_Pickles| , English journalist, lawyer, and judge    |1926|1926| |Peter_Graves|Peter_Graves| , American actor and director    |1927|1927| |John_Kander|John_Kander| , American pianist and composer   1927    |George_Plimpton|George_Plimpton| , American journalist and actor   1927    |Lillian_Vernon|Lillian_Vernon| , German-American businesswoman and philanthropist, founded the  |Lillian_Vernon_Company|Lillian_Vernon| |1928|1928| |Miguel_Poblet|Miguel_Poblet| , Spanish cyclist   1928    |Fidel_V._Ramos|Fidel_V._Ramos| , Filipino general and politician, 12th  |President_of_the_Philippines|President_Of_The_Philippines| |1929|1929| |Samuel_Pisar|Samuel_Pisar| , Polish-American lawyer and author    |1930|1930| |James_J._Andrews|James_J._Andrews| , American mathematician and academic    |1931|1931| |John_Fraser|John_Fraser| , Scottish actor    |1932|1932| |John_Updike|John_Updike| , American novelist, short story writer, and critic    |1933|1933| |Unita_Blackwell|Unita_Blackwell| , American civil rights activist and politician    |1934|1934| |Roy_Chapman|Roy_Chapman| , English footballer and manager   1934    |Charley_Pride|Charley_Pride| , American country music singer and musician    |1935|1935| |Ole_Barndorff-Nielsen|Ole_Barndorff-Nielsen| , Danish mathematician and statistician   1935    |Frances_Cress_Welsing|Frances_Cress_Welsing| , American psychiatrist and author    |1936|1936| |F._W._de_Klerk|F._W._De_Klerk| , South African lawyer and politician, 2nd  |State_President_of_South_Africa|State_President_Of_South_Africa| ,  |Nobel_Prize|Nobel_Peace_Prize|  laureate    |1937|1937| |Rudi_Altig|Rudi_Altig| , German cyclist and sportscaster   1937    |Mark_Donohue|Mark_Donohue| , American race car driver    |1938|1938| |Carl_Gottlieb|Carl_Gottlieb| , American actor and screenwriter   1938    |Shashi_Kapoor|Shashi_Kapoor| , Indian actor and producer   1938    |Kenny_Lynch|Kenny_Lynch| , English singer-songwriter and actor   1938    |Timo_Mäkinen|Timo_Mäkinen| , Finnish race car driver   1938    |Machiko_Soga|Machiko_Soga| , Japanese actress    |1939|1939| |Ron_Atkinson|Ron_Atkinson| , English footballer and manager   1939    |Jean-Pierre_Wallez|Jean-Pierre_Wallez| , French violinist and conductor    |1941|1941| |Wilson_Pickett|Wilson_Pickett| , American singer-songwriter    |1942|1942| |Kathleen_Collins|Kathleen_Collins| , African-American filmmaker and playwright    |1943|1943| |Dennis_Linde|Dennis_Linde| , American singer-songwriter    |1944|1944| |Amnon_Lipkin-Shahak|Amnon_Lipkin-Shahak| , Israeli general and politician, 22nd  |Transportation_Minister_of_Israel|Ministry_Of_Transport_And_Road_Safety|    1944    |Frank_McRae|Frank_Mcrae| , American football player and actor   1944    |Dick_Smith|Dick_Smith| , Australian publisher and businessman, founded  |Dick_Smith_Electronics|Dick_Smith|  and  Australian Geographic   |1945|1945| |Hiroh_Kikai|Hiroh_Kikai| , Japanese photographer   1945    |Michael_Reagan|Michael_Reagan| , American journalist and radio host   1945    |Susan_Tyrrell|Susan_Tyrrell| , American actress   1945    |Eric_Woolfson|Eric_Woolfson| , Scottish singer-songwriter, pianist, and producer    |1946|1946| |Michel_Leclère|Michel_Leclère| , French race car driver    |1947|1947| |Patrick_Barlow|Patrick_Barlow| , English actor and playwright   1947    |Patrick_Chesnais|Patrick_Chesnais| , French actor, director, and screenwriter   1947    |David_Lloyd|David_Lloyd| , English cricketer, journalist, and sportscaster   1947    |B._J._Wilson|B._J._Wilson| , English rock drummer    |1948|1948| |Guy_Lapointe|Guy_Lapointe| , Canadian ice hockey player and coach   1948    |Brian_Lloyd|Brian_Lloyd| , Welsh footballer   1948    |Eknath_Solkar|Eknath_Solkar| , Indian cricketer    |1949|1949| |Åse_Kleveland|Åse_Kleveland| , Norwegian singer and politician,  |Norwegian_Minister_of_Culture|Minister_Of_Culture| |1950|1950| |James_Conlon|James_Conlon| , American conductor and educator   1950    |Brad_Dourif|Brad_Dourif| , American actor   1950    |Linda_Partridge|Linda_Partridge| , English geneticist and academic   1950    |Larry_Perkins|Larry_Perkins| , Australian race car driver    |1951|1951| |Paul_Barber|Paul_Barber| , English actor   1951    |Ben_Cohen|Ben_Cohen| , American businessman and philanthropist, co-founded  |Ben_and_Jerrys|Ben_And_Jerrys| |Bill_Frisell|Bill_Frisell| , American guitarist and composer   1951    |Timothy_N._Philpot|Timothy_N._Philpot| , American lawyer, author, and judge    |1952|1952| |Will_Durst|Will_Durst| , American journalist and actor   1952    |Pat_Eddery|Pat_Eddery| , Irish jockey and trainer   1952    |Bernie_Tormé|Bernie_Tormé| , Irish singer-songwriter and guitarist   1952    |Mike_Webster|Mike_Webster| , American football player    |1953|1953| |Franz_Wright|Franz_Wright| , Austrian-American poet and translator   1953    |Takashi_Yoshimatsu|Takashi_Yoshimatsu| , Japanese composer    |1955|1955| |Francis_G._Slay|Francis_G._Slay| , American lawyer and politician, 45th  |Mayor_of_St._Louis|Mayor_Of_St._Louis| |Jeff_Stelling|Jeff_Stelling| , English journalist and game show host    |1956|1956| |Rick_Martel|Rick_Martel| , Canadian wrestler   1956    |Deborah_Jeane_Palfrey|Deborah_Jeane_Palfrey| , American madam   1956    |Ingemar_Stenmark|Ingemar_Stenmark| , Swedish skier    |1957|1957| |Christer_Fuglesang|Christer_Fuglesang| , Swedish physicist and astronaut    |1958|1958| |Richard_de_Zoysa|Richard_De_Zoysa| , Sri Lankan journalist and author    |1959|1959| |Luc_Besson|Luc_Besson| , French director, producer, and screenwriter, founded  |EuropaCorp|Europacorp| |1960|1960| |Richard_Biggs|Richard_Biggs| , American actor   1960    |Guy_Carbonneau|Guy_Carbonneau| , Canadian ice hockey player and coach   1960    |James_Plaskett|James_Plaskett| , Cypriot-English chess player    |1961|1961| |Grant_Hart|Grant_Hart| , American singer-songwriter and guitarist    |1962|1962| |Michael_Andrews|Michael_Andrews| , Australian rugby league player   1962    |Irene_Cara|Irene_Cara| , American singer-songwriter, actress, and producer   1962    |Brian_Fisher|Brian_Fisher| , American baseball player   1962    |Thomas_Ian_Griffith|Thomas_Ian_Griffith| , American actor and martial artist   1962    |James_McMurtry|James_Mcmurtry| , American singer-songwriter, guitarist, and actor   1962    |Etsushi_Toyokawa|Etsushi_Toyokawa| , Japanese actor and director   1962    |Volker_Weidler|Volker_Weidler| , German race car driver and engineer    |1963|1963| |Jeff_LaBar|Jeff_Labar| , American guitarist   1963    |Vanessa_L._Williams|Vanessa_L._Williams| , American model, actress, and singer    |1964|1964| |Bonnie_Blair|Bonnie_Blair| , American speed skater   1964    |Alex_Caffi|Alex_Caffi| , Italian race car driver   1964    |Jo_Churchill|Jo_Churchill| , British politician   1964    |Courtney_Pine|Courtney_Pine| , English saxophonist and clarinet player   1964    |Isabel_Noronha|Isabel_Noronha| , Mozambican film director     |1966|1966| |Jerry_Cantrell|Jerry_Cantrell| , American singer-songwriter and guitarist   1966    |Peter_Jones|Peter_Jones| , English businessman   1966    |Brian_Watts|Brian_Watts| , Canadian golfer    |1967|1967| |Miki_Berenyi|Miki_Berenyi| , English singer-songwriter and guitarist    |1968|1968| |Prince_Eudes,_Duke_of_Angoulême|Prince_Eudes,_Duke_Of_Angoulême| |Miguel_Herrera|Miguel_Herrera| , Mexican footballer and manager   1968    |Temur_Ketsbaia|Temur_Ketsbaia| , Georgian footballer and manager   1968    |Paul_Marsden|Paul_Marsden| , English businessman and politician    |1969|1969| |Andy_Cutting|Andy_Cutting| , English accordion player and composer   1969    |Vassily_Ivanchuk|Vassily_Ivanchuk| , Ukrainian chess player   1969    |Shaun_Udal|Shaun_Udal| , English cricketer    |1970|1970| |Queen_Latifah|Queen_Latifah| , American rapper, producer, and actress    |1971|1971| |Wayne_Arthurs|Wayne_Arthurs| , Australian tennis player   1971    |Mike_Bell|Mike_Bell| , American wrestler   1971    |Mariaan_de_Swardt|Mariaan_De_Swardt| , South African-American tennis player, coach, and sportscaster   1971    |Kitty_Ussher|Kitty_Ussher| , English economist and politician    |1972|1972| |Dane_Cook|Dane_Cook| , American comedian, actor, director, and producer   1972    |Reince_Priebus|Reince_Priebus| , American lawyer and politician    |1973|1973| |Luci_Christian|Luci_Christian| , American voice actress and screenwriter    |1974|1974| |Laure_Savasta|Laure_Savasta| , French basketball player, coach, and sportscaster   1974    |Stuart_Zender|Stuart_Zender| , English bass player, songwriter, and producer    |1975|1975| |Sutton_Foster|Sutton_Foster| , American actress, singer, and dancer   1975    |Brian_Griese|Brian_Griese| , American football player and sportscaster   1975    |Kimmo_Timonen|Kimmo_Timonen| , Finnish ice hockey player   1975    |Tomas_Žvirgždauskas|Tomas_Žvirgždauskas| , Lithuanian footballer    |1976|1976| |Giovanna_Antonelli|Giovanna_Antonelli| , Brazilian actress and producer   1976    |Tomo_Ohka|Tomo_Ohka| , Japanese baseball player   1976    |Scott_Podsednik|Scott_Podsednik| , American baseball player   1976    |Mike_Quackenbush|Mike_Quackenbush| , American wrestler, trainer, and author, founded  |Chikara_wrestling_promotion|Chikara| |1977|1977| |Zdeno_Chára|Zdeno_Chára| , Slovak ice hockey player   1977    |Danny_Murphy|Danny_Murphy| , English footballer and sportscaster   1977    |Fernando_Rodney|Fernando_Rodney| , Dominican-American baseball player   1977    |Willy_Sagnol|Willy_Sagnol| , French footballer and manager   1977    |Terrmel_Sledge|Terrmel_Sledge| , American baseball player and coach    |1978|1978| |Fernandão|Fernandão| , Brazilian footballer and manager   1978    |Brooke_Hanson|Brooke_Hanson| , Australian swimmer   1978    |Brian_Scalabrine|Brian_Scalabrine| , American basketball player, coach, and sportscaster   1978    |Jonas_Wallerstedt|Jonas_Wallerstedt| , Swedish footballer, coach, and manager    |1979|1979| |Adam_Levine|Adam_Levine| , American singer-songwriter, guitarist, and television personality    |1980|1980| |Sébastien_Frey|Sébastien_Frey| , French footballer   1980    |Sophia_Myles|Sophia_Myles| , English actress   1980    |Alexei_Yagudin|Alexei_Yagudin| , Russian figure skater    |1981|1981| |Tora_Berger|Tora_Berger| , Norwegian biathlete   1981    |Fabian_Cancellara|Fabian_Cancellara| , Swiss cyclist   1981    |Leslie_Djhone|Leslie_Djhone| , French sprinter   1981    |Jang_Na-ra|Jang_Na-Ra| , South Korean singer and actress   1981    |Kasib_Powell|Kasib_Powell| , American basketball player   1981    |Tom_Starke|Tom_Starke| , German footballer   1981    |Doug_Warren|Doug_Warren| , American soccer player   1981    |Lovro_Zovko|Lovro_Zovko| , Croatian tennis player    |1982|1982| |Mantorras|Mantorras| , Angolan footballer   1982    |Chad_Cordero|Chad_Cordero| , American baseball player   1982    |Timo_Glock|Timo_Glock| , German race car driver   1982    |Adam_Pally|Adam_Pally| , American actor, director, producer, and screenwriter    |1983|1983| |Ethan_Carter_III|Ethan_Carter_Iii| , American wrestler   1983    |Stéphanie_Cohen-Aloro|Stéphanie_Cohen-Aloro| , French tennis player   1983    |Andy_Sonnanstine|Andy_Sonnanstine| , American baseball player   1983    |Tomasz_Stolpa|Tomasz_Stolpa| , Polish footballer    |1984|1984| |Simone_Padoin|Simone_Padoin| , Italian footballer   1984    |Rajeev_Ram|Rajeev_Ram| , American tennis player    1984    |Vonzell_Solomon|Vonzell_Solomon| , American singer and actress    |1985|1985| |Ana_Beatriz|Ana_Beatriz| , Brazilian race car driver   1985    |Marvin_Humes|Marvin_Humes| , English singer   1985    |Vince_Lia|Vince_Lia| , Australian footballer    |1986|1986| |Lykke_Li|Lykke_Li| , Swedish singer-songwriter   1986    |Abdennour_Chérif_El-Ouazzani|Abdennour_Chérif_El-Ouazzani| , Algerian footballer    |1987|1987| |Rebecca_Soni|Rebecca_Soni| , American swimmer    |1989|1989| |Francesco_Checcucci|Francesco_Checcucci| , Italian footballer   1989    |Lily_Collins|Lily_Collins| , English-American actress   1989    |Shreevats_Goswami|Shreevats_Goswami| , Indian cricketer   1989    |Kana_Nishino|Kana_Nishino| , Japanese singer-songwriter   1989    |Paul_Marc_Rousseau|Paul_Marc_Rousseau| , Canadian guitarist and producer   1989    |Ming_Xi|Ming_Xi| , Chinese model    |1991|1991| |Dylan_Mattingly|Dylan_Mattingly| , American singer-songwriter and guitarist   1991    |Sam_Williams|Sam_Williams| , Australian rugby league player    |1992|1992| |Ryan_Truex|Ryan_Truex| , American race car driver    |1992|1992| |Takuya_Terada|Takuya_Terada| , Japanese singer, actor, and model    |1997|1997| |Ciara_Bravo|Ciara_Bravo| , American actress   1997    |Rieko_Ioane|Rieko_Ioane| , New Zealand rugby union player          |978|978| |Edward_the_Martyr|Edward_The_Martyr| , English king    |1076|1076| |Ermengarde_of_Anjou,_Duchess_of_Burgundy|Ermengarde_Of_Anjou,_Duchess_Of_Burgundy| |1086|1086| |Anselm_of_Lucca|Anselm_Of_Lucca| , Italian bishop    |1227|1227| |Pope_Honorius_III|Pope_Honorius_Iii| |1272|1272| |John_FitzAlan,_7th_Earl_of_Arundel|John_Fitzalan,_7Th_Earl_Of_Arundel| |1308|1308| |Yuri_I_of_Galicia|Yuri_I_Of_Galicia| |1314|1314| |Jacques_de_Molay|Jacques_De_Molay| , Frankish knight   1314    |Geoffroy_de_Charney|Geoffroy_De_Charney| , Preceptor of Normandy for the Knights Templar    |1321|1321| |Matthew_III_Csák|Matthew_Iii_Csák| , Hungarian oligarch    |1582|1582| |Juan_Jauregui|Juan_Jauregui| , attempted assassin of  |William_I_of_Orange|William_I_Of_Orange| |1675|1675| |Arthur_Chichester,_1st_Earl_of_Donegall|Arthur_Chichester,_1St_Earl_Of_Donegall| , Irish soldier    |1689|1689| |John_Dixwell|John_Dixwell| , English soldier and politician    |1745|1745| |Robert_Walpole|Robert_Walpole| , English scholar and politician,  |Prime_Minister_of_the_United_Kingdom|Prime_Minister_Of_The_United_Kingdom| |1768|1768| |Laurence_Sterne|Laurence_Sterne| , Irish novelist and clergyman    |1781|1781| |Anne_Robert_Jacques_Turgot|Anne_Robert_Jacques_Turgot| , French economist and politician,  |Controller-General_of_Finances|List_Of_Finance_Ministers_Of_France| |1823|1823| |Jean-Baptiste_Bréval|Jean-Baptiste_Bréval| , French cellist and composer    |1835|1835| |Christian_Günther_von_Bernstorff|Christian_Günther_Von_Bernstorff| , Danish-Prussian politician and diplomat    |1845|1845| |Johnny_Appleseed|Johnny_Appleseed| , American gardener and missionary    |1871|1871| |Augustus_De_Morgan|Augustus_De_Morgan| , Indian-English mathematician and academic    |1898|1898| |Matilda_Joslyn_Gage|Matilda_Joslyn_Gage| , American author and activist    |1900|1900| |Hjalmar_Kiærskou|Hjalmar_Kiærskou| , Danish botanist    |1907|1907| |Marcellin_Berthelot|Marcellin_Berthelot| , French chemist and politician,  |French_Minister_of_Foreign_Affairs|Ministry_Of_Foreign_Affairs_And_International_Development| |1913|1913| |George_I_of_Greece|George_I_Of_Greece| |1918|1918| |Henry_Janeway_Hardenbergh|Henry_Janeway_Hardenbergh| , American architect, designed the  |Plaza_Hotel|Plaza_Hotel| |1930|1930| |Jean_Leon_Gerome_Ferris|Jean_Leon_Gerome_Ferris| , American painter     |1936|1936| |Eleftherios_Venizelos|Eleftherios_Venizelos| , Greek journalist, lawyer, and politician, 93rd  |Prime_Minister_of_Greece|Prime_Minister_Of_Greece| |1939|1939| |Henry_Simpson_Lunn|Henry_Simpson_Lunn| , English businessman, founded  |Lunn_Poly|Lunn_Poly| |1941|1941| |Henri_Cornet|Henri_Cornet| , French cyclist    |1947|1947| |William_C._Durant|William_C._Durant| , American businessman, co-founded  |General_Motors|General_Motors|  and  |Chevrolet|Chevrolet|    1954    |Walter_Mead|Walter_Mead| , English cricketer    |1956|1956| |Louis_Bromfield|Louis_Bromfield| , American environmentalist and author    |1962|1962| |Walter_W._Bacon|Walter_W._Bacon| , American accountant and politician, 60th  |Governor_of_Delaware|Governor_Of_Delaware| |1964|1964| |Sigfrid_Edström|Sigfrid_Edström| , Swedish businessman, 4th  |President_of_the_International_Olympic_Committee|President_Of_The_International_Olympic_Committee| |1965|1965| |Farouk_of_Egypt|Farouk_Of_Egypt| |1973|1973| |Johannes_Aavik|Johannes_Aavik| , Estonian philologist and poet    |1977|1977| |Marien_Ngouabi|Marien_Ngouabi| , Congolese politician,  |President_of_the_Republic_of_the_Congo|President_Of_The_Republic_Of_The_Congo|    1977    |Carlos_Pace|Carlos_Pace| , Brazilian race car driver    |1978|1978| |Leigh_Brackett|Leigh_Brackett| , American author and screenwriter   1978    |Peggy_Wood|Peggy_Wood| , American actress    |1980|1980| |Erich_Fromm|Erich_Fromm| , German psychologist and philosopher    |1982|1982| |Patrick_Smith|Patrick_Smith| , Irish farmer and politician,  |Minister_for_Agriculture,_Food_and_the_Marine|Minister_For_Agriculture,_Food_And_The_Marine| |1983|1983| |Umberto_II_of_Italy|Umberto_Ii_Of_Italy| |1984|1984| |Charley_Lau|Charley_Lau| , American baseball player and coach    |1986|1986| |Bernard_Malamud|Bernard_Malamud| , American novelist and short story writer    |1988|1988| |Billy_Butterfield|Billy_Butterfield| , American trumpet player and cornet player    |1990|1990| |Robin_Harris|Robin_Harris| , American comedian    |1993|1993| |Kenneth_E._Boulding|Kenneth_E._Boulding| , English-American economist and activist    |1996|1996| |Odysseas_Elytis|Odysseas_Elytis| , Greek poet and critic,  |Nobel_Prize|Nobel_Prize_In_Literature|  laureate    |2000|2000| |Eberhard_Bethge|Eberhard_Bethge| , German theologian and academic    |2001|2001| |John_Phillips|John_Phillips| , American singer-songwriter and guitarist     |2002|2002| |R._A._Lafferty|R._A._Lafferty| , American soldier and author    |2003|2003| |Karl_Kling|Karl_Kling| , German race car driver   2003    |Adam_Osborne|Adam_Osborne| , Thai-English engineer and businessman, founded the  |Osborne_Computer_Corporation|Osborne_Computer_Corporation| |2004|2004| |Harrison_McCain|Harrison_Mccain| , Canadian businessman, co-founded  |McCain_Foods|Mccain_Foods| |2006|2006| |Dan_Gibson|Dan_Gibson| , Canadian photographer and cinematographer    |2007|2007| |Bob_Woolmer|Bob_Woolmer| , Indian-English cricketer, coach, and sportscaster    |2008|2008| |Anthony_Minghella|Anthony_Minghella| , English director and screenwriter    |2009|2009| |Omid_Reza_Mir_Sayafi|Omid_Reza_Mir_Sayafi| , Iranian journalist and blogger   2009    |Natasha_Richardson|Natasha_Richardson| , English-American actress    |2010|2010| |Fess_Parker|Fess_Parker| , American actor and businessman    |2011|2011| |Warren_Christopher|Warren_Christopher| , American lawyer and politician, 63rd  |United_States_Secretary_of_State|United_States_Secretary_Of_State| |2012|2012| |Furman_Bisher|Furman_Bisher| , American journalist and author   2012    |William_R._Charette|William_R._Charette| , American soldier,  |Medal_of_Honor|Medal_Of_Honor|  recipient   2012    |William_G._Moore_Jr.|William_G._Moore_Jr.| , American general   2012    |George_Tupou_V|George_Tupou_V|  of Tonga    |2013|2013| |Muhammad_Mahmood_Alam|Muhammad_Mahmood_Alam| , Pakistani general and pilot   2013    |Henry_Bromell|Henry_Bromell| , American novelist, screenwriter, and director   2013    |Clay_Ford|Clay_Ford| , American lawyer and politician    |2014|2014| |Catherine_Obianuju_Acholonu|Catherine_Obianuju_Acholonu| , Nigerian author, playwright, and academic   2014    |Kaiser_Kalambo|Kaiser_Kalambo| , Zambian footballer, coach, and manager   2014    |Lucius_Shepard|Lucius_Shepard| , American author and critic    |2015|2015| |Zhao_Dayu|Zhao_Dayu| , Chinese footballer and manager   2015    |Thomas_Hopko|Thomas_Hopko| , American priest and theologian   2015    |Grace_Ogot|Grace_Ogot| , Kenyan nurse, journalist, and politician    |2016|2016| |Barry_Hines|Barry_Hines| , English author and screenwriter   2016    |Jan_Němec|Jan_Němec| , Czech director and screenwriter   2016    |Tray_Walker|Tray_Walker| , American football player   2016    |Guido_Westerwelle|Guido_Westerwelle| , German lawyer and politician, 15th  |Vice-Chancellor_of_Germany|Vice-Chancellor_Of_Germany| |2017|2017| |Chuck_Berry|Chuck_Berry| , American guitarist, singer and songwriter          |Anniversary_of_the_Oil_Expropriation|Public_Holidays_In_Mexico|     Christian  |feast_day|Feast_Day| |Alexander_of_Jerusalem|Alexander_Of_Jerusalem| |Anselm_of_Lucca|Anselm_Of_Lucca| |Cyril_of_Jerusalem|Cyril_Of_Jerusalem| |Edward_the_Martyr|Edward_The_Martyr| |Fridianus|Fridianus| |Salvator|Salvador_Of_Horta| |March_18|March_18| |Holy_Wednesday|Holy_Wednesday|  can fall, while April 21 is the latest; celebrated on the week before  |Easter|Easter| .    |Flag_Day|Flag_Day| |Gallipoli_Memorial_Day|Gallipoli_Memorial_Day| |Mens_and_Soldiers_Day|Mens_And_Soldiers_Day| |Ordnance_Factories_Day|Ordnance_Factories_Board| |Sheelahs_Day|Sheelahs_Day| |Teachers_Day|Teachers_Day|  .