|598|598| |Balkan_Campaign|Maurices_Balkan_Campaignsrenewed_Campaigns,_597–602| |Avars|Pannonian_Avars|  lift the  |siege|Siege|  at the  |Byzantine|Byzantine_Empire|  stronghold of  |Tomis|Constanța| . Their leader  |Bayan_I|Bayan_I|  retreats north of the  |Danube_River|Danube|  after the  |Avaro|Avar_Khaganate| - |Slavic|Slavs|  hordes are decimated by the  |plague|Plague| .    |1282|1282|    The people of  |Sicily|Sicily|  rebel against the  |Angevin|Capetian_House_Of_Anjou| |king|Monarch| |Charles_I|Charles_I_Of_Naples| , in what becomes known as the  |Sicilian_Vespers|Sicilian_Vespers| .     |1296|1296| |Edward_I|Edward_I_Of_England| |sacks|Capture_Of_Berwick| |Berwick-upon-Tweed|Berwick-Upon-Tweed| , during armed conflict between  |Scotland|Kingdom_Of_Scotland|  and  |England|Kingdom_Of_England| .     |1699|1699| |Guru_Gobind_Singh|Guru_Gobind_Singh|  establishes the  |Khalsa|Khalsa|  in  |Anandpur_Sahib|Anandpur_Sahib| ,  |Punjab|Punjab| .     |1815|1815| |Joachim_Murat|Joachim_Murat|  issues the  |Rimini_Proclamation|Rimini_Proclamation|  which would later inspire  |Italian_unification|Italian_Unification| .    |1818|1818|    Physicist  |Augustin_Fresnel|Augustin-Jean_Fresnel|  reads a memoir on  |optical_rotation|Optical_Rotation|  to the French Academy of Sciences, reporting that when polarized light is depolarized by a  |Fresnel_rhomb|Fresnel_Rhomb| , its properties are preserved in any subsequent passage through an optically-rotating crystal or liquid. A. Fresnel, Mémoire sur les couleurs développées dans les fluides homogènes par la lumière polarisée , read 30  March 1818; printed in A.  Fresnel , Oeuvres complètes dAugustin Fresnel, Paris: Imprimerie Impériale, , 1866, pp.655–83, at pp.659–60.    |1822|1822|    The  |Florida_Territory|Florida_Territory|  is created in the United States.    |1841|1841|    The  |National_Bank_of_Greece|National_Bank_Of_Greece|  is founded in  |Athens|Athens| .    |1842|1842| |Ether|Diethyl_Ether| |anesthesia|Anesthesia|  is used for the first time, in an operation by the American surgeon  |Dr.|Physician| |Crawford_Long|Crawford_Long| .    |1844|1844|    One of the most  |important_battles|Battle_Of_Santiago|  of the  |Dominican_War_of_Independence|Dominican_War_Of_Independence|  from  |Haiti|Haiti|  takes place near the city of  |Santiago_de_los_Caballeros|Santiago_De_Los_Caballeros| .    |1855|1855| |Origins_of_the_American_Civil_War|Origins_Of_The_American_Civil_War| |Border_Ruffians|Border_Ruffian|  from  |Missouri|Missouri|  invade  |Kansas|Kansas|  and force election of a pro- |slavery|Slavery|  legislature.    |1856|1856|    The  |Treaty_of_Paris|Treaty_Of_Paris|  is signed, ending the  |Crimean_War|Crimean_War| .    |1861|1861| |Discovery_of_the_chemical_elements|Timeline_Of_Chemical_Element_Discoveries| |William_Crookes|William_Crookes|  announces his discovery of  |thallium|Thallium| .    |1863|1863|    Danish prince  |Wilhelm_Georg|George_I_Of_Greece|  is chosen as King George of Greece.    |1867|1867|    Alaska is  |purchased|Alaska_Purchase|  from  |Russia|Russian_Empire|  for $7.2 million, about 2-cent/acre , by  |United_States_Secretary_of_State|United_States_Secretary_Of_State| |William_H._Seward|William_H._Seward| .    |1870|1870| |Texas|Texas|  is readmitted to the  |United_States_Congress|United_States_Congress|  following  |Reconstruction|Reconstruction_Era| .    |1885|1885|    The  |Battle_for_Kushka|Battle_For_Kushka|  triggers the  |Panjdeh_Incident|Panjdeh_Incident|  which nearly gives rise to war between the  |Russian|Russian_Empire|  and  |British_Empire|British_Empire| .    |1899|1899|    German Society of Chemistry issues an invitation to other national scientific organizations to appoint delegates to the  |International_Committee_on_Atomic_Weights|Commission_On_Isotopic_Abundances_And_Atomic_Weights| .    |1912|1912| |Sultan|Sultan_Of_Morocco| |Abd_al-Hafid|Abd_Al-Hafid_Of_Morocco|  signs the  |Treaty_of_Fez|Treaty_Of_Fez| , making  |Morocco|Morocco|  a French  |protectorate|Protectorate| .    |1918|1918|    Outburst of bloody  |March_Events|March_Days|  in  |Baku|Baku|  and other locations of  |Baku_Governorate|Baku_Governorate| .    |1939|1939|    The  |Heinkel_He_100|Heinkel_He_100|  fighter sets a world airspeed record of 463  mph .    |1940|1940| |Second_Sino-Japanese_War|Second_Sino-Japanese_War| |Nanking|Nanjing|  capital of a new  |Chinese_puppet_government|Reorganized_National_Government_Of_The_Republic_Of_China| , nominally controlled by  |Wang_Jingwei|Wang_Jingwei| .    |1944|1944|    World War II:  |Allied|Allies_Of_World_War_Ii|  bombers conduct their most severe  |bombing_run|Bombing_Of_Sofia_In_World_War_Ii|  on  |Sofia|Sofia| ,  |Bulgaria|Kingdom_Of_Bulgaria| .   1944   Out of 795  |Lancasters|Avro_Lancaster| ,  |Halifaxes|Handley_Page_Halifax|  and  |Mosquitos|De_Havilland_Mosquito|  sent to attack  |Nuremberg|Nuremberg| , 95 bombers do not return, making it the largest  |RAF_Bomber_Command|Raf_Bomber_Command|  loss of the war.    |1945|1945|    World War II:  |Soviet|Soviet_Union| |forces|Red_Army|  invade Austria and capture  |Vienna|Vienna| ;  |Polish|Armia_Ludowa|  and  |Soviet|Red_Army|  forces liberate  |Danzig|Gdańsk| .    |1949|1949| |Cold_War|Cold_War| |riot_breaks_out_in_Austurvöllur|1949_Anti-Nato_Riot_In_Iceland|  square in  |Reykjavík|Reykjavík| , when  |Iceland|Iceland|  joins  |NATO|Nato| .    |1961|1961|    The  |Single_Convention_on_Narcotic_Drugs|Single_Convention_On_Narcotic_Drugs|  is signed in New York City.    |1965|1965| |Vietnam_War|Vietnam_War| |car_bomb|Car_Bomb|  explodes in front of the  |United_States_Embassy,_Saigon|United_States_Embassy,_Saigon| , killing 22 and wounding 183 others.    |1972|1972|    Vietnam War: The  |Easter_Offensive|Easter_Offensive|  begins after  |North_Vietnam|North_Vietnam| ese forces cross into the  |Demilitarized_Zone|Vietnamese_Demilitarized_Zone|  of  |South_Vietnam|South_Vietnam| .    |1976|1976| |Israeli-Palestinian_conflict|Israeli–Palestinian_Conflict| |1948|Creation_Of_Israel| , Palestinians create the first  |Land_Day|Land_Day| .     |1979|1979| |Airey_Neave|Airey_Neave| , a British  |Member_of_Parliament|Member_Of_Parliamentunited_Kingdom| , is killed by a car bomb as he exits the  |Palace_of_Westminster|Palace_Of_Westminster| . The  |Irish_National_Liberation_Army|Irish_National_Liberation_Army|  claims responsibility.    |1981|1981|    U.S. President  |Ronald_Reagan|Ronald_Reagan|  is  |shot_in_the_chest|Attempted_Assassination_Of_Ronald_Reagan|  outside a Washington, D.C., hotel by  |John_Hinckley,_Jr.|John_Hinckley,_Jr.| ; three others are wounded in the same incident.    |1982|1982| |Space_Shuttle_program|Space_Shuttle_Program| |STS-3|Sts-3|  Mission is completed with the landing of  |Columbia|Space_Shuttle_Columbia|  at  |White_Sands_Missile_Range|White_Sands_Missile_Range| ,  |New_Mexico|New_Mexico| .    |2002|2002| |2002_Lyon_car_attack|2002_Lyon_Car_Attack|  takes place.        |2009|2009|    Twelve gunmen  |attack_the_Manawan_Police_Academy_in_Lahore,_Pakistan|2009_Lahore_Police_Academy_Attacks| .    |2017|2017| |SpaceX|Spacex|  conducts the worlds first  |reflight|Reusable_Launch_System|  of an orbital class rocket.            |892|892| |Shi_Jingtang|Shi_Jingtang| , founder of the  |Later_Jin_Dynasty|Later_Jin| |1135|1135| |Maimonides|Maimonides| , Spanish rabbi and philosopher     |1326|1326| |Ivan_II_of_Moscow|Ivan_Ii_Of_Moscow| |1432|1432| |Mehmed_the_Conqueror|Mehmed_The_Conqueror| , Ottoman sultan    |1510|1510| |Antonio_de_Cabezón|Antonio_De_Cabezón| , Spanish composer and organist    |1551|1551| |Salomon_Schweigger|Salomon_Schweigger| , German theologian    |1606|1606| |Vincentio_Reinieri|Vincentio_Reinieri| , Italian mathematician and astronomer    |1632|1632| |John_Proctor|John_Proctor| , farmer hanged for witchcraft in the Salem witch trials    |1640|1640| |John_Trenchard|John_Trenchard| , English politician,  |Secretary_of_State_for_the_Northern_Department|Secretary_Of_State_For_The_Northern_Department| |1727|1727| |Tommaso_Traetta|Tommaso_Traetta| , Italian composer and educator    |1746|1746| |Francisco_Goya|Francisco_Goya| , Spanish-French painter and sculptor    |1750|1750| |John_Stafford_Smith|John_Stafford_Smith| , English organist and composer    |1793|1793| |Juan_Manuel_de_Rosas|Juan_Manuel_De_Rosas| , Argentinian soldier and politician, 13th  |Governor_of_Buenos_Aires_Province|Governor_Of_Buenos_Aires_Province| |1805|1805| |Ferdinand_Johann_Wiedemann|Ferdinand_Johann_Wiedemann| , German-Swedish linguist and botanist    |1811|1811| |Robert_Bunsen|Robert_Bunsen| , German chemist and academic    |1820|1820| |Anna_Sewell|Anna_Sewell| , English author   1820    |James_Whyte|James_Whyte| , Scottish-Australian politician, 6th  |Premier_of_Tasmania|Premier_Of_Tasmania| |1844|1844| |Paul_Verlaine|Paul_Verlaine| , French poet    |1853|1853| |Vincent_van_Gogh|Vincent_Van_Gogh| , Dutch-French painter and illustrator    |1853|1853| |Arnoldo_Sartorio|Arnoldo_Sartorio| , German composer, pianist, and teacher    |1857|1857| |Léon_Charles_Thévenin|Léon_Charles_Thévenin| , French engineer    |1858|1858| |Siegfried_Alkan|Siegfried_Alkan| , German composer    |1863|1863| |Mary_Calkins|Mary_Calkins| , American philosopher and psychologist    |1864|1864| |Franz_Oppenheimer|Franz_Oppenheimer| , German-American sociologist and economist    |1874|1874| |Charles_Lightoller|Charles_Lightoller| , English 2nd officer on the  |RMS_Titanic|Rms_Titanic|    1874    |Josiah_McCracken|Josiah_Mccracken| , American hammer thrower, shot putter, and football player   1874    |Nicolae_Rădescu|Nicolae_Rădescu| , Romanian general and politician,  |Prime_Minister_of_Romania|Prime_Minister_Of_Romania| |1875|1875| |Thomas_Xenakis|Thomas_Xenakis| , Greek-American gymnast    |1879|1879| |Coen_de_Koning|Coen_De_Koning| , Dutch speed skater    |1880|1880| |Seán_OCasey|Seán_Ocasey| , Irish dramatist, playwright, and memoirist    |1882|1882| |Melanie_Klein|Melanie_Klein| , Jewish Austrian-English psychologist and author    |1888|1888| |J._R._Williams|J._R._Williams| , Canadian-born cartoonist    |1891|1891| |Chunseong|Chunseong| , Korean monk, writer and philosopher    |1892|1892| |Stefan_Banach|Stefan_Banach| , Polish mathematician and academic   1892    |Fortunato_Depero|Fortunato_Depero| , Italian painter and sculptor   1892    |Erhard_Milch|Erhard_Milch| , German field marshal   1892    |Johannes_Pääsuke|Johannes_Pääsuke| , Estonian photographer and director   1892    |Erwin_Panofsky|Erwin_Panofsky| , German historian and academic    |1894|1894| |Tommy_Green|Tommy_Green| , English race walker   1894    |Sergey_Ilyushin|Sergey_Ilyushin| , Russian engineer, founded  |Ilyushin_Aircraft_Company|Ilyushin| |1895|1895| |Jean_Giono|Jean_Giono| , French author and poet   1895    |Carl_Lutz|Carl_Lutz| , Swiss vice-consul to Hungary during WWII, credited with saving over 62,000 Jews   1895    |Charlie_Wilson|Charlie_Wilson| , English footballer    |1899|1899| |Sharadindu_Bandyopadhyay|Sharadindu_Bandyopadhyay| , Indian author, playwright, and screenwriter    |1902|1902| |Brooke_Astor|Brooke_Astor| , American socialite and philanthropist   1902    |Ted_Heath|Ted_Heath| , English trombonist and composer    |1903|1903| |Joy_Ridderhof|Joy_Ridderhof| , American missionary    |1904|1904| |Ripper_Collins|Ripper_Collins| , American baseball player and coach    |1905|1905| |Archie_Birkin|Archie_Birkin| , English motorcycle racer   1905    |Mikio_Oda|Mikio_Oda| , Japanese triple jumper and academic   1905    |Albert_Pierrepoint|Albert_Pierrepoint| , English hangman    |1907|1907| |Friedrich_August_Freiherr_von_der_Heydte|Friedrich_August_Freiherr_Von_Der_Heydte| , German general    |1910|1910| |Józef_Marcinkiewicz|Józef_Marcinkiewicz| , Polish soldier, mathematician, and academic    |1911|1911| |Ekrem_Akurgal|Ekrem_Akurgal| , Turkish archaeologist and academic    |1912|1912| |Jack_Cowie|Jack_Cowie| , New Zealand cricketer   1912    |Alvin_Hamilton|Alvin_Hamilton| , Canadian lieutenant and politician, 18th  |Canadian_Minister_of_Agriculture|Minister_Of_Agriculture| |1913|1913| |Marc_Davis|Marc_Davis| , American animator   1913    |Richard_Helms|Richard_Helms| , American soldier and diplomat, 8th  |Director_of_Central_Intelligence|Director_Of_Central_Intelligence|    1913    |Frankie_Laine|Frankie_Laine| , American singer-songwriter   1913    |Ċensu_Tabone|Ċensu_Tabone| , Maltese general, physician, and politician, 4th  |President_of_Malta|President_Of_Malta| |1914|1914| |Sonny_Boy_Williamson_I|Sonny_Boy_Williamson_I| , American singer-songwriter and harmonica player    |1915|1915| |Pietro_Ingrao|Pietro_Ingrao| , Italian journalist and politician    |1917|1917| |Els_Aarne|Els_Aarne| , Ukrainian-Estonian pianist, composer, and educator    |1919|1919| |McGeorge_Bundy|Mcgeorge_Bundy| , American intelligence officer and diplomat, 6th  |United_States_National_Security_Advisor|United_States_National_Security_Advisor|    1919    |Robin_M._Williams|Robin_M._Williams| , New Zealand mathematician and academic    |1921|1921| |André_Fontaine|André_Fontaine| , French historian and journalist    |1922|1922| |Turhan_Bey|Turhan_Bey| , American actor   1922    |Arthur_Wightman|Arthur_Wightman| , American physicist and academic    |1923|1923| |Milton_Acorn|Milton_Acorn| , Canadian poet and playwright    |1926|1926| |Ingvar_Kamprad|Ingvar_Kamprad| , Swedish businessman, founded  |IKEA|Ikea| |1927|1927| |Wally_Grout|Wally_Grout| , Australian cricketer    |1928|1928| |Robert_Badinter|Robert_Badinter| , French lawyer and politician,  |French_Minister_of_Justice|Ministry_Of_Justice| |Colin_Egar|Colin_Egar| , Australian cricket umpire   1928    |Tom_Sharpe|Tom_Sharpe| , English-Spanish author and educator    |1929|1929| |Richard_Dysart|Richard_Dysart| , American actor   1929    |Ray_Musto|Ray_Musto| , American soldier and politician   1929    |István_Rózsavölgyi|István_Rózsavölgyi| , Hungarian runner    |1930|1930| |John_Astin|John_Astin| , American actor   1930    |Rolf_Harris|Rolf_Harris| , Australian singer-songwriter    |1933|1933| |Jean-Claude_Brialy|Jean-Claude_Brialy| , French actor and director    |1934|1934| |Paul_Crouch|Paul_Crouch| , American broadcaster, co-founded the  |Trinity_Broadcasting_Network|Trinity_Broadcasting_Network|    1934    |Hans_Hollein|Hans_Hollein| , Austrian architect and academic, designed  |Haas_House|Haas_House| |1935|1935| |Karl_Berger|Karl_Berger| , German pianist and composer   1935    |Willie_Galimore|Willie_Galimore| , American football player   1935    |Gordon_Mumma|Gordon_Mumma| , American composer    |1937|1937| |Warren_Beatty|Warren_Beatty| , American actor, director, producer, and screenwriter   1937    |Ian_MacLaurin,_Baron_MacLaurin_of_Knebworth|Ian_Maclaurin,_Baron_Maclaurin_Of_Knebworth| , English businessman    |1938|1938| |John_Barnhill|John_Barnhill| , American basketball player and coach   1938    |Klaus_Schwab|Klaus_Schwab| , German economist and engineer, founded the  |World_Economic_Forum|World_Economic_Forum| |1940|1940| |Norman_Gifford|Norman_Gifford| , English cricketer   1940    |Jerry_Lucas|Jerry_Lucas| , American basketball player and educator   1940    |Hans_Ragnemalm|Hans_Ragnemalm| , Swedish lawyer and judge    |1941|1941| |Graeme_Edge|Graeme_Edge| , English singer-songwriter and drummer   1941    |Ron_Johnston|Ron_Johnston| , English geographer and academic   1941    |Wasim_Sajjad|Wasim_Sajjad| , Pakistani lawyer and politician,  |President_of_Pakistan|President_Of_Pakistan| |Bob_Smith|Bob_Smith| , American soldier and politician    |1942|1942| |Ruben_Kun|Ruben_Kun| , Nauruan lawyer and politician, 14th  |President_of_Nauru|President_Of_Nauru|    1942    |Tane_Norton|Tane_Norton| , New Zealand rugby player   1942    |Kenneth_Welsh|Kenneth_Welsh| , Canadian actor    |1943|1943| |Jay_Traynor|Jay_Traynor| , American pop and doo-wop singer    |1944|1944| |Mark_Wylea_Erwin|Mark_Wylea_Erwin| , American businessman and diplomat   1944    |Brian_Wilshire|Brian_Wilshire| , Australian radio host    |1945|1945| |Eric_Clapton|Eric_Clapton| , English guitarist and singer-songwriter   1947    |Dick_Roche|Dick_Roche| , Irish politician,  |Minister_of_State_for_European_Affairs|Minister_Of_State_For_European_Affairs| |Terje_Venaas|Terje_Venaas| , Norwegian bassist    |1948|1948| |Nigel_Jones,_Baron_Jones_of_Cheltenham|Nigel_Jones,_Baron_Jones_Of_Cheltenham| , English computer programmer and politician   1948    |Eddie_Jordan|Eddie_Jordan| , Irish racing driver and team owner, founded  |Jordan_Grand_Prix|Jordan_Grand_Prix| |Mervyn_King|Mervyn_King,_Baron_King_Of_Lothbury| , English economist and academic   1948    |Jim_Dandy_Mangrum|Jim_Dandy_Mangrum| , American rock singer     |1949|1949| |Liza_Frulla|Liza_Frulla| , Canadian talk show host and politician, 3rd  |Minister_of_Canadian_Heritage|Minister_Of_Canadian_Heritage| |Dana_Gillespie|Dana_Gillespie| , English singer-songwriter and actress   1949    |Naomi_Sims|Naomi_Sims| , American model and author    |1950|1950| |Janet_Browne|Janet_Browne| , English-American historian and academic   1950    |Robbie_Coltrane|Robbie_Coltrane| , Scottish actor   1950    |Grady_Little|Grady_Little| , American baseball player, coach, and manager   1950    |Warren_Snowdon|Warren_Snowdon| , Australian educator and politician, 39th  |Australian_Minister_for_Veterans_Affairs|Minister_For_Veterans_Affairs| |1952|1952| |Stuart_Dryburgh|Stuart_Dryburgh| , English-New Zealand cinematographer   1952    |Peter_Knights|Peter_Knights| , Australian footballer and coach    |1955|1955| |Randy_VanWarmer|Randy_Vanwarmer| , American singer-songwriter and guitarist    |1956|1956| |Bill_Butler|Bill_Butler| , Scottish educator and politician   1956    |Juanito_Oiarzabal|Juanito_Oiarzabal| , Spanish mountaineer   1956    |Shahla_Sherkat|Shahla_Sherkat| , Iranian journalist and author    |1957|1957| |Marie-Christine_Koundja|Marie-Christine_Koundja| , Chadian author and diplomat    1957    |Paul_Reiser|Paul_Reiser| , American actor and comedian    |1958|1958| |Maurice_LaMarche|Maurice_Lamarche| , Canadian voice actor and stand-up comedian   1958    |Joey_Sindelar|Joey_Sindelar| , American golfer    |1959|1959| |Martina_Cole|Martina_Cole| , English television host and author    |1960|1960| |Laurie_Graham|Laurie_Graham| , Canadian skier   1960    |Bill_Johnson|Bill_Johnson| , American skier    |1961|1961| |Mike_Thackwell|Mike_Thackwell| , New Zealand racing driver   1961    |Doug_Wickenheiser|Doug_Wickenheiser| , Canadian-American ice hockey player    |1962|1962| |Mark_Begich|Mark_Begich| , American politician   1962    |MC_Hammer|Mc_Hammer| , American rapper and actor    |1963|1963| |Tsakhiagiin_Elbegdorj|Tsakhiagiin_Elbegdorj| , Mongolian journalist and politician, 4th  |President_of_Mongolia|President_Of_Mongolia| |Eli-Eri_Moura|Eli-Eri_Moura| , Brazilian composer and conductor   1963    |Panagiotis_Tsalouchidis|Panagiotis_Tsalouchidis| , Greek footballer    |1964|1964| |Vlado_Bozinovski|Vlado_Bozinovski| , Macedonian-Australian footballer and manager   1964    |Tracy_Chapman|Tracy_Chapman| , American singer-songwriter and guitarist    |1965|1965| |Piers_Morgan|Piers_Morgan| , English journalist and talk show host    |1966|1966| |Efstratios_Grivas|Efstratios_Grivas| , Greek chess player and author   1966    |Dmitry_Volkov|Dmitry_Volkov| , Russian swimmer   1966    |Leonid_Voloshin|Leonid_Voloshin| , Russian triple jumper    |1967|1967| |Christopher_Bowman|Christopher_Bowman| , American figure skater and coach   1967    |Richard_Hutten|Richard_Hutten| , Dutch furniture designer   1967    |Julie_Richardson|Julie_Richardson| , New Zealand tennis player    |1968|1968| |Celine_Dion|Celine_Dion| , Canadian singer-songwriter    |1969|1969| |Troy_Bayliss|Troy_Bayliss| , Australian motorcycle racer    |1970|1970| |Tobias_Hill|Tobias_Hill| , English poet and author    |1970|1970| |Sylvain_Charlebois|Sylvain_Charlebois| , Canadian food/agriculture researcher, author    |1971|1971| |Mari_Holden|Mari_Holden| , American cyclist   1971    |Mark_Consuelos|Mark_Consuelos| , American actor and television personality    |1972|1972| |Mili_Avital|Mili_Avital| , Israeli-American actress   1972    |Emerson_Thome|Emerson_Thome| , Brazilian footballer and scout   1972    |Karel_Poborský|Karel_Poborský| , Czech footballer    |1973|1973| |Adam_Goldstein|Adam_Goldstein| , American keyboard player, DJ, and producer   1973    |Jan_Koller|Jan_Koller| , Czech footballer   1973    |Kareem_Streete-Thompson|Kareem_Streete-Thompson| , Caymanian-American long jumper    |1974|1974| |Martin_Love|Martin_Love| , Australian cricketer    |1975|1975| |Paul_Griffen|Paul_Griffen| , New Zealand-Italian rugby player    |1976|1976| |Ty_Conklin|Ty_Conklin| , American ice hockey player   1976    |Obadele_Thompson|Obadele_Thompson| , Barbadian sprinter   1976    |Troels_Lund_Poulsen|Troels_Lund_Poulsen| , Danish politician,  |Minister_for_Education_of_Denmark|Minister_For_Education_Of_Denmark| |1977|1977| |Abhishek_Chaubey|Abhishek_Chaubey| , Indian director and screenwriter    |1978|1978| |Paweł_Czapiewski|Paweł_Czapiewski| , Polish runner   1978    |Chris_Paterson|Chris_Paterson| , Scottish rugby player and coach   1978    |Bok_van_Blerk|Bok_Van_Blerk| , South African singer-songwriter and actor    |1979|1979| |Norah_Jones|Norah_Jones| , American singer-songwriter and pianist   1979    |Anatoliy_Tymoshchuk|Anatoliy_Tymoshchuk| , Ukrainian footballer    |1980|1980| |Ricardo_Osorio|Ricardo_Osorio| , Mexican footballer    |1981|1981| |Jammal_Brown|Jammal_Brown| , American football player   1981    |Andrea_Masi|Andrea_Masi| , Italian rugby player    |1982|1982| |Mark_Hudson|Mark_Hudson| , English footballer   1982    |Philippe_Mexès|Philippe_Mexès| , French footballer   1982    |Javier_Portillo|Javier_Portillo| , Spanish footballer   1982    |Jason_Dohring|Jason_Dohring| , American actor    |1983|1983| |Jérémie_Aliadière|Jérémie_Aliadière| , French footballer    |1984|1984| |Mario_Ančić|Mario_Ančić| , Croatian tennis player   1984    |Samantha_Stosur|Samantha_Stosur| , Australian tennis player    |1985|1985| |Giacomo_Ricci|Giacomo_Ricci| , Italian racing driver    |1986|1986| |Sergio_Ramos|Sergio_Ramos| , Spanish footballer    |1987|1987| |Trent_Barreta|Trent_Barreta| , American wrestler   1987    |Calum_Elliot|Calum_Elliot| , Scottish footballer   1987    |Kwok_Kin_Pong|Kwok_Kin_Pong| , Hong Kong footballer   1987    |Marc-Édouard_Vlasic|Marc-Édouard_Vlasic| , Canadian ice hockey player    |1988|1988| |Will_Matthews|Will_Matthews| , Australian rugby league player   1988    |Thanasis_Papazoglou|Thanasis_Papazoglou| , Greek footballer   1988    |Richard_Sherman|Richard_Sherman| , American football player   1988    |Larisa_Yurkiw|Larisa_Yurkiw| , Canadian alpine skier    |1989|1989| |Chris_Sale|Chris_Sale| , American baseball player   1989    |João_Sousa|João_Sousa| , Portuguese tennis player     |1990|1990| |Michal_Březina|Michal_Březina| , Czech figure skater    |1992|1992| |Palak_Muchhal|Palak_Muchhal| , Indian playback singer    |1993|1993| |Anitta|Anitta| , Brazilian singer and entertainer    |1994|1994| |Jetro_Willems|Jetro_Willems| , Dutch footballer     |1998|1998| |Kalyn_Ponga|Kalyn_Ponga| , Australian rugby league player    |2000|2000| |Colton_Herta|Colton_Herta| , American race car driver           |116|116| |Quirinus_of_Neuss|Quirinus_Of_Neuss| , Roman martyr and saint    |365|365| |Ai_of_Jin|Emperor_Ai_Of_Jin| , emperor of the  |Jin_Dynasty|Jin_Dynasty| |943|943| |Li_Bian|Li_Bian| , emperor of  |Southern_Tang|Southern_Tang| |987|987| |Arnulf_II,_Count_of_Flanders|Arnulf_Ii,_Count_Of_Flanders| |1180|1180| |Al-Mustadi|Al-Mustadi| , Caliph    |1202|1202| |Joachim_of_Fiore|Joachim_Of_Fiore| , Italian mystic and theologian    |1465|1465| |Isabella_of_Clermont|Isabella_Of_Clermont| , queen consort of Naples    |1472|1472| |Amadeus_IX,_Duke_of_Savoy|Amadeus_Ix,_Duke_Of_Savoy| |1486|1486| |Thomas_Bourchier|Thomas_Bourchier| , English cardinal    |1526|1526| |Konrad_Mutian|Konrad_Mutian| , German humanist    |1540|1540| |Matthäus_Lang_von_Wellenburg|Matthäus_Lang_Von_Wellenburg| , German cardinal    |1559|1559| |Adam_Ries|Adam_Ries| , German mathematician and academic    |1587|1587| |Ralph_Sadler|Ralph_Sadler| , English politician,  |Secretary_of_State_for_England|Secretary_Of_State| |1662|1662| |François_le_Métel_de_Boisrobert|François_Le_Métel_De_Boisrobert| , French poet and playwright    |1689|1689| |Kazimierz_Łyszczyński|Kazimierz_Łyszczyński| , Polish atheist and philosopher    |1707|1707| |Sébastien_Le_Prestre_de_Vauban|Sébastien_Le_Prestre_De_Vauban| , French general and engineer    |1764|1764| |Pietro_Locatelli|Pietro_Locatelli| , Italian violinist and composer    |1783|1783| |William_Hunter|William_Hunter| , Scottish anatomist and physician    |1804|1804| |Victor-François,_2nd_duc_de_Broglie|Victor-François,_2Nd_Duc_De_Broglie| , French general and politician,  |French_Secretary_of_State_for_War|Secretary_Of_State_For_War| |1806|1806| |Georgiana_Cavendish,_Duchess_of_Devonshire|Georgiana_Cavendish,_Duchess_Of_Devonshire| |1830|1830| |Louis_I,_Grand_Duke_of_Baden|Louis_I,_Grand_Duke_Of_Baden| |1840|1840| |Beau_Brummell|Beau_Brummell| , English-French fashion designer    |1842|1842| |Louise_Élisabeth_Vigée_Le_Brun|Louise_Élisabeth_Vigée_Le_Brun| , French painter    |1864|1864| |Louis_Schindelmeisser|Louis_Schindelmeisser| , German clarinet player, composer, and conductor    |1873|1873| |Bénédict_Morel|Bénédict_Morel| , Austrian-French psychiatrist and physician    |1879|1879| |Thomas_Couture|Thomas_Couture| , French painter and educator    |1886|1886| |Joseph-Alfred_Mousseau|Joseph-Alfred_Mousseau| , Canadian judge and politician, 6th  |Premier_of_Quebec|Premier_Of_Quebec| |1896|1896| |Charilaos_Trikoupis|Charilaos_Trikoupis| , Greek politician, 55th  |Prime_Minister_of_Greece|Prime_Minister_Of_Greece| |1912|1912| |Karl_May|Karl_May| , German author    |1925|1925| |Rudolf_Steiner|Rudolf_Steiner| , Austrian philosopher and author    |1935|1935| |Romanos_Melikian|Romanos_Melikian| , Armenian composer    |1936|1936| |Conchita_Supervía|Conchita_Supervía| , Spanish soprano and actress    |1940|1940| |Sir_John_Gilmour,_2nd_Baronet|Sir_John_Gilmour,_2Nd_Baronet|  Scottish soldier and politician,  |Secretary_of_State_for_Scotland|Secretary_Of_State_For_Scotland| |1943|1943| |Jan_Bytnar|Jan_Bytnar| , Polish lieutenant; WWII resistance fighter   1943    |Maciej_Aleksy_Dawidowski|Maciej_Aleksy_Dawidowski| , Polish sergeant; WWII resistance fighter    |1945|1945| |Béla_Balogh|Béla_Balogh| , Hungarian actor, director, and screenwriter    |1949|1949| |Friedrich_Bergius|Friedrich_Bergius| , German chemist and academic,  |Nobel_Prize|Nobel_Prize_In_Chemistry|  laureate   1949    |Dattaram_Hindlekar|Dattaram_Hindlekar| , Indian cricketer    |1950|1950| |Léon_Blum|Léon_Blum| , French lawyer and politician,  |Prime_Minister_of_France|Prime_Minister_Of_France| |1952|1952| |Jigme_Wangchuck|Jigme_Wangchuck| , Bhutanese king    |1955|1955| |Harl_McDonald|Harl_Mcdonald| , American pianist, composer, and conductor    |1956|1956| |Edmund_Clerihew_Bentley|Edmund_Clerihew_Bentley| , English author and poet    |1959|1959| |Daniil_Andreyev|Daniil_Andreyev| , Russian mystic and poet   1959    |John_Auden|John_Auden| , English solicitor, deputy coroner and a territorial soldier   1959    |Riccardo_Zanella|Riccardo_Zanella| , Italian politician    |1960|1960| |Joseph_Haas|Joseph_Haas| , German composer and educator    |1961|1961| |Philibert_Jacques_Melotte|Philibert_Jacques_Melotte| , English astronomer    |1963|1963| |Aleksandr_Gauk|Aleksandr_Gauk| , Russian conductor and composer    |1964|1964| |Nella_Larsen|Nella_Larsen| , American nurse and author    |1965|1965| |Philip_Showalter_Hench|Philip_Showalter_Hench| , American physician and academic,  |Nobel_Prize|Nobel_Prize_In_Physiology_Or_Medicine|  laureate    |1966|1966| |Newbold_Morris|Newbold_Morris| , American lawyer and politician   1966    |Maxfield_Parrish|Maxfield_Parrish| , American painter and illustrator   1966    |Erwin_Piscator|Erwin_Piscator| , German director and producer    |1967|1967| |Frank_Thorpe|Frank_Thorpe| , Australian public servant   1967    |Jean_Toomer|Jean_Toomer| , American poet and novelist    |1969|1969| |Lucien_Bianchi|Lucien_Bianchi| , Belgian racing driver    |1970|1970| |Heinrich_Brüning|Heinrich_Brüning| , German economist and politician,  |Chancellor_of_Germany|Chancellor_Of_Germany| |1972|1972| |Mahir_Çayan|Mahir_Çayan| , Turkish politician   1972    |Gabriel_Heatter|Gabriel_Heatter| , American radio commentator    |1973|1973| |Douglas_Douglas-Hamilton,_14th_Duke_of_Hamilton|Douglas_Douglas-Hamilton,_14Th_Duke_Of_Hamilton| , Scottish pilot and politician   1973    |Yves_Giraud-Cabantous|Yves_Giraud-Cabantous| , French racing driver    |1975|1975| |Peter_Bamm|Peter_Bamm| , German journalist and author    |1977|1977| |Levko_Revutsky|Levko_Revutsky| , Ukrainian composer and educator    |1978|1978| |George_Paine|George_Paine| , English cricketer and coach   1978    |Memduh_Tağmaç|Memduh_Tağmaç| , Turkish general    |1979|1979| |Airey_Neave|Airey_Neave| , English colonel, lawyer, and politician,  |Shadow_Secretary_of_State_for_Northern_Ireland|Shadow_Secretary_Of_State_For_Northern_Ireland|    1979    |Ray_Ventura|Ray_Ventura| , French pianist and bandleader    |1981|1981| |DeWitt_Wallace|Dewitt_Wallace| , American publisher, co-founded  Readers Digest     |1984|1984| |Karl_Rahner|Karl_Rahner| , German-Austrian priest and theologian    |1985|1985| |Harold_Peary|Harold_Peary| , American actor and singer    |1986|1986| |James_Cagney|James_Cagney| , American actor and dancer   1986    |John_Ciardi|John_Ciardi| , American poet and etymologist    |1988|1988| |Edgar_Faure|Edgar_Faure| , French historian and politician,  |Prime_Minister_of_France|Prime_Minister_Of_France| |1990|1990| |Harry_Bridges|Harry_Bridges| , Australian-born American activist and trade union leader    |1992|1992| |Manolis_Andronikos|Manolis_Andronikos| , Greek archaeologist and academic    |1993|1993| |S._M._Pandit|S._M._Pandit| , Indian painter    |1993|1993| |Richard_Diebenkorn|Richard_Diebenkorn| , American painter    |1995|1995| |Rozelle_Claxton|Rozelle_Claxton| , American pianist   1995    |Tony_Lock|Tony_Lock| , English-Australian cricketer and coach   1995    |Paul_A._Rothchild|Paul_A._Rothchild| , American record producer    |1996|1996| |Hugh_Falkus|Hugh_Falkus| , English pilot and author   1996    |Ryoei_Saito|Ryoei_Saito| , Japanese businessman    |2000|2000| |Rudolf_Kirchschläger|Rudolf_Kirchschläger| , Austrian judge and politician, 8th  |President_of_Austria|President_Of_Austria| |2002|2002| |Queen_Elizabeth_The_Queen_Mother|Queen_Elizabeth_The_Queen_Mother|  of the United Kingdom   2002    |Anand_Bakshi|Anand_Bakshi| , Indian poet and lyricist    |2003|2003| |Michael_Jeter|Michael_Jeter| , American actor   2003    |Valentin_Pavlov|Valentin_Pavlov| , Russian banker and politician, 11th  |Prime_Minister_of_the_Soviet_Union|Prime_Minister_Of_The_Soviet_Union| |2004|2004| |Alistair_Cooke|Alistair_Cooke| , English-American journalist and author   2004    |Hubert_Gregg|Hubert_Gregg| , English actor and director   2004    |Michael_King|Michael_King| , New Zealand historian and author   2004    |Timi_Yuro|Timi_Yuro| , American singer and songwriter    |2005|2005| |Robert_Creeley|Robert_Creeley| , American novelist, essayist, and poet   2005    |Milton_Green|Milton_Green| , American hurdler and soldier   2005    |Fred_Korematsu|Fred_Korematsu| , American political activist   2005    |O._V._Vijayan|O._V._Vijayan| , Indian author and illustrator   2005    |Mitch_Hedberg|Mitch_Hedberg| , American stand-up comedian    |2006|2006| |Red_Hickey|Red_Hickey| , American football player and coach   2006    |John_McGahern|John_Mcgahern| , Irish author and educator    |2007|2007| |John_Roberts|John_Roberts| , Canadian political scientist, academic, and politician, 46th  |Secretary_of_State_for_Canada|Secretary_Of_State_For_Canada| |2008|2008| |Roland_Fraïssé|Roland_Fraïssé| , French mathematical logician   2008    |David_Leslie|David_Leslie| , Scottish racing driver   2008    |Richard_Lloyd|Richard_Lloyd| , English racing driver   2008    |Dith_Pran|Dith_Pran| , Cambodian-American photographer and journalist    |2010|2010| |Jaime_Escalante|Jaime_Escalante| , Bolivian-American educator   2010    |Morris_R._Jeppson|Morris_R._Jeppson| , American lieutenant and physicist   2010    |Martin_Sandberger|Martin_Sandberger| , German  |SS|Ss|  officer    |2012|2012| |Janet_Anderson_Perkin|Janet_Anderson_Perkin| , Canadian baseball player and curler   2012    |Aquila_Berlas_Kiani|Aquila_Berlas_Kiani| , Indian-Canadian sociologist and academic   2012    |Francesco_Mancini|Francesco_Mancini| , Italian footballer and coach   2012    |Granville_Semmes|Granville_Semmes| , American businessman, founded  |1-800-Flowers|1-800-Flowers|    2012    |Leonid_Shebarshin|Leonid_Shebarshin| , Russian  |KGB|Kgb|  officer    |2013|2013| |Daniel_Hoffman|Daniel_Hoffman| , American poet and academic   2013    |Bobby_Parks|Bobby_Parks| , American basketball player and coach   2013    |Phil_Ramone|Phil_Ramone| , South African-American songwriter and producer, co-founded  |A_&_R_Recording|A_&_R_Recording|    2013    |Edith_Schaeffer|Edith_Schaeffer| , Chinese-Swiss religious leader and author, co-founded  |LAbri|Labri|    2013    |Bob_Turley|Bob_Turley| , American baseball player and coach    |2014|2014| |Ray_Hutchison|Ray_Hutchison| , American lawyer and politician   2014    |Kate_OMara|Kate_Omara| , English actress    |2015|2015| |Helmut_Dietl|Helmut_Dietl| , German director, producer, and screenwriter   2015    |Roger_Slifer|Roger_Slifer| , American author, illustrator, screenwriter, and producer   2015    |Ingrid_van_Houten-Groeneveld|Ingrid_Van_Houten-Groeneveld| , Dutch astronomer and academic    |2018|2018| |Bill_Maynard|Bill_Maynard| , English actor         Christian  |feast_day|Feast_Day| |Amadeus_IX,_Duke_of_Savoy|Amadeus_Ix,_Duke_Of_Savoy| |Maria_Restituta_Kafka|Maria_Restituta_Kafka| |John_Climacus|John_Climacus| |Mamertinus_of_Auxerre|Mamertinus_Of_Auxerre| |Quirinus_of_Neuss|Quirinus_Of_Neuss| |Thomas_Son_Chasuhn|Thomas_Son_Chasuhn| ,  |Marie-Nicolas-Antoine_Daveluy|Marie-Nicolas-Antoine_Daveluy| |Tola_of_Clonard|Tola_Of_Clonard| |March_30|March_30| |Hocktide|Hocktide|  can fall, while April 3 is the latest; observed on the second Monday after  |Easter|Easter_Sunday| .     |Land_Day|Land_Day| |National_Doctors_Day|National_Doctors_Day| |Spiritual_Baptist/Shouter_Liberation_Day|Spiritual_Baptist/Shouter_Liberation_Day| |School_Day_of_Non-violence_and_Peace|School_Day_Of_Non-Violence_And_Peace|.