|590|590|    Emperor  |Maurice|Maurice|  proclaims his son  |Theodosius|Theodosius|  as co-emperor of the  |Byzantine_Empire|Byzantine_Empire| .    |908|908|    Emperor  |Zhu_Wen|Zhu_Wen|  of  |Later_Liang|Later_Liang|  has  |Li_Zhu|Emperor_Ai_Of_Tang| , the last  |Tang_Dynasty|Tang_Dynasty|  emperor, poisoned.    |1027|1027| |Pope_John_XIX|Pope_John_Xix|  crowns  |Conrad_II|Conrad_Ii,_Holy_Roman_Emperor|  as  |Holy_Roman_Emperor|Holy_Roman_Emperor| .    |1169|1169| |Saladin|Saladin|  becomes the  |emir|Emir|  of  |Egypt|Egypt| .    |1344|1344|    The  |Siege_of_Algeciras|Siege_Of_Algeciras| , one of the first European military engagements where gunpowder was used, comes to an end.    |1351|1351| |Combat_of_the_Thirty|Combat_Of_The_Thirty| |Breton|Duchy_Of_Brittany|  knights call out and defeat thirty English knights.    |1484|1484| |William_Caxton|William_Caxton|  prints his translation of  Aesops Fables .    |1552|1552| |Guru_Amar_Das|Guru_Amar_Das|  becomes the Third  |Sikh_guru|Sikh_Guru| .    |1636|1636| |Utrecht_University|Utrecht_University|  is founded in the  |Netherlands|Netherlands| .    |1812|1812|    An  |earthquake|1812_Caracas_Earthquake|  devastates  |Caracas|Caracas| ,  |Venezuela|Venezuela| .   1812   A political cartoon in the  Boston Gazette  coins the term  |gerrymander|Gerrymander|  to describe oddly shaped  |electoral_districts|Electoral_District|  designed to help incumbents win reelection.    |1830|1830|    The  |Book_of_Mormon|Book_Of_Mormon|  is published in  |Palmyra,_New_York|Palmyra_,_New_York| .    |1839|1839|    The first  |Henley_Royal_Regatta|Henley_Royal_Regatta|  is held.    |1871|1871|    The elections of Commune council of the  |Paris_Commune|Paris_Commune|  are held.    |1885|1885|    The  |Métis|Métis_People|  people of the  |District_of_Saskatchewan|District_Of_Saskatchewan|  under  |Louis_Riel|Louis_Riel|  begin the  |North-West_Rebellion|North-West_Rebellion|  against  |Canada|Canada| .    |1913|1913| |First_Balkan_War|First_Balkan_War| |Bulgaria|Bulgaria| n forces  |capture|Siege_Of_Adrianople| |Adrianople|Adrianople| .    |1915|1915|    The  |Vancouver_Millionaires|Vancouver_Millionaires|  win the  |1915_Stanley_Cup_Finals|1915_Stanley_Cup_Finals| , the first championship played between the  |Pacific_Coast_Hockey_Association|Pacific_Coast_Hockey_Association|  and the  |National_Hockey_Association|National_Hockey_Association| .    |1917|1917| |World_War_I|World_War_I| |First_Battle_of_Gaza|First_Battle_Of_Gaza| |Turks|Turkish_People|  block their advance.    |1922|1922|    The  |German_Social_Democratic_Party|German_Social_Democratic_Party_Of_Poland|  is founded in Poland.    |1931|1931| |Swissair|Swissair|  is founded as the  |national_airline|National_Airline|  of  |Switzerland|Switzerland| .   1931    |Ho_Chi_Minh_Communist_Youth_Union|Ho_Chi_Minh_Communist_Youth_Union|  is founded in  |Vietnam|Vietnam| .    |1934|1934|    The  |United_Kingdom_driving_test|United_Kingdom_Driving_Test|  is introduced.    |1939|1939| |Spanish_Civil_War|Spanish_Civil_War| |Nationalists|Francoist_Spain|  begin their  |final_offensive|Final_Offensive_Of_The_Spanish_Civil_War|  of the war.    |1942|1942| |World_War_II|World_War_Ii| |Auschwitz|Auschwitz| |concentration_camp|Nazi_Concentration_Camps|  in  |German-occupied_Poland|Polish_Areas_Annexed_By_Nazi_Germany| .    |1945|1945|    World War II: The  |Battle_of_Iwo_Jima|Battle_Of_Iwo_Jima|  ends as the island is officially secured by American forces.    |1954|1954| |Nuclear_weapons_testing|Nuclear_Weapons_Testing| |Romeo_shot|Castle_Romeo|  of  |Operation_Castle|Operation_Castle|  is detonated at  |Bikini_Atoll|Bikini_Atoll| . Yield: 11 megatons.    |1958|1958|    The United States Army launches  |Explorer_3|Explorer_3| .   1958   The  |African_Regroupment_Party|African_Regroupment_Party|  is launched at a meeting in  |Paris|Paris| .    |1967|1967|    Ten thousand people gather for one of many  |Central_Park_be-ins|Central_Park_Be-Ins|  in  |New_York_City|New_York_City| .    |1970|1970| |South_Vietnam|South_Vietnam| ese President  |Nguyễn_Văn_Thiệu|Nguyễn_Văn_Thiệu|  implements a  |land_reform_program|Land_To_The_Tiller|  to solve the problem of  |land_tenancy|Tenant_Farmer| .    |1971|1971| |East_Pakistan|East_Pakistan|  declares its independence from  |Pakistan|Pakistan|  to form  |Bangladesh|Bangladesh|  and the  |Bangladesh_Liberation_War|Bangladesh_Liberation_War|  begins.    |1975|1975|    The  |Biological_Weapons_Convention|Biological_Weapons_Convention|  comes into force.    |1979|1979| |Anwar_al-Sadat|Anwar_Al-Sadat| ,  |Menachem_Begin|Menachem_Begin|  and  |Jimmy_Carter|Jimmy_Carter|  sign the  |Egypt–Israel_Peace_Treaty|Egypt–Israel_Peace_Treaty|  in Washington, D.C.    |1981|1981| |Social_Democratic_Party|Social_Democratic_Party|  is founded as a party.    |1982|1982|    A groundbreaking ceremony for the  |Vietnam_Veterans_Memorial|Vietnam_Veterans_Memorial|  is held in Washington, D.C.    |1991|1991| |Argentina|Argentina| ,  |Brazil|Brazil| ,  |Uruguay|Uruguay|  and  |Paraguay|Paraguay|  sign the  |Treaty_of_Asunción|Treaty_Of_Asunción| , establishing  |Mercosur|Mercosur| , the South Common Market.    |1997|1997|    Thirty-nine bodies are found in the  |Heavens_Gate|Heavens_Gate| |mass_suicides|Mass_Suicide| .    |1998|1998|    During the  |Algerian_Civil_War|Algerian_Civil_War| , the  |Oued_Bouaicha_massacre|Oued_Bouaicha_Massacre|  sees fifty-two people, mostly infants, killed with axes and knives.    |2005|2005|    Around 200,000 to 300,000  |Taiwan|Taiwan| ese demonstrate in  |Taipei|Taipei|  in opposition to the  |Anti-Secession_Law|Anti-Secession_Law|  of  |China|China| .    |2010|2010|    The South Korean Navy corvette Cheonan is  |torpedoed|Roks_Cheonan_Sinking| , killing 46 sailors. After an international investigation, the  |President_of_the_United_Nations_Security_Council|President_Of_The_United_Nations_Security_Council|  blames North Korea.    |2017|2017| |Russia-wide_anti-corruption_protests|2017_Russian_Protests|  in 99 cities. The  |Levada_Center|Levada_Center|  survey showed that 38% of surveyed Russians supported protests and that 67 percent held Putin personally responsible for high-level corruption.        |1031|1031| |Malcolm_III|Malcolm_Iii_Of_Scotland| , king of Scotland    |1516|1516| |Conrad_Gessner|Conrad_Gessner| , Swiss botanist and zoologist    |1554|1554| |Charles_of_Lorraine|Charles,_Duke_Of_Mayenne| , duke of Mayenne    |1584|1584| |John_II|John_Ii,_Count_Palatine_Of_Zweibrücken| , duke of Zweibrücken    |1633|1633| |Mary_Beale|Mary_Beale| , British artist    |1634|1634| |Domenico_Freschi|Domenico_Freschi| , Italian priest and composer    |1656|1656| |Nicolaas_Hartsoeker|Nicolaas_Hartsoeker| , Dutch mathematician and physicist    |1687|1687| |Sophia_Dorothea_of_Hanover|Sophia_Dorothea_Of_Hanover| , queen consort of Prussia    |1698|1698| |Prokop_Diviš|Prokop_Diviš| , Czech priest, scientist and inventor    |1749|1749| |William_Blount|William_Blount| , American politician    |1753|1753| |Benjamin_Thompson|Benjamin_Thompson| , American-French physicist and politician,  |Under-Secretary_of_State_for_the_Colonies|Under-Secretary_Of_State_For_The_Colonies| |1773|1773| |Nathaniel_Bowditch|Nathaniel_Bowditch| , American mathematician and navigator    |1794|1794| |Julius_Schnorr_von_Carolsfeld|Julius_Schnorr_Von_Carolsfeld| , German painter    |1804|1804| |David_Humphreys_Storer|David_Humphreys_Storer| , American physician and academic    |1824|1824| |Julie-Victoire_Daubié|Julie-Victoire_Daubié| , French journalist     |1829|1829| |Théodore_Aubanel|Théodore_Aubanel| , French poet    |1842|1842| |Alexandre_Saint-Yves_dAlveydre|Alexandre_Saint-Yves_Dalveydre| , French occultist    |1850|1850| |Edward_Bellamy|Edward_Bellamy| , American author, socialist, and utopian visionary    |1852|1852| |Élémir_Bourges|Élémir_Bourges| , French author    |1854|1854| |Maurice_Lecoq|Maurice_Lecoq| , French target shooter    |1856|1856| |William_Massey|William_Massey| , Irish-New Zealand farmer and politician, 19th  |Prime_Minister_of_New_Zealand|Prime_Minister_Of_New_Zealand| |1857|1857| |Théodore_Tuffier|Théodore_Tuffier| , French surgeon    |1859|1859| |A._E._Housman|A._E._Housman| , English poet and scholar   1859    |Adolf_Hurwitz|Adolf_Hurwitz| , Jewish German-Swiss mathematician and academic    |1860|1860| |André_Prévost|André_Prévost| , French tennis player    |1866|1866| |Fred_Karno|Fred_Karno| , English producer and manager    |1868|1868|    King  |Fuad_I_of_Egypt|Fuad_I_Of_Egypt| |1873|1873| |Dorothea_Bleek|Dorothea_Bleek| , South African-German anthropologist and philologist    |1874|1874| |Robert_Frost|Robert_Frost| , American poet and playwright    |1875|1875| |Max_Abraham|Max_Abraham| , Polish-German physicist and academic   1875    |Syngman_Rhee|Syngman_Rhee| , South Korean journalist and politician, 1st  |President_of_South_Korea|President_Of_South_Korea| |1876|1876| |William_of_Wied|William,_Prince_Of_Albania| , prince of Albania   1876    |Kate_Richards_OHare|Kate_Richards_Ohare| , American Socialist Party activist and editor    |1879|1879| |Othmar_Ammann|Othmar_Ammann| , Swiss-American engineer, designed the  |George_Washington_Bridge|George_Washington_Bridge|  and  |Verrazzano-Narrows_Bridge|Verrazzano-Narrows_Bridge|    1879    |Waldemar_Tietgens|Waldemar_Tietgens| , German rower    |1881|1881| |Guccio_Gucci|Guccio_Gucci| , Italian fashion designer, founded  |Gucci|Gucci| |1882|1882| |Hermann_Obrecht|Hermann_Obrecht| , Swiss politician    |1884|1884| |Wilhelm_Backhaus|Wilhelm_Backhaus| , German pianist and educator   1884    |Georges_Imbert|Georges_Imbert| , French chemical engineer and inventor    |1886|1886| |Hugh_Mulzac|Hugh_Mulzac| , Vincentian-American soldier and politician    |1888|1888| |Elsa_Brändström|Elsa_Brändström| , Swedish nurse and philanthropist    |1893|1893| |James_Bryant_Conant|James_Bryant_Conant| , American chemist, academic, and diplomat, 1st  |United_States_Ambassador_to_West_Germany|United_States_Ambassador_To_West_Germany|    1893    |Palmiro_Togliatti|Palmiro_Togliatti| , Italian journalist and politician,  |Italian_Minister_of_Justice|Italian_Minister_Of_Justice| |1894|1894| |Viorica_Ursuleac|Viorica_Ursuleac| , Ukrainian-Romanian soprano and actress   1895    |Vilho_Tuulos|Vilho_Tuulos| , Finnish triple jumper    |1898|1898| |Rudolf_Dassler|Rudolf_Dassler| , German businessman, founded  |Puma_SE|Puma_Se|    1898    |Charles_Shadwell|Charles_Shadwell| , English conductor and bandleader    |1900|1900| |Angela_Maria_Autsch|Angela_Maria_Autsch| , German nun, died in Auschwitz helping Jewish prisoners     |1904|1904| |Joseph_Campbell|Joseph_Campbell| , American mythologist and author   1904    |Emilio_Fernández|Emilio_Fernández| , Mexican actor, director, and screenwriter   1904    |Attilio_Ferraris|Attilio_Ferraris| , Italian footballer    |1905|1905| |Monty_Berman|Monty_Berman| , English cinematographer and producer   1905    |André_Cluytens|André_Cluytens| , Belgian-French conductor and director   1905    |Viktor_Frankl|Viktor_Frankl| , Austrian neurologist and psychiatrist    |1906|1906| |Rafael_Méndez|Rafael_Méndez| , Mexican trumpet player and composer    |1907|1907| |Azellus_Denis|Azellus_Denis| , Canadian lawyer and politician,  |Postmaster_General_of_Canada|Postmaster_General_Of_Canada|    1907    |Mahadevi_Varma|Mahadevi_Varma| , Indian poet and activist    |1908|1908| |Franz_Stangl|Franz_Stangl| , Austrian-German  |SS|Ss|  officer    |1909|1909| |Chips_Rafferty|Chips_Rafferty| , Australian actor    |1910|1910| |K._W._Devanayagam|K._W._Devanayagam| , Sri Lankan lawyer and politician, 10th  |Sri_Lankan_Minister_of_Justice|Minister_Of_Justice| |1911|1911| |Lennart_Atterwall|Lennart_Atterwall| , Swedish javelin thrower   1911    |J._L._Austin|J._L._Austin| , English philosopher and academic   1911    |Bernard_Katz|Bernard_Katz| , German-English biophysicist,  |Nobel_Prize|Nobel_Prize_In_Physiology_Or_Medicine|  laureate   1911    |Tennessee_Williams|Tennessee_Williams| , American playwright, and poet    |1913|1913| |Jacqueline_de_Romilly|Jacqueline_De_Romilly| , Jewish  |Franco|France| - |Greek|Greece|  philologist, author, and scholar   1913    |Paul_Erdős|Paul_Erdős| , Hungarian-Polish mathematician and academic    |1914|1914| |Toru_Kumon|Toru_Kumon| , Japanese mathematician and academic   1914    |William_Westmoreland|William_Westmoreland| , American general    |1915|1915| |Lennart_Strandberg|Lennart_Strandberg| , Swedish sprinter   1915    |Hwang_Sun-won|Hwang_Sun-Won| , North Korean author and poet    |1916|1916| |Christian_B._Anfinsen|Christian_B._Anfinsen| , American biochemist and academic,  |Nobel_Prize|Nobel_Prize_In_Chemistry|  laureate   1916    |Bill_Edrich|Bill_Edrich| , English cricketer and footballer   1916    |Sterling_Hayden|Sterling_Hayden| , American actor and author    |1917|1917| |Rufus_Thomas|Rufus_Thomas| , American R & B singer-songwriter    |1919|1919| |Strother_Martin|Strother_Martin| , American actor    |1919|1919| |Roger_Leger|Roger_Leger| , Canadian ice hockey player    |1920|1920| |Sergio_Livingstone|Sergio_Livingstone| , Chilean footballer and journalist    |1922|1922| |William_Milliken|William_Milliken| , American politician, 44th  |Governor_of_Michigan|Governor_Of_Michigan| |Oscar_Sala|Oscar_Sala| , Italian-Brazilian physicist and academic   1922    |Guido_Stampacchia|Guido_Stampacchia| , Italian mathematician and academic    |1923|1923| |Gert_Bastian|Gert_Bastian| , German general and politician   1923    |Bob_Elliott|Bob_Elliott| , American comedian, actor, and screenwriter    |1925|1925| |Maqsood_Ahmed|Maqsood_Ahmed| , Pakistani cricketer   1925    |Pierre_Boulez|Pierre_Boulez| , French pianist, composer, and conductor   1925    |Vesta_Roy|Vesta_Roy| , American politician,  |Governor_of_New_Hampshire|Governor_Of_New_Hampshire|    1925    |Edward_Graham,_Baron_Graham_of_Edmonton|Edward_Graham,_Baron_Graham_Of_Edmonton| , English soldier and politician   1925    |Ben_Mondor|Ben_Mondor| , Canadian-American businessman   1925    |James_Moody|James_Moody| , American saxophonist and composer    |1927|1927| |Harold_Chapman|Harold_Chapman| , English photographer    |1929|1929| |Edward_Sorel|Edward_Sorel| , American illustrator and caricaturist   1929    |Edwin_Turney|Edwin_Turney| , American businessman, co-founded  |Advanced_Micro_Devices|Advanced_Micro_Devices| |1930|1930| |Sandra_Day_OConnor|Sandra_Day_Oconnor| , American lawyer and jurist   1930    |Gregory_Corso|Gregory_Corso| , American poet    |1931|1931| |Leonard_Nimoy|Leonard_Nimoy| , American actor    |1932|1932| |Leroy_Griffith|Leroy_Griffith| , American businessman   1932    |James_Andrew_Harris|James_Andrew_Harris| , American chemist and academic    |1933|1933| |Tinto_Brass|Tinto_Brass| , Italian director and screenwriter    |1934|1934| |Alan_Arkin|Alan_Arkin| , American actor    |1934|1934| |Edvaldo_Alves_de_Santa_Rosa|Edvaldo_Alves_De_Santa_Rosa| , Brazilian footballer    |1935|1935| |Mahmoud_Abbas|Mahmoud_Abbas| , Palestinian politician, 2nd  |President_of_the_State_of_Palestine|President_Of_The_State_Of_Palestine| |1937|1937| |Wayne_Embry|Wayne_Embry| , American basketball player and manager   1937    |Barbara_Jones|Barbara_Jones| , American sprinter   1937    |James_Lee|James_Lee| , Canadian businessman and politician, 26th  |Premier_of_Prince_Edward_Island|Premier_Of_Prince_Edward_Island| |1938|1938| |Norman_Ackroyd|Norman_Ackroyd| , English painter and illustrator   1938    |Anthony_James_Leggett|Anthony_James_Leggett| , English-American physicist and academic,  |Nobel_Prize|Nobel_Prize_In_Physics|  laureate    |1940|1940| |James_Caan|James_Caan| , American actor and singer   1940    |Nancy_Pelosi|Nancy_Pelosi| , American lawyer and politician, 60th  |Speaker_of_the_United_States_House_of_Representatives|Speaker_Of_The_United_States_House_Of_Representatives| |1941|1941| |Richard_Dawkins|Richard_Dawkins| , Kenyan-English ethologist, biologist, and academic   1941    |Lella_Lombardi|Lella_Lombardi| , Italian racing driver    |1942|1942| |Erica_Jong|Erica_Jong| , American novelist and poet    |1943|1943| |Mustafa_Kalemli|Mustafa_Kalemli| , Turkish physician and politician,  |Turkish_Minister_of_the_Interior|Ministry_Of_The_Interior| |Bob_Woodward|Bob_Woodward| , American journalist and author    |1944|1944| |Diana_Ross|Diana_Ross| , American singer-songwriter, producer, and actress    |1945|1945| |Paul_Bérenger|Paul_Bérenger| , Mauritian politician,  |Prime_Minister_of_Mauritius|Prime_Minister_Of_Mauritius| |Mikhail_Voronin|Mikhail_Voronin| , Russian gymnast and coach    |1946|1946| |Johnny_Crawford|Johnny_Crawford| , American actor and singer   1946    |Alain_Madelin|Alain_Madelin| , French politician,  |French_Minister_of_Finance|List_Of_Finance_Ministers_Of_France| |1947|1947| |Subhash_Kak|Subhash_Kak| , Indian-American professor and author   1947    |John_Rowles|John_Rowles| , New Zealand-Australian singer-songwriter    |1948|1948| |Kyung-wha_Chung|Kyung-Wha_Chung| , South Korean violinist and educator   1948    |Richard_Tandy|Richard_Tandy| , English pianist and keyboard player    1948    |Steven_Tyler|Steven_Tyler| , American singer-songwriter and actor    |1949|1949| |Jon_English|Jon_English| , English-Australian singer-songwriter and actor   1949    |Rudi_Koertzen|Rudi_Koertzen| , South African cricketer and umpire   1949    |Vicki_Lawrence|Vicki_Lawrence| , American actress, comedian, talk show host, and singer   1949    |Fran_Sheehan|Fran_Sheehan| , American bass player   1949    |Patrick_Süskind|Patrick_Süskind| , German author and screenwriter   1949    |Ernest_Lee_Thomas|Ernest_Lee_Thomas| , American actor    |1950|1950| |Teddy_Pendergrass|Teddy_Pendergrass| , American singer-songwriter   1950    |Graham_Barlow|Graham_Barlow| , English cricketer   1950    |Martin_Short|Martin_Short| , Canadian-American actor, screenwriter, and producer   1950    |Alan_Silvestri|Alan_Silvestri| , American composer and conductor    |1951|1951| |Željko_Pavličević|Željko_Pavličević| , Croatian professional basketball coach and former professional player   1951    |Carl_Wieman|Carl_Wieman| , American physicist and academic,  |Nobel_Prize|Nobel_Prize_In_Physics|  laureate    |1952|1952| |Didier_Pironi|Didier_Pironi| , French race car driver   1952    |T._A._Barron|T._A._Barron| , American novelist    |1953|1953| |Lincoln_Chafee|Lincoln_Chafee| , American academic and politician, 74th  |Governor_of_Rhode_Island|Governor_Of_Rhode_Island| |Elaine_Chao|Elaine_Chao| , Taiwanese-American banker and politician, 24th  |United_States_Secretary_of_Labor|United_States_Secretary_Of_Labor| |Tatyana_Providokhina|Tatyana_Providokhina| , Russian runner    |1954|1954| |Clive_Palmer|Clive_Palmer| , Australian businessman and politician   1954    |Curtis_Sliwa|Curtis_Sliwa| , American talk show host and activist, founded  |Guardian_Angels|Guardian_Angels| |Dorothy_Porter|Dorothy_Porter| , Australian poet and playwright    |1956|1956| |Charly_McClain|Charly_Mcclain| , American country singer    |1956|1956| |Park_Won-soon|Park_Won-Soon| , South Korean lawyer and politician, 35th  |Mayor_of_Seoul|Mayor_Of_Seoul| |1957|1957| |Fiona_Bruce|Fiona_Bruce| , Scottish lawyer and politician   1957    |Leeza_Gibbons|Leeza_Gibbons| , American talk show host and television personality   1957    |Paul_Morley|Paul_Morley| , English journalist, producer, and author   1957    |Shirin_Neshat|Shirin_Neshat| , Iranian visual artist    |1958|1958| |Elio_de_Angelis|Elio_De_Angelis| , Italian race car driver    |1960|1960| |Marcus_Allen|Marcus_Allen| , American football player and sportscaster   1960    |Jennifer_Grey|Jennifer_Grey| , American actress and dancer   1960    |Graeme_Rutjes|Graeme_Rutjes| , Australian-Dutch footballer    |1961|1961| |William_Hague|William_Hague| , English historian and politician,  |First_Secretary_of_State|First_Secretary_Of_State| |1962|1962| |Richard_Coles|Richard_Coles| , English pianist, saxophonist, and priest   1962    |Kevin_Seitzer|Kevin_Seitzer| , American baseball player and coach   1962    |Yuri_Gidzenko|Yuri_Gidzenko| , Russian pilot and cosmonaut   1962    |John_Stockton|John_Stockton| , American basketball player and coach   1962    |Eric_Allan_Kramer|Eric_Allan_Kramer| , American-Canadian actor    |1963|1963| |Natsuhiko_Kyogoku|Natsuhiko_Kyogoku| , Japanese author    |1964|1964| |Martin_Bella|Martin_Bella| , Australian rugby league player   1964    |Martin_Donnelly|Martin_Donnelly| , Irish race car driver   1964    |Maria_Miller|Maria_Miller| , English businessman and politician,  |Secretary_of_State_for_Culture,_Media_and_Sport|Secretary_Of_State_For_Culture,_Media_And_Sport| |Ulf_Samuelsson|Ulf_Samuelsson| , Swedish-American ice hockey player and coach    |1965|1965| |Trey_Azagthoth|Trey_Azagthoth| , American guitarist, songwriter, and producer   1965    |Violeta_Szekely|Violeta_Szekely| , Romanian runner    |1966|1966| |Lilian_Greenwood|Lilian_Greenwood| , English politician   1966    |Michael_Imperioli|Michael_Imperioli| , American actor and screenwriter   1966    |Nick_Wirth|Nick_Wirth| , English engineer, founded  |Wirth_Research|Wirth_Research| |1967|1967| |Jason_Chaffetz|Jason_Chaffetz| , American politician    |1968|1968| |Laurent_Brochard|Laurent_Brochard| , French cyclist   1968    |Kenny_Chesney|Kenny_Chesney| , American singer-songwriter and guitarist   1968    |James_Iha|James_Iha| , American guitarist and songwriter    |1969|1969| |Alessandro_Moscardi|Alessandro_Moscardi| , Italian rugby player    |1970|1970| |Paul_Bosvelt|Paul_Bosvelt| , Dutch footballer   1970    |Jelle_Goes|Jelle_Goes| , Dutch footballer and coach   1970    |Thomas_Kyparissis|Thomas_Kyparissis| , Greek footballer   1970    |Martin_McDonagh|Martin_Mcdonagh| , English-born Irish playwright, screenwriter, and director    |1971|1971| |Behzad_Ghorbani|Behzad_Ghorbani| , Iranian zoologist   1971    |Martyn_Day|Martyn_Day| , Scottish politician   1971    |Erick_Morillo|Erick_Morillo| , Colombian-American DJ and producer   1971    |Rennae_Stubbs|Rennae_Stubbs| , Australian tennis player and sportscaster   1971    |Paul_Williams|Paul_Williams| , English footballer and manager    |1972|1972| |Leslie_Mann|Leslie_Mann| , American actress   1972    |Jason_Maxwell|Jason_Maxwell| , American baseball player    |1973|1973| |Larry_Page|Larry_Page| , American computer scientist and businessman, co-founder of  |Google|Google| |1973|1973| |T._R._Knight|T._R._Knight| , American actor   1973    |Matt_Burke|Matt_Burke| , Australian rugby player and sportscaster    |1974|1974| |Irina_Spîrlea|Irina_Spîrlea| , Romanian tennis player   1974    |Vadimas_Petrenko|Vadimas_Petrenko| , Lithuanian footballer   1974    |Michael_Peca|Michael_Peca| , Canadian ice hockey player and coach    |1976|1976| |Alex_Varas|Alex_Varas| , Chilean footballer   1976    |Amy_Smart|Amy_Smart| , American actress and former model    |1977|1977| |Kevin_Davies|Kevin_Davies| , English footballer   1977    |Bianca_Kajlich|Bianca_Kajlich| , American actress   1977    |Sylvain_Grenier|Sylvain_Grenier| , Canadian wrestler    |1978|1978| |Anastasia_Kostaki|Anastasia_Kostaki| , Greek basketball player    |1979|1979| |Nacho_Novo|Nacho_Novo| , Spanish footballer   1979    |Ben_Blair|Ben_Blair| , New Zealand rugby union footballer   1979    |Hiromi_Uehara|Hiromi_Uehara| , Japanese pianist and composer   1979    |Pierre_Womé|Pierre_Womé| , Cameroonian footballer   1979    |Juliana_Paes|Juliana_Paes| , Brazilian actress    |1980|1980| |Margaret_Brennan|Margaret_Brennan| , American journalist   1980    |Son_Ho-young|Son_Ho-Young| , South Korean singer   1980    |Richie_Wellens|Richie_Wellens| , English footballer    |1981|1981| |Sébastien_Centomo|Sébastien_Centomo| , Canadian ice hockey player   1981    |Baruch_Dego|Baruch_Dego| , Ethiopian-Israeli footballer   1981    |Massimo_Donati|Massimo_Donati| , Italian footballer   1981    |Josh_Wilson|Josh_Wilson| , American baseball player    |1982|1982| |Mikel_Arteta|Mikel_Arteta| , Spanish footballer   1982    |Brendan_Ryan|Brendan_Ryan| , American baseball player   1982    |Nate_Kaeding|Nate_Kaeding| , American football player    |1983|1983| |Andreas_Hinkel|Andreas_Hinkel| , German footballer   1983    |Floriana_Lima|Floriana_Lima| , American actress   1983    |Roman_Bednář|Roman_Bednář| , Czech footballer   1983    |Mike_Mondo|Mike_Mondo| , American wrestler    |1984|1984| |Jimmy_Howard|Jimmy_Howard| , American ice hockey player   1984    |Drew_Mitchell|Drew_Mitchell| , Australian rugby player   1984    |Felix_Neureuther|Felix_Neureuther| , German skier   1984    |Marco_Stier|Marco_Stier| , German footballer   1984    |Gregory_Strydom|Gregory_Strydom| , Zimbabwean cricketer   1984    |Sara_Jean_Underwood|Sara_Jean_Underwood| , American model, television host, and actress    |1985|1985| |Keira_Knightley|Keira_Knightley| , English actress   1985    |Matt_Grevers|Matt_Grevers| , American swimmer   1985    |Jonathan_Groff|Jonathan_Groff| , American actor and singer   1985    |Prosper_Utseya|Prosper_Utseya| , Zimbabwean cricketer    |1986|1986| |Maxime_Biset|Maxime_Biset| , Belgian footballer   1986    |Rob_Kearney|Rob_Kearney| , Irish rugby player   1986    |Emma_Laine|Emma_Laine| , Finnish tennis player    |1987|1987| |Kim_Dong-suk|Kim_Dong-Suk| , South Korean footballer   1987    |Jermichael_Finley|Jermichael_Finley| , American football player   1987    |Steven_Fletcher|Steven_Fletcher| , Scottish footballer    |1989|1989| |Simon_Kjær|Simon_Kjær| , Danish footballer   1989    |Von_Miller|Von_Miller| , American football player    |1990|1990| |Choi_Woo-shik|Choi_Woo-Shik| , South Korean actor   1990    |Patrick_Ekeng|Patrick_Ekeng| , Cameroonian footballer   1990    |Yuya_Takaki|Yuya_Takaki| , Japanese idol, singer, dancer, model and actor   1990    |Xiumin|Xiumin| , South Korean singer and actor, member of South Korean boy band  |EXO|Exo| |1991|1991| |Matt_Davidson|Matt_Davidson| , American baseball player    |1992|1992| |Nina_Agdal|Nina_Agdal| , Danish model   1992    |Stoffel_Vandoorne|Stoffel_Vandoorne| , Belgian race car driver    |1994|1994| |Jed_Wallace|Jed_Wallace| , English footballer    |1996|1996| |Zane_Musgrove|Zane_Musgrove| , New Zealand rugby league player   1996    |Kathryn_Bernardo|Kathryn_Bernardo| , Filipino actress    |1998|1998| |Satoko_Miyahara|Satoko_Miyahara| , Japanese figure skater    |2003|2003| |Bhad_Bhabie|Danielle_Bregoli| , American rapper and social media personality    |2005|2005| |Ella_Anderson|Ella_Anderson| , American actress          |752|752| |Pope-elect_Stephen|Pope-Elect_Stephen| |809|809| |Ludger|Ludger| , Frisian  |missionary|Missionary| |903|903| |Sugawara_no_Michizane|Sugawara_No_Michizane| , Japanese poet    |908|908| |Ai|Emperor_Ai_Of_Tang| , emperor of the  |Tang_Dynasty|Tang_Dynasty| |922|922| |Mansur_Al-Hallaj|Mansur_Al-Hallaj| , Persian mystic and poet    |929|929| |Wang_Du|Wang_Du| , Chinese  |warlord|Warlord|  and governor     |973|973| |Guntram|Guntram_The_Rich|  , Frankish  |nobleman|Nobility| |983|983| |Adud_al-Dawla|Adud_Al-Dawla| , Iranian ruler    |1091|1091| |Wallada_bint_al-Mustakfi|Wallada_Bint_Al-Mustakfi| , Andalusian poet     |1130|1130| |Sigurd_the_Crusader|Sigurd_The_Crusader| , Norwegian king    |1132|1132| |Geoffrey_of_Vendôme|Geoffrey_Of_Vendôme| , French cardinal and theologian    |1212|1212| |Sancho_I_of_Portugal|Sancho_I_Of_Portugal| |1242|1242| |William_de_Forz,_3rd_Earl_of_Albemarle|William_De_Forz,_3Rd_Earl_Of_Albemarle| |1324|1324| |Marie_de_Luxembourg,_Queen_of_France|Marie_De_Luxembourg,_Queen_Of_France| |1326|1326| |Alessandra_Giliani|Alessandra_Giliani| , anatomist    |1402|1402| |David_Stewart,_Duke_of_Rothesay|David_Stewart,_Duke_Of_Rothesay| , heir to the throne of Scotland    |1437|1437| |Walter_Stewart,_Earl_of_Atholl|Walter_Stewart,_Earl_Of_Atholl| , Scottish nobleman and regicide    |1517|1517| |Heinrich_Isaac|Heinrich_Isaac| , Flemish composer    |1535|1535| |Georg_Tannstetter|Georg_Tannstetter| , Austrian mathematician, astronomer, and cartographer    |1546|1546| |Thomas_Elyot|Thomas_Elyot| , English scholar and diplomat    |1566|1566| |Antonio_de_Cabezón|Antonio_De_Cabezón| , Spanish organist and composer    |1625|1625| |Giambattista_Marini|Giambattista_Marini| , Italian poet    |1649|1649| |John_Winthrop|John_Winthrop| , English lawyer and politician, 2nd  |Governor_of_the_Massachusetts_Bay_Colony|Governor_Of_The_Massachusetts_Bay_Colony| |1679|1679| |Johannes_Schefferus|Johannes_Schefferus| , Swedish historian and author    |1697|1697| |Godfrey_McCulloch|Godfrey_Mcculloch| , Scottish politician    |1726|1726| |John_Vanbrugh|John_Vanbrugh| , English playwright and architect, designed  |Blenheim_Palace|Blenheim_Palace|  and  |Castle_Howard|Castle_Howard| |1772|1772| |Charles_Pinot_Duclos|Charles_Pinot_Duclos| , French author and politician    |1776|1776| |Samuel_Ward|Samuel_Ward| , American jurist and politician, 31st  |Governor_of_the_Colony_of_Rhode_Island|List_Of_Colonial_Governors_Of_Rhode_Island| |1780|1780| |Charles_I,_Duke_of_Brunswick-Wolfenbüttel|Charles_I,_Duke_Of_Brunswick-Wolfenbüttel| |1793|1793| |John_Mudge|John_Mudge| , English physician and engineer    |1797|1797| |James_Hutton|James_Hutton| , Scottish geologist and physician    |1814|1814| |Joseph-Ignace_Guillotin|Joseph-Ignace_Guillotin| , French physician and politician    |1827|1827| |Ludwig_van_Beethoven|Ludwig_Van_Beethoven| , German pianist and composer    |1858|1858| |John_Addison_Thomas|John_Addison_Thomas| , American lieutenant, engineer, and politician, 3rd  |United_States_Assistant_Secretary_of_State|United_States_Assistant_Secretary_Of_State| |1862|1862| |Uriah_P._Levy|Uriah_P._Levy| , American commander    |1881|1881| |Roman_Sanguszko|Roman_Sanguszko| , Polish general and activist    |1885|1885| |Anson_Stager|Anson_Stager| , American general and businessman, co-founded  |Western_Union|Western_Union| |1888|1888| |Barghash_bin_Said_of_Zanzibar|Barghash_Bin_Said_Of_Zanzibar| |1892|1892| |Walt_Whitman|Walt_Whitman| , American poet, essayist, and journalist    |1902|1902| |Cecil_Rhodes|Cecil_Rhodes| , English-South African colonialist, businessman and politician, 6th  |Prime_Minister_of_the_Cape_Colony|Prime_Minister_Of_The_Cape_Colony| |1905|1905| |Maurice_Barrymore|Maurice_Barrymore| , American actor    |1910|1910| |Auguste_Charlois|Auguste_Charlois| , French astronomer    |1920|1920| |William_Chester_Minor|William_Chester_Minor| , American surgeon and lexicographer    |1923|1923| |Sarah_Bernhardt|Sarah_Bernhardt| , French actress and screenwriter    |1926|1926| |Constantin_Fehrenbach|Constantin_Fehrenbach| , German lawyer and politician,  |Chancellor_of_Germany|Chancellor_Of_Germany| |1932|1932| |Henry_M._Leland|Henry_M._Leland| , American machinist, inventor, engineer, automotive entrepreneur and founded of  |Cadillac|Cadillac|  and  |Lincoln|Lincoln| |1934|1934| |John_Biller|John_Biller| , American jumper and discus thrower    |1940|1940| |Wilhelm_Anderson|Wilhelm_Anderson| , German-Estonian astrophysicist   1940    |Spyridon_Louis|Spyridon_Louis| , Greek runner    |1942|1942| |Jimmy_Burke|Jimmy_Burke| , American baseball player and manager    |1945|1945| |David_Lloyd_George|David_Lloyd_George| , English-Welsh lawyer and politician,  |Prime_Minister_of_the_United_Kingdom|Prime_Minister_Of_The_United_Kingdom| |1951|1951| |James_F._Hinkle|James_F._Hinkle| , American banker and politician, 6th  |Governor_of_New_Mexico|Governor_Of_New_Mexico| |1954|1954| |Charles_Perrin|Charles_Perrin| , French rower    |1957|1957| |Édouard_Herriot|Édouard_Herriot| , French politician,  |Prime_Minister_of_France|Prime_Minister_Of_France| |1958|1958| |Phil_Mead|Phil_Mead| , English cricketer and footballer    |1959|1959| |Raymond_Chandler|Raymond_Chandler| , American crime novelist and screenwriter    |1966|1966| |Victor_Hochepied|Victor_Hochepied| , French swimmer    |1969|1969| |John_Kennedy_Toole|John_Kennedy_Toole| , American novelist    |1973|1973| |Noël_Coward|Noël_Coward| , English playwright, actor, and composer   1973    |Johnny_Drake|Johnny_Drake| , American football player    |1979|1979| |Beauford_Delaney|Beauford_Delaney| , American-French painter   1979    |Jean_Stafford|Jean_Stafford| , American author and academic    |1980|1980| |Roland_Barthes|Roland_Barthes| , French linguist and critic    |1983|1983| |Anthony_Blunt|Anthony_Blunt| , English historian and spy    |1984|1984| |Ahmed_Sékou_Touré|Ahmed_Sékou_Touré| , Guinean politician, 1st  |President_of_Guinea|President_Of_Guinea| |1987|1987| |Eugen_Jochum|Eugen_Jochum| , German conductor   1987    |Walter_Abel|Walter_Abel| , American actor    |1990|1990| |Halston|Halston| , American fashion designer    |1992|1992| |Barbara_Frum|Barbara_Frum| , American-Canadian journalist and radio host    |1993|1993| |Louis_Falco|Louis_Falco| , American dancer and choreographer    |1995|1995| |Eazy-E|Eazy-E| , American rapper and producer    |1996|1996| |Edmund_Muskie|Edmund_Muskie| , American lieutenant, lawyer, and politician, 58th  |United_States_Secretary_of_State|United_States_Secretary_Of_State|    1996    |David_Packard|David_Packard| , American engineer and businessman, co-founded  |Hewlett-Packard|Hewlett-Packard| |2000|2000| |Alex_Comfort|Alex_Comfort| , English physician and author    |2002|2002| |Randy_Castillo|Randy_Castillo| , American drummer and songwriter    |2003|2003| |Daniel_Patrick_Moynihan|Daniel_Patrick_Moynihan| , American sociologist and politician, 12th  |United_States_Ambassador_to_the_United_Nations|United_States_Ambassador_To_The_United_Nations| |2004|2004| |Jan_Sterling|Jan_Sterling| , American actress    |2005|2005| |James_Callaghan|James_Callaghan| , English lieutenant and politician,  |Prime_Minister_of_the_United_Kingdom|Prime_Minister_Of_The_United_Kingdom|    2005    |Frederick_Rotimi_Williams|Frederick_Rotimi_Williams| , Nigerian lawyer and politician    |2006|2006| |Anil_Biswas|Anil_Biswas| , Indian journalist and politician   2006    |Paul_Dana|Paul_Dana| , American race car driver   2006    |Nikki_Sudden|Nikki_Sudden| , English singer-songwriter and guitarist    |2008|2008| |Robert_Fagles|Robert_Fagles| , American poet and academic   2008    |Manuel_Marulanda|Manuel_Marulanda| , Colombian rebel leader    |2009|2009| |Shane_McConkey|Shane_Mcconkey| , Canadian skier and  |BASE|Base_Jumping|  jumper   2009    |Arne_Bendiksen|Arne_Bendiksen| , Norwegian singer and composer    |2010|2010| |Charles_Ryskamp|Charles_Ryskamp| , American art collector and curator    |2011|2011| |Roger_Abbott|Roger_Abbott| , English-Canadian actor, producer, and screenwriter   2011    |Geraldine_Ferraro|Geraldine_Ferraro| , American lawyer and politician   2011    |Diana_Wynne_Jones|Diana_Wynne_Jones| , English author    |2012|2012| |Sisto_Averno|Sisto_Averno| , American football player   2012    |Michael_Begley|Michael_Begley| , Irish carpenter and politician   2012    |Thomas_M._Cover|Thomas_M._Cover| , American theorist and academic   2012    |David_Craighead|David_Craighead| , American organist and educator   2012    |Manik_Godghate|Manik_Godghate| , Indian poet and educator   2012    |Helmer_Ringgren|Helmer_Ringgren| , Swedish theologian and academic    |2013|2013| |Tom_Boerwinkle|Tom_Boerwinkle| , American basketball player and sportscaster   2013    |Krzysztof_Kozłowski|Krzysztof_Kozłowski| , Polish journalist and politician,  |Polish_Minister_of_Interior|Ministry_Of_Interior_And_Administration|    2013    |Dave_Leggett|Dave_Leggett| , American baseball player   2013    |Don_Payne|Don_Payne| , American screenwriter and producer    |2014|2014| |Roger_Birkman|Roger_Birkman| , American psychologist and author   2014    |Dick_Guidry|Dick_Guidry| , American businessman and politician   2014    |Marcus_Kimball,_Baron_Kimball|Marcus_Kimball,_Baron_Kimball| , English politician    |2015|2015| |Dinkha_IV|Dinkha_Iv| , Iraqi patriarch   2015    |Friedrich_L._Bauer|Friedrich_L._Bauer| , German mathematician, computer scientist, and academic   2015    |Tomas_Tranströmer|Tomas_Tranströmer| , Swedish poet, translator, and psychologist  |Nobel_Prize|Nobel_Prize_In_Literature|  laureate    |2016|2016| |Jim_Harrison|Jim_Harrison| , American novelist, essayist, and poet    |2018|2018| |Fabrizio_Frizzi|Fabrizio_Frizzi| , Italian television presenter         Christian  |feast_days|Feast_Day| :    |Castulus|Castulus| |Emmanuel_and_companions|Saint_Emmanuel| |Felicitas|Felicitas_Of_Padua| |Harriet_Monsell|Harriet_Monsell| |Larissa|Saint_Larissa| |Ludger|Ludger| |Richard_Allen|Richard_Allen| |March_26|March_26| |Independence_Day_and_National_Day|Independence_Day|  , celebrates the declaration of independence from  |Pakistan|Pakistan|  in 1971.    |Martyrs_Day_or_Day_of_Democracy|Public_Holidays_In_Mali| |Prince_Kūhiō_Day|Prince_Kūhiō_Day| |Purple_Day|Purple_Day| |Synaxis|Synaxis|  of the  |Archangel_Gabriel|Archangel_Gabriel|  .