|AD_51|Ad_51| |Nero|Nero| , later to become  |Roman_emperor|Roman_Emperor| , is given the title  princeps iuventutis  .    |306|306| |Martyrdom|Martyrdom|  of Saint  |Adrian_of_Nicomedia|Adrian_Of_Nicomedia| .    |852|852|    Croatian  |Knez|Knez| |Trpimir_I|Trpimir_I_Of_Croatia|  issues a  |statute|Statute| , a document with the first known written mention of the  |Croats|Croats|  name in Croatian sources.    |938|938|    Translation of the  |relics|Relic|  of  |martyr|Martyr| |Wenceslaus_I,_Duke_of_Bohemia|Wenceslaus_I,_Duke_Of_Bohemia| , Prince of the  |Czechs|Czechs| .    |1152|1152| |Frederick_I_Barbarossa|Frederick_I,_Holy_Roman_Emperor|  is elected  |King_of_Germany|King_Of_Germany| .    |1238|1238|    The  |Battle_of_the_Sit_River|Battle_Of_The_Sit_River|  is fought in the northern part of the present-day  |Yaroslavl_Oblast|Yaroslavl_Oblast|  of Russia between the  |Mongol_hordes|Mongol_Horde|  of  |Batu_Khan|Batu_Khan|  and the Russians under  |Yuri_II|Yuri_Ii|  of  |Vladimir-Suzdal|Vladimir-Suzdal|  during the  |Mongol_invasion_of_Rus|Mongol_Invasion_Of_Rus| .    |1351|1351| |Ramathibodi|Ramathibodi_I|  becomes  |King_of_Siam|Monarchy_Of_Thailand| .    |1386|1386| |Władysław_II_Jagiełło|Władysław_Ii_Jagiełło|  is crowned  |King_of_Poland|King_Of_Poland| .    |1461|1461| |Wars_of_the_Roses|Wars_Of_The_Roses|  in England:  |Lancastrian|House_Of_Lancaster| |King_Henry_VI|Henry_Vi_Of_England|  is deposed by his  |House_of_York|House_Of_York|  cousin, who then becomes  |King_Edward_IV|Edward_Iv_Of_England| .    |1493|1493|    Explorer  |Christopher_Columbus|Christopher_Columbus|  arrives back in  |Lisbon|Lisbon| , Portugal, aboard his ship  Niña  from  |his_voyage|Voyages_Of_Christopher_Columbusfirst_Voyage|  to what are now  |The_Bahamas|The_Bahamas|  and other islands in the  |Caribbean|Caribbean| .    |1519|1519| |Hernán_Cortés|Hernán_Cortés|  arrives in Mexico in search of the  |Aztec|Aztec|  civilization and its wealth.    |1628|1628|    The  |Massachusetts_Bay_Colony|Massachusetts_Bay_Colony|  is granted a  |Royal_charter|Royal_Charter| .    |1665|1665|    English King  |Charles_II|Charles_Ii_Of_England|  declares war on the Netherlands marking the start of the  |Second_Anglo-Dutch_War|Second_Anglo-Dutch_War| .    |1675|1675| |John_Flamsteed|John_Flamsteed|  is appointed the first  |Astronomer_Royal|Astronomer_Royal|  of England.    |1681|1681|    Charles II grants a land charter to  |William_Penn|William_Penn|  for the area that will later become  |Pennsylvania|Pennsylvania| .    |1776|1776| |American_Revolutionary_War|American_Revolutionary_War| |Continental_Army|Continental_Army| |fortifies|Fortification_Of_Dorchester_Heights| |Dorchester_Heights|Dorchester_Heights|  with  |cannon|Cannon| , leading the  |British|Kingdom_Of_Great_Britain|  troops to abandon the  |Siege_of_Boston|Siege_Of_Boston| .    |1789|1789|    In New York City, the  |first|1St_United_States_Congress| |Congress_of_the_United_States|Congress_Of_The_United_States|  meets, putting the  |United_States_Constitution|United_States_Constitution|  into effect. The  |United_States_Bill_of_Rights|United_States_Bill_Of_Rights|  is written and proposed to Congress.    |1790|1790|    France is divided into 83  départements , cutting across the  |former_provinces|Provinces_Of_France|  in an attempt to dislodge regional loyalties based on ownership of land by the nobility.    |1791|1791|    The  |Constitutional_Act_of_1791|Constitutional_Act_Of_1791|  is introduced by the  |British_House_of_Commons|House_Of_Commons_Of_The_United_Kingdom|  in London which envisages the separation of Canada into  |Lower_Canada|Lower_Canada|   and  |Upper_Canada|Upper_Canada|  .    |1791|1791| |Vermont|Vermont|  is  |admitted_to_the_United_States|Admission_To_The_Union|  as the fourteenth  |state|U.S._State| .    |1794|1794|    The  |11th_Amendment|Eleventh_Amendment_To_The_United_States_Constitution|  to the U.S. Constitution is passed by the  |U.S._Congress|United_States_Congress| .    |1797|1797| |John_Adams|John_Adams|  is inaugurated as the 2nd  |President_of_the_United_States_of_America|President_Of_The_United_States_Of_America| , becoming the first President to begin his presidency on March 4.    |1804|1804| |Castle_Hill_Rebellion|Castle_Hill_Convict_Rebellion| |New_South_Wales|New_South_Wales| .    |1813|1813| |Cyril_VI_of_Constantinople|Cyril_Vi_Of_Constantinople|  is elected  |Ecumenical_Patriarch_of_Constantinople|Ecumenical_Patriarch_Of_Constantinople| .    |1814|1814|    Americans defeat British forces at the  |Battle_of_Longwoods|Battle_Of_Longwoods|  between  |London,_Ontario|London,_Ontario|  and Thamesville, near present-day  |Wardsville,_Ontario|Southwest_Middlesex,_Ontario| .    |1837|1837|    The city of  |Chicago|Chicago|  is incorporated.    |1848|1848| |Carlo_Alberto_di_Savoia|Charles_Albert_Of_Savoy|  signs the  Statuto Albertino  that will later represent the first  |constitution|Constitution_Of_Italy|  of the  Regno dItalia .    |1849|1849| |President-Elect|President-Elect| |Zachary_Taylor|Zachary_Taylor|  and  |Vice_President-Elect|Vice_President-Elect| |Millard_Fillmore|Millard_Fillmore|  did not take their respective Oaths of office, leading to the theory that outgoing  |President_Pro_Tempore_of_the_United_States_Senate|President_Pro_Tempore_Of_The_United_States_Senate| |David_Rice_Atchison|David_Rice_Atchison|  assumed the role of  |Acting_President_of_the_United_States|Acting_President_Of_The_United_States|  for one day.    |1861|1861|    The  |first_national_flag|Flags_Of_The_Confederate_States_Of_America|  of the  |Confederate_States_of_America|Confederate_States_Of_America|  is adopted.    |1865|1865|    The  |third_and_final_national_flag|Flags_Of_The_Confederate_States_Of_America|  of the  |Confederate_States_of_America|Confederate_States_Of_America|  is adopted by the Confederate Congress.    |1882|1882|    Britains  |first_electric_trams|Trams_In_London|  run in east London.    |1890|1890|    The longest bridge in Great Britain, the  |Forth_Bridge|Forth_Bridge|  in Scotland, measuring  long, is opened by the  |Prince_of_Wales|Prince_Of_Wales| , later King  |Edward_VII|Edward_Vii| .    |1899|1899| |Cyclone_Mahina|Cyclone_Mahina|  sweeps in north of  |Cooktown|Cooktown| , Queensland, with a  wave that reaches up to  inland, killing over 300.    |1908|1908|    The  |Collinwood_school_fire|Collinwood_School_Fire| ,  |Collinwood|Collinwood|  near  |Cleveland,_Ohio|Cleveland,_Ohio| , kills 174 people.    |1909|1909|    U.S. President  |William_Taft|William_Taft|  used what became known as a  |Saxbe_fix|Saxbe_Fix| , a mechanism to avoid the restriction of the  |U.S._Constitutions|United_States_Constitution| |Ineligibility_Clause|Ineligibility_Clause| , to appoint  |Philander_C._Knox|Philander_C._Knox|  as  |U.S._Secretary_of_State|United_States_Secretary_Of_State| .    |1913|1913| |First_Balkan_War|First_Balkan_War| |engages_the_Turks|Battle_Of_Bizani|  at  |Bizani|Bizani| , resulting in victory two days later.   1913   The  |United_States_Department_of_Labor|United_States_Department_Of_Labor|  is formed.    |1917|1917| |Jeannette_Rankin|Jeannette_Rankin|  of  |Montana|Montana|  becomes the first female member of the  |United_States_House_of_Representatives|United_States_House_Of_Representatives| .    |1933|1933| |Frances_Perkins|Frances_Perkins|  becomes  |United_States_Secretary_of_Labor|United_States_Secretary_Of_Labor| , the first female member of the  |United_States_Cabinet|United_States_Cabinet| .   1933   The  |Parliament_of_Austria|Parliament_Of_Austria|  is  |suspended_because_of_a_quibble_over_procedure|Self-Elimination_Of_Parliament| |Chancellor|Chancellor_Of_Austria| |Engelbert_Dollfuss|Engelbert_Dollfuss|  initiates an  |authoritarian_rule_by_decree|Austrofascism| .    |1941|1941| |World_War_II|World_War_Ii| |Operation_Claymore|Operation_Claymore|  on the  |Lofoten_Islands|Lofoten_Islands| ; the first large scale  |British_Commando|British_Commandos|  raid.    |1943|1943|    World War II: The  |Battle_of_the_Bismarck_Sea|Battle_Of_The_Bismarck_Sea|  in the south-west Pacific comes to an end.   1943   World War II: The  |Battle_of_Fardykambos|Battle_Of_Fardykambos| , one of the first major battles between the  |Greek_Resistance|Greek_Resistance|  and the occupying  |Royal_Italian_Army|Royal_Italian_Army| , begins. It ends on 6 March with the surrender of an entire Italian battalion and the liberation of the town of  |Grevena|Grevena| .     |1944|1944|    World War II: After the success of  |Big_Week|Big_Week| , the  |USAAF|Usaaf|  begins a  |daylight_bombing_campaign|Bombing_Of_Berlin_In_World_War_Iimarch_1944_To_April_1945|  of  |Berlin|Berlin| .    |1957|1957|    The  |S_&_P_500|S_&_P_500| |stock_market_index|Stock_Market_Index|  is introduced, replacing the S & P 90.    |1960|1960|    The French freighter  La Coubre  explodes in  |Havana,_Cuba|Havana| , killing 100.    |1962|1962|    A  |Caledonian_Airways|Caledonian_Airways| |Douglas_DC-7|Douglas_Dc-7| |crashes_shortly_after_takeoff|Caledonian_Airways_Flight_153|  from  |Cameroon|Cameroon| , killing 111   the worst crash of a DC-7.    |1966|1966|    A  |Canadian_Pacific_Air_Lines|Canadian_Pacific_Air_Lines| |DC-8-43|Douglas_Dc-8| |explodes_on_landing|Canadian_Pacific_Air_Lines_Flight_402|  at  |Tokyo_International_Airport|Haneda_Airport| , killing 64 people.   1966   In an interview in the  London Evening Standard ,  |The_Beatles|The_Beatles| |John_Lennon|John_Lennon|  declares that the band is  |more_popular_than_Jesus|More_Popular_Than_Jesus|  now .    |1970|1970|    French submarine  Eurydice  explodes underwater, resulting in the loss of the entire 57-man crew.    |1974|1974|     People  magazine is published for the first time in the United States as People Weekly.    |1976|1976|    The  |Northern_Ireland_Constitutional_Convention|Northern_Ireland_Constitutional_Convention|  is formally dissolved in  |Northern_Ireland|Northern_Ireland|  resulting in  |direct_rule|Direct_Rule_Over_Northern_Ireland|  of Northern Ireland from London by the  |British_parliament|Parliament_Of_The_United_Kingdom| .    |1977|1977|    The  |1977_Vrancea_earthquake|1977_Vrancea_Earthquake|  in eastern and southern Europe kills more than 1,500, mostly in  |Bucharest,_Romania|Bucharest| .    |1980|1980|    Nationalist leader  |Robert_Mugabe|Robert_Mugabe|  wins a sweeping election victory to become  |Zimbabwes|Zimbabwe|  first black  |prime_minister|Prime_Minister_Of_Zimbabwe| .    |1985|1985|    The  |Food_and_Drug_Administration|Food_And_Drug_Administration|  approves a  |blood_test|Blood_Test|  for  |AIDS|Aids|  infection, used since then for screening all  |blood_donations|Blood_Donation|  in the United States.    |1986|1986|    The  |Soviet|Soviet_Union| |Vega_1|Vega_1|  begins returning images of  |Halleys_Comet|Halleys_Comet|  and the first images of its nucleus.    |1990|1990|    American  |basketball|Basketball|  player  |Hank_Gathers|Hank_Gathers|  dies after collapsing during the semifinals of a  |West_Coast_Conference_Tournament|West_Coast_Conference_Mens_Basketball_Tournament|  game.     |1996|1996|    A  |derailed_train_in_Weyauwega,_Wisconsin|Weyauwega,_Wisconsin,_Derailment|  causes the  |emergency_evacuation|Emergency_Evacuation|  of 2,300 people for 16 days.    |1998|1998| |Gay_rights|Lgbt_Rights_In_The_United_States|  Oncale v. Sundowner Offshore Services, Inc.  |Supreme_Court_of_the_United_States|Supreme_Court_Of_The_United_States|  rules that federal laws banning on-the-job  |sexual_harassment|Sexual_Harassment|  also apply when both parties are the same sex.    |2001|2001| |BBC_bombing|2001_Bbc_Bombing| |BBC_Television_Centre|Bbc_Television_Centre|  in London, seriously injuring one person; the attack was attributed to the  |Real_IRA|Real_Ira| .    |2002|2002| |Afghanistan|War_In_Afghanistan| |Special_Operations_Forces|Special_Operations_Forces|  soldiers and 200 Al-Qaeda Fighters are killed as American forces attempt to  |infiltrate|Battle_Of_Takur_Ghar|  the  |Shah-i-Kot_Valley|Shah-I-Kot_Valley|  on a low-flying helicopter reconnaissance mission.    |2009|2009|    The  |International_Criminal_Court|International_Criminal_Court|  issues an arrest warrant for  |Sudanese_President|President_Of_Sudan| |Omar_Hassan_al-Bashir|Omar_Hassan_Al-Bashir|  for  |war_crimes|War_Crime|  and  |crimes_against_humanity|Crimes_Against_Humanity|  in  |Darfur|Darfur| . Al-Bashir is the first sitting  |head_of_state|Head_Of_State|  to be indicted by the ICC since its establishment in 2002.    |2012|2012|    A  |series_of_explosions|Brazzaville_Arms_Dump_Blasts|  is reported at a munitions dump in  |Brazzaville|Brazzaville| , the capital of the  |Republic_of_the_Congo|Republic_Of_The_Congo| , killing at least 250 people.    |2015|2015|    At least 34 miners  |die_in_a_suspected_gas_explosion|2015_Zasyadko_Mine_Disaster|  at the  |Zasyadko_coal_mine|Zasyadko_Coal_Mine|  in the rebel-held Donetsk region of Ukraine.    |2018|2018|    Former  |MI6|Mi6|  spy  |Sergei_Skripal|Sergei_Skripal|  and his daughter are  |poisoned|Poisoning_Of_Sergei_And_Yulia_Skripal|  with a  |Novichok|Novichok| |nerve_agent|Nerve_Agent|  in  |Salisbury|Salisbury| ,  |England|England| , causing a diplomatic uproar that results in mass-expulsions of diplomats from all countries involved.          |895|895| |Liu_Zhiyuan|Liu_Zhiyuan| , founder of the Later Han Dynasty    |977|977| |Al-Musabbihi|Al-Musabbihi| , Fatimid historian and official    |1188|1188| |Blanche_of_Castile|Blanche_Of_Castile| , French queen consort    |1394|1394| |Henry_the_Navigator|Prince_Henry_The_Navigator| , Portuguese explorer    |1484|1484| |George|George,_Margrave_Of_Brandenburg-Ansbach| , margrave of Brandenburg-Ansbach    |1492|1492| |Francesco_de_Layolle|Francesco_De_Layolle| , Italian organist and composer    |1502|1502| |Elisabeth_of_Hesse|Elisabeth_Of_Hesse,_Hereditary_Princess_Of_Saxony| , princess of Saxony    |1519|1519| |Hindal_Mirza|Hindal_Mirza| , Mughal emperor    |1526|1526| |Henry_Carey,_1st_Baron_Hunsdon|Henry_Carey,_1St_Baron_Hunsdon| |1602|1602| |Kanō_Tanyū|Kanō_Tanyū| , Japanese painter    |1634|1634| |Kazimierz_Łyszczyński|Kazimierz_Łyszczyński| , Polish philosopher    |1651|1651| |John_Somers,_1st_Baron_Somers|John_Somers,_1St_Baron_Somers| , English lawyer, jurist, and politician,  |Lord_High_Chancellor_of_Great_Britain|Lord_Chancellor| |1655|1655| |Fra_Galgario|Fra_Galgario| , Italian painter    |1665|1665| |Philip_Christoph_von_Königsmarck|Philip_Christoph_Von_Königsmarck| , Swedish soldier    |1678|1678| |Antonio_Vivaldi|Antonio_Vivaldi| , Italian violinist and composer    |1702|1702| |Jack_Sheppard|Jack_Sheppard| , English criminal    |1706|1706| |Lauritz_de_Thurah|Lauritz_De_Thurah| , Danish architect, designed the  |Hermitage_Hunting_Lodge|Hermitage_Hunting_Lodge|  and  |Gammel_Holtegård|Gammel_Holtegård| |1715|1715| |James_Waldegrave,_2nd_Earl_Waldegrave|James_Waldegrave,_2Nd_Earl_Waldegrave| , English historian and politician    |1719|1719| |George_Pigot,_1st_Baron_Pigot|George_Pigot,_1St_Baron_Pigot| , English politician    |1729|1729| |Anne_dArpajon|Anne_Darpajon| , French wife of  |Philippe_de_Noailles|Philippe_De_Noailles| |1745|1745| |Charles_Dibdin|Charles_Dibdin| , English actor, playwright, and composer   1745    |Casimir_Pulaski|Casimir_Pulaski| , Polish-American general    |1756|1756| |Henry_Raeburn|Henry_Raeburn| , Scottish painter and educator    |1760|1760| |William_Payne|William_Payne| , English painter   1760    |Hugh_Ronalds|Hugh_Ronalds| , British nurseryman who cultivated and documented 300 varieties of apples    |1769|1769| |Muhammad_Ali|Muhammad_Ali_Of_Egypt| , Ottoman military leader and pasha    |1770|1770| |Joseph_Jacotot|Joseph_Jacotot| , French philosopher and academic    |1778|1778| |Robert_Emmet|Robert_Emmet| , Irish commander    |1781|1781| |Rebecca_Gratz|Rebecca_Gratz| , American educator and philanthropist    |1782|1782| |Johann_Rudolf_Wyss|Johann_Rudolf_Wyss| , Swiss philosopher, author, and academic    |1792|1792| |Isaac_Lea|Isaac_Lea| , American conchologist, geologist, and publisher    |1793|1793| |Karl_Lachmann|Karl_Lachmann| , German philologist and critic    |1814|1814| |Napoleon_Collins|Napoleon_Collins| , Rear Admiral of the United States Navy during the Mexican–American War and the American Civil War    |1817|1817| |Edwards_Pierrepont|Edwards_Pierrepont| , American lawyer and politician, 34th  |United_States_Attorney_General|United_States_Attorney_General| |1820|1820| |Francesco_Bentivegna|Francesco_Bentivegna| , Italian rebel leader    |1822|1822| |Jules_Antoine_Lissajous|Jules_Antoine_Lissajous| , French mathematician and academic    |1823|1823| |George_Caron|George_Caron| , Canadian businessman and politician    |1826|1826| |August_Johann_Gottfried_Bielenstein|August_Johann_Gottfried_Bielenstein| , German linguist, ethnographer, and theologian   1826    |John_Buford|John_Buford| , American general   1826    |Elme_Marie_Caro|Elme_Marie_Caro| , French philosopher and academic   1826    |Theodore_Judah|Theodore_Judah| , American engineer, founded the  |Central_Pacific_Railroad|Central_Pacific_Railroad| |1828|1828| |Owen_Wynne_Jones|Owen_Wynne_Jones| , Welsh clergyman and poet    |1838|1838| |Paul_Lacôme|Paul_Lacôme| , French pianist, cellist, and composer    |1847|1847| |Carl_Josef_Bayer|Carl_Josef_Bayer| , Austrian chemist and academic    |1851|1851| |Alexandros_Papadiamantis|Alexandros_Papadiamantis| , Greek author and poet    |1854|1854| |Napier_Shaw|Napier_Shaw| , English meteorologist and academic    |1856|1856| |Alfred_William_Rich|Alfred_William_Rich| , English painter, author, and educator    |1861|1861| |Arthur_Cushman_McGiffert|Arthur_Cushman_Mcgiffert| , American theologian and author    |1862|1862| |Jacob_Robert_Emden|Jacob_Robert_Emden| , Swiss astrophysicist and meteorologist    |1863|1863| |R._I._Pocock|R._I._Pocock| , English zoologist and archaeologist   1863    |John_Henry_Wigmore|John_Henry_Wigmore| , American academic and jurist    |1864|1864| |David_W._Taylor|David_W._Taylor| , American admiral, architect, and engineer    |1866|1866| |Eugène_Cosserat|Eugène_Cosserat| , French mathematician and astronomer    |1867|1867| |Jacob_L._Beilhart|Jacob_L._Beilhart| , American activist, founded the  |Spirit_Fruit_Society|Spirit_Fruit_Society|    1867    |Charles_Pelot_Summerall|Charles_Pelot_Summerall| , senior United States Army officer    |1870|1870| |Thomas_Sturge_Moore|Thomas_Sturge_Moore| , English author and poet    |1871|1871| |Boris_Galerkin|Boris_Galerkin| , Russian mathematician and engineer    |1873|1873| |Guy_Wetmore_Carryl|Guy_Wetmore_Carryl| , American journalist and poet   1873    |John_H._Trumbull|John_H._Trumbull| , American colonel and politician, 70th  |Governor_of_Connecticut|Governor_Of_Connecticut| |1875|1875| |Mihály_Károlyi|Mihály_Károlyi| , Hungarian politician,  |President_of_the_Hungary|List_Of_Heads_Of_State_Of_Hungary|    1875    |Enrique_Larreta|Enrique_Larreta| , Argentinian historian and author    |1876|1876| |Léon-Paul_Fargue|Léon-Paul_Fargue| , French poet and author   1876    |Theodore_Hardeen|Theodore_Hardeen| , Hungarian-American magician    |1877|1877| |Alexander_Goedicke|Alexander_Goedicke| , Russian pianist and composer   1877    |Fritz_Graebner|Fritz_Graebner| , German geographer and ethnologist   1877    |Garrett_Morgan|Garrett_Morgan| , African-American inventor    |1878|1878| |Takeo_Arishima|Takeo_Arishima| , Japanese author and critic   1878    |Egbert_Van_Alstyne|Egbert_Van_Alstyne| , American pianist and songwriter    |1879|1879| |Bernhard_Kellermann|Bernhard_Kellermann| , German author and poet    |1880|1880| |Channing_Pollock|Channing_Pollock| , American playwright and critic    |1881|1881| |Todor_Aleksandrov|Todor_Aleksandrov| , Bulgarian educator and activist   1881    |Thomas_Sigismund_Stribling|Thomas_Sigismund_Stribling| , American lawyer and author   1881    |Richard_C._Tolman|Richard_C._Tolman| , American physicist and chemist    |1882|1882| |Nicolae_Titulescu|Nicolae_Titulescu| , Romanian academic and politician, 61st  |Romanian_Minister_of_Foreign_Affairs|Ministry_Of_Foreign_Affairs| |1883|1883| |Maude_Fealy|Maude_Fealy| , American actress and screenwriter   1883    |Robert_Emmett_Keane|Robert_Emmett_Keane| , American actor   1883    |Sam_Langford|Sam_Langford| , Canadian-American boxer    |1884|1884| |Red_Murray|Red_Murray| , American baseball player   1884    |Lee_Shumway|Lee_Shumway| , American actor    |1886|1886| |Paul_Bazelaire|Paul_Bazelaire| , French cellist and composer    |1888|1888| |Rafaela_Ottiano|Rafaela_Ottiano| , Italian-American actress   1888    |Jeff_Pfeffer|Jeff_Pfeffer| , American baseball player   1888    |Knute_Rockne|Knute_Rockne| , American football player and coach    |1889|1889| |Oscar_Chisini|Oscar_Chisini| , Italian mathematician and statistician   1889    |Oren_E._Long|Oren_E._Long| , American soldier and politician, 10th  |Territorial_Governor_of_Hawaii|Territorial_Governor_Of_Hawaii|    1889    |Pearl_White|Pearl_White| , American actress   1889    |Robert_William_Wood|Robert_William_Wood| , English-American painter    |1890|1890| |Norman_Bethune|Norman_Bethune| , Canadian soldier and physician    |1891|1891| |Dazzy_Vance|Dazzy_Vance| , American baseball player    |1893|1893| |Charles_Herbert_Colvin|Charles_Herbert_Colvin| , American engineer, co-founded the  |Pioneer_Instrument_Company|Pioneer_Instrument_Company|    1893    |Adolph_Lowe|Adolph_Lowe| , German sociologist and economist    |1894|1894| |Charles_Corm|Charles_Corm| , Lebanese businessman and philanthropist    |1895|1895| |Milt_Gross|Milt_Gross| , American animator, director, and screenwriter    |1896|1896| |Kai_Holm|Kai_Holm| , Danish actor and director    |1897|1897| |Lefty_ODoul|Lefty_Odoul| , American baseball player and manager    |1898|1898| |Georges_Dumézil|Georges_Dumézil| , French philologist and academic   1898    |Hans_Krebs|Hans_Krebs| , German general    |1899|1899| |Peter_Illing|Peter_Illing| , Austrian born, British film and television actor   1899    |Emilio_Prados|Emilio_Prados| , Spanish poet and author    |1900|1900| |Herbert_Biberman|Herbert_Biberman| , American director and screenwriter    |1901|1901| |Wilbur_R._Franks|Wilbur_R._Franks| , Canadian scientist, invented the  |g-suit|G-Suit|    1901    |Charles_Goren|Charles_Goren| , American bridge player and author   1901    |Jean-Joseph_Rabearivelo|Jean-Joseph_Rabearivelo| , Malagasy-French author, poet, and playwright    |1902|1902| |Rachel_Messerer|Rachel_Messerer| , Lithuanian-Russian actress   1902    |Russell_Reeder|Russell_Reeder| , American soldier and author    |1903|1903| |William_C._Boyd|William_C._Boyd| , American immunologist and chemist   1903    |Malcolm_Dole|Malcolm_Dole| , American chemist and academic   1903    |Dorothy_Mackaill|Dorothy_Mackaill| , English-American actress and singer   1903    |John_Scarne|John_Scarne| , American magician and author    |1904|1904| |Luis_Carrero_Blanco|Luis_Carrero_Blanco| , Spanish admiral and politician, 69th  |President_of_the_Government_of_Spain|President_Of_The_Government_Of_Spain|    1904    |George_Gamow|George_Gamow| , Ukrainian-American physicist and cosmologist   1904    |Joseph_Schmidt|Joseph_Schmidt| , Austrian-Hungarian tenor and actor    |1906|1906| |Meindert_DeJong|Meindert_Dejong| , Dutch-American soldier and author   1906    |Avery_Fisher|Avery_Fisher| , American violinist and engineer, founded  |Fisher_Electronics|Fisher_Electronics|    1906    |Georges_Ronsse|Georges_Ronsse| , Belgian cyclist and manager    |1907|1907| |Edgar_Barrier|Edgar_Barrier| , American actor    |1908|1908| |T._R._M._Howard|T._R._M._Howard| , American surgeon and activist   1908    |Thomas_Shaw|Thomas_Shaw| , American singer and guitarist    |1909|1909| |Harry_Helmsley|Harry_Helmsley| , American businessman   1909    |George_Edward_Holbrook|George_Edward_Holbrook| , American chemist and engineer   1910    |Tancredo_Neves|Tancredo_Neves| , Brazilian lawyer and politician,  |Prime_Minister_of_Brazil|Prime_Minister_Of_Brazil| |1911|1911| |Charles_Greville,_7th_Earl_of_Warwick|Charles_Greville,_7Th_Earl_Of_Warwick| , English actor    |1912|1912| |Afro_Basaldella|Afro_Basaldella| , Italian painter and academic   1912    |Ferdinand_Leitner|Ferdinand_Leitner| , German conductor and composer   1912    |Carl_Marzani|Carl_Marzani| , Italian-American activist and publisher    |1913|1913| |Taos_Amrouche|Taos_Amrouche| , Algerian singer and author   1913    |John_Garfield|John_Garfield| , American actor and singer    |1914|1914| |Barbara_Newhall_Follett|Barbara_Newhall_Follett| , American author   1914    |Ward_Kimball|Ward_Kimball| , American animator, producer, and screenwriter   1914    |Robert_R._Wilson|Robert_R._Wilson| , American physicist, sculptor, and architect    |1915|1915| |László_Csatáry|László_Csatáry| , Hungarian art dealer    |1915|1915| |Frank_Sleeman|Frank_Sleeman| , Australian lieutenant and politician,  |Lord_Mayor_of_Brisbane|Lord_Mayor_Of_Brisbane|    1915    |Carlos_Surinach|Carlos_Surinach| , Spanish-Catalan composer and conductor    |1916|1916| |William_Alland|William_Alland| , American actor, director, and producer   1916    |Giorgio_Bassani|Giorgio_Bassani| , Italian author and poet   1916    |Hans_Eysenck|Hans_Eysenck| , German-English psychologist and theorist    |1917|1917| |Clyde_McCullough|Clyde_Mccullough| , American baseball player, coach, and manager    |1918|1918| |Kurt_Dahlmann|Kurt_Dahlmann| , German pilot, lawyer, and journalist   1918    |Margaret_Osborne_duPont|Margaret_Osborne_Dupont| , American tennis player    |1919|1919| |Buck_Baker|Buck_Baker| , American race car driver   1919    |Tan_Chee_Khoon|Tan_Chee_Khoon| , Malaysian physician and politician    |1920|1920| |Jean_Lecanuet|Jean_Lecanuet| , French politician,  |French_Minister_of_Justice|Ministry_Of_Justice|    1920    |Alan_MacNaughtan|Alan_Macnaughtan| , Scottish-English actor    |1921|1921| |Halim_El-Dabh|Halim_El-Dabh| , Egyptian-American composer and educator   1921    |Joan_Greenwood|Joan_Greenwood| , English actress   1921    |Dinny_Pails|Dinny_Pails| , English-Australian tennis player    |1922|1922| |Richard_E._Cunha|Richard_E._Cunha| , American director and cinematographer   1922    |Dina_Pathak|Dina_Pathak| , Indian actor and director    |1923|1923| |Russell_Freeburg|Russell_Freeburg| , American journalist and author   1923    |Francis_King|Francis_King| , English author and poet   1923    |Patrick_Moore|Patrick_Moore| , English astronomer and television host    |1924|1924| |Kenneth_ODonnell|Kenneth_Odonnell| , American soldier and politician    |1925|1925| |Alan_R._Battersby|Alan_R._Battersby| , English chemist and academic    |1925|1925| |Paul_Mauriat|Paul_Mauriat| , French conductor and composer    |1926|1926| |Henri_de_Contenson|Henri_De_Contenson| , French archaeologist and academic   1926    |Prince_Michel_of_Bourbon-Parma|Prince_Michel_Of_Bourbon-Parma| , French businessman, soldier and racing car driver   1926    |Richard_DeVos|Richard_Devos| , American businessman and philanthropist, co-founded  |Amway|Amway|    1926    |Pascual_Pérez|Pascual_Pérez| , Argentinian boxer   1926    |Don_Rendell|Don_Rendell| , English saxophonist and flute player    |1927|1927| |Phil_Batt|Phil_Batt| , American soldier and politician, 29th  |Governor_of_Idaho|Governor_Of_Idaho| |Thayer_David|Thayer_David| , American actor   1927    |Jacques_Dupin|Jacques_Dupin| , French poet and critic   1927    |Robert_Orben|Robert_Orben| , American magician and author   1927    |Dick_Savitt|Dick_Savitt| , American tennis player and businessman    |1928|1928| |Samuel_Adler|Samuel_Adler| , German-American composer and conductor   1928    |Alan_Sillitoe|Alan_Sillitoe| , English novelist, short story writer, essayist, and poet    |1929|1929| |Bernard_Haitink|Bernard_Haitink| , Dutch violinist and conductor   1929    |Peter_Swerling|Peter_Swerling| , American theoretician and engineer    |1931|1931| |Wally_Bruner|Wally_Bruner| , American journalist and television host   1931    |Bob_Johnson|Bob_Johnson| , American ice hockey player and coach   1931    |William_Henry_Keeler|William_Henry_Keeler| , American cardinal   1931    |Alice_Rivlin|Alice_Rivlin| , American economist and politician    |1932|1932| |Sigurd_Jansen|Sigurd_Jansen| , Norwegian pianist, composer, and conductor   1932    |Ryszard_Kapuściński|Ryszard_Kapuściński| , Polish journalist, photographer, and poet   1932    |Miriam_Makeba|Miriam_Makeba| , South African singer-songwriter and actress   1932    |Ed_Roth|Ed_Roth| , American illustrator   1932    |Frank_Wells|Frank_Wells| , American businessman    |1933|1933| |Nino_Vaccarella|Nino_Vaccarella| , Italian race car driver    |1934|1934| |Mario_Davidovsky|Mario_Davidovsky| , Argentinian-American composer and academic   1934    |John_Duffey|John_Duffey| , American singer-songwriter and guitarist   1934    |Anne_Haney|Anne_Haney| , American actress   1934    |Barbara_McNair|Barbara_Mcnair| , American singer and actress   1934    |Sandra_Reynolds|Sandra_Reynolds| , South African tennis player   1934    |Janez_Strnad|Janez_Strnad| , Slovenian physicist and academic    |1935|1935| |Edward_Dębicki|Edward_Dębicki| , Ukrainian-Polish poet and composer   1935    |Bent_Larsen|Bent_Larsen| , Danish chess player and author    |1936|1936| |Eric_Allandale|Eric_Allandale| , Dominican trombonist and songwriter   1936    |Jim_Clark|Jim_Clark| , Scottish race car driver   1936    |Aribert_Reimann|Aribert_Reimann| , German pianist and composer    |1937|1937| |José_Araquistáin|José_Araquistáin| , Spanish footballer   1937    |William_Deverell|William_Deverell| , Canadian lawyer, author, and activist   1937    |Graham_Dowling|Graham_Dowling| , New Zealand cricketer   1937    |Leslie_H._Gelb|Leslie_H._Gelb| , American journalist and author   1937    |Yuri_Senkevich|Yuri_Senkevich| , Russian physician and explorer   1937    |Barney_Wilen|Barney_Wilen| , French saxophonist and composer   1937    |Richard_B._Wright|Richard_B._Wright| , Canadian journalist and author    |1938|1938| |Anton_Balasingham|Anton_Balasingham| , Sri Lankan-English negotiator   1938    |Alpha_Condé|Alpha_Condé| , Guinean politician,  |President_of_Guinea|President_Of_Guinea| |Allan_Kornblum|Allan_Kornblum| , American police officer and judge   1938    |Angus_MacLise|Angus_Maclise| , American drummer and composer   1938    |Don_Perkins|Don_Perkins| , American football player and sportscaster   1938    |Paula_Prentiss|Paula_Prentiss| , American actress   1938    |Adam_Daniel_Rotfeld|Adam_Daniel_Rotfeld| , Polish academic and politician,  |Polish_Minister_of_Foreign_Affairs|Ministry_Of_Foreign_Affairs| |1939|1939| |Jack_Fisher|Jack_Fisher| , American baseball player   1939    |Robert_Shaye|Robert_Shaye| , American film producer    |1940|1940| |Wolfgang_Hoffmann-Riem|Wolfgang_Hoffmann-Riem| , German scholar and judge   1940    |David_Plante|David_Plante| , American novelist    |1941|1941| |John_Hancock|John_Hancock| , American film and television actor   1941    |Adrian_Lyne|Adrian_Lyne| , English director, producer, and screenwriter   1941    |James_Zagel|James_Zagel| , American lawyer and judge    |1942|1942| |Gloria_Gaither|Gloria_Gaither| , American singer-songwriter   1942    |Charles_C._Krulak|Charles_C._Krulak| , American general   1942    |David_Matthews|David_Matthews| , American keyboard player and composer   1942    |Lynn_Sherr|Lynn_Sherr| , American journalist and author   1942    |James_Gustave_Speth|James_Gustave_Speth| , American lawyer and politician   1942    |Zorán_Sztevanovity|Zorán_Sztevanovity| , Serbian-Hungarian singer-songwriter and guitarist    |1943|1943| |Lucio_Dalla|Lucio_Dalla| , Italian singer-songwriter and actor   1943    |Aldo_Rico|Aldo_Rico| , Argentinian commander and politician    |1944|1944| |Harvey_Postlethwaite|Harvey_Postlethwaite| , English engineer   1944    |Anthony_Ichiro_Sanda|Anthony_Ichiro_Sanda| , Japanese-American physicist and academic   1944    |Len_Walker|Len_Walker| , English footballer and manager   1944    |Bobby_Womack|Bobby_Womack| , American singer-songwriter    |1945|1945| |Tommy_Svensson|Tommy_Svensson| , Swedish footballer and manager   1945    |Gary_Williams|Gary_Williams| , American basketball player and coach    |1946|1946| |Michael_Ashcroft|Michael_Ashcroft| , English businessman and politician   1946    |Danny_Frisella|Danny_Frisella| , American baseball player   1946    |Haile_Gerima|Haile_Gerima| , Ethiopian born US filmmaker   1946    |Patricia_Kennealy-Morrison|Patricia_Kennealy-Morrison| , American journalist and author    |1947|1947| |David_Franzoni|David_Franzoni| , American screenwriter and film producer   1947    |Jan_Garbarek|Jan_Garbarek| , Norwegian saxophonist and composer   1947    |Bob_Lewis|Bob_Lewis| , American guitarist   1947    |Pēteris_Plakidis|Pēteris_Plakidis| , Latvian pianist and composer    |1948|1948| |Lindy_Chamberlain-Creighton|Lindy_Chamberlain-Creighton| , New Zealand-Australian author   1948    |James_Ellroy|James_Ellroy| , American writer   1948    |Tom_Grieve|Tom_Grieve| , American baseball player, manager, and sportscaster   1948    |Mike_Moran|Mike_Moran| , English musician, songwriter and record producer   1948    |Jean_OLeary|Jean_Oleary| , American nun and activist   1948    |Chris_Squire|Chris_Squire| , English singer-songwriter and bass guitarist   1948    |Shakin_Stevens|Shakin_Stevens| , British singer-songwriter    |1949|1949| |Sergei_Bagapsh|Sergei_Bagapsh| , Abkhazian politician, 2nd  |President_of_Abkhazia|President_Of_Abkhazia|    1949    |Carroll_Baker|Carroll_Baker| , Canadian singer-songwriter    |1950|1950| |Ofelia_Medina|Ofelia_Medina| , Mexican actress and screenwriter   1950    |Rick_Perry|Rick_Perry| , American captain and politician, 47th  |Governor_of_Texas|Governor_Of_Texas| |Safet_Plakalo|Safet_Plakalo| , Bosnian author and playwright    |1951|1951| |Edelgard_Bulmahn|Edelgard_Bulmahn| , German educator and politician,  |German_Federal_Minister_of_Education_and_Research|Federal_Ministry_Of_Education_And_Research| |Theresa_Hak_Kyung_Cha|Theresa_Hak_Kyung_Cha| , South Korean-American author, director, and producer   1951    |Kenny_Dalglish|Kenny_Dalglish| , Scottish footballer and manager   1951    |Pete_Haycock|Pete_Haycock| , English singer-songwriter and guitarist   1951    |Sam_Perlozzo|Sam_Perlozzo| , American baseball player and manager   1951    |Chris_Rea|Chris_Rea| , English singer-songwriter and guitarist   1951    |Glenis_Willmott|Glenis_Willmott| , English scientist and politician   1951    |Zoran_Žižić|Zoran_Žižić| , Montenegrin politician, 4th  |Prime_Minister_of_the_Federal_Republic_of_Yugoslavia|Prime_Minister_Of_The_Federal_Republic_Of_Yugoslavia| |1952|1952| |Peter_Kuhfeld|Peter_Kuhfeld| , English painter   1952    |Ronn_Moss|Ronn_Moss| , American singer-songwriter and actor   1952    |Svend_Robinson|Svend_Robinson| , American-Canadian lawyer and politician   1952    |Umberto_Tozzi|Umberto_Tozzi| , Italian singer-songwriter and producer    |1953|1953| |John_Edwards|John_Edwards| , Australian director and producer   1953    |Emilio_Estefan|Emilio_Estefan| , Cuban-American drummer and producer   1953    |Paweł_Janas|Paweł_Janas| , Polish footballer and manager   1953    |Ray_Price|Ray_Price| , Australian rugby player and sportscaster   1953    |Reinhold_Roth|Reinhold_Roth| , German motorcycle racer   1953    |Chris_Smith|Chris_Smith| , American lawyer and politician   1953    |Agustí_Villaronga|Agustí_Villaronga| , Spanish actor, director, and screenwriter   1953    |Daniel_Woodrell|Daniel_Woodrell| , American novelist and short story writer    |1954|1954| |Timur_Apakidze|Timur_Apakidze| , Russian general and pilot   1954    |François_Fillon|François_Fillon| , French lawyer and politician,  |Prime_Minister_of_France|Prime_Minister_Of_France| |Peter_Jacobsen|Peter_Jacobsen| , American golfer and sportscaster   1954    |Catherine_OHara|Catherine_Ohara| , Canadian-American actress and comedian   1954    |Irina_Ratushinskaya|Irina_Ratushinskaya| , Russian poet and author    |1955|1955| |Tim_Costello|Tim_Costello| , Australian minister and politician   1955    |Joey_Jones|Joey_Jones| , Welsh footballer and manager    |1957|1957| |Nicholas_Coleridge|Nicholas_Coleridge| , English journalist and businessman   1957    |Ron_Fassler|Ron_Fassler| , American film and television actor and author   1957    |Mykelti_Williamson|Mykelti_Williamson| , American actor and director    |1958|1958| |Patricia_Heaton|Patricia_Heaton| , American actress   1958    |Massimo_Mascioletti|Massimo_Mascioletti| , Italian rugby player and coach   1958    |Tina_Smith|Tina_Smith| , American politician, junior senator of Minnesota    |1959|1959| |Rick_Ardon|Rick_Ardon| , Australian journalist   1959    |Plamen_Getov|Plamen_Getov| , Bulgarian footballer    |1960|1960| |Chonda_Pierce|Chonda_Pierce| , American comedian    |1961|1961| |Ray_Mancini|Ray_Mancini| , American boxer   1961    |Steven_Weber|Steven_Weber| , American actor, producer, and screenwriter   1961    |Roger_Wessels|Roger_Wessels| , South African golfer and educator    |1962|1962| |Simon_Bisley|Simon_Bisley| , English author and illustrator   1962    |Paul_Canoville|Paul_Canoville| , English footballer   1962    |Stephan_Reimertz|Stephan_Reimertz| , German historian and author   1962   David Sparrow, English-Canadian actor, producer, and screenwriter    |1963|1963| |Jason_Newsted|Jason_Newsted| , American heavy metal singer-songwriter and bass player    |1964|1964| |Dave_Colclough|Dave_Colclough| , Welsh computer programmer and poker player   1964    |Brian_Crowley|Brian_Crowley| , Irish lawyer and politician   1964    |Tom_Lampkin|Tom_Lampkin| , American baseball player and sportscaster   1964    |Paolo_Virzì|Paolo_Virzì| , Italian director and screenwriter    |1965|1965| |Greg_Alexander|Greg_Alexander| , Australian rugby league player and sportscaster   1965    |Paul_W._S._Anderson|Paul_W._S._Anderson| , English director, producer, and screenwriter   1965    |Andrew_Collins|Andrew_Collins| , English journalist and screenwriter   1965    |Khaled_Hosseini|Khaled_Hosseini| , Afghan-born American novelist   1965    |Yury_Lonchakov|Yury_Lonchakov| , Russian colonel, pilot, and astronaut   1965    |John_Murphy|John_Murphy|  British film composer    |1966|1966| |Emese_Hunyady|Emese_Hunyady| , Hungarian speed skater   1966    |Kevin_Johnson|Kevin_Johnson| , American basketball player and politician, 55th  |Mayor_of_Sacramento|Mayor_Of_Sacramento| |Fiona_Ma|Fiona_Ma| , American accountant and politician   1966    |Helmut_Mayer|Helmut_Mayer| , Austrian skier   1966    |Glen_Nissen|Glen_Nissen| , Australian rugby league player   1966    |Dav_Pilkey|Dav_Pilkey| , American author and illustrator   1966    |Grand_Puba|Grand_Puba| , American rapper   1966    |Mike_Small|Mike_Small| , American golfer and coach    |1967|1967| |Daryll_Cullinan|Daryll_Cullinan| , South African cricketer and coach   1967    |Evan_Dando|Evan_Dando| , American singer-songwriter and guitarist   1967    |Ivan_Lewis|Ivan_Lewis| , English lawyer and politician,  |Shadow_Secretary_of_State_for_Northern_Ireland|Shadow_Secretary_Of_State_For_Northern_Ireland| |Terry_Matterson|Terry_Matterson| , Australian rugby league player and coach   1967    |Dave_Rayner|Dave_Rayner| , English cyclist   1967    |Sam_Taylor-Johnson|Sam_Taylor-Johnson| , English filmmaker and photographer   1967    |Kubilay_Türkyilmaz|Kubilay_Türkyilmaz| , Swiss footballer   1967    |Tim_Vine|Tim_Vine| , English comedian, actor, and author    |1968|1968| |Giovanni_Carrara|Giovanni_Carrara| , Venezuelan baseball player   1968    |Jorge_Celedón|Jorge_Celedón| , Colombian singer   1968    |Patsy_Kensit|Patsy_Kensit| , English model and actress   1968    |Kyriakos_Mitsotakis|Kyriakos_Mitsotakis| , Greek banker and politician,  |Prime_Minister_of_Greece|Prime_Minister_Of_Greece| |Graham_Westley|Graham_Westley| , English footballer and manager    |1969|1969| |Pierluigi_Casiraghi|Pierluigi_Casiraghi| , Italian footballer and manager   1969    |Annie_Yi|Annie_Yi| , Taiwanese singer, actress, and writer    |1970|1970| |Àlex_Crivillé|Àlex_Crivillé| , Spanish motorcycle racer   1970    |Will_Keen|Will_Keen| , English actor   1970    |Caroline_Vis|Caroline_Vis| , Dutch tennis player    |1971|1971| |Iain_Baird|Iain_Baird| , Canadian soccer player and manager   1971    |Claire_Baker|Claire_Baker| , Scottish politician   1971    |Emily_Bazelon|Emily_Bazelon| , American journalist   1971    |Jason_Croot|Jason_Croot| , English actor and director   1971    |Anders_Kjølholm|Anders_Kjølholm| , Danish bass player   1971    |Satoshi_Motoyama|Satoshi_Motoyama| , Japanese race car driver   1971    |Geraldine_ORawe|Geraldine_Orawe| , Northern Irish actress    |1972|1972| |Katherine_Center|Katherine_Center| , American journalist and author   1972    |Nocturno_Culto|Nocturno_Culto| , Norwegian singer-songwriter and guitarist   1972    |Robert_Smith|Robert_Smith| , American football player and sportscaster   1972    |Ivy_Queen|Ivy_Queen| , Puerto Rican singer, songwriter, rapper, actress and record producer   1972    |Jos_Verstappen|Jos_Verstappen| , Dutch race car driver   1972    |Alison_Wheeler|Alison_Wheeler| , English singer-songwriter    |1973|1973| |Massimo_Brambilla|Massimo_Brambilla| , Italian footballer and coach   1973    |Phillip_Daniels|Phillip_Daniels| , American football player and coach   1973    |Valery_Kobelev|Valery_Kobelev| , Russian ski jumper   1973    |Penny_Mordaunt|Penny_Mordaunt| , English lieutenant and politician,  |Minister_of_State_for_the_Armed_Forces|Minister_Of_State_For_The_Armed_Forces| |Linus_of_Hollywood|Linus_Of_Hollywood| , American singer-songwriter and producer   1973    |Len_Wiseman|Len_Wiseman| , American director, producer, and screenwriter   1973    |Chandra_Sekhar_Yeleti|Chandra_Sekhar_Yeleti| , Indian director and screenwriter    |1974|1974| |Crowbar|Crowbar| , American wrestler   1974    |Mladen_Krstajić|Mladen_Krstajić| , Serbian footballer and manager   1974    |Karol_Kučera|Karol_Kučera| , Slovak tennis player   1974    |Ariel_Ortega|Ariel_Ortega| , Argentinian footballer   1974    |Tommy_Phelps|Tommy_Phelps| , South Korean-American baseball player and coach   1974    |ICS_Vortex|Ics_Vortex| , Norwegian singer-songwriter and guitarist   1974    |David_Wagner|David_Wagner| , American tennis player and educator   1974    |Bill_Young|Bill_Young| , Australian rugby player    |1975|1975| |Mats_Eilertsen|Mats_Eilertsen| , Norwegian bassist and composer   1975    |Patrick_Femerling|Patrick_Femerling| , German basketball player   1975    |Antti_Aalto|Antti_Aalto| , Finnish ice hockey player   1975    |Kristi_Harrower|Kristi_Harrower| , Australian basketball player   1975    |Brian_McGuire|Brian_Mcguire| , American actor, director, producer, and screenwriter   1975    |Hawksley_Workman|Hawksley_Workman| , Canadian singer-songwriter and guitarist    |1976|1976| |Robbie_Blake|Robbie_Blake| , English footballer   1976    |Tommy_Jönsson|Tommy_Jönsson| , Swedish footballer    |1977|1977| |Nacho_Figueras|Nacho_Figueras| , Argentinian polo player and model   1977    |Traver_Rains|Traver_Rains| , American fashion designer and photographer    |1978|1978| |Pierre_Dagenais|Pierre_Dagenais| , Canadian ice hockey player   1978    |Denis_Dallan|Denis_Dallan| , Italian rugby player and singer   1978    |Jean-Marc_Pelletier|Jean-Marc_Pelletier| , American ice hockey player    |1979|1979| |Sarah_Stock|Sarah_Stock| , Canadian wrestler and trainer    |1980|1980| |Rohan_Bopanna|Rohan_Bopanna| , Indian tennis player   1980    |Omar_Bravo|Omar_Bravo| , Mexican footballer   1980    |Suzanna_Choffel|Suzanna_Choffel| , American singer-songwriter   1980    |Giedrius_Gustas|Giedrius_Gustas| , Lithuanian basketball player   1980    |Scott_Hamilton|Scott_Hamilton| , New Zealand rugby player and coach   1980    |Jack_Hannahan|Jack_Hannahan| , American baseball player   1980    |Michael_Henrich|Michael_Henrich| , American ice hockey player   1980    |Phil_McGuire|Phil_Mcguire| , Scottish footballer and manager    |1981|1981| |Ariza_Makukula|Ariza_Makukula| , Portuguese footballer   1981    |Helen_Wyman|Helen_Wyman| , English cyclist    |1982|1982| |Landon_Donovan|Landon_Donovan| , American soccer player and coach   1982    |Cate_Edwards|Cate_Edwards| , American lawyer and author   1982    |Ludmila_Ezhova|Ludmila_Ezhova| , Russian gymnast   1982    |Yasemin_Mori|Yasemin_Mori| , Turkish singer    |1983|1983| |Samuel_Contesti|Samuel_Contesti| , French-Italian figure skater   1983    |Adam_Deacon|Adam_Deacon| , English film actor, rapper, writer and director   1983    |Jaque_Fourie|Jaque_Fourie| , South African rugby player   1983    |Drew_Houston|Drew_Houston| , American billionaire and Internet entrepreneur    |1984|1984| |Tamir_Cohen|Tamir_Cohen| , Israeli footballer   1984    |Anders_Grøndal|Anders_Grøndal| , Norwegian race car driver   1984    |Spencer_Larsen|Spencer_Larsen| , American football player   1984    |Jeremy_Loops|Jeremy_Loops| , South African singer-songwriter and record producer   1984    |Raven_Quinn|Raven_Quinn| , American singer-songwriter   1984    |Zak_Whitbread|Zak_Whitbread| , American-English footballer    |1985|1985| |Jake_Buxton|Jake_Buxton| , English footballer   1985    |Chinedum_Ndukwe|Chinedum_Ndukwe| , American football player   1985    |Whitney_Port|Whitney_Port| , American fashion designer and author    |1986|1986| |Steven_Burke|Steven_Burke| , English road and track cyclist   1986    |Tom_De_Mul|Tom_De_Mul| , Belgian footballer   1986    |Mike_Krieger|Mike_Krieger| , Brazilian-American computer programmer and businessman, co-founded  |Instagram|Instagram| |Siim_Roops|Siim_Roops| , Estonian footballer   1986    |Bohdan_Shust|Bohdan_Shust| , Ukrainian footballer   1986    |Manu_Vatuvei|Manu_Vatuvei| , New Zealand rugby league player   1986    |Margo_Harshman|Margo_Harshman| , American actress    |1987|1987| |Ben_McKinley|Ben_Mckinley| , Australian footballer   1987    |Cameron_Wood|Cameron_Wood| , Australian footballer   1987    |Tamzin_Merchant|Tamzin_Merchant| , English actress   1987    |Aja_Volkman|Aja_Volkman| , American singer-songwriter    |1988|1988| |Josh_Bowman|Josh_Bowman| , English actor   1988    |Gal_Mekel|Gal_Mekel| , Israeli basketball player   1988    |Laura_Siegemund|Laura_Siegemund| , German tennis player   1988    |Adam_Watts|Adam_Watts| , English footballer    |1989|1989| |Benjamin_Kiplagat|Benjamin_Kiplagat| , Ugandan long-distance runner    |1990|1990| |Paddy_Madden|Paddy_Madden| , Irish footballer   1990    |Fran_Mérida|Fran_Mérida| , Spanish footballer   1990    |Andrea_Bowen|Andrea_Bowen| , American actress    |1992|1992| |Nick_Castellanos|Nick_Castellanos| , American baseball player   1992    |Erik_Lamela|Erik_Lamela| , Argentinian footballer   1992    |Bernd_Leno|Bernd_Leno| , German footballer   1992    |Karl_Mööl|Karl_Mööl| , Estonian footballer    |1993|1993| |Bobbi_Kristina_Brown|Bobbi_Kristina_Brown| , American singer and actress   1993    |Richard_Peniket|Richard_Peniket| , English footballer    |1994|1994| |Callum_Harriott|Callum_Harriott| , English footballer   1994    |AJ_Tracey|Aj_Tracey| , British hip-hop artist and record producer    |1995|1995| |Chlöe_Howl|Chlöe_Howl| , British singer-songwriter   1995    |Bill_Milner|Bill_Milner| , English actor    |1996|1996| |Lukas_Webb|Lukas_Webb| , Australian rules footballer   1996    |Noah_Matthews|Noah_Matthews| , American actor    |2002|2002| |Jacob_Hopkins|Jacob_Hopkins| , American actor          |306|306| |Adrian_and_Natalia_of_Nicomedia|Adrian_And_Natalia_Of_Nicomedia| , Christian martyrs    |480|480| |Landry_of_Sées|Landry_Of_Sées| , French bishop and saint    |561|561| |Pelagius_I|Pope_Pelagius_I| , pope of the Catholic Church    |934|934| |Abdullah_al-Mahdi_Billah|Abdullah_Al-Mahdi_Billah| , Fatimid caliph    |1172|1172| |Stephen_III|Stephen_Iii_Of_Hungary| , king of Hungary    |1193|1193| |Saladin|Saladin| , founder of the Ayyubid Sultanate    |1238|1238| |Joan_of_England|Joan_Of_England,_Queen_Of_Scotland| , queen of Scotland   1238    |Yuri_II|Yuri_Ii_Of_Vladimir| , Russian Grand Prince    |1303|1303| |Daniel_of_Moscow|Daniel_Of_Moscow| , Russian Grand Duke    |1314|1314| |Jakub_Świnka|Jakub_Świnka| , Polish priest and archbishop    |1371|1371| |Jeanne_dÉvreux|Jeanne_Dévreux| , queen consort of France    |1388|1388| |Thomas_Usk|Thomas_Usk| ,  |English|England|  author    |1484|1484| |Saint_Casimir|Saint_Casimir| , Polish prince    |1496|1496| |Sigismund|Sigismund,_Archduke_Of_Austria| , archduke of Austria    |1583|1583| |Bernard_Gilpin|Bernard_Gilpin| , English priest and theologian    |1604|1604| |Fausto_Sozzini|Fausto_Sozzini| , Italian theologian and educator    |1615|1615| |Hans_von_Aachen|Hans_Von_Aachen| , German painter and educator    |1710|1710| |Louis_III|Louis,_Prince_Of_Condé| , duke of Bourbon    |1733|1733| |Claude_de_Forbin|Claude_De_Forbin| , French admiral and politician    |1744|1744| |John_Anstis|John_Anstis| , English historian and politician    |1762|1762| |Johannes_Zick|Johannes_Zick| , German painter    |1793|1793| |Louis_Jean_Marie_de_Bourbon,_Duke_of_Penthièvre|Louis_Jean_Marie_De_Bourbon,_Duke_Of_Penthièvre| |1795|1795| |John_Collins|John_Collins| , American politician, 3rd  |Governor_of_Rhode_Island|List_Of_Governors_Of_Rhode_Island| |1805|1805| |Jean-Baptiste_Greuze|Jean-Baptiste_Greuze| , French painter    |1807|1807| |Abraham_Baldwin|Abraham_Baldwin| , American minister, lawyer, and politician    |1811|1811| |Mariano_Moreno|Mariano_Moreno| , Argentinian journalist, lawyer, and politician    |1832|1832| |Jean-François_Champollion|Jean-François_Champollion| , French philologist and scholar    |1851|1851| |James_Richardson|James_Richardson| , English explorer    |1852|1852| |Nikolai_Gogol|Nikolai_Gogol| , Ukrainian-Russian short story writer, novelist, and playwright    |1853|1853| |Thomas_Bladen_Capel|Thomas_Bladen_Capel| , English admiral   1853    |Christian_Leopold_von_Buch|Christian_Leopold_Von_Buch| , German geologist and paleontologist    |1858|1858| |Matthew_C._Perry|Matthew_C._Perry| , American naval commander    |1864|1864| |Thomas_Starr_King|Thomas_Starr_King| , American minister and politician    |1866|1866| |Alexander_Campbell|Alexander_Campbell| , Irish-American minister and theologian    |1872|1872| |Carsten_Hauch|Carsten_Hauch| , Danish poet and playwright    |1883|1883| |Alexander_H._Stephens|Alexander_H._Stephens| , American lawyer and politician,  |Vice_President_of_the_Confederate_States_of_America|Vice_President_Of_The_Confederate_States_Of_America| |1888|1888| |Amos_Bronson_Alcott|Amos_Bronson_Alcott| , American philosopher and educator    |1903|1903| |Joseph_Henry_Shorthouse|Joseph_Henry_Shorthouse| , English author    |1906|1906| |John_Schofield|John_Schofield| , American general and politician, 28th  |United_States_Secretary_of_War|United_States_Secretary_Of_War| |1915|1915| |William_Willett|William_Willett| , English inventor, founded  |British_Summer_Time|British_Summer_Time| |1916|1916| |Franz_Marc|Franz_Marc| , German painter    |1925|1925| |Moritz_Moszkowski|Moritz_Moszkowski| , Polish-German pianist and composer   1925    |James_Ward|James_Ward| , English psychologist and philosopher   1925    |John_Montgomery_Ward|John_Montgomery_Ward| , American baseball player and manager    |1927|1927| |Ira_Remsen|Ira_Remsen| , American chemist and academic    |1938|1938| |George_Foster_Peabody|George_Foster_Peabody| , American banker and philanthropist   1938    |Jack_Taylor|Jack_Taylor| , American baseball player    |1940|1940| |Hamlin_Garland|Hamlin_Garland| , American novelist, poet, essayist, and short story writer    |1941|1941| |Ludwig_Quidde|Ludwig_Quidde| , German activist and politician,  |Nobel_Prize|Nobel_Peace_Prize|  laureate    |1944|1944| |Fannie_Barrier_Williams|Fannie_Barrier_Williams| , American educator and activist   1944    |Louis_Buchalter|Louis_Buchalter| , American mob boss   1944    |Louis_Capone|Louis_Capone| , Italian-American gangster   1944    |René_Lefebvre|René_Lefebvre| , French businessman    |1945|1945| |Lucille_La_Verne|Lucille_La_Verne| , American actress   1945    |Mark_Sandrich|Mark_Sandrich| , American director, producer, and screenwriter    |1948|1948| |Antonin_Artaud|Antonin_Artaud| , French actor and director    |1949|1949| |Clarence_Kingsbury|Clarence_Kingsbury| , English cyclist    |1952|1952| |Charles_Scott_Sherrington|Charles_Scott_Sherrington| , English neurophysiologist and pathologist,  |Nobel_Prize|Nobel_Prize_In_Physiology_Or_Medicine|  laureate    |1954|1954| |Noel_Gay|Noel_Gay| , English composer and songwriter    |1960|1960| |Herbert_OConor|Herbert_Oconor| , American soldier, lawyer, and politician, 51st  |Governor_of_Maryland|Governor_Of_Maryland| |1963|1963| |William_Carlos_Williams|William_Carlos_Williams| , American poet, short story writer, and essayist    |1969|1969| |Nicholas_Schenck|Nicholas_Schenck| , Russian-American businessman    |1972|1972| |Harold_Barrowclough|Harold_Barrowclough| , New Zealand general, lawyer, and politician, 8th  |Chief_Justice_of_New_Zealand|Chief_Justice_Of_New_Zealand|    1972    |Charles_Biro|Charles_Biro| , American author and illustrator    |1974|1974| |Adolph_Gottlieb|Adolph_Gottlieb| , American painter and sculptor    |1976|1976| |John_Marvin_Jones|John_Marvin_Jones| , American judge and politician   1976    |Walter_H._Schottky|Walter_H._Schottky| , Swiss-German physicist and engineer    |1977|1977| |Anatol_E._Baconsky|Anatol_E._Baconsky| , Romanian poet, author, and critic   1977    |Nancy_Tyson_Burbidge|Nancy_Tyson_Burbidge| , Australian botanist and curator   1977    |Andrés_Caicedo|Andrés_Caicedo| , Colombian author, poet, and playwright   1977    |William_Paul|William_Paul| , American lawyer and politician   1977    |Lutz_Graf_Schwerin_von_Krosigk|Lutz_Graf_Schwerin_Von_Krosigk| , German jurist and politician,  |German_Minister_for_Foreign_Affairs|Minister_For_Foreign_Affairs| |1978|1978| |Wesley_Bolin|Wesley_Bolin| , American businessman and politician, 15th  |Governor_of_Arizona|Governor_Of_Arizona|    1978    |Joe_Marsala|Joe_Marsala| , American clarinet player and songwriter    |1979|1979| |Willi_Unsoeld|Willi_Unsoeld| , American mountaineer and educator    |1980|1980| |Alan_Hardaker|Alan_Hardaker| , English lieutenant and businessman    |1981|1981| |Torin_Thatcher|Torin_Thatcher| , American actor   1981    |Karl-Jesko_von_Puttkamer|Karl-Jesko_Von_Puttkamer| , German admiral    |1986|1986| |Albert_L._Lehninger|Albert_L._Lehninger| , American biochemist and academic   1986    |Richard_Manuel|Richard_Manuel| , Canadian singer-songwriter and pianist   1986    |Elizabeth_Smart|Elizabeth_Smart| , Canadian poet and author    |1987|1987| |Seibo_Kitamura|Seibo_Kitamura| , Japanese sculptor    |1988|1988| |Beatriz_Guido|Beatriz_Guido| , Argentine author and screenwriter    |1989|1989| |Tiny_Grimes|Tiny_Grimes| , American guitarist    |1990|1990| |Hank_Gathers|Hank_Gathers| , American basketball player    |1991|1991| |Godfrey_Bryan|Godfrey_Bryan| , English cricketer    |1992|1992| |Art_Babbitt|Art_Babbitt| , American animator and director   1992    |Pare_Lorentz|Pare_Lorentz| , American director, producer, and screenwriter    |1993|1993| |Art_Hodes|Art_Hodes| , Ukrainian-American pianist and composer   1993    |Tomislav_Ivčić|Tomislav_Ivčić| , Croatian singer-songwriter and politician   1993    |Izaak_Kolthoff|Izaak_Kolthoff| , Dutch chemist and academic   1993    |Nicholas_Ridley,_Baron_Ridley_of_Liddesdale|Nicholas_Ridley,_Baron_Ridley_Of_Liddesdale| , English lieutenant and politician,  |Secretary_of_State_for_the_Environment|Secretary_Of_State_For_The_Environment| |1994|1994| |John_Candy|John_Candy| , Canadian comedian and actor   1994    |George_Edward_Hughes|George_Edward_Hughes| , Irish-Scottish philosopher and author    |1995|1995| |Matt_Urban|Matt_Urban| , American colonel,  |Medal_of_Honor|Medal_Of_Honor|  recipient    |1996|1996| |Minnie_Pearl|Minnie_Pearl| , American entertainer   1996    |John_Sauer|John_Sauer| , American football player, coach, and sportscaster    |1997|1997| |Joe_Baker-Cresswell|Joe_Baker-Cresswell| , English captain   1997    |Robert_H._Dicke|Robert_H._Dicke| , American physicist and astronomer    |1998|1998| |Ivan_Dougherty|Ivan_Dougherty| , Australian general    |1999|1999| |Harry_Blackmun|Harry_Blackmun| , American lawyer and judge   1999    |Del_Close|Del_Close| , American actor and educator   1999    |Miłosz_Magin|Miłosz_Magin| , Polish pianist and composer    |2000|2000| |Hermann_Brück|Hermann_Brück| , German-Scottish physicist and astronomer   2000    |Michael_Noonan|Michael_Noonan| , New Zealand-Australian author and screenwriter   2000    |Ta-You_Wu|Ta-You_Wu| , Chinese physicist and academic    |2001|2001| |Gerardo_Barbero|Gerardo_Barbero| , Argentinian chess player   2001    |Jean_René_Bazaine|Jean_René_Bazaine| , French painter and author   2001    |Fred_Lasswell|Fred_Lasswell| , American cartoonist   2001    |Jim_Rhodes|Jim_Rhodes| , American businessman and politician, 61st  |Governor_of_Ohio|Governor_Of_Ohio|    2001    |Harold_Stassen|Harold_Stassen| , American educator and politician, 25th  |Governor_of_Minnesota|Governor_Of_Minnesota| |2002|2002| |Ugnė_Karvelis|Ugnė_Karvelis| , Lithuanian author and translator   2002    |Elyne_Mitchell|Elyne_Mitchell| , Australian skier and author   2002    |Velibor_Vasović|Velibor_Vasović| , Serbian footballer and manager    |2003|2003| |Jaba_Ioseliani|Jaba_Ioseliani| , Georgian playwright, academic, and politician   2003    |Sébastien_Japrisot|Sébastien_Japrisot| , French author, screenwriter, and director    |2004|2004| |Claude_Nougaro|Claude_Nougaro| , French singer-songwriter    |2005|2005| |Nicola_Calipari|Nicola_Calipari| , Italian general   2005    |Yuriy_Kravchenko|Yuriy_Kravchenko| , Ukrainian police officer and politician   2005    |Carlos_Sherman|Carlos_Sherman| , Uruguayan-Belarusian author and activist    |2006|2006| |John_Reynolds_Gardiner|John_Reynolds_Gardiner| , American author and engineer   2006    |Edgar_Valter|Edgar_Valter| , Estonian author and illustrator    |2007|2007| |Thomas_Eagleton|Thomas_Eagleton| , American lawyer and politician, 38th  |Lieutenant_Governor_of_Missouri|Lieutenant_Governor_Of_Missouri|    2007    |Tadeusz_Nalepa|Tadeusz_Nalepa| , Polish singer-songwriter and guitarist   2007    |Ian_Wooldridge|Ian_Wooldridge| , English journalist    |2008|2008| |Gary_Gygax|Gary_Gygax| , American game designer, co-created  Dungeons & Dragons    2008    |Leonard_Rosenman|Leonard_Rosenman| , American composer and conductor    |2009|2009| |Yvon_Cormier|Yvon_Cormier| , Canadian wrestler 	   2009    |Horton_Foote|Horton_Foote| , American playwright and screenwriter 	   2009    |George_McAfee|George_Mcafee| , American football player 	    |2010|2010| |Raimund_Abraham|Raimund_Abraham| , Austrian architect and educator, designed the  |Austrian_Cultural_Forum_New_York|Austrian_Cultural_Forum_New_York|    2010    |Johnny_Alf|Johnny_Alf| , Brazilian pianist and composer   2010    |Vladislav_Ardzinba|Vladislav_Ardzinba| , Abkhazian historian and politician, 1st  |President_of_Abkhazia|President_Of_Abkhazia|    2010    |Fred_Wedlock|Fred_Wedlock| , English singer-songwriter and guitarist    |2011|2011| |Krishna_Prasad_Bhattarai|Krishna_Prasad_Bhattarai| , Nepalese journalist and politician, 29th  |Prime_Minister_of_Nepal|Prime_Minister_Of_Nepal|    2011    |Vivienne_Harris|Vivienne_Harris| , English journalist and publisher, co-founded the  Jewish Telegraph    2011    |Ed_Manning|Ed_Manning| , American basketball player and coach   2011    |Arjun_Singh|Arjun_Singh| , Indian politician   2011    |Alenush_Terian|Alenush_Terian| , Iranian astronomer and physicist   2011    |Simon_van_der_Meer|Simon_Van_Der_Meer| , Dutch-Swiss physicist and academic,  |Nobel_Prize|Nobel_Prize_In_Physics|  laureate    |2012|2012| |Paul_McBride|Paul_Mcbride| , Scottish lawyer and politician 	   2012    |Don_Mincher|Don_Mincher| , American baseball player 	    |2013|2013| |Lillian_Cahn|Lillian_Cahn| , Hungarian-American businesswoman, co-founded  |Coach,_Inc.|Coach,_Inc.|    2013    |Mickey_Moore|Mickey_Moore| , Canadian-American actor and director   2013    |Toren_Smith|Toren_Smith| , Canadian businessman, founded  |Studio_Proteus|Studio_Proteus| |2014|2014| |Mark_Freidkin|Mark_Freidkin| , Russian author and poet   2014    |Elaine_Kellett-Bowman|Elaine_Kellett-Bowman| , English lawyer and politician   2014    |Jack_Kinzler|Jack_Kinzler| , American engineer   2014    |Wu_Tianming|Wu_Tianming| , Chinese director and producer    |2015|2015| |Dušan_Bilandžić|Dušan_Bilandžić| , Croatian historian and politician   2015    |Ray_Hatton|Ray_Hatton| , English-American runner, author, and academic    |2016|2016| |Bud_Collins|Bud_Collins| , American journalist and sportscaster   2016    |Pat_Conroy|Pat_Conroy| , American author   2016    |P._A._Sangma|P._A._Sangma| , Indian lawyer and politician,  |Speaker_of_the_Lok_Sabha|Speaker_Of_The_Lok_Sabha|     2016    |Zhou_Xiaoyan|Zhou_Xiaoyan| , Chinese soprano and educator     |2017|2017| |Clayton_Yeutter|Clayton_Yeutter| , American politician     |2018|2018| |Davide_Astori|Davide_Astori| , Italian soccer player     |2019|2019| |Keith_Flint|Keith_Flint| , English singer     2019    |Luke_Perry|Luke_Perry| , American actor          Christian  |feast_day|Feast_Day| |Adrian_of_Nicomedia|Adrian_Of_Nicomedia| |Bisinus|Bisinus| |Casimir|Saint_Casimir| |Felix_of_Rhuys|Felix_Of_Rhuys| |Giovanni_Antonio_Farina|Giovanni_Antonio_Farina| |Blessed|Beatification| |Humbert_III,_Count_of_Savoy|Humbert_Iii,_Count_Of_Savoy| |Paul_Cuffee|Paul_Cuffee| |Peter_of_Pappacarbone|Peter_Of_Pappacarbone| |Zoltán_Meszlényi|Zoltán_Meszlényi| |March_4|March_4| |St_Casimirs_Day|St_Casimirs_Day| |National_Grammar_Day|National_Grammar_Day|  .