|314|314|    Constantine I  |defeats|Battle_Of_Cibalae|  Roman Emperor Licinius, who loses his European territories.    |451|451|    The first session of the  |Council_of_Chalcedon|Council_Of_Chalcedon|  begins.    |876|876|    Frankish forces led by Louis the Younger  |prevent|Battle_Of_Andernach|  a West Frankish invasion and defeat emperor Charles II .    |1075|1075| |Dmitar_Zvonimir|Demetrius_Zvonimir_Of_Croatia|  is crowned King of Croatia.    |1200|1200| |Isabella_of_Angoulême|Isabella_Of_Angoulême|  is crowned Queen consort of England.    |1322|1322|    Mladen II Šubić of Bribir is deposed as the Croatian Ban after the  |Battle_of_Bliska|Battle_Of_Bliska| .    |1480|1480|    The  |Great_stand_on_the_Ugra_river|Great_Stand_On_The_Ugra_River|  puts an end to Tartar rule over Moscow    |1573|1573|    End of the Spanish  |siege_of_Alkmaar|Siege_Of_Alkmaar| , the first Dutch victory in the Eighty Years War.    |1645|1645| |Jeanne_Mance|Jeanne_Mance|  open the first lay hospital in North America.    |1813|1813|    The  |Treaty_of_Ried|Treaty_Of_Ried|  is signed between Bavaria and Austria.    |1821|1821|    The  |Peruvian_Navy|Peruvian_Navy|  is established during the War of Independence.    |1829|1829|    Stephensons Rocket wins  |the_Rainhill_Trials|Rainhill_Trials| .    |1856|1856|    The  |Second_Opium_War|Second_Opium_War|  between several western powers and China begins with the Arrow Incident.    |1862|1862|    American Civil War: The Confederate invasion of Kentucky is halted at the  |Battle_of_Perryville|Battle_Of_Perryville| .    |1871|1871|    The  |Great_Chicago_Fire|Great_Chicago_Fire|  and the much deadlier  |Peshtigo_Fire|Peshtigo_Fire|  break out.    |1879|1879|    War of the Pacific: The Chilean Navy defeats the Peruvian Navy in the  |Battle_of_Angamos|Battle_Of_Angamos| .    |1895|1895|    Korean  |Empress_Myeongseong|Empress_Myeongseong|  is  |assassinated|Eulmi_Incident|  by Japanese infiltrators.    |1912|1912|    The  |First_Balkan_War|First_Balkan_War|  begins when Montenegro declares war against the Ottoman Empire.    |1918|1918| |World_War_I|World_War_I| |Alvin_C._York|Alvin_C._York|  kills 28 German soldiers and captures 132 for which he was awarded the Medal of Honor.    |1921|1921| |KDKA|Kdka|  in Pittsburghs Forbes Field conducts the first live broadcast of a football game.    |1939|1939| |World_War_II|World_War_Ii| |annexes_western_Poland|Polish_Areas_Annexed_By_Nazi_Germany| .    |1941|1941|    World War II: During the preliminaries of the  |Battle_of_Rostov|Battle_Of_Rostov| , German forces reach the Sea of Azov with the capture of Mariupol.    |1943|1943|    World War II: Around 30 civilians are  |executed|Kallikratisexecutions|  by Friedrich Schuberts paramilitary group in Kallikratis, Crete.    |1944|1944|    World War II: Captain Bobbie Brown earns a Medal of Honor for his actions during the  |Battle_of_Crucifix_Hill|Battle_Of_Crucifix_Hill| , just outside Aachen.    |1952|1952|    The  |Harrow_and_Wealdstone_rail_crash|Harrow_And_Wealdstone_Rail_Crash|  kills 112 people.    |1956|1956|    The New York Yankeess  |Don_Larsen|Don_Larsen|  pitches the only perfect game in a  |World_Series|World_Series| .    |1962|1962|    Der Spiegel  |publishes_an_article|Spiegel_Scandal|  disclosing the sorry state of the Bundeswehr, and is soon accused of treason.    |1967|1967|    Guerrilla leader  |Che_Guevara|Che_Guevara|  and his men are captured in Bolivia.    |1969|1969|    The opening rally of the  |Days_of_Rage|Days_Of_Rage|  occurs, organized by the Weather Underground in Chicago.    |1970|1970| |Aleksandr_Solzhenitsyn|Aleksandr_Solzhenitsyn|  wins the Nobel Prize in literature.    |1973|1973| |Yom_Kippur_War|Yom_Kippur_War| |Spyros_Markezinis|Spyros_Markezinis|  begins his 48-day term as prime minister in an abortive attempt to lead Greece to parliamentary rule.    |1974|1974| |Franklin_National_Bank|Franklin_National_Bank|  collapses due to fraud and mismanagement; at the time it is the largest bank failure in the history of the United States.    |1978|1978|    Australias  |Ken_Warby|Ken_Warby|  sets the current world water speed record of 317.60  mph at Blowering Dam, Australia.    |1982|1982|    Poland bans  |Solidarity|Solidarity|  and all other trade unions.   1982    |Cats|Cats|  opens on Broadway and runs for nearly 18 years before closing on September 10, 2000.    |1990|1990| |Second_Intifada|Second_Intifada| |1991|1991|    Upon the expiration of the  |Brioni_Agreement|Brioni_Agreement| , Croatia and Slovenia sever all official relations with Yugoslavia.    |2001|2001|    A twin engine Cessna and a Scandinavian Airlines System jetliner  |collide_in_heavy_fog_during_takeoff|Linate_Airport_Disaster|  from Milan, Italy, killing 118 people.   2001   U.S. President George W. Bush announces the establishment of the  |Office_of_Homeland_Security|United_States_Department_Of_Homeland_Security| .    |2005|2005|    The 7.6   |Kashmir_earthquake|2005_Kashmir_Earthquake|  leaves 86,000–87,351 people dead, 69,000–75,266 injured, and 2.8 million homeless.    |2014|2014| |Thomas_Eric_Duncan|Thomas_Eric_Duncan| , the first person in the United States to be diagnosed with  |Ebola|Zaire_Ebolavirus| , dies.    |2016|2016|    In the wake of  |Hurricane_Matthew|Hurricane_Matthew| , the death toll rises to nearly 900.    |2019|2019|    About 200  |Extinction_Rebellion|Extinction_Rebellion|  activists block the gates of  |Leinster_House|Leinster_House|  in the  |Republic_of_Ireland|Republic_Of_Ireland| .         |319_BC|319_Bc| |Pyrrhus_of_Epirus|Pyrrhus_Of_Epirus| |1150|1150| |Narapatisithu|Narapatisithu| , king of Burma    |1515|1515| |Margaret_Douglas|Margaret_Douglas| , daughter of Archibald Douglas    |1551|1551| |Giulio_Caccini|Giulio_Caccini| , Italian composer    |1553|1553| |Jacques_Auguste_de_Thou|Jacques_Auguste_De_Thou| , French historian    |1585|1585| |Heinrich_Schütz|Heinrich_Schütz| , German organist and composer    |1609|1609| |John_Clarke|John_Clarke| , English physician    |1676|1676| |Benito_Jerónimo_Feijóo_y_Montenegro|Benito_Jerónimo_Feijóo_Y_Montenegro| , Spanish monk and scholar    |1713|1713| |Yechezkel_Landau|Yechezkel_Landau| , Polish rabbi and author    |1715|1715| |Michel_Benoist|Michel_Benoist| , French scientist and missionary    |1747|1747| |Jean-François_Rewbell|Jean-François_Rewbell| , French lawyer and politician    |1753|1753| |Princess_Sophia_Albertina_of_Sweden|Sophia_Albertina,_Abbess_Of_Quedlinburg| |1765|1765| |Harman_Blennerhassett|Harman_Blennerhassett| , English-Irish lawyer and politician    |1789|1789| |John_Ruggles|John_Ruggles| , American lawyer and politician   1789    |William_John_Swainson|William_John_Swainson| , English-New Zealand ornithologist and entomologist    |1807|1807| |Harriet_Taylor_Mill|Harriet_Taylor_Mill| , English philosopher and activist    |1818|1818| |John_Henninger_Reagan|John_Henninger_Reagan| , American judge and politician, 3rd  |Confederate_States_Secretary_of_the_Treasury|Confederate_States_Secretary_Of_The_Treasury| |1834|1834| |Walter_Kittredge|Walter_Kittredge| , American violinist and composer    |1845|1845| |Salomon_Kalischer|Salomon_Kalischer| , German pianist, composer, and physicist    |1847|1847| |Rose_Scott|Rose_Scott| , Australian activist    |1848|1848| |Pierre_De_Geyter|Pierre_De_Geyter| , Belgian composer    |1850|1850| |Henry_Louis_Le_Châtelier|Henry_Louis_Le_Châtelier| , French chemist and academic    |1860|1860| |John_D._Batten|John_D._Batten| , British painter, printmaker and illustrator    |1863|1863| |Edythe_Chapman|Edythe_Chapman| , American actress    |1864|1864| |Ozias_Leduc|Ozias_Leduc| , Canadian painter and educator    |1870|1870| |Louis_Vierne|Louis_Vierne| , French organist and composer    |1872|1872| |Mary_Engle_Pennington|Mary_Engle_Pennington| , American bacteriological chemist and refrigeration engineer    |1873|1873| |Ejnar_Hertzsprung|Ejnar_Hertzsprung| , Danish chemist and astronomer   1873    |Alexey_Shchusev|Alexey_Shchusev| , Russian architect and academic, designed  |Lenins_Mausoleum|Lenins_Mausoleum| |1875|1875| |Laurence_Doherty|Laurence_Doherty| , English tennis player and golfer    |1876|1876| |Frederick_Montague,_1st_Baron_Amwell|Frederick_Montague,_1St_Baron_Amwell| , English lieutenant and politician    |1877|1877| |Hans_Heysen|Hans_Heysen| , German-Australian painter    |1879|1879| |Huntley_Gordon|Huntley_Gordon| , Canadian-American actor    |1882|1882| |Harry_McClintock|Harry_Mcclintock| , American singer-songwriter and poet    |1883|1883| |Dick_Burnett|Dick_Burnett| , American singer-songwriter and guitarist   1883    |Otto_Heinrich_Warburg|Otto_Heinrich_Warburg| , German physiologist and physician,  |Nobel_Prize|Nobel_Prize_In_Physiology_Or_Medicine|  laureate    |1884|1884| |Walther_von_Reichenau|Walther_Von_Reichenau| , German field marshal    |1887|1887| |Ping_Bodie|Ping_Bodie| , American baseball player   1887    |Donie_Bush|Donie_Bush| , American baseball player, manager, and team owner    |1888|1888| |Ernst_Kretschmer|Ernst_Kretschmer| , German psychiatrist and author    |1889|1889| |R._Fraser_Armstrong|R._Fraser_Armstrong| , Canadian engineer   1889    |Collett_E._Woolman|Collett_E._Woolman| , American businessman, co-founded  |Delta_Air_Lines|Delta_Air_Lines| |1890|1890| |Snuffy_Browne|Snuffy_Browne| , Barbadian cricketer   1890    |Eddie_Rickenbacker|Eddie_Rickenbacker| , American soldier and pilot,  |Medal_of_Honor|Medal_Of_Honor|  recipient   1890    |Philippe_Thys|Philippe_Thys| , Belgian cyclist    |1892|1892| |Marina_Tsvetaeva|Marina_Tsvetaeva| , Russian poet and author    |1893|1893| |Clarence_Williams|Clarence_Williams| , American pianist and composer    |1895|1895| |Zog_I_of_Albania|Zog_I_Of_Albania|    1895    |Juan_Perón|Juan_Perón| , Argentinian general and politician, 29th  |President_of_Argentina|President_Of_Argentina| |1896|1896| |Julien_Duvivier|Julien_Duvivier| , French director, producer, and screenwriter    |1897|1897| |Rouben_Mamoulian|Rouben_Mamoulian| , Georgian-American director and screenwriter   1897    |Marcel_Herrand|Marcel_Herrand| , French actor    |1901|1901| |Eivind_Groven|Eivind_Groven| , Norwegian composer and theorist   1901    |Mark_Oliphant|Mark_Oliphant| , Australian physicist, humanitarian and politician,  |Governor_of_South_Australia|Governor_Of_South_Australia| |1903|1903| |Georgy_Geshev|Georgy_Geshev| , Bulgarian chess player    |1904|1904| |Yves_Giraud-Cabantous|Yves_Giraud-Cabantous| , French race car driver    |1907|1907| |Richard_Sharpe_Shaver|Richard_Sharpe_Shaver| , American author and illustrator    |1908|1908| |Ezekias_Papaioannou|Ezekias_Papaioannou| , Greek-Cypriot politician    |1910|1910| |Kirk_Alyn|Kirk_Alyn| , American actor   1910    |Paulette_Dubost|Paulette_Dubost| , French actress   1910    |Gus_Hall|Gus_Hall| , American soldier and politician   1910    |Helmut_Kallmeyer|Helmut_Kallmeyer| , German chemist and soldier   1910    |Ray_Lewis|Ray_Lewis| , Canadian runner    |1913|1913| |Robert_R._Gilruth|Robert_R._Gilruth| , American pilot and engineer   1913    |Marios_Makrionitis|Marios_Makrionitis| , Roman Catholic Archbishop of Athens    |1917|1917| |Billy_Conn|Billy_Conn| , American boxer   1917    |Walter_Lord|Walter_Lord| , American historian and author   1917    |Danny_Murtaugh|Danny_Murtaugh| , American baseball player, coach, and manager   1917    |Rodney_Robert_Porter|Rodney_Robert_Porter| , English biochemist and physiologist,  |Nobel_Prize|Nobel_Prize_In_Physiology_Or_Medicine|  laureate    |1918|1918| |Halfdan_Hegtun|Halfdan_Hegtun| , Norwegian radio host and politician   1918    |Jens_Christian_Skou|Jens_Christian_Skou| , Danish chemist and physiologist,  |Nobel_Prize|Nobel_Prize_In_Chemistry|  laureate    |1919|1919| |Jack_McGrath|Jack_Mcgrath| , American race car driver   1919    |Kiichi_Miyazawa|Kiichi_Miyazawa| , Japanese politician, 78th  |Prime_Minister_of_Japan|Prime_Minister_Of_Japan| |1920|1920| |Frank_Herbert|Frank_Herbert| , American journalist, photographer, and author    |1921|1921| |Abraham_Sarmiento|Abraham_Sarmiento| , Filipino lawyer and jurist    |1922|1922| |Nils_Liedholm|Nils_Liedholm| , Swedish footballer, coach, and manager   1922    |Herbert_B._Leonard|Herbert_B._Leonard| , American production manager and producer    |1924|1924| |Alphons_Egli|Alphons_Egli| , Swiss lawyer and politician, 77th  |President_of_the_Swiss_Confederation|List_Of_Presidents_Of_The_Swiss_Confederation|    1924    |Aloísio_Lorscheider|Aloísio_Lorscheider| , Brazilian cardinal   1924    |Thirunalloor_Karunakaran|Thirunalloor_Karunakaran| , Indian poet and scholar   1924    |John_Nelder|John_Nelder| , English mathematician and statistician    |1925|1925| |Álvaro_Magaña|Álvaro_Magaña| , Salvadoran economist and politician,  |President_of_El_Salvador|President_Of_El_Salvador| |1926|1926| |Raaj_Kumar|Raaj_Kumar| , Pakistani-Indian police officer and actor    |1927|1927| |Jim_Elliot|Jim_Elliot| , American missionary and translator   1927    |César_Milstein|César_Milstein| , Argentinian-English biochemist and academic,  |Nobel_Prize|Nobel_Prize_In_Physiology_Or_Medicine|  laureate    |1928|1928| |Didi|Didi| , Brazilian footballer and manager   1928    |M._Russell_Ballard|M._Russell_Ballard| , American lieutenant and religious leader   1928    |Neil_Harvey|Neil_Harvey| , Australian cricketer   1928    |Bill_Maynard|Bill_Maynard| , English actor    |1929|1929| |Betty_Boothroyd|Betty_Boothroyd| , English academic and politician,  |British_Speaker_of_the_House_of_Commons|Speaker_Of_The_House_Of_Commons| |1930|1930| |Pepper_Adams|Pepper_Adams| , American saxophonist and composer   1930    |Alasdair_Milne|Alasdair_Milne| , Indian-English director and producer   1930    |Faith_Ringgold|Faith_Ringgold| , American painter and activist   1930    |Toru_Takemitsu|Toru_Takemitsu| , Japanese composer and theorist    |1931|1931| |Bill_Brown|Bill_Brown| , Scottish-Canadian footballer    |1932|1932| |Ray_Reardon|Ray_Reardon| , Welsh snooker player and police officer    |1934|1934| |Kader_Asmal|Kader_Asmal| , South African academic and politician   1934    |Gerry_Hitchens|Gerry_Hitchens| , English footballer and manager   1934    |James_Holshouser|James_Holshouser| , American lawyer and politician, 68th  |Governor_of_North_Carolina|Governor_Of_North_Carolina| |1935|1935| |Albert_Roux|Albert_Roux| , French-English chef    |1936|1936| |Rona_Barrett|Rona_Barrett| , American journalist and businesswoman    |1937|1937| |Merle_Park|Merle_Park| , British ballerina and educator   1937    |Paul_Schell|Paul_Schell| , American lawyer and politician, 50th  |Mayor_of_Seattle|List_Of_Mayors_Of_Seattle| |1938|1938| |William_Corlett|William_Corlett| , English author and playwright   1938    |Walter_Gretzky|Walter_Gretzky| , Canadian ice hockey coach and author   1938    |Fred_Stolle|Fred_Stolle| , Australian-American tennis player and sportscaster   1938    |Bronislovas_Lubys|Bronislovas_Lubys| , Lithuanian businessman and politician,  |Prime_Minister_of_Lithuania|Prime_Minister_Of_Lithuania| |1939|1939| |Elvīra_Ozoliņa|Elvīra_Ozoliņa| , Latvian javelin thrower   1939    |Harvey_Pekar|Harvey_Pekar| , American author and critic   1939    |Lynne_Stewart|Lynne_Stewart| , American lawyer and criminal    |1940|1940| |Fred_Cash|Fred_Cash| , American soul singer   1940    |Paul_Hogan|Paul_Hogan| , Australian actor, producer, and screenwriter    |1941|1941| |Jesse_Jackson|Jesse_Jackson| , American minister and activist   1941    |Shane_Stevens|Shane_Stevens| , American author   1941    |George_Bellamy|George_Bellamy| , English singer, guitarist, and producer    |1942|1942| |Stanley_Bates|Stanley_Bates| , English actor and screenwriter    |1943|1943| |Chevy_Chase|Chevy_Chase| , American comedian, actor, and screenwriter   1943    |R._L._Stine|R._L._Stine| , American author, screenwriter, and producer    |1944|1944| |Ed_Kirkpatrick|Ed_Kirkpatrick| , American baseball player   1944    |Susan_Raye|Susan_Raye| , American country music singer    |1946|1946| |Hanan_Ashrawi|Hanan_Ashrawi| , Palestinian scholar, activist, and politician   1946    |Jean-Jacques_Beineix|Jean-Jacques_Beineix| , French director and producer   1946    |Dennis_Kucinich|Dennis_Kucinich| , American journalist and politician, 53rd  |Mayor_of_Cleveland|List_Of_Mayors_Of_Cleveland| |Bel_Mooney|Bel_Mooney| , English journalist and author   1946    |Jon_Ekerold|Jon_Ekerold| , South African motorcycle racer    |1947|1947| |Richard_Morris|Richard_Morris| , English archaeologist, historian, and author   1947    |Emiel_Puttemans|Emiel_Puttemans| , Belgian runner   1947    |Stephen_Shore|Stephen_Shore| , American photographer and educator    |1948|1948| |Benjamin_Cheever|Benjamin_Cheever| , American journalist and author   1948    |Claude_Jade|Claude_Jade| , French actress   1948    |Johnny_Ramone|Johnny_Ramone| , American guitarist and songwriter    |1949|1949| |Hamish_Stuart|Hamish_Stuart| , Scottish singer-songwriter, guitarist, and producer   1949    |Sigourney_Weaver|Sigourney_Weaver| , American actress and producer    |1950|1950| |Robert_Kool_Bell|Robert_Kool_Bell| , American singer-songwriter and bass player   1950    |Blake_Morrison|Blake_Morrison| , English poet, author, and academic    |1951|1951| |Jack_OConnell|Jack_Oconnell| , American educator and politician   1951    |Timo_Salonen|Timo_Salonen| , Finnish race car driver   1951    |Shannon_C._Stimson|Shannon_C._Stimson| , American philosopher, historian, and theorist    |1952|1952| |Takis_Koroneos|Takis_Koroneos| , Greek basketball player and coach   1952    |Jan_Marijnissen|Jan_Marijnissen| , Dutch journalist and politician   1952    |Edward_Zwick|Edward_Zwick| , American director, producer, and screenwriter    |1953|1953| |Robert_Saxton|Robert_Saxton| , English composer and educator    |1954|1954| |Huub_Rothengatter|Huub_Rothengatter| , Dutch race car driver and manager    |1955|1955| |Bill_Elliott|Bill_Elliott| , American race car driver   1955    |Alain_Ferté|Alain_Ferté| , French race car driver   1955    |Darrell_Hammond|Darrell_Hammond| , American comedian and actor   1955    |Paul_Lennon|Paul_Lennon| , Australian politician, 42nd  |Premier_of_Tasmania|Premier_Of_Tasmania| |Lonnie_Pitchford|Lonnie_Pitchford| , American singer and guitarist    |1956|1956| |Jeff_Lahti|Jeff_Lahti| , American baseball player   1956    |Janice_E._Voss|Janice_E._Voss| , American engineer and astronaut    |1957|1957| |Antonio_Cabrini|Antonio_Cabrini| , Italian footballer and manager    |1958|1958| |Steve_Coll|Steve_Coll| , American journalist and author   1958    |Bret_Lott|Bret_Lott| , American journalist, author, and academic   1958    |Ursula_von_der_Leyen|Ursula_Von_Der_Leyen| , Belgian-German physician and politician,  |Defense_Minister_of_Germany|Defense_Minister_Of_Germany| |Ruffin_McNeill|Ruffin_Mcneill| , American football player and coach    |1959|1959| |Tommy_Armour_III|Tommy_Armour_Iii| , American golfer   1959    |Nick_Bakay|Nick_Bakay| , American actor, producer, and screenwriter   1959    |Gavin_Friday|Gavin_Friday| , Irish singer-songwriter, actor, and producer   1959    |Erik_Gundersen|Erik_Gundersen| , Danish motorcycle racer   1959    |Peter_Horrocks|Peter_Horrocks| , English journalist and producer   1959    |Mike_Morgan|Mike_Morgan| , American baseball player and coach   1959    |Carlos_I._Noriega|Carlos_I._Noriega| , Peruvian-American colonel and astronaut   1959    |Daniel_Ribacoff|Daniel_Ribacoff| , Brazilian-American  |polygraph|Polygraph|  examiner    |1960|1960| |Andrea_Anastasi|Andrea_Anastasi| , Italian volleyball player and coach   1960    |Reed_Hastings|Reed_Hastings| , American businessman, co-founded  |Netflix|Netflix| |Rano_Karno|Rano_Karno| , Indonesian actor and politician   1960    |Ralf_Minge|Ralf_Minge| , German footballer and manager   1960    |François_Pérusse|François_Pérusse| , Canadian singer-songwriter and comedian   1960    |Mike_Teague|Mike_Teague| , English rugby player    |1961|1961| |Steven_Bernstein|Steven_Bernstein| , American trumpet player and composer   1961    |Jon_Stevens|Jon_Stevens| , New Zealand-Australian singer-songwriter   1961    |Simon_Burke|Simon_Burke| , Australian actor and producer   1961    |Ted_Kooshian|Ted_Kooshian| , American pianist and composer    |1962|1962| |Richard_Lintern|Richard_Lintern| , British actor   1962    |Bruno_Thiry|Bruno_Thiry| , Belgian race car driver   1962    |Chen_Xiaoxia|Chen_Xiaoxia| , Chinese diver    |1963|1963| |Steve_Perry|Steve_Perry| , American ska singer-songwriter and guitarist    |1964|1964| |Jakob_Arjouni|Jakob_Arjouni| , German author   1964    |Ian_Hart|Ian_Hart| , English actor   1964    |CeCe_Winans|Cece_Winans| , American singer-songwriter    |1965|1965| |Matt_Biondi|Matt_Biondi| , American swimmer and coach   1965    |Ardal_OHanlon|Ardal_Ohanlon| , Irish comedian, actor, and screenwriter   1965    |Harri_Koskela|Harri_Koskela| , Finnish wrestler   1965    |C._J._Ramone|C._J._Ramone| , American singer-songwriter and bass player    |1966|1966| |Art_Barr|Art_Barr| , American wrestler   1966    |Karyn_Parsons|Karyn_Parsons| , American actress and producer    |1967|1967| |Yvonne_Reyes|Yvonne_Reyes| , Venezuelan television host and actress   1967    |Teddy_Riley|Teddy_Riley| , American singer-songwriter and producer    |1968|1968| |Ali_Benarbia|Ali_Benarbia| , Algerian footballer   1968    |Zvonimir_Boban|Zvonimir_Boban| , Croatian footballer and sportscaster   1968    |Emily_Procter|Emily_Procter| , American actress   1968    |CL_Smooth|Cl_Smooth| , American rapper and producer   1968    |Leeroy_Thornhill|Leeroy_Thornhill| , English keyboard player and DJ    |1969|1969| |Jeremy_Davies|Jeremy_Davies| , American actor   1969    |Dylan_Neal|Dylan_Neal| , Canadian-American actor, producer, and screenwriter    |1970|1970| |Mathieu_Ngudjolo_Chui|Mathieu_Ngudjolo_Chui| , Congolese colonel   1970    |Matt_Damon|Matt_Damon| , American actor, producer, and screenwriter   1970    |Anne-Marie_Duff|Anne-Marie_Duff| , English actress   1970    |Sadiq_Khan|Sadiq_Khan| , English lawyer and politician,  |Minister_of_State_for_Transport|Minister_Of_State_For_Transport| ,  |Mayor_of_London|Mayor_Of_London| |Sisaundra_Lewis|Sisaundra_Lewis| , American singer-songwriter and producer   1970    |Tetsuya_Nomura|Tetsuya_Nomura| , Japanese video game designer and director    |1971|1971| |Marc_Ellis|Marc_Ellis| , New Zealand rugby player and television host   1971    |David_Gauke|David_Gauke| , English lawyer and politician   1971    |Pınar_Selek|Pınar_Selek| , Turkish sociologist, author, and academic   1971    |Monty_Williams|Monty_Williams| , American basketball player and coach    |1972|1972| |Terry_Balsamo|Terry_Balsamo| , American guitarist and songwriter   1972    |Stanislav_Varga|Stanislav_Varga| , Slovak footballer and manager    |1973|1973| |Jim_Fairchild|Jim_Fairchild| , American singer-songwriter and guitarist   1973    |Kari_Korhonen|Kari_Korhonen| , Finnish cartoonist    |1974|1974| |Kevyn_Adams|Kevyn_Adams| , American ice hockey player and coach   1974    |Fredrik_Modin|Fredrik_Modin| , Swedish ice hockey player   1974    |Koji_Murofushi|Koji_Murofushi| , Japanese hammer thrower    |1976|1976| |Karina_Bacchi|Karina_Bacchi| , Brazilian model and actress   1976    |Galo_Blanco|Galo_Blanco| , Spanish tennis player and coach   1976    |Renate_Groenewold|Renate_Groenewold| , Dutch speed skater and cyclist    |1977|1977| |Anne-Caroline_Chausson|Anne-Caroline_Chausson| , French cyclist   1977    |Jamie_Marchi|Jamie_Marchi| , American voice actress, director, and screenwriter   1977    |Erna_Siikavirta|Erna_Siikavirta| , Finnish singer-songwriter and keyboard player    |1978|1978| |Antonino_DAgostino|Antonino_Dagostino| , Italian footballer   1978    |Mick_ODriscoll|Mick_Odriscoll| , Irish rugby player and coach    |1979|1979| |Paul_Burchill|Paul_Burchill| , English wrestler   1979    |Gregori_Chad_Petree|Gregori_Chad_Petree| , American singer-songwriter and guitarist    |1980|1980| |Nick_Cannon|Nick_Cannon| , American actor, rapper, and producer    |1981|1981| |Vladimir_Kisenkov|Vladimir_Kisenkov| , Russian footballer   1981    |Raffi_Torres|Raffi_Torres| , Canadian ice hockey player    |1982|1982| |Phil_Mustard|Phil_Mustard| , English cricketer   1982    |Miloš_Pavlović|Miloš_Pavlović| , Serbian race car driver   1982    |Annemiek_van_Vleuten|Annemiek_Van_Vleuten| , Dutch cyclist    |1983|1983| |Mario_Cassano|Mario_Cassano| , Italian footballer   1983    |Michael_Fraser|Michael_Fraser| , Scottish footballer   1983    |Mihkel_Kukk|Mihkel_Kukk| , Estonian javelin thrower   1983    |Abhishek_Nayar|Abhishek_Nayar| , Indian cricketer   1983    |Travis_Pastrana|Travis_Pastrana| , American motorcycle racer    |1984|1984| |Domenik_Hixon|Domenik_Hixon| , American football player    |1985|1985| |Bruno_Mars|Bruno_Mars| , American singer-songwriter, producer, and actor   1985    |Eiji_Wentz|Eiji_Wentz| , Japanese singer-songwriter   1985    |Elliphant|Elliphant| , Swedish singer-songwriter and rapper    |1986|1986| |Louis_Dodds|Louis_Dodds| , English footballer   1986    |Michele_Sepe|Michele_Sepe| , Italian rugby player    |1987|1987| |Aya_Hirano|Aya_Hirano| , Japanese voice actress and singer   1987    |Hassan_Maatouk|Hassan_Maatouk| , Lebanese footballer   1987    |Taylor_Price|Taylor_Price| , American football player    |1989|1989| |Sione_Lousi|Sione_Lousi| , New Zealand rugby league player   1989    |Mahmut_Temür|Mahmut_Temür| , Turkish footballer   1989    |Armand_Traoré|Armand_Traoré| , French footballer    |1990|1990| |Rachel_Klamer|Rachel_Klamer| , Zimbabwean-Dutch triathlete    |1991|1991| |Jordan_McLean|Jordan_Mclean| , Australian rugby league player    |1992|1992| |Maria_João_Koehler|Maria_João_Koehler| , Portuguese tennis player   1992    |Lidziya_Marozava|Lidziya_Marozava| , Belarusian tennis player    |1993|1993| |Yoshikazu_Fujita|Yoshikazu_Fujita| , Japanese rugby union player   1993    |Garbiñe_Muguruza|Garbiñe_Muguruza| , Spanish tennis player   1993    |Barbara_Palvin|Barbara_Palvin| , Hungarian model and actress   1993    |Molly_Quinn|Molly_Quinn| , American actress and producer   1993    |Darrell_Wallace,_Jr.|Darrell_Wallace,_Jr.| , American race car driver    |1994|1994| |Luca_Hänni|Luca_Hänni| , Swiss singer-songwriter    |1995|1995| |G_Herbo|G_Herbo| , American rapper    |1996|1996| |Sara_Sorribes_Tormo|Sara_Sorribes_Tormo| , Spanish tennis player   1996    |Sara_Takanashi|Sara_Takanashi| , Japanese ski jumper    |1997|1997| |Bella_Thorne|Bella_Thorne| , American actress          |705|705| |Abd_al-Malik_ibn_Marwan|Abd_Al-Malik_Ibn_Marwan| , Muslim caliph    |923|923| |Pilgrim_I|Pilgrim_I| , archbishop of  |Salzburg|Archbishopric_Of_Salzburg| |951|951| |Xiao_Sagezhi|Empress_Xiao_Sagezhi| , Chinese Khitan empress    |976|976| |Helen_of_Zadar|Helen_Of_Zadar| ,  |queen_consort|Queen_Consort|  of the  |Kingdom_of_Croatia|Kingdom_Of_Croatia| |1281|1281|    Princess  |Constance_of_Greater_Poland|Constance_Of_Greater_Poland| |1286|1286| |John_I,_Duke_of_Brittany|John_I,_Duke_Of_Brittany| |1317|1317| |Emperor_Fushimi|Emperor_Fushimi|  of Japan    |1354|1354| |Cola_di_Rienzo|Cola_Di_Rienzo| , Roman tribune    |1361|1361| |John_Beauchamp,_3rd_Baron_Beauchamp|John_Beauchamp,_3Rd_Baron_Beauchamp| |1436|1436| |Jacqueline,_Countess_of_Hainaut|Jacqueline,_Countess_Of_Hainaut| |1469|1469| |Filippo_Lippi|Filippo_Lippi| , artist    |1594|1594| |Ishikawa_Goemon|Ishikawa_Goemon| , ninja and thief of Japan    |1621|1621| |Antoine_de_Montchrestien|Antoine_De_Montchrestien| , French soldier, playwright, and economist    |1647|1647| |Christen_Sørensen_Longomontanus|Christen_Sørensen_Longomontanus| , Danish astronomer and mathematician    |1652|1652| |John_Greaves|John_Greaves| , English mathematician and astronomer    |1656|1656| |John_George_I,_Elector_of_Saxony|John_George_I,_Elector_Of_Saxony| |1659|1659| |Jean_de_Quen|Jean_De_Quen| , French missionary, priest, and historian    |1735|1735| |Yongzheng_Emperor|Yongzheng_Emperor|  of China    |1754|1754| |Henry_Fielding|Henry_Fielding| , English novelist and playwright    |1772|1772| |Jean-Joseph_de_Mondonville|Jean-Joseph_De_Mondonville| , French violinist and composer    |1793|1793| |John_Hancock|John_Hancock| , American merchant and politician, 1st  |Governor_of_Massachusetts|Governor_Of_Massachusetts| |1795|1795| |Andrew_Kippis|Andrew_Kippis| , English minister and author    |1802|1802| |Emmanuele_Vitale|Emmanuele_Vitale| , Maltese general and politician    |1804|1804| |Thomas_Cochran|Thomas_Cochran| , Canadian lawyer and judge    |1809|1809| |James_Elphinston|James_Elphinston| , Scottish orthographer, phonologist, and linguist    |1821|1821| |Juan_ODonojú|Juan_Odonojú| , last Spanish ruler of Mexico     |1834|1834| |François-Adrien_Boieldieu|François-Adrien_Boieldieu| , French composer    |1869|1869| |Franklin_Pierce|Franklin_Pierce| , American general, lawyer, and politician, 14th  |President_of_the_United_States|President_Of_The_United_States| |1879|1879| |Miguel_Grau_Seminario|Miguel_Grau_Seminario| , Peruvian admiral    |1886|1886| |Austin_F._Pike|Austin_F._Pike| , American lawyer and politician    |1897|1897| |Alexei_Savrasov|Alexei_Savrasov| , Russian painter and academic    |1928|1928| |Larry_Semon|Larry_Semon| , American actor, director, producer, and screenwriter    |1931|1931| |John_Monash|John_Monash| , Australian general and engineer    |1936|1936| |Premchand|Premchand| , Indian author and screenwriter   1936    |Red_Ames|Red_Ames| , American baseball player and manager   1936    |Ahmet_Tevfik_Pasha|Ahmet_Tevfik_Pasha| , Ottoman politician, 292nd  |Grand_Vizier_of_the_Ottoman_Empire|Grand_Vizier_Of_The_Ottoman_Empire|    1936    |William_Henry_Stark|William_Henry_Stark| , American businessman    |1942|1942| |Sergey_Chaplygin|Sergey_Chaplygin| , Russian physicist, mathematician, and engineer    |1944|1944| |Wendell_Willkie|Wendell_Willkie| , American captain, lawyer, and politician    |1945|1945| |Felix_Salten|Felix_Salten| , Austrian author and critic    |1952|1952| |Joe_Adams|Joe_Adams| , American baseball player and manager    |1953|1953| |Nigel_Bruce|Nigel_Bruce| , British actor   1953    |Kathleen_Ferrier|Kathleen_Ferrier| , English soprano    |1955|1955| |Iry_LeJeune|Iry_Lejeune| , American accordion player    |1958|1958| |Ran_Bosilek|Ran_Bosilek| , Bulgarian author and translator    |1963|1963| |Remedios_Varo|Remedios_Varo| , Spanish-Mexican painter    |1967|1967| |Clement_Attlee|Clement_Attlee| , English soldier, lawyer, and politician,  |Prime_Minister_of_the_United_Kingdom|Prime_Minister_Of_The_United_Kingdom| |1970|1970| |Jean_Giono|Jean_Giono| , French author and poet    |1973|1973| |Gabriel_Marcel|Gabriel_Marcel| , French philosopher, playwright, and critic    |1977|1977| |Giorgos_Papasideris|Giorgos_Papasideris| , Greek singer-songwriter    |1978|1978| |Bertha_Parker_Pallan|Bertha_Parker_Pallan| , American archaeologist    |1979|1979| |Brian_Edmund_Baker|Brian_Edmund_Baker| , English air marshal   1979    |Jayaprakash_Narayan|Jayaprakash_Narayan| , Indian politician    |1982|1982| |Fernando_Lamas|Fernando_Lamas| , Argentinian-American actor and director   1982    |Philip_Noel-Baker,_Baron_Noel-Baker|Philip_Noel-Baker,_Baron_Noel-Baker| , English runner and politician,  |Secretary_of_State_for_Commonwealth_Relations|Secretary_Of_State_For_Commonwealth_Relations| ,  |Nobel_Prize|Nobel_Peace_Prize|  laureate    |1983|1983| |Joan_Hackett|Joan_Hackett| , American actress    |1985|1985| |Malcolm_Ross|Malcolm_Ross| , American captain, physicist, and balloonist   1985    |Gordon_Welchman|Gordon_Welchman| , English-American mathematician and scholar    |1987|1987| |Konstantinos_Tsatsos|Konstantinos_Tsatsos| , Greek scholar and politician, 2nd  |President_of_Greece|President_Of_Greece| |1992|1992| |Willy_Brandt|Willy_Brandt| , German lawyer and politician, 4th  |Chancellor_of_Germany|Chancellor_Of_Germany| ,  |Nobel_Prize|Nobel_Peace_Prize|  laureate    |1994|1994| |Oscar_M._Ruebhausen|Oscar_M._Ruebhausen| , American lawyer    |1995|1995| |Christopher_Keene|Christopher_Keene| , American conductor and educator    |1997|1997| |Bertrand_Goldberg|Bertrand_Goldberg| , American architect, designed the  |Marina_City_Building|Marina_City| |1999|1999| |John_McLendon|John_Mclendon| , American basketball player and coach    |2000|2000| |Charlotte_Lamb|Charlotte_Lamb| , English author    |2001|2001| |Dmitry_Polyansky|Dmitry_Polyansky| ,  |First_Deputy_Premier_of_the_Soviet_Union|First_Deputy_Premier_Of_The_Soviet_Union| |2002|2002| |Phyllis_Calvert|Phyllis_Calvert| , English actress   2002    |Jacques_Richard|Jacques_Richard| , Canadian ice hockey player    |2004|2004| |James_Chace|James_Chace| , American historian and author    |2006|2006| |Mark_Porter|Mark_Porter| , New Zealand race car driver    |2007|2007| |Constantine_Andreou|Constantine_Andreou| , Greek painter and sculptor    |2008|2008| |Ângelo_Carvalho|Ângelo_Carvalho| , Portuguese footballer   2008    |Bob_Friend|Bob_Friend| , English journalist   2008    |Eileen_Herlie|Eileen_Herlie| , Scottish-American actress   2008    |George_Emil_Palade|George_Emil_Palade| , Romanian-American biologist and physician,  |Nobel_Prize|Nobel_Prize_In_Physiology_Or_Medicine|  laureate    |2010|2010| |Frank_Bourgholtzer|Frank_Bourgholtzer| , American journalist    |2011|2011| |Al_Davis|Al_Davis| , American football player, coach, and manager   2011    |Mikey_Welsh|Mikey_Welsh| , American guitarist and painter   2011    |Roger_Williams|Roger_Williams| , American pianist    |2012|2012| |Varsha_Bhosle|Varsha_Bhosle| , Indian singer and journalist   2012    |Marilou_Diaz-Abaya|Marilou_Diaz-Abaya| , Filipino director, producer, and screenwriter   2012    |Eric_Lomax|Eric_Lomax| , Scottish captain and author   2012    |Nawal_Kishore_Sharma|Nawal_Kishore_Sharma| , Indian politician, 20th  |Governor_of_Gujarat|List_Of_Governors_Of_Gujarat| |2013|2013| |Philip_Chevron|Philip_Chevron| , Irish singer-songwriter and guitarist   2013    |Paul_Desmarais|Paul_Desmarais| , Canadian businessman and philanthropist   2013    |Rod_Grams|Rod_Grams| , American journalist and politician   2013    |Rodolphe_Kasser|Rodolphe_Kasser| , Swiss archaeologist and philologist   2013    |Andy_Pafko|Andy_Pafko| , American baseball player and manager   2013    |Akong_Rinpoche|Akong_Rinpoche| , Tibetan-Chinese spiritual leader    |2014|2014| |Morris_Lurie|Morris_Lurie| , Australian author and playwright   2014    |Alden_E._Matthews|Alden_E._Matthews| , American missionary   2014    |Harden_M._McConnell|Harden_M._Mcconnell| , American chemist and academic   2014    |Zilpha_Keatley_Snyder|Zilpha_Keatley_Snyder| , American author   2014    |Jeen_van_den_Berg|Jeen_Van_Den_Berg| , Dutch speed skater    |2015|2015| |Richard_Davies|Richard_Davies| , Welsh-English actor   2015    |Jim_Diamond|Jim_Diamond| , Scottish singer-songwriter   2015    |Dennis_Eichhorn|Dennis_Eichhorn| , American author and illustrator   2015    |Lindy_Infante|Lindy_Infante| , American football player and coach   2015    |Paul_Prudhomme|Paul_Prudhomme| , American chef and author         Christian  |feast_day|Calendar_Of_Saints| |Evodus|Evodus| |Palatias_and_Laurentia|Palatias_And_Laurentia| |Pelagia|Saint_Pelagia| |Reparata|Saint_Reparata| |San_Ernesto|San_Ernesto| ,  |Che_Guevara|Che_Guevara|  as a folk saint.     |Simeon|Simeon| |Thaïs|Thaïs| |William_Dwight_Porter_Bliss|William_Dwight_Porter_Bliss|  and  |Richard_T._Ely|Richard_T._Ely| |October_8|October_8| |Columbus_Day|Columbus_Dayunited_States_Observance|  can fall, while October 14 is the latest; observed on the second Monday of October ; and its related observance  |Discoverers_Day|Discoverers_Daylocal_Observances| |Indigenous_Peoples_Day|Indigenous_Peoples_Day| , a counter Columbus Day   Piomingo Day    Earliest day on which  |Mothers_Day|Public_Holidays_In_Malawi|  can fall, while October 14 is the latest; celebrated on the second Monday in October    Earliest day on which the first day of  |Fire_Prevention_Week|Fire_Prevention_Week|  can fall, while October 14 is the latest; observed on the second week in October.   Earliest day on which  |Thanksgiving|Thanksgiving|  can fall, while October 14 is the latest; observed on the second Monday in October.   Earliest day on which  |White_Sunday|White_Sunday|  can fall, while October 14 is the latest; celebrated on the second Sunday in October.     |World_Space_Week|World_Space_Week| |Air_Force_Day|Indian_Air_Force| |Arbor_Day|Arbor_Daynamibia| |Childrens_Day|Childrens_Day| |Independence_Day|Independence_Day| , celebrates the official separation of  |Croatia|Croatia|  from  |Yugoslavia|Socialist_Federal_Republic_Of_Yugoslavia|  in 1991.    |Navy_Day|Peruvian_Navy|     International Lesbian Day    |National_Octopus_Day|National_Octopus_Day| .