|AD_69|Ad_69|    In the  |Second_Battle_of_Bedriacum|Second_Battle_Of_Bedriacum| , troops loyal to Vespasian defeat those of Emperor Vitellius.    |1260|1260| |Chartres_Cathedral|Chartres_Cathedral|  is dedicated in the presence of King Louis IX of France.    |1360|1360|    The  |Treaty_of_Brétigny|Treaty_Of_Brétigny|  is ratified, marking the end of the first phase of the Hundred Years War.    |1590|1590| |John_White|John_White| , the governor of the second Roanoke Colony, returns to England after an unsuccessful search for the lost colonists.    |1641|1641|    Felim ONeill of Kinard, the leader of the  |Irish_Rebellion|Irish_Rebellion_Of_1641| , issues his  |Proclamation_of_Dungannon|Proclamation_Of_Dungannon| , justifying the uprising and declaring continued loyalty to Charles I.    |1648|1648|    The  |Peace_of_Westphalia|Peace_Of_Westphalia|  is signed, marking the end of the Thirty Years War.    |1795|1795|    Poland is  |completely_consumed|Third_Partition_Of_Poland|  by Russia, Prussia and Austria.    |1812|1812|    Napoleonic Wars: The  |Battle_of_Maloyaroslavets|Battle_Of_Maloyaroslavets|  takes place near Moscow.    |1851|1851| |William_Lassell|William_Lassell|  discovers the moons Umbriel and Ariel orbiting Uranus.    |1857|1857| |Sheffield_F.C.|Sheffield_F.C.| , the worlds oldest association football club still in operation, is founded in England.    |1861|1861|    The  |first_transcontinental_telegraph|First_Transcontinental_Telegraph|  line across the United States is completed.    |1871|1871|    An estimated 17 to 20 Chinese immigrants are  |lynched|Chinese_Massacre_Of_1871|  in Los Angeles, California.    |1889|1889|    Henry Parkes delivers the  |Tenterfield_Oration|Tenterfield_Oration| , effectively starting the federation process in Australia.    |1901|1901| |Annie_Edson_Taylor|Annie_Edson_Taylor|  becomes the first person to go over Niagara Falls in a barrel.    |1902|1902|    Guatemalas  |Santa_María_Volcano|Santa_María|  begins to erupt, becoming the third-largest eruption of the 20th century.    |1911|1911| |Orville_Wright|Orville_Wright|  remains in the air nine minutes and 45 seconds in a glider at Kill Devil Hills, North Carolina.    |1912|1912|    First Balkan War: The  |Battle_of_Kirk_Kilisse|Battle_Of_Kirk_Kilisse|  concludes with a Bulgarian victory against the Ottoman Empire.   1912   First Balkan War: The  |Battle_of_Kumanovo|Battle_Of_Kumanovo|  concludes with the Serbian victory against the Ottoman Empire.    |1917|1917|    First World War: Italy suffers a  |disastrous_defeat|Battle_Of_Caporetto|  on the Austro-Italian front.    |1926|1926| |Harry_Houdinis|Harry_Houdini|  last performance takes place at the Garrick Theatre in Detroit.    |1929|1929| |Black_Thursday|Wall_Street_Crash_Of_1929|  on the New York Stock Exchange.    |1930|1930|    A bloodless  |coup_détat|Brazilian_Revolution_Of_1930|  in Brazil ends the First Republic, replacing it with the Vargas Era.    |1931|1931|    The  |George_Washington_Bridge|George_Washington_Bridge|  opens to public traffic over the Hudson River.    |1944|1944|    World War II: Japans center force is temporarily repulsed in the  |Battle_of_Leyte_Gulf|Battle_Of_Leyte_Gulf| .    |1945|1945|    The  |United_Nations_Charter|United_Nations_Charter|  comes into effect.    |1946|1946|    A camera on board the  |V-2_No._13|V-2_No._13|  rocket takes the first photograph of earth from outer space.    |1947|1947|    Famed animator  |Walt_Disney|Walt_Disney|  testifies before the  |House_Un-American_Activities_Committee|House_Un-American_Activities_Committee| , naming Disney employees he believes to be communists.    |1949|1949|    The cornerstone of the  |United_Nations_Headquarters|United_Nations_Headquarters|  is laid.    |1954|1954|    President Eisenhower pledges United States support to  |South_Vietnam|South_Vietnam| .    |1956|1956|    At the request of the Stalinist regime of  |Ernő_Gerő|Ernő_Gerő| , a massive  |Soviet|Soviet_Army|  force invades  |Budapest|Budapest|  during the  |Hungarian_Revolution|Hungarian_Revolution_Of_1956| .  |Imre_Nagy|Imre_Nagy|  is reinstalled as  |Prime_Minister|Prime_Minister_Of_Hungary| .    |1957|1957|    The United States Air Force starts the  |X-20_Dyna-Soar|X-20_Dyna-Soar|  manned space program.    |1960|1960|    A ballistic missile  |explodes_on_the_launch_pad|Nedelin_Catastrophe|  in the Soviet Union, killing over 100 people.    |1963|1963|    An oxygen leak from an  |R-9_Desna|R-9_Desna|  missile at the Baikonur Cosmodrome triggers a fire that kills seven people.    |1964|1964| |Northern_Rhodesia|Northern_Rhodesia|  gains independence from the United Kingdom and becomes Zambia.    |1975|1975|    In Iceland, 90% of women  |take_part_in_a_national_strike|1975_Icelandic_Womens_Strike| , refusing to work in protest of gender inequality.    |1980|1980|    The government of Poland legalizes the  |Solidarity_trade_union|Solidarity| .    |1986|1986| |Nezar_Hindawi|Nezar_Hindawi|  is sentenced to 45 years in prison, the longest sentence handed down by a British court, for the attempted bombing of an El Al flight at Heathrow Airport.    |1990|1990|    Italian prime minister Giulio Andreotti reveals to the Italian parliament the existence of  |Gladio|Operation_Gladio| , the Italian NATO force formed in 1956, intended to be activated in the event of a Warsaw Pact invasion.    |1992|1992|    The  |Toronto_Blue_Jays|Toronto_Blue_Jays|  become the first Major League Baseball team based outside the United States to win the World Series.    |1998|1998| |Deep_Space_1|Deep_Space_1|  is launched to explore the asteroid belt and test new spacecraft technologies.    |2002|2002|    Police arrest spree killers John Allen Muhammad and Lee Boyd Malvo, ending the  |Beltway_sniper_attacks|Beltway_Sniper_Attacks|  in the area around Washington, D.C.    |2003|2003| |Concorde|Concorde|  makes its last commercial flight.    |2004|2004| |Arsenal_Football_Club|Arsenal_Football_Club|  loses to Manchester United, ending a row of unbeaten matches at 49 matches, which is the record in the Premier League.    |2005|2005| |Hurricane_Wilma|Hurricane_Wilma|  makes landfall in Florida, resulting in 35 direct and 26 indirect fatalities and causing $20.6B USD in damage.    |2007|2007| |Change_1|Change_1| , the first satellite in the Chinese Lunar Exploration Program, is launched from Xichang Satellite Launch Center.    |2008|2008| |Bloody_Friday|Stock_Market_Crashbloody_Friday|  saw many of the worlds stock exchanges experience the worst declines in their history, with drops of around 10% in most indices.    |2014|2014|    The China National Space Administration launches an experimental lunar mission,  |Change_5-T1|Change_5-T1| , which will loop behind the Moon and return to Earth.    |2015|2015|    A driver  |crashes|2015_Oklahoma_State_University_Homecoming_Parade_Crash|  into the Oklahoma State Homecoming parade, killing four people and injuring 34.    |2016|2016|    A French surveillance aircraft flying to Libya  |crashes|2016_Malta_Fairchild_Merlin_Crash|  on takeoff in Malta, killing all five people on board.        |AD_51|Ad_51| |Domitian|Domitian| , Roman emperor    |1378|1378| |David_Stewart,_Duke_of_Rothesay|David_Stewart,_Duke_Of_Rothesay| |1435|1435| |Andrea_della_Robbia|Andrea_Della_Robbia| , Italian artist    |1503|1503| |Isabella_of_Portugal|Isabella_Of_Portugal| |1561|1561| |Anthony_Babington|Anthony_Babington| , English leader of the  |Babington_Plot|Babington_Plot| |1632|1632| |Antonie_van_Leeuwenhoek|Antonie_Van_Leeuwenhoek| , Dutch biologist and microbiologist    |1637|1637| |Lorenzo_Magalotti|Lorenzo_Magalotti| , Italian philosopher    |1650|1650| |Steven_Blankaart|Steven_Blankaart| , Dutch entomologist    |1675|1675| |Richard_Temple,_1st_Viscount_Cobham|Richard_Temple,_1St_Viscount_Cobham| , English field marshal and politician,  |Lord_Lieutenant_of_Buckinghamshire|Lord_Lieutenant_Of_Buckinghamshire| |1713|1713| |Marie_Fel|Marie_Fel| , French soprano and actress    |1763|1763| |Dorothea_von_Schlegel|Dorothea_Von_Schlegel| , German author and translator    |1784|1784| |Moses_Montefiore|Moses_Montefiore| , British philanthropist, sheriff and banker    |1788|1788| |Sarah_Josepha_Hale|Sarah_Josepha_Hale| , American author and poet    |1798|1798| |Massimo_dAzeglio|Massimo_Dazeglio| , Piedmontese-Italian statesman, novelist and painter    |1804|1804| |Wilhelm_Eduard_Weber|Wilhelm_Eduard_Weber| , German physicist and academic    |1811|1811| |Ferdinand_Hiller|Ferdinand_Hiller| , German composer and conductor    |1830|1830| |Marianne_North|Marianne_North| , English biologist and painter    |1838|1838| |Annie_Edson_Taylor|Annie_Edson_Taylor| , American stuntwoman and educator    |1840|1840| |Eliza_Pollock|Eliza_Pollock| , American archer    |1854|1854| |Hendrik_Willem_Bakhuis_Roozeboom|Hendrik_Willem_Bakhuis_Roozeboom| , Dutch chemist and academic    |1855|1855| |James_S._Sherman|James_S._Sherman| , American lawyer and politician, 27th  |Vice_President_of_the_United_States|Vice_President_Of_The_United_States| |1857|1857| |Ned_Williamson|Ned_Williamson| , American baseball player    |1868|1868| |Alexandra_David-Néel|Alexandra_David-Néel| , Belgian-French explorer and author    |1872|1872| |Peter_OConnor|Peter_Oconnor| , Irish long jumper    |1875|1875| |Konstantin_Yuon|Konstantin_Yuon| , Russian painter and set designer    |1876|1876| |Saya_San|Saya_San| , Burmese monk and activist    |1879|1879| |B._A._Rolfe|B._A._Rolfe| , American bandleader and producer    |1882|1882| |Sybil_Thorndike|Sybil_Thorndike| , English actress    |1884|1884| |Emil_Fjellström|Emil_Fjellström| , Swedish actor    |1885|1885| |Alice_Perry|Alice_Perry| , Irish engineer and poet    |1887|1887| |Victoria_Eugenie_of_Battenberg|Victoria_Eugenie_Of_Battenberg|    1887    |Octave_Lapize|Octave_Lapize| , French cyclist and pilot    |1891|1891| |Rafael_Trujillo|Rafael_Trujillo| , Dominican soldier and politician, 36th  |President_of_the_Dominican_Republic|President_Of_The_Dominican_Republic|    1891    |Brenda_Ueland|Brenda_Ueland| , American journalist, author, and educator    |1894|1894| |Bibhutibhushan_Mukhopadhyay|Bibhutibhushan_Mukhopadhyay| , Indian author, poet, and playwright    |1895|1895| |Jack_Warner|Jack_Warner| , English actor and singer    |1896|1896| |Marjorie_Joyner|Marjorie_Joyner| , American make-up artist and businesswoman    |1898|1898| |Peng_Dehuai|Peng_Dehuai| , Chinese general, 1st  |Minister_of_National_Defense_of_the_Peoples_Republic_of_China|Minister_Of_National_Defense_Of_The_Peoples_Republic_Of_China| |1901|1901| |Gilda_Gray|Gilda_Gray| , Polish-American actress, singer, and dancer    |1903|1903| |Melvin_Purvis|Melvin_Purvis| , American  |FBI|Federal_Bureau_Of_Investigation|  agent    |1904|1904| |Moss_Hart|Moss_Hart| , American director and playwright   1904    |A.K._Golam_Jilani|A.K._Golam_Jilani| , Bangladeshi activist    |1905|1905| |Fran_Zwitter|Fran_Zwitter| , Slovenian historian and academic    |1906|1906| |Alexander_Gelfond|Alexander_Gelfond| , Russian mathematician and cryptographer    |1907|1907| |Patricia_Griffin|Patricia_Griffin| , Montserratian nurse and social worker     |1908|1908| |John_Tuzo_Wilson|John_Tuzo_Wilson| , Canadian geologist and geophysicist    |1909|1909| |Bill_Carr|Bill_Carr| , American runner    |1910|1910| |Stella_Brooks|Stella_Brooks| , American singer   1910    |Joe_L._Evins|Joe_L._Evins| , American lawyer and politician   1910    |Gunter_dAlquen|Gunter_Dalquen| , German  |SS|Ss|  officer and journalist   1910    |James_K._Woolnough|James_K._Woolnough| , American general   1910    |Yoel_Zussman|Yoel_Zussman| , Polish-Israeli lawyer and judge    |1911|1911| |Paul_Grégoire|Paul_Grégoire| , Canadian cardinal   1911    |Sonny_Terry|Sonny_Terry| , American singer and harmonica player    |1912|1912| |Peter_Gellhorn|Peter_Gellhorn| , German conductor   1912    |Murray_Golden|Murray_Golden| , American television director   1912    |Silviu_Bindea|Silviu_Bindea| , Romanian footballer    |1913|1913| |Tito_Gobbi|Tito_Gobbi| , Italian actor and singer    |1914|1914| |Charles_Craig_Cannon|Charles_Craig_Cannon| , American colonel   1914    |Lakshmi_Sahgal|Lakshmi_Sahgal| , Indian Independence movement revolutionary and Officer of  |Indian_National_Army|Indian_National_Army| |1915|1915| |Bob_Kane|Bob_Kane| , American author and illustrator   1915    |Marghanita_Laski|Marghanita_Laski| , English journalist and author   1915    |Roger_Milliken|Roger_Milliken| , American businessman    |1916|1916| |Anne_Sharp|Anne_Sharp| , Scottish soprano and actress    |1917|1917| |Marie_Foster|Marie_Foster| , American activist    |1918|1918| |Doreen_Tovey|Doreen_Tovey| , English author    |1919|1919| |Frank_Piasecki|Frank_Piasecki| , American engineer and pilot    |1920|1920| |Marcel-Paul_Schützenberger|Marcel-Paul_Schützenberger| , French mathematician and academic    |1921|1921| |Ted_Ditchburn|Ted_Ditchburn| , English footballer and manager   1921    |R._K._Laxman|R._K._Laxman| , Indian illustrator    |1922|1922| |George_Miller|George_Miller| , American educator and politician,  |Mayor_of_Tucson|List_Of_Mayors_Of_Tucson,_Arizona| |1923|1923| |Robin_Day|Robin_Day| , English lieutenant and journalist   1923    |Denise_Levertov|Denise_Levertov| , British-born American poet    |1924|1924| |John_Brereton_Barlow|John_Brereton_Barlow| , South African cardiologist and physician   1924    |Mary_Lee|Mary_Lee| , American actress and singer   1924    |Fuat_Sezgin|Fuat_Sezgin| , Turkish historian and academic    |1925|1925| |Bob_Azzam|Bob_Azzam| , Egyptian-Monacan singer   1925    |Luciano_Berio|Luciano_Berio| , Italian composer and educator   1925    |Al_Feldstein|Al_Feldstein| , American author and illustrator   1925    |Willie_Mabon|Willie_Mabon| , American-French singer-songwriter and pianist   1925    |Ken_Mackay|Ken_Mackay| , Australian cricketer   1925    |Ieng_Sary|Ieng_Sary| , Vietnamese-Cambodian politician co-founded the  |Khmer_Rouge|Khmer_Rouge|    1925    |Paul_Vaughan|Paul_Vaughan| , English journalist and radio host    |1926|1926| |Rafael_Azcona|Rafael_Azcona| , Spanish author and screenwriter   1926    |Y._A._Tittle|Y._A._Tittle| , American football player    |1927|1927| |Gilbert_Bécaud|Gilbert_Bécaud| , French singer-songwriter, pianist, and actor   1927    |Jean-Claude_Pascal|Jean-Claude_Pascal| , French actor and singer   1927    |Barbara_Robinson|Barbara_Robinson| , American author and poet    |1928|1928| |George_Bullard|George_Bullard| , American baseball player    |1929|1929| |Hubert_Aquin|Hubert_Aquin| , Canadian activist, author, and director   1929    |Jim_Brosnan|Jim_Brosnan| , American baseball player and sportscaster   1929    |George_Crumb|George_Crumb| , American composer and educator   1929    |Rachel_Douglas-Home,_27th_Baroness_Dacre|Rachel_Douglas-Home,_27Th_Baroness_Dacre| , English wife of  |William_Douglas-Home|William_Douglas-Home|    1929    |Yordan_Radichkov|Yordan_Radichkov| , Bulgarian author and playwright   1929    |Gustav_Ranis|Gustav_Ranis| , American economist and academic   1929    |Sos_Sargsyan|Sos_Sargsyan| , Armenian actor    |1930|1930| |Jack_Angel|Jack_Angel| , American voice actor   1930    |The_Big_Bopper|The_Big_Bopper| , American singer-songwriter and guitarist   1930    |Elaine_Feinstein|Elaine_Feinstein| , English poet, author, and playwright   1930    |Johan_Galtung|Johan_Galtung| , Norwegian sociologist and mathematician   1930    |James_Scott_Douglas|James_Scott_Douglas| , English-born Scottish race car driver and 6th Baronet Douglas   1930    |Ahmad_Shah_of_Pahang|Ahmad_Shah_Of_Pahang| |1931|1931| |Sofia_Gubaidulina|Sofia_Gubaidulina| , Russian-German pianist and composer   1931    |Ken_Utsui|Ken_Utsui| , Japanese actor    |1932|1932| |Stephen_Covey|Stephen_Covey| , American author and educator   1932    |Pierre-Gilles_de_Gennes|Pierre-Gilles_De_Gennes| , French physicist and academic,  |Nobel_Prize|Nobel_Prize_In_Physics|  laureate   1932    |Adrian_Mitchell|Adrian_Mitchell| , English journalist, author, poet, and playwright   1932    |Robert_Mundell|Robert_Mundell| , Canadian economist and academic,  |Nobel_Prize|Nobel_Prize_In_Economics|  laureate    |1933|1933| |Reginald_Kray|Kray_Twins| , English gangster   1933    |Ronald_Kray|Kray_Twins| , English gangster   1933    |Norman_Rush|Norman_Rush| , American author and educator    |1934|1934| |John_G._Cramer|John_G._Cramer| , American physicist and author   1934    |Glen_Glenn|Glen_Glenn| , American singer-songwriter and guitarist   1934    |Jean-Baptiste_Gourion|Jean-Baptiste_Gourion| , Algerian-French bishop   1934    |Margie_Masters|Margie_Masters| , Australian golfer   1934    |Sammy_Petrillo|Sammy_Petrillo| , American actor   1934    |Sanger_D._Shafer|Sanger_D._Shafer| , American singer-songwriter    |1935|1935| |Malcolm_Bilson|Malcolm_Bilson| , American pianist, musicologist, and educator   1935    |Antonino_Calderone|Antonino_Calderone| , Italian mobster   1935    |Mark_Tully|Mark_Tully| , Indian-English journalist and author    |1936|1936| |Jüri_Arrak|Jüri_Arrak| , Estonian painter   1936    |Jimmy_Dawkins|Jimmy_Dawkins| , American singer and guitarist   1936    |David_Nelson|David_Nelson| , American actor, director, and producer   1936    |Bill_Wyman|Bill_Wyman| , English singer-songwriter, bass player, and producer     |1937|1937| |Miguel_Ángel_Coria|Miguel_Ángel_Coria| , Spanish composer and educator   1937    |Barry_Davies|Barry_Davies| , English journalist and sportscaster   1937    |Santo_Farina|Santo_Farina| , American guitarist and songwriter   1937    |John_Goetz|John_Goetz| , American baseball player   1937    |Heribert_Offermanns|Heribert_Offermanns| , German chemist and academic   1937    |M._Rosaria_Piomelli|M._Rosaria_Piomelli| , Italian-American architect and academic   1937    |Petar_Stipetić|Petar_Stipetić| , Croatian general    |1938|1938| |Michael_Graydon|Michael_Graydon| , English air marshal   1938    |Odean_Pope|Odean_Pope| , American saxophonist    1938    |Stephen_Resnick|Stephen_Resnick| , American economist and academic    |1939|1939| |John_Adye|John_Adye| , English intelligence officer   1939    |F._Murray_Abraham|F._Murray_Abraham| , American actor    |1940|1940| |Martin_Campbell|Martin_Campbell| , New Zealand director and producer   1940    |Rafał_Piszcz|Rafał_Piszcz| , Polish canoe racer   1940    |David_Sainsbury,_Baron_Sainsbury_of_Turville|David_Sainsbury,_Baron_Sainsbury_Of_Turville| , English businessman and academic   1940    |Yossi_Sarid|Yossi_Sarid| , Israeli politician    |1941|1941| |William_H._Dobelle|William_H._Dobelle| , American medical researcher   1941    |Peter_Takeo_Okada|Peter_Takeo_Okada| , Japanese archbishop    |1942|1942| |Ruthann_Aron|Ruthann_Aron| , American politician   1942    |Stephen_R._Bloom|Stephen_R._Bloom| , English physician and academic   1942    |Maggie_Blye|Maggie_Blye| , American actress   1942    |Ian_Collins|Ian_Collins| , Australian footballer and coach   1942    |Frank_Delaney|Frank_Delaney| , Irish journalist and author   1942    |Don_Francis|Don_Francis| , American epidemiologist and virologist   1942    |Don_Gant|Don_Gant| , American singer-songwriter and producer   1942    |Rafael_Cordero_Santiago|Rafael_Cordero_Santiago| , Puerto Rican politician, 132nd  |Mayor_of_Ponce|List_Of_Mayors_Of_Ponce,_Puerto_Rico|    1942    |Fernando_Vallejo|Fernando_Vallejo| , Colombian biologist and author    |1943|1943| |Bill_Dundee|Bill_Dundee| , Scottish-American wrestler and manager   1943    |Phil_Hawthorne|Phil_Hawthorne| , Australian rugby player and coach    |1944|1944| |Viktor_Prokopenko|Viktor_Prokopenko| , Ukrainian footballer and manager   1944    |Bettye_Swann|Bettye_Swann| , American singer-songwriter   1944    |Ted_Templeman|Ted_Templeman| , American singer, guitarist, and producer    |1945|1945| |Gérald_Larose|Gérald_Larose| , Canadian educator and union leader    |1946|1946| |Jerry_Edmonton|Jerry_Edmonton| , Canadian drummer    |1947|1947| |Kevin_Kline|Kevin_Kline| , American actor and singer    |1948|1948| |Phil_Bennett|Phil_Bennett| , Welsh rugby player   1948    |Dale_Griffin|Dale_Griffin| , English rock drummer and producer   1948    |Barry_Ryan|Barry_Ryan| , English singer-songwriter   1948    |Paul_Ryan|Paul_Ryan| , English singer-songwriter and producer   1948    |Kweisi_Mfume|Kweisi_Mfume| , American lawyer and politician    |1949|1949| |Chester_Marcol|Chester_Marcol| , American football player   1949    |John_Markoff|John_Markoff| , American journalist and author   1949    |Keith_Rowley|Keith_Rowley| , Trinidadian volcanologist and politician, 7th  |Prime_Minister_of_Trinidad_and_Tobago|Prime_Minister_Of_Trinidad_And_Tobago| |Stan_White|Stan_White| , American football player and sportscaster    |1950|1950| |Iggy_Arroyo|Iggy_Arroyo| , Filipino lawyer and politician   1950    |Karen_Austin|Karen_Austin| , American actress   1950    |Pablove_Black|Pablove_Black| , Jamaican singer-songwriter, keyboard player, and producer   1950    |Rawly_Eastwick|Rawly_Eastwick| , American baseball player   1950    |Steven_Greenberg|Steven_Greenberg| , American singer-songwriter and producer   1950    |Tom_Myers|Tom_Myers| , American football player   1950    |Miguel_Ángel_Pichetto|Miguel_Ángel_Pichetto| , Argentinian lawyer and politician   1950    |Miroslav_Sládek|Miroslav_Sládek| , Czech politician   1950    |Gabriella_Sica|Gabriella_Sica| , Italian poet and author   1950    |Maria_Teschler-Nicola|Maria_Teschler-Nicola| , Austrian biologist, anthropologist, and ethnologist    |1951|1951| |George_Tsontakis|George_Tsontakis| , American composer and conductor    |1952|1952| |Keith_Bain|Keith_Bain| , Canadian educator and politician   1952    |Francesco_Camaldo|Francesco_Camaldo| , Italian priest   1952    |Jane_Fancher|Jane_Fancher| , American author and illustrator   1952    |Mark_Gray|Mark_Gray| , American country music singer-songwriter and keyboard player   1952    |Peter_Smagorinsky|Peter_Smagorinsky| , American theorist and educator   1952    |Ángel_Torres|Ángel_Torres| , Dominican baseball player   1952    |Reggie_Walton|Reggie_Walton| , American baseball player   1952    |David_Weber|David_Weber| , American author    |1953|1953| |John_Barton|John_Barton| , English footballer and manager   1953    |Charles_Colbourn|Charles_Colbourn| , Canadian computer scientist and mathematician   1953    |Christoph_Daum|Christoph_Daum| , German footballer and manager   1953    |Steven_Hatfill|Steven_Hatfill| , American physician and virologist   1953    |Jim_Pettie|Jim_Pettie| , Canadian ice hockey player   1953    |Andrew_Turner|Andrew_Turner| , English academic and politician   1953    |David_Wright|David_Wright| , English keyboard player, songwriter, and producer    |1954|1954| |Doug_Davidson|Doug_Davidson| , American actor   1954    |Tom_Mulcair|Tom_Mulcair| , Canadian lawyer and politician   1954    |Jožo_Ráž|Jožo_Ráž| , Slovak singer-songwriter and bass player   1954    |Mike_Rounds|Mike_Rounds| , American businessman and politician, junior senator from  |South_Dakota|South_Dakota| |Brad_Sherman|Brad_Sherman| , American accountant, lawyer, and politician   1954    |Malcolm_Turnbull|Malcolm_Turnbull| , Australian journalist and politician, 29th  |Prime_Minister_of_Australia|Prime_Minister_Of_Australia| |1955|1955| |Katherine_Knight|Katherine_Knight| , Australian murderer who skinned her partner and cooked his body parts.   1955    |Cheryl_Studer|Cheryl_Studer| , American soprano and actress    |1956|1956| |Dale_Maharidge|Dale_Maharidge| , American journalist and author   1956    |Jeff_Merkley|Jeff_Merkley| , American businessman and politician   1956    |David_Stergakos|David_Stergakos| , American-Greek basketball player    |1957|1957| |Ron_Gardenhire|Ron_Gardenhire| , German-American baseball player and manager    |1957|1957| |John_Kassir|John_Kassir| , American actor and voice actor    |1958|1958| |Vincent_K._Brooks|Vincent_K._Brooks| , American general   1958    |Chip_Hooper|Chip_Hooper| , American tennis player and coach    |1959|1959| |Dominique_Baert|Dominique_Baert| , French lawyer and politician   1959    |Gunnar_Bakke|Gunnar_Bakke| , Norwegian banker and politician, 65th  |Mayor_of_Bergen|List_Of_Mayors_Of_Bergen| |Mike_Brewer|Mike_Brewer| , American baseball player   1959    |Chihiro_Fujioka|Chihiro_Fujioka| , Japanese director and composer   1959    |Michelle_Lujan_Grisham|Michelle_Lujan_Grisham| , American lawyer and politician   1959    |Rowland_S._Howard|Rowland_S._Howard| , Australian guitarist and songwriter   1959    |Dave_Meltzer|Dave_Meltzer| , American journalist and historian   1959    |Shawn_Moody|Shawn_Moody| , American businessman and politician   1959    |Ruth_Perednik|Ruth_Perednik| , English-Israeli psychologist and academic   1959    |Denis_Troch|Denis_Troch| , French footballer and manager   1959    |Annette_Vilhelmsen|Annette_Vilhelmsen| , Danish educator and politician,  |Danish_Minister_of_Social_Affairs|Ministry_Of_Social_Affairs| |Anthony_Waller|Anthony_Waller| , English actor, director, producer, and screenwriter    |1960|1960| |Dennis_Anderson|Dennis_Anderson| , American  |monster_truck|Monster_Truck|  driver   1960    |Ian_Baker-Finch|Ian_Baker-Finch| , Australian golfer and sportscaster   1960    |Jaime_Garzón|Jaime_Garzón| , Colombian journalist, lawyer, and activist   1960    |Joachim_Winkelhock|Joachim_Winkelhock| , German race car driver   1960    |BD_Wong|Bd_Wong| , American actor    |1961|1961| |Mary_Bono|Mary_Bono| , American gymnast and politician   1961    |Bruce_Castor|Bruce_Castor| , American lawyer and politician    |1962|1962| |Yves_Bertucci|Yves_Bertucci| , French footballer and manager   1962    |Dave_Blaney|Dave_Blaney| , American race car driver   1962    |Ian_Dalziel|Ian_Dalziel| , English footballer and manager   1962    |Jonathan_Davies|Jonathan_Davies| , Welsh rugby player and television host   1962    |Debbie_Googe|Debbie_Googe| , English bass player and songwriter   1962    |Andrea_Horwath|Andrea_Horwath| , Canadian politician   1962    |Gibby_Mbasela|Gibby_Mbasela| , Zambian footballer   1962    |Mark_Miller|Mark_Miller| , American motorcycle racer   1962    |Jay_Novacek|Jay_Novacek| , American football player and coach    |1963|1963| |Mark_Grant|Mark_Grant| , American baseball player and sportscaster   1963    |John_Hendrie|John_Hendrie| , Scottish footballer and manager    |1964|1964| |Rosana_Arbelo|Rosana_Arbelo| , Spanish singer-songwriter and guitarist   1964    |Paul_Bonwick|Paul_Bonwick| , Canadian businessman and politician   1964    |Grant_Gee|Grant_Gee| , English film maker, photographer, cinematographer   1964    |Dmitri_Gorkov|Dmitri_Gorkov| , Russian footballer and manager   1964    |Janele_Hyer-Spencer|Janele_Hyer-Spencer| , American lawyer and politician   1964    |Ray_LeBlanc|Ray_Leblanc| , American ice hockey player   1964    |Doug_Lee|Doug_Lee| , American basketball player   1964    |Paul_Vigay|Paul_Vigay| , English computer programmer    |1965|1965| |Kyriakos_Velopoulos|Kyriakos_Velopoulos| , German-Greek journalist and politician    |1966|1966| |Roman_Abramovich|Roman_Abramovich| , Russian businessman and politician   1966    |Simon_Danczuk|Simon_Danczuk| , English academic and politician    |1967|1967| |Ian_Bishop|Ian_Bishop| , Trinidadian cricketer and sportscaster   1967    |Olo_Brown|Olo_Brown| , Samoan-New Zealand rugby player   1967    |Jacqueline_McKenzie|Jacqueline_Mckenzie| , Australian actress   1967    |Esther_McVey|Esther_Mcvey| , English television host and politician    |1968|1968| |Francisco_Clavet|Francisco_Clavet| , Spanish tennis player   1968    |Mark_Walton|Mark_Walton| , American voice actor and illustrator   1968    |Robert_Wilonsky|Robert_Wilonsky| , American journalist and critic    |1969|1969| |Emma_Donoghue|Emma_Donoghue| , Irish-Canadian author    |1970|1970| |Rob_Leslie-Carter|Rob_Leslie-Carter| , English field hockey player and engineer   1970    |Jeff_Mangum|Jeff_Mangum| , American singer-songwriter and guitarist    |1971|1971| |Aaron_Bailey|Aaron_Bailey| , American football wide receiver   1971    |Gustavo_Jorge|Gustavo_Jorge| , Argentina international rugby union player   1971    |Zephyr_Teachout|Zephyr_Teachout| , American academic   1971    |Diane_Guthrie-Gresham|Diane_Guthrie-Gresham| , Jamaican track and field athlete   1971    |Caprice_Bourret|Caprice_Bourret| , American model and actress    |1972|1972| |Pat_Williams|Pat_Williams| , American football player and coach   1972    |Jeremy_Wright|Jeremy_Wright| , English lawyer and politician,  |Attorney_General_for_England_and_Wales|Attorney_General_For_England_And_Wales| |1973|1973| |Meelis_Friedenthal|Meelis_Friedenthal| , Estonian author and academic   1973    |Levi_Leipheimer|Levi_Leipheimer| , American cyclist   1973    |Jackie_McNamara|Jackie_Mcnamara| , Scottish footballer and manager   1973    |Laura_Veirs|Laura_Veirs| , American singer-songwriter and guitarist   1973    |Jeff_Wilson|Jeff_Wilson| , New Zealand rugby player, cricketer, and radio host    |1974|1974| |Gábor_Babos|Gábor_Babos| , Hungarian footballer   1974    |Corey_Dillon|Corey_Dillon| , American football player   1974    |Wilton_Guerrero|Wilton_Guerrero| , Dominican baseball player and scout   1974    |Jamal_Mayers|Jamal_Mayers| , Canadian ice hockey player and sportscaster   1974    |Joakim_Nätterqvist|Joakim_Nätterqvist| , Swedish actor    |1975|1975| |Juan_Pablo_Ángel|Juan_Pablo_Ángel| , Colombian footballer   1975    |Frank_Seator|Frank_Seator| , Liberian footballer    |1976|1976| |Matteo_Mazzantini|Matteo_Mazzantini| , Italian rugby player   1976    |Petar_Stoychev|Petar_Stoychev| , Bulgarian swimmer    |1977|1977| |Iván_Kaviedes|Iván_Kaviedes| , Ecuadoran footballer    |1978|1978| |Carlos_Edwards|Carlos_Edwards| , Trinidadian footballer   1978    |Seth_Moulton|Seth_Moulton| , politician and former marine   1978    |James_Hopes|James_Hopes| , Australian cricketer    |1979|1979| |Ben_Gillies|Ben_Gillies| , Australian drummer and songwriter   1979    |Marijonas_Petravičius|Marijonas_Petravičius| , Lithuanian basketball player    |1980|1980| |Monica|Monica| , American singer-songwriter, producer, and actress   1980    |Matthew_Amoah|Matthew_Amoah| , Ghanaian footballer   1980    |Kerrin_McEvoy|Kerrin_Mcevoy| , Australian jockey   1980    |Zac_Posen|Zac_Posen| , American fashion designer   1980    |Christian_Vander|Christian_Vander| , German footballer   1980    |Casey_Wilson|Casey_Wilson| , American actress and screenwriter    |1981|1981| |Kemal_Aslan|Kemal_Aslan| , Turkish footballer   1981    |Sebastián_Bueno|Sebastián_Bueno| , Argentinian footballer   1981    |Fredrik_Mikkelsen|Fredrik_Mikkelsen| , Norwegian guitarist and composer   1981    |Tila_Tequila|Tila_Tequila| , Singaporean-American model, actress, and singer   1981    |Alfred_Vargas|Alfred_Vargas| , Filipino actor and politician    |1982|1982| |Fairuz_Fauzy|Fairuz_Fauzy| , Malaysian race car driver   1982    |Macay_McBride|Macay_Mcbride| , American baseball player    |1983|1983| |Adrienne_Bailon|Adrienne_Bailon| , American singer-songwriter, dancer, and actress   1983    |Chris_Colabello|Chris_Colabello| , American baseball player   1983    |Hernán_Garin|Hernán_Garin| , Argentinian footballer   1983    |Michael_Gordon|Michael_Gordon| , Australian rugby league player   1983    |Brian_Vickers|Brian_Vickers| , American race car driver    |1984|1984| |Lougee_Basabas|Lougee_Basabas| , Filipino singer-songwriter   1984    |Jonas_Gustavsson|Jonas_Gustavsson| , Swedish ice hockey player   1984    |Kaela_Kimura|Kaela_Kimura| , Japanese singer-songwriter    |1985|1985| |Robert_Cornthwaite|Robert_Cornthwaite| , English-Australian footballer   1985    |Matthew_Robinson|Matthew_Robinson| , Australian snowboarder   1985    |Wayne_Rooney|Wayne_Rooney| , English footballer   1985    |Oscar_Wendt|Oscar_Wendt| , Swedish footballer    |1986|1986| |Drake|Drake| , Canadian rapper and actor   1986    |John_Ruddy|John_Ruddy| , English footballer    |1987|1987| |Anthony_Vanden_Borre|Anthony_Vanden_Borre| , Belgian footballer   1987    |Charlie_White|Charlie_White| , American figure skater    |1988|1988| |Mitch_Inman|Mitch_Inman| , Australian rugby player   1988    |Christopher_Linke|Christopher_Linke| , German race walker   1988    |Demont_Mitchell|Demont_Mitchell| , Bahamian footballer    |1989|1989| |Will_Bruin|Will_Bruin| , American footballer   1989    |Anderson_Conceição|Anderson_Conceição| , Brazilian footballer   1989    |Eric_Hosmer|Eric_Hosmer| , American baseball player   1989    |PewDiePie|Pewdiepie| , Swedish YouTuber   1989    |Eliza_Taylor|Eliza_Taylor| , Australian actress    |1990|1990| |Peyton_Siva|Peyton_Siva| , American basketball player   1990    |Mohammed_Jahfali|Mohammed_Jahfali| , Saudi Arabia international footballer   1990    |Jake_Knott|Jake_Knott| , American football linebacker   1990    |Elijah_Greer|Elijah_Greer| , American male middle-distance runner   1990    |Danilo_Petrucci|Danilo_Petrucci| , Italian motorcycle racer   1990    |İlkay_Gündoğan|İLkay_Gündoğan| , German footballer    |1991|1991| |Torstein_Andersen_Aase|Torstein_Andersen_Aase| , Norwegian footballer   1991    |Bojan_Dubljević|Bojan_Dubljević| , Montenegrin basketball player    |1992|1992| |Marrion_Gopez|Marrion_Gopez| , Filipino actor, singer, and dancer    |1993|1993| |Nabil_Jeffri|Nabil_Jeffri| , Malaysian race car driver    |1994|1994| |Krystal|Krystal_Jung| , American-South Korean singer, dancer, and actress   1994    |Tereza_Martincová|Tereza_Martincová| , Czech tennis player   1994    |Jalen_Ramsey|Jalen_Ramsey| , American football player    |1995|1995| |Vincent_Leuluai|Vincent_Leuluai| , Australian rugby league player    |1996|1996| |Kyla_Ross|Kyla_Ross| , American gymnast    |1997|1997| |Claudia_Fragapane|Claudia_Fragapane| , English gymnast    |1998|1998| |Daya|Daya| , American singer          |935|935| |Li_Yu|Li_Yu| , Chinese official and chancellor    |996|996| |Hugh_Capet|Hugh_Capet| , French king    |1152|1152| |Jocelin_of_Soissons|Jocelin_Of_Soissons| , French theologian, philosopher and composer    |1168|1168| |William_IV|William_Iv,_Count_Of_Nevers| , French nobleman    |1260|1260| |Qutuz|Qutuz| , Egyptian sultan    |1375|1375| |Valdemar_IV|Valdemar_Iv_Of_Denmark| , Danish king    |1537|1537| |Jane_Seymour|Jane_Seymour| , English queen and wife of  |Henry_VIII_of_England|Henry_Viii_Of_England| |1572|1572| |Edward_Stanley,_3rd_Earl_of_Derby|Edward_Stanley,_3Rd_Earl_Of_Derby| , English admiral and politician,  |Lord_Lieutenant_of_Lancashire|Lord_Lieutenant_Of_Lancashire| |1601|1601| |Tycho_Brahe|Tycho_Brahe| , Danish astronomer and alchemist    |1633|1633| |Jean_Titelouze|Jean_Titelouze| , French organist and composer    |1642|1642| |Robert_Bertie,_1st_Earl_of_Lindsey|Robert_Bertie,_1St_Earl_Of_Lindsey| , English peer and courtier    |1655|1655| |Pierre_Gassendi|Pierre_Gassendi| , French priest, astronomer, and mathematician    |1669|1669| |William_Prynne|William_Prynne| , English lawyer and author    |1672|1672| |John_Webb|John_Webb| , English architect and scholar    |1725|1725| |Alessandro_Scarlatti|Alessandro_Scarlatti| , Italian composer and educator    |1799|1799| |Carl_Ditters_von_Dittersdorf|Carl_Ditters_Von_Dittersdorf| , Austrian violinist and composer    |1821|1821| |Elias_Boudinot|Elias_Boudinot| , American lawyer and politician, 10th  |President_of_the_Continental_Congress|President_Of_The_Continental_Congress| |1824|1824| |Israel_Bissell|Israel_Bissell| , American patriot  |post_rider|Post_Rider|  during  |American_Revolutionary_War|American_Revolutionary_War| |1852|1852| |Daniel_Webster|Daniel_Webster| , American lawyer and politician, 14th  |United_States_Secretary_of_State|United_States_Secretary_Of_State| |1875|1875| |Raffaello_Carboni|Raffaello_Carboni| , Italian-Australian author and poet    |1898|1898| |Pierre_Puvis_de_Chavannes|Pierre_Puvis_De_Chavannes| , French painter and illustrator    |1915|1915| |Désiré_Charnay|Désiré_Charnay| , French archaeologist and photographer    |1917|1917| |James_Carroll_Beckwith|James_Carroll_Beckwith| , American painter and academic    |1922|1922| |George_Cadbury|George_Cadbury| , English businessman    |1935|1935| |Dutch_Schultz|Dutch_Schultz| , American mob boss    |1937|1937| |Nils_Wahlbom|Nils_Wahlbom| , Swedish actor    |1938|1938| |Ernst_Barlach|Ernst_Barlach| , German sculptor and playwright    |1943|1943| |Hector_de_Saint-Denys_Garneau|Hector_De_Saint-Denys_Garneau| , Canadian poet and painter    |1944|1944| |Louis_Renault|Louis_Renault| , French engineer and businessman, co-founded the  |Renault_Company|Renault| |1945|1945| |Vidkun_Quisling|Vidkun_Quisling| , Norwegian soldier and politician,  |Minister_President_of_Norway|List_Of_Heads_Of_Government_Of_Norway| |1948|1948| |Franz_Lehár|Franz_Lehár| , Austrian-Hungarian composer   1948    |Frederic_L._Paxson|Frederic_L._Paxson| , American historian and author    |1949|1949| |Yaroslav_Halan|Yaroslav_Halan| , Ukrainian playwright and publicist    |1958|1958| |G._E._Moore|G._E._Moore| , English philosopher and academic    |1960|1960| |Yevgeny_Ostashev|Yevgeny_Ostashev| , the test pilot of  |rocket|Rocket| , participant in the launch of the first artificial  |Earth|Earth| |satellite|Sputnik_1| ,  |Lenin_prize_winner|Lenin_Prize| ,  |Candidate_of_Technical_Sciences|Kandidat| |1964|1964| |Toni_Kinshofer|Toni_Kinshofer| , German mountaineer    |1965|1965| |Hans_Meerwein|Hans_Meerwein| , German chemist    |1966|1966| |Sofya_Yanovskaya|Sofya_Yanovskaya| , Russian mathematician and historian    |1969|1969| |Behçet_Kemal_Çağlar|Behçet_Kemal_Çağlar| , Turkish poet and politician    |1970|1970| |Richard_Hofstadter|Richard_Hofstadter| , American historian and author    |1971|1971| |Carl_Ruggles|Carl_Ruggles| , American composer   1971    |Jo_Siffert|Jo_Siffert| , Swiss race car driver and motorcycle racer    |1972|1972| |Jackie_Robinson|Jackie_Robinson| , American baseball player and sportscaster   1972    |Claire_Windsor|Claire_Windsor| , American actress    |1974|1974| |David_Oistrakh|David_Oistrakh| , Ukrainian violinist    |1975|1975| |İsmail_Erez|İSmail_Erez| , Turkish lawyer and diplomat,  |Turkish_Ambassador_to_France|Turkish_Ambassador_To_France|    1975    |Zdzisław_Żygulski|Zdzisław_Żygulski| , Polish historian, author, and academic    |1979|1979| |Carlo_Abarth|Carlo_Abarth| , Italian automobile designer and founded of  |Abarth|Abarth| |1983|1983| |Jiang_Wen-Ye|Jiang_Wen-Ye| , Taiwanese composer and educator    |1985|1985| |Richie_Evans|Richie_Evans| , American race car driver   1985    |Maurice_Roy|Maurice_Roy| , Canadian cardinal    |1989|1989| |Jerzy_Kukuczka|Jerzy_Kukuczka| , Polish mountaineer    |1991|1991| |Gene_Roddenberry|Gene_Roddenberry| , American captain, screenwriter, and producer, created  Star Trek    1991    |Ismat_Chughtai|Ismat_Chughtai| , Indian author and screenwriter    |1992|1992| |Laurie_Colwin|Laurie_Colwin| , American novelist and short story writer    |1993|1993| |Heinz_Kubsch|Heinz_Kubsch| , German footballer    |1994|1994| |Yannis_Hotzeas|Yannis_Hotzeas| , Greek theoretician and author   1994    |Raul_Julia|Raul_Julia| , Puerto Rican-American actor and singer    |1997|1997| |Don_Messick|Don_Messick| , American voice actor and singer    |1999|1999| |Berthe_Qvistgaard|Berthe_Qvistgaard| , Danish actress    |2001|2001| |Kathleen_Ankers|Kathleen_Ankers| , American actress and set designer   2001    |Wolf_Rüdiger_Hess|Wolf_Rüdiger_Hess| , German author and critic   2001    |Jaromil_Jireš|Jaromil_Jireš| , Czech director and screenwriter    |2002|2002| |Winton_M._Blount|Winton_M._Blount| , American soldier and politician, 59th  |United_States_Postmaster_General|United_States_Postmaster_General|    2002    |Hernán_Gaviria|Hernán_Gaviria| , Colombian footballer   2002    |Harry_Hay|Harry_Hay| , English-American activist, co-founded the  |Mattachine_Society|Mattachine_Society|  and  |Radical_Faeries|Radical_Faeries|    2002    |Peggy_Moran|Peggy_Moran| , American actress and singer    |2004|2004| |Randy_Dorton|Randy_Dorton| , American engineer   2004    |Ricky_Hendrick|Ricky_Hendrick| , American race car driver and businessman   2004    |James_Aloysius_Hickey|James_Aloysius_Hickey| , American cardinal   2004    |Maaja_Ranniku|Maaja_Ranniku| , Estonian chess player    |2005|2005| |Joy_Clements|Joy_Clements| , American soprano and actress   2005    |José_Azcona_del_Hoyo|José_Azcona_Del_Hoyo| , Honduran businessman and politician,  |President_of_Honduras|President_Of_Honduras|    2005    |Mokarrameh_Ghanbari|Mokarrameh_Ghanbari| , Iranian painter   2005    |Immanuel_C._Y._Hsu|Immanuel_C._Y._Hsu| , Chinese sinologist and scholar   2005    |Rosa_Parks|Rosa_Parks| , American activist   2005    |Robert_Sloman|Robert_Sloman| , English actor and screenwriter    |2006|2006| |Enolia_McMillan|Enolia_Mcmillan| , American educator and activist   2006    |William_Montgomery_Watt|William_Montgomery_Watt| , Scottish historian and scholar    |2007|2007| |Petr_Eben|Petr_Eben| , Czech organist and composer   2007    |Ian_Middleton|Ian_Middleton| , New Zealand author   2007    |Alisher_Saipov|Alisher_Saipov| , Kyrgyzstan journalist   2007    |Anne_Weale|Anne_Weale| , English journalist and author    |2008|2008| |Moshe_Cotel|Moshe_Cotel| , American pianist and composer    |2010|2010| |Mike_Esposito|Mike_Esposito| , American author and illustrator   2010    |Lamont_Johnson|Lamont_Johnson| , American actor, director, and producer   2010    |Joseph_Stein|Joseph_Stein| , American author and playwright    |2011|2011| |Sansan_Chien|Sansan_Chien| , Taiwanese composer and educator   2011    |John_McCarthy|John_Mccarthy| , American computer scientist and academic, developed the  |Lisp_programming_language|Lisp| |2012|2012| |Peggy_Ahern|Peggy_Ahern| , American actress   2012    |Anita_Björk|Anita_Björk| , Swedish actress   2012    |Jeff_Blatnick|Jeff_Blatnick| , American wrestler and sportscaster   2012    |Bill_Dees|Bill_Dees| , American singer-songwriter and guitarist   2012    |Margaret_Osborne_duPont|Margaret_Osborne_Dupont| , American tennis player    |2013|2013| |Antonia_Bird|Antonia_Bird| , English director and producer   2013    |Brooke_Greenberg|Brooke_Greenberg| , American girl with a rare genetic disorder   2013    |Ana_Bertha_Lepe|Ana_Bertha_Lepe| , Mexican model and actress   2013    |Lew_Mayne|Lew_Mayne| , American football player and coach    |2014|2014| |Mbulaeni_Mulaudzi|Mbulaeni_Mulaudzi| , South African runner   2014    |S._S._Rajendran|S._S._Rajendran| , Indian actor, director, and producer   2014    |Marcia_Strassman|Marcia_Strassman| , American actress and singer    |2015|2015| |Michael_Beetham|Michael_Beetham| , English commander and pilot   2015    |Alvin_Bronstein|Alvin_Bronstein| , American lawyer and academic   2015    |Margarita_Khemlin|Margarita_Khemlin| , Ukrainian-Russian author and critic   2015    |Ján_Chryzostom_Korec|Ján_Chryzostom_Korec| , Slovak cardinal   2015    |Maureen_OHara|Maureen_Ohara| , Irish-American actress and singer    |2016|2016| |Bobby_Vee|Bobby_Vee| , American pop singer   2016    |Jorge_Batlle_Ibáñez|Jorge_Batlle_Ibáñez| , Uruguayan politician, former president    |2017|2017| |Fats_Domino|Fats_Domino| , American pianist and singer-songwriter   2017    |Robert_Guillaume|Robert_Guillaume| , American actor   2017    |Girija_Devi|Girija_Devi| , Indian classical singer    |2018|2018| |Tony_Joe_White|Tony_Joe_White| , American singer/songwriter        Christian  |feast_day|Feast_Day| |Anthony_Mary_Claret|Anthony_Mary_Claret| |Eberigisil|Eberigisil| |Five_Martyrs_of_Carthage|Felix_Of_Thibiuca| |Luigi_Guanella|Luigi_Guanella| |Magloire_of_Dol|Magloire| |Martin_of_Vertou|Martin_Of_Vertou| |Proclus_of_Constantinople|Proclus_Of_Constantinople| |Rafael_Guízar_y_Valencia|Rafael_Guízar_Y_Valencia| |Senoch|Senoch| |October_24|October_24| |Azad_Kashmir_Day|Azad_Kashmir_Day| |Day_of_Special_Forces_of_the_Armed_Forces|Publicholidaysinrussialistofholidaysandcommemorativedays| |Food_Day|Food_Day| |Independence_Day|Independence_Day| , celebrates the independence of  |Zambia|Zambia|  from United Kingdom in 1964.    |Suez_Day|Suez_Day| |United_Nations_Day|United_Nations_Day| , the anniversary of the  |1945_Charter_of_the_United_Nations|Charter_Of_The_United_Nations| |World_Development_Information_Day|World_Development_Information_Day| |World_Polio_Day|World_Polio_Day|.