|829|829| |Theophilos|Theophilos|  succeeds his father  |Michael_II|Michael_Ii|  as  |Byzantine_Emperor|Byzantine_Empire| .    |939|939| |Battle_of_Andernach|Battle_Of_Andernach| |Otto_I,_Holy_Roman_Emperor|Otto_I,_Holy_Roman_Emperor| , crushes a rebellion against his rule, by a coalition of  |Eberhard_of_Franconia|Eberhard_Of_Franconia|  and other Frankish dukes.    |1187|1187| |Siege_of_Jerusalem|Siege_Of_Jerusalem| |Saladin|Saladin|  captures  |Jerusalem|Jerusalem|  after 88 years of  |Crusader_rule|Kingdom_Of_Jerusalem| .    |1263|1263|    The  |Battle_of_Largs|Battle_Of_Largs|  is fought between Norwegians and Scots.    |1470|1470| |The_Earl_of_Warwicks|Richard_Neville,_16Th_Earl_Of_Warwick|  rebellion forces King  |Edward_IV_of_England|Edward_Iv_Of_England|  to flee to the  |Netherlands|Netherlands| , restoring  |Henry_VI|Henry_Vi_Of_England|  to the throne.    |1528|1528| |William_Tyndale|William_Tyndale|  publishes  The Obedience of a Christian Man , which advocates the divine right of kings.    |1535|1535| |Jacques_Cartier|Jacques_Cartier|  discovers the present site of Montreal.    |1552|1552|    Russo-Kazan Wars: Russian troops  |enter_Kazan|Siege_Of_Kazan| .    |1780|1780| |American_Revolutionary_War|American_Revolutionary_War| |John_André|John_André| , a British Army officer, is hanged as a spy by the Continental Army.    |1789|1789|    The  |United_States_Bill_of_Rights|United_States_Bill_Of_Rights|  is sent to the various States for ratification.    |1814|1814|    Chilean War of Independence: Royalist troops  |defeat|Battle_Of_Rancagua|  Chilean forces of Bernardo OHiggins and José Miguel Carrera.    |1835|1835|    Texas Revolution: Mexican troops attempt to  |disarm_the_people_of_Gonzales|Battle_Of_Gonzales| , but encounter stiff resistance from a hastily assembled militia.    |1864|1864| |American_Civil_War|American_Civil_War| |defeat|First_Battle_Of_Saltville|  a Union attack on Saltville, Virginia. A massacre of wounded Union prisoners ensues.    |1870|1870|    A plebiscite held in  |Rome|Rome| , supports annexation of city of Rome by the  |Kingdom_of_Italy|Kingdom_Of_Italy| .    |1919|1919|    U.S. President  |Woodrow_Wilson|Woodrow_Wilson|  suffers a massive stroke, leaving him incapacitated for several weeks.    |1928|1928|    The Prelature of the Holy Cross and the Work of God , commonly known as  Opus Dei , is founded.    |1937|1937|    Rafael Trujillo orders the  |execution_of_Haitians|Parsley_Massacre|  living in the northwestern region of the Dominican Republic.    |1941|1941| |World_War_II|World_War_Ii| |Operation_Typhoon|Operation_Typhoon| , the Wehrmacht attempts to capture Moscow before the onset of winter.    |1942|1942|    World War II: Ocean Liner  accidentally rams and sinks , killing 337 crewmen aboard Curacoa.    |1944|1944|    World War II: German troops end the  |Warsaw_Uprising|Warsaw_Uprising| .    |1958|1958| |Guinea|Guinea|  declares its independence from France.    |1959|1959| |Rod_Serlings|Rod_Serling|  anthology series  The Twilight Zone  premieres on CBS. The first episode is “Where Is Everybody?”    |1967|1967| |Thurgood_Marshall|Thurgood_Marshall|  is sworn in as the first African-American justice of the United States Supreme Court.    |1968|1968|    Mexican President  |Gustavo_Díaz_Ordaz|Gustavo_Díaz_Ordaz|  orders soldiers to  |suppress_a_demonstration_of_unarmed_students|Tlatelolco_Massacre| , ten days before the start of the  |1968_Summer_Olympics|1968_Summer_Olympics| .    |1970|1970|    An aircraft carrying the Wichita State University football team, administrators, and supporters  |crashes|Wichita_State_University_Football_Team_Plane_Crash|  in Colorado, killing 31 people.    |1980|1980| |Michael_Myers|Michael_Myers|  becomes the first member of either chamber of Congress to be  |expelled|Expulsion_From_The_United_States_Congress|  since the  |Civil_War|American_Civil_War| .    |1990|1990|    Xiamen Airlines Flight 8301 is hijacked and lands at Guangzhou, where it  |crashes|1990_Guangzhou_Baiyun_Airport_Collisions|  into two other airliners on the ground, killing 128.    |1992|1992|    Military police storm the Carandiru Penitentiary in São Paulo, Brazil during a prison riot. The resulting  |massacre|Carandiru_Massacre|  leaves 105 prisoners dead.    |1996|1996| |Aeroperú_Flight_603|Aeroperú_Flight_603|  crashes into the ocean near Peru, killing all 70 people on board.   1996   The  |Electronic_Freedom_of_Information_Act_Amendments|Freedom_Of_Information_Act|  are signed by U.S. President Bill Clinton.    |2000|2000|    The  |Rijndael_algorithm|Advanced_Encryption_Standard|  is chosen by NIST as the AES standard.    |2002|2002|    The  |Beltway_sniper_attacks|Beltway_Sniper_Attacks|  begin, extending over three weeks.    |2004|2004|    The first  |parkrun|Parkrun| , then known as the Bushy Park Time Trial, takes place in  |Bushy_Park|Bushy_Park| ,  |London|London| , UK.     |2006|2006|    Five Amish girls are murdered in a  |shooting_at_a_school|West_Nickel_Mines_School_Shooting|  in Pennsylvania, United States.    |2007|2007|    President Roh Moo-hyun of South Korea goes to North Korea for an  |Inter-Korean_summit|Inter-Korean_Summit|  with North Korean leader Kim Jong-il.    |2016|2016| |Ethiopian_protests|2016_Ethiopian_Protests|  break out during a festival in the Oromia region, killing dozens of people.          |1240|1240| |Ibn_al-Kharrat_al-Dawalibi|Ibn_Al-Kharrat_Al-Dawalibi| |1452|1452| |Richard_III_of_England|Richard_Iii_Of_England| |1470|1470| |Isabella_of_Aragon,_Duchess_of_Milan|Isabella_Of_Aragon,_Duchess_Of_Milan|    1470    |Isabella_of_Aragon,_Queen_of_Portugal|Isabella_Of_Aragon,_Queen_Of_Portugal| , Daughter of  |Isabella_I_of_Castile|Isabella_I_Of_Castile|  and  |Ferdinand_II_of_Aragon|Ferdinand_Ii_Of_Aragon| |1527|1527| |William_Drury|William_Drury| , English politician    |1538|1538| |Charles_Borromeo|Charles_Borromeo| , Italian cardinal and saint    |1589|1589| |Muhammad_Parviz|Muhammad_Parviz| , Mughal Empire emperor    |1644|1644| |François-Timoléon_de_Choisy|François-Timoléon_De_Choisy| , French historian and author    |1704|1704| |František_Tůma|František_Tůma| , Czech organist and composer    |1718|1718| |Elizabeth_Montagu|Elizabeth_Montagu| , English author and critic    |1727|1727| |Ignaz_Schiffermüller|Ignaz_Schiffermüller| , Austrian entomologist and academic    |1768|1768| |William_Beresford,_1st_Viscount_Beresford|William_Beresford,_1St_Viscount_Beresford| , English general and politician    |1798|1798| |Charles_Albert,_King_of_Sardinia|Charles_Albert_Of_Sardinia| |1800|1800| |Nat_Turner|Nat_Turner| , American slave and uprising leader    |1815|1815| |James_Agnew|James_Agnew| , Northern Irish-Australian politician, 16th  |Premier_of_Tasmania|Premier_Of_Tasmania| |1821|1821| |Alexander_P._Stewart|Alexander_P._Stewart| , American general    |1824|1824| |Henry_C._Lord|Henry_C._Lord| , American businessman    |1828|1828| |Charles_Floquet|Charles_Floquet| , French lawyer and politician, 55th  |Prime_Minister_of_France|Prime_Minister_Of_France| |1832|1832| |Edward_Burnett_Tylor|Edward_Burnett_Tylor| , English anthropologist and academic    |1847|1847| |Paul_von_Hindenburg|Paul_Von_Hindenburg| , German field marshal and politician, 2nd  |President_of_Germany|President_Of_Germany| |1851|1851| |Ferdinand_Foch|Ferdinand_Foch| , French field marshal and theorist    |1852|1852| |William_Ramsay|William_Ramsay| , Scottish-English chemist and academic,  |Nobel_Prize|Nobel_Prize_In_Chemistry|  laureate    |1854|1854| |Patrick_Geddes|Patrick_Geddes| , Scottish biologist, sociologist, geographer, and philanthropist    |1869|1869| |Mahatma_Gandhi|Mahatma_Gandhi| , Indian freedom fighter, activist and philosopher    |1871|1871| |Cordell_Hull|Cordell_Hull| , American captain, lawyer, and politician, 47th  |United_States_Secretary_of_State|United_States_Secretary_Of_State| ,  |Nobel_Prize|Nobel_Peace_Prize|  laureate   1871    |Martha_Brookes_Hutcheson|Martha_Brookes_Hutcheson| , American landscaper and author    |1873|1873| |Stephen_Warfield_Gambrill|Stephen_Warfield_Gambrill| , American lawyer and politician   1873    |Pelham_Warner|Pelham_Warner| , English cricketer and manager    |1875|1875| |Pattie_Ruffner_Jacobs|Pattie_Ruffner_Jacobs| , American suffragist     |1879|1879| |Wallace_Stevens|Wallace_Stevens| , American poet and educator    |1882|1882| |Boris_Shaposhnikov|Boris_Shaposhnikov| , Russian colonel    |1883|1883| |Lesley_Ashburner|Lesley_Ashburner| , American hurdler   1883    |Karl_von_Terzaghi|Karl_Von_Terzaghi| , Czech-American geologist and engineer    |1890|1890| |Groucho_Marx|Groucho_Marx| , American comedian and actor    |1893|1893| |Leroy_Shield|Leroy_Shield| , American composer and conductor    |1895|1895| |Ruth_Cheney_Streeter|Ruth_Cheney_Streeter| , American colonel    |1897|1897| |Bud_Abbott|Bud_Abbott| , American comedian    |1902|1902| |John_G._Crommelin|John_G._Crommelin| , American admiral and politician   1902    |Leopold_Figl|Leopold_Figl| , Austrian engineer and politician, 18th  |Chancellor_of_Austria|Chancellor_Of_Austria| |1904|1904| |Graham_Greene|Graham_Greene| , English novelist, playwright, and critic   1904    |Lal_Bahadur_Shastri|Lal_Bahadur_Shastri| , Indian academic and politician, 2nd  |Prime_Minister_of_India|Prime_Minister_Of_India| |1905|1905| |Franjo_Šeper|Franjo_Šeper| , Croatian cardinal    |1906|1906| |Thomas_Hollway|Thomas_Hollway| , Australian politician, 36th  |Premier_of_Victoria|Premier_Of_Victoria|    1906    |August_Komendant|August_Komendant| , Estonian-American engineer and academic    |1907|1907| |Víctor_Paz_Estenssoro|Víctor_Paz_Estenssoro| , Bolivian politician, 52nd  |President_of_Bolivia|President_Of_Bolivia|    1907    |Alexander_R._Todd|Alexander_R._Todd| , Scottish-English biochemist and academic,  |Nobel_Prize|Nobel_Prize_In_Chemistry|  laureate    |1909|1909| |Alex_Raymond|Alex_Raymond| , American cartoonist, creator of Flash Gordon    |1911|1911| |Jack_Finney|Jack_Finney| , American author and playwright    |1912|1912| |Frank_Malina|Frank_Malina| , American engineer and painter    |1914|1914| |Jack_Parsons|Jack_Parsons| , American chemist, occultist, and engineer   1914    |Bernarr_Rainbow|Bernarr_Rainbow| , English organist, conductor, and historian    |1915|1915| |Chuck_Williams|Chuck_Williams| , American author and businessman, founded  |Williams-Sonoma|Williams-Sonoma| |1917|1917| |Christian_de_Duve|Christian_De_Duve| , English-Belgian cytologist and biochemist,  |Nobel_Prize|Nobel_Prize_In_Physiology_Or_Medicine|  laureate   1917    |Charles_Drake|Charles_Drake| , American actor    |1919|1919| |John_W._Duarte|John_W._Duarte| , English guitarist and composer   1919    |Jan_Flinterman|Jan_Flinterman| , Dutch race car driver and pilot    |1921|1921| |Edmund_Crispin|Edmund_Crispin| , English writer and composer   1921    |Albert_Scott_Crossfield|Albert_Scott_Crossfield| , American pilot and engineer   1921    |Robert_Runcie|Robert_Runcie| , English archbishop    |1925|1925| |Wren_Blair|Wren_Blair| , Canadian ice hockey player, coach, and manager    |1926|1926| |Jan_Morris|Jan_Morris| , English-Welsh historian and author    |1928|1928| |George_McFarland|George_Mcfarland| , American actor   1928    |Wolfhart_Pannenberg|Wolfhart_Pannenberg| , Polish-German theologian and academic    |1929|1929| |Peter_Bronfman|Peter_Bronfman| , Canadian businessman   1929    |Moses_Gunn|Moses_Gunn| , American actor    |1930|1930| |Dave_Barrett|Dave_Barrett| , Canadian social worker and politician, 26th  |Premier_of_British_Columbia|Premier_Of_British_Columbia| |1932|1932| |Maury_Wills|Maury_Wills| , American baseball player, manager, and sportscaster    |1933|1933| |John_Gurdon|John_Gurdon| , English biologist and academic,  |Nobel_Prize|Nobel_Prize_In_Physiology_Or_Medicine|  laureate   1933    |Phill_Niblock|Phill_Niblock| , American composer and director   1933    |Dave_Somerville|Dave_Somerville| , Canadian singer     |1934|1934| |Richard_Scott,_Baron_Scott_of_Foscote|Richard_Scott,_Baron_Scott_Of_Foscote| , South African-English lawyer and judge   1934    |Earl_Wilson|Earl_Wilson| , American baseball player and coach    |1935|1935| |Omar_Sívori|Omar_Sívori| , Italian-Argentine footballer and manager    |1936|1936| |Dick_Barnett|Dick_Barnett| , American basketball player and educator   1936    |Feliciano_Belmonte_Jr.|Feliciano_Belmonte_Jr.| , Filipino lawyer and politician, 20th  |Speaker_of_the_House_of_Representatives_of_the_Philippines|Speaker_Of_The_House_Of_Representatives_Of_The_Philippines| |Connie_Dierking|Connie_Dierking| , American basketball player    |1937|1937| |Johnnie_Cochran|Johnnie_Cochran| , American lawyer    |1938|1938| |Nick_Gravenites|Nick_Gravenites| , American singer–songwriter and guitarist   1938    |Waheed_Murad|Waheed_Murad| , Pakistani actor, producer, and screenwriter   1938    |Rex_Reed|Rex_Reed| , American film critic    |1939|1939| |Budhi_Kunderan|Budhi_Kunderan| , Indian cricketer    |1941|1941| |Diana_Hendry|Diana_Hendry| , English poet and author   1941    |Ron_Meagher|Ron_Meagher| , American rock bass player    |1942|1942| |Steve_Sabol|Steve_Sabol| , American director and producer, co-founded  |NFL_Films|Nfl_Films| |1943|1943| |Anna_Ford|Anna_Ford| , English journalist and academic   1943    |Franklin_Rosemont|Franklin_Rosemont| , American poet, painter, and historian   1943    |Henri_Szeps|Henri_Szeps| , Australian actor    |1944|1944| |Vernor_Vinge|Vernor_Vinge| , American computer scientist and author    |1945|1945| |Martin_Hellman|Martin_Hellman| , American cryptographer and academic   1945    |Don_McLean|Don_Mclean| , American singer-songwriter and guitarist    |1946|1946| |Sonthi_Boonyaratglin|Sonthi_Boonyaratglin| , Thai general and politician   1946    |Peter_Kellner|Peter_Kellner| , English journalist and author    |1947|1947| |Ward_Churchill|Ward_Churchill| , American author and activist   1947    |Paul_Jackson|Paul_Jackson| , English director and producer    |1948|1948| |Trevor_Brooking|Trevor_Brooking| , English footballer and manager   1948    |Avery_Brooks|Avery_Brooks| , American actor and singer   1948    |Donna_Karan|Donna_Karan| , American fashion designer, founded  |DKNY|Dkny| |Siim_Kallas|Siim_Kallas| , Estonian soldier and politician, 13th  |Prime_Minister_of_Estonia|Prime_Minister_Of_Estonia| |Persis_Khambatta|Persis_Khambatta| , Indian model and actress,  |Femina_Miss_India_1965|Femina_Miss_India|    1948    |Chris_LeDoux|Chris_Ledoux| , American singer-songwriter and sculptor    |1949|1949| |Richard_Hell|Richard_Hell| , American singer-songwriter and bass player   1949    |Annie_Leibovitz|Annie_Leibovitz| , American photographer    |1950|1950| |Mike_Rutherford|Mike_Rutherford| , English guitarist and songwriter    |1951|1951| |Sting|Sting| , English singer-songwriter, bass player, and actor    |1952|1952| |Jan_Švejnar|Jan_Švejnar| , Czech-American economist and politician    |1953|1953| |Vanessa_Bell_Armstrong|Vanessa_Bell_Armstrong| , American singer   1953    |Muhammad_Abdul_Bari|Muhammad_Abdul_Bari| , Bangladeshi-English physicist and academic    |1954|1954| |Lorraine_Bracco|Lorraine_Bracco| , American actress and producer    |1955|1955| |Philip_Oakey|Philip_Oakey| , English singer-songwriter, keyboard player, and producer   1955    |Nancy_Rothwell|Nancy_Rothwell| , English physiologist and academic    |1956|1956| |Peter_Bruce|Peter_Bruce| , Scottish chemist and academic   1956    |Freddie_Jackson|Freddie_Jackson| , American soul singer   1956    |Viatcheslav_Mukhanov|Viatcheslav_Mukhanov| , Russian-German cosmologist and physicist    |1957|1957| |John_Cook|John_Cook| , American golfer   1957    |Wade_Dooley|Wade_Dooley| , English rugby player and police officer   1957    |Dave_Faulkner|Dave_Faulkner| , Australian singer-songwriter and guitarist   1957    |Kate_St_John|Kate_St_John| , English singer-songwriter and producer    |1958|1958| |Robbie_Nevil|Robbie_Nevil| , American singer-songwriter, guitarist, and producer    |1959|1959| |Luis_Fernández|Luis_Fernández| , French footballer and manager    |1960|1960| |Glenn_Anderson|Glenn_Anderson| , Canadian ice hockey player and sportscaster   1960    |Django_Bates|Django_Bates| , English pianist and composer   1960    |Johan_Lammerts|Johan_Lammerts| , Dutch cyclist   1960    |Joe_Sacco|Joe_Sacco| , American journalist and cartoonist   1960    |Tom_Schweich|Tom_Schweich| , American lawyer and politician, 36th  |State_Auditor_of_Missouri|State_Auditor_Of_Missouri|    1960    |Dereck_Whittenburg|Dereck_Whittenburg| , American basketball player and coach    |1961|1961| |Jaan_Toomik|Jaan_Toomik| , Estonian director and producer    |1962|1962| |James_Hunter|James_Hunter| , English singer-songwriter and guitarist   1962    |Mark_Rypien|Mark_Rypien| , Canadian-American football player    |1963|1963| |Keith_Bradshaw|Keith_Bradshaw| , Australian cricketer and accountant    |1964|1964| |Dirk_Brinkmann|Dirk_Brinkmann| , German field hockey player    |1965|1965| |Darren_Cahill|Darren_Cahill| , Australian tennis player and coach   1965    |Tom_Moody|Tom_Moody| , Australian cricketer and sportscaster    |1967|1967| |Frankie_Fredericks|Frankie_Fredericks| , Namibian sprinter   1967    |Gary_L._Gregg|Gary_L._Gregg| , American political scientist, author, and academic   1967    |Thomas_Muster|Thomas_Muster| , Austrian tennis player   1967    |Gillian_Welch|Gillian_Welch| , American singer-songwriter and guitarist    |1968|1968| |Victoria_Derbyshire|Victoria_Derbyshire| , English journalist and radio host   1968    |Benjie_Paras|Benjie_Paras| , Filipino basketball player and actor   1968    |Jeff_Martin|Jeff_Martin| , Canadian singer-songwriter, guitarist, and producer   1968    |Jana_Novotná|Jana_Novotná| , Czech tennis player and sportscaster   1968    |Glen_Wesley|Glen_Wesley| , Canadian-American ice hockey player and coach   1968    |Kelly_Willis|Kelly_Willis| , American country music singer-songwriter    |1969|1969| |Badly_Drawn_Boy|Badly_Drawn_Boy| , English indie singer-songwriter and multi-instrumentalist   1969    |Mitch_English|Mitch_English| , American talk show host, comedian, weatherman    |1970|1970| |Eddie_Guardado|Eddie_Guardado| , American baseball player and coach   1970    |Patricia_OCallaghan|Patricia_Ocallaghan| , Canadian soprano and producer   1970    |Kelly_Ripa|Kelly_Ripa| , American actress, producer, and talk show host   1970    |Maribel_Verdú|Maribel_Verdú| , Spanish actress    |1971|1971| |Tiffany_Darwish|Tiffany_Darwish| , American singer-songwriter and actress   1971    |Jim_Root|Jim_Root| , American guitarist and songwriter    |1972|1972| |Aaron_McKie|Aaron_Mckie| , American basketball player and coach    |1973|1973| |Melissa_Harris-Perry|Melissa_Harris-Perry| , American journalist, author, and educator   1973    |Lene_Nystrøm|Lene_Nystrøm| , Norwegian singer-songwriter   1973    |Proof|Proof| , American rapper and actor   1973    |Scott_Schoeneweis|Scott_Schoeneweis| , American baseball player   1973    |Maria_Wetterstrand|Maria_Wetterstrand| , Swedish politician    |1974|1974| |Adel_Ferdosipour|Adel_Ferdosipour| , Iranian journalist and sportscaster   1974    |Bjarke_Ingels|Bjarke_Ingels| , Danish architect   1974    |Brian_Knight|Brian_Knight| , American baseball player and umpire   1974    |Michelle_Krusiec|Michelle_Krusiec| , Taiwanese-American actress and producer   1974    |Matthew_Nicholson|Matthew_Nicholson| , Australian cricketer   1974    |Mark_Porter|Mark_Porter| , New Zealand race car driver   1974    |Sam_Roberts|Sam_Roberts| , Canadian singer-songwriter and guitarist   1974    |Paul_Teutul_Jr.|Paul_Teutul_Jr.| , American motorcycle designer, co-founded  |Orange_County_Choppers|Orange_County_Choppers| |Kevin_Van_De_Wege|Kevin_Van_De_Wege| , American firefighter and politician    |1975|1975| |Baiba_Broka|Baiba_Broka| , Latvian politician    |1976|1976| |Mark_Chilton|Mark_Chilton| , English cricketer   1976    |John_Thornton|John_Thornton| , American football player    |1977|1977| |Didier_Défago|Didier_Défago| , Swiss skier    |1978|1978| |Ayumi_Hamasaki|Ayumi_Hamasaki| , Japanese singer-songwriter, producer, and actress   1978    |Matthew_Hancock|Matthew_Hancock| , English economist and politician,  |Minister_for_the_Cabinet_Office|Minister_For_The_Cabinet_Office| |1979|1979| |Primož_Brezec|Primož_Brezec| , Slovenian basketball player   1979    |Francisco_Fonseca|Francisco_Fonseca| , Mexican footballer   1979    |Maja_Ivarsson|Maja_Ivarsson| , Swedish singer-songwriter    |1980|1980| |Shane_Andrus|Shane_Andrus| , American football player    |1981|1981| |Ridzuan_Fatah_Hasan|Ridzuan_Fatah_Hasan| , Singaporean footballer   1981    |Santi_Kolk|Santi_Kolk| , Dutch footballer   1981    |Luke_Wilkshire|Luke_Wilkshire| , Australian footballer    |1982|1982| |Tyson_Chandler|Tyson_Chandler| , American basketball player   1982    |Esra_Gümüş|Esra_Gümüş| , Turkish volleyball player   1982    |George_Pettit|George_Pettit| , Canadian singer-songwriter and bass player   1982    |Gary_Wilkinson|Gary_Wilkinson| , American basketball player    |1984|1984| |Marion_Bartoli|Marion_Bartoli| , French tennis player    |1985|1985| |Çağlar_Birinci|Çağlar_Birinci| , Turkish footballer   1985    |Buster_Davis|Buster_Davis| , American football player   1985    |Brandon_Jackson|Brandon_Jackson| , American football player    |1986|1986| |Camilla_Belle|Camilla_Belle| , American actress    |1987|1987| |Bojana_Bobusic|Bojana_Bobusic| , Australian tennis player   1987    |Joe_Ingles|Joe_Ingles| , Australian basketball player   1987    |Phil_Kessel|Phil_Kessel| , American ice hockey player   1987    |Joel_Reinders|Joel_Reinders| , American football player   1987    |Ricky_Stenhouse_Jr.|Ricky_Stenhouse_Jr.| , American race car driver    |1988|1988| |Brittany_Howard|Brittany_Howard| , American singer-songwriter and guitarist    |1989|1989| |Aaron_Hicks|Aaron_Hicks| , American baseball player   1989    |George_Nash|George_Nash| , English rower    |1990|1990| |Dean_Bouzanis|Dean_Bouzanis| , Australian footballer    |1991|1991| |Roberto_Firmino|Roberto_Firmino| , Brazilian footballer    |1992|1992| |Sirje_Roops|Sirje_Roops| , Estonian footballer    |1993|1993| |Michy_Batshuayi|Michy_Batshuayi| , Belgian footballer   1993    |Aaro_Vainio|Aaro_Vainio| , Finnish race car driver    |1994|1994| |Joana_Eidukonytė|Joana_Eidukonytė| , Lithuanian tennis player    |1995|1995| |Te_Maire_Martin|Te_Maire_Martin| , New Zealand rugby league player   1995    |Tepai_Moeroa|Tepai_Moeroa| , Cook Islands rugby league player    |1996|1996| |Tom_Trbojevic|Tom_Trbojevic| , Australian rugby league player    |1997|1997| |Hana_Sugisaki|Hana_Sugisaki| , Japanese actress    |2002|2002| |Jacob_Sartorius|Jacob_Sartorius| , American singer          |534|534| |Athalaric|Athalaric| , Italian king    |829|829| |Michael_II|Michael_Ii| , Byzantine emperor    |939|939| |Eberhard_III|Eberhard_Of_Franconia| , duke of  |Franconia|Duchy_Of_Franconia| |Gilbert,_Duke_of_Lorraine|Gilbert,_Duke_Of_Lorraine| |1264|1264| |Pope_Urban_IV|Pope_Urban_Iv| |1348|1348| |Alice_de_Lacy,_4th_Countess_of_Lincoln|Alice_De_Lacy,_4Th_Countess_Of_Lincoln| |1559|1559| |Jacquet_of_Mantua|Jacquet_Of_Mantua| , French-Italian composer    |1588|1588| |Bernardino_Telesio|Bernardino_Telesio| , Italian philosopher and scientist    |1626|1626| |Diego_Sarmiento_de_Acuña,_1st_Count_of_Gondomar|Diego_Sarmiento_De_Acuña,_1St_Count_Of_Gondomar| , Spanish academic and diplomat    |1629|1629| |Antonio_Cifra|Antonio_Cifra| , Italian composer   1629    |Pierre_de_Bérulle|Pierre_De_Bérulle| , French cardinal and theologian    |1678|1678| |Wu_Sangui|Wu_Sangui| ,  |Qing_Chinese|Qing_Dynasty|  general    |1685|1685| |David_Teniers_III|David_Teniers_Iii| , Flemish painter    |1708|1708| |Anne_Jules_de_Noailles|Anne_Jules_De_Noailles| , French general    |1709|1709| |Ivan_Mazepa|Ivan_Mazepa| , Ukrainian diplomat    |1724|1724| |François-Timoléon_de_Choisy|François-Timoléon_De_Choisy| , French historian and author    |1746|1746| |Josiah_Burchett|Josiah_Burchett| , English admiral and politician    |1764|1764| |William_Cavendish,_4th_Duke_of_Devonshire|William_Cavendish,_4Th_Duke_Of_Devonshire| , English politician,  |Prime_Minister_of_the_United_Kingdom|Prime_Minister_Of_The_United_Kingdom| |1775|1775| |Fukuda_Chiyo-ni|Fukuda_Chiyo-Ni| , Japanese nun and poet    |1780|1780| |John_André|John_André| , English soldier    |1782|1782| |Charles_Lee|Charles_Lee| , English-born American general    |1786|1786| |Augustus_Keppel,_1st_Viscount_Keppel|Augustus_Keppel,_1St_Viscount_Keppel| , English admiral and politician    |1803|1803| |Samuel_Adams|Samuel_Adams| , American philosopher and politician, 4th  |Governor_of_Massachusetts|Governor_Of_Massachusetts| |1804|1804| |Nicolas-Joseph_Cugnot|Nicolas-Joseph_Cugnot| , French engineer    |1850|1850| |Sarah_Biffen|Sarah_Biffen| , English painter    |1853|1853| |François_Arago|François_Arago| , French mathematician, physicist, astronomer, and politician, 25th  |Prime_Minister_of_France|Prime_Minister_Of_France| |1920|1920| |Max_Bruch|Max_Bruch| , German composer and conductor    |1927|1927| |Svante_Arrhenius|Svante_Arrhenius| , Swedish physicist and chemist,  |Nobel_Prize|Nobel_Prize_In_Chemistry|  laureate    |1938|1938| |Alexandru_Averescu|Alexandru_Averescu| , Romanian field marshal and politician, 24th  |Prime_Minister_of_Romania|List_Of_Prime_Ministers_Of_Romania|    1938    |André_Lagache|André_Lagache| , French race car driver and engineer    |1943|1943| |John_Evans|John_Evans| , English-Australian politician, 21st  |Premier_of_Tasmania|Premier_Of_Tasmania| |1947|1947| |P._D._Ouspensky|P._D._Ouspensky| , Russian-English mathematician and philosopher    |1953|1953| |John_Marin|John_Marin| , American painter    |1955|1955| |Humphrey_Barclay|Humphrey_Barclay| , English priest   1955    |William_Orthwein|William_Orthwein| , American swimmer and water polo player    |1962|1962| |Boris_Yakovlevich_Bukreev|Boris_Yakovlevich_Bukreev| , Russian mathematician and author    |1968|1968| |Marcel_Duchamp|Marcel_Duchamp| , French painter and sculptor    |1971|1971| |Jessie_Arms_Botke|Jessie_Arms_Botke| , American painter    |1973|1973| |Paul_Hartman|Paul_Hartman| , American actor and dancer   1973    |Paavo_Nurmi|Paavo_Nurmi| , Finnish runner    |1974|1974| |Vasily_Shukshin|Vasily_Shukshin| , Russian actor, director, and screenwriter    |1975|1975| |K._Kamaraj|K._Kamaraj| , Indian lawyer and politician    |1981|1981| |Harry_Golden|Harry_Golden| , American journalist and author   1981    |Hazel_Scott|Hazel_Scott| , Trinidadian-American activist, actress, and musician    |1985|1985| |Rock_Hudson|Rock_Hudson| , American actor    |1987|1987| |Madeleine_Carroll|Madeleine_Carroll| , English actress   1987    |Peter_Medawar|Peter_Medawar| , Brazilian-English biologist and zoologist,  |Nobel_Prize|Nobel_Prize_In_Physiology_Or_Medicine|  laureate    |1988|1988| |Alec_Issigonis|Alec_Issigonis| , Greek-English car designer, designed the  |Mini|Mini|    1988    |Hamengkubuwono_IX|Hamengkubuwono_Ix| , Indonesian politician, 2nd  |Vice_President_of_Indonesia|List_Of_Vice_Presidents_Of_Indonesia| |1991|1991| |Hazen_Argue|Hazen_Argue| , Canadian politician   1991    |Demetrios_I_of_Constantinople|Demetrios_I_Of_Constantinople| |1994|1994| |Harriet_Nelson|Harriet_Nelson| , American actress and singer    |1996|1996| |Robert_Bourassa|Robert_Bourassa| , Canadian lawyer and politician, 22nd  |Premier_of_Quebec|Premier_Of_Quebec|    1996    |Andrey_Lukanov|Andrey_Lukanov| , Bulgarian lawyer and politician, 40th  |Prime_Minister_of_Bulgaria|List_Of_Prime_Ministers_Of_Bulgaria| |1998|1998| |Gene_Autry|Gene_Autry| , American actor, singer, and guitarist   1998    |Olivier_Gendebien|Olivier_Gendebien| , Belgian race car driver    |1999|1999| |Heinz_G._Konsalik|Heinz_G._Konsalik| , German journalist and author    |2000|2000| |David_Tonkin|David_Tonkin| , Australian politician, 38th  |Premier_of_South_Australia|Premier_Of_South_Australia| |2001|2001| |Franz_Biebl|Franz_Biebl| , German composer and academic    |2002|2002| |Heinz_von_Foerster|Heinz_Von_Foerster| , Austrian-American physicist and philosopher    |2003|2003| |John_Thomas_Dunlop|John_Thomas_Dunlop| , American scholar and politician, 14th  |United_States_Secretary_of_Labor|United_States_Secretary_Of_Labor| |2005|2005| |Nipsey_Russell|Nipsey_Russell| , American comedian and actor   2005    |August_Wilson|August_Wilson| , American author and playwright    |2006|2006| |Helen_Chenoweth-Hage|Helen_Chenoweth-Hage| , American politician   2006    |Paul_Halmos|Paul_Halmos| , Hungarian-American mathematician    |2007|2007| |Tex_Coulter|Tex_Coulter| , American football player   2007    |Christopher_Derrick|Christopher_Derrick| , English author and critic   2007    |George_Grizzard|George_Grizzard| , American actor   2007    |Dan_Keating|Dan_Keating| ,  |Irish_Republican_Army|Irish_Republican_Army|  volunteer   2007    |Tawn_Mastrey|Tawn_Mastrey| , American radio host and producer    |2010|2010| |Kwa_Geok_Choo|Kwa_Geok_Choo| , Singaporean lawyer and scholar    |2011|2011| |Peter_L._Benson|Peter_L._Benson| , American psychologist and academic    |2012|2012| |Nguyễn_Chí_Thiện|Nguyễn_Chí_Thiện| , Vietnamese-American poet and activist   2012    |Charles_Roach|Charles_Roach| , Trinidadian-Canadian lawyer and activist   2012    |J._Philippe_Rushton|J._Philippe_Rushton| , English-Canadian psychologist, theorist, academic    |2013|2013| |Gottfried_Fischer|Gottfried_Fischer| , German psychologist, therapist, and academic   2013    |Herman_Hugg|Herman_Hugg| , American painter and sculptor   2013    |Jonathan_Kaufer|Jonathan_Kaufer| , American director and screenwriter   2013    |Abraham_Nemeth|Abraham_Nemeth| , American mathematician and academic   2013    |Kaare_Ørnung|Kaare_Ørnung| , Norwegian pianist and educator    |2014|2014| |Robert_Flower|Robert_Flower| , Australian footballer   2014    |Vaughn_O._Lang|Vaughn_O._Lang| , American general   2014    |Frederic_Tamler_Sommers|Frederic_Tamler_Sommers| , American philosopher and academic    |2015|2015| |Eric_Arturo_Delvalle|Eric_Arturo_Delvalle| , Panamanian lawyer and politician,  |President_of_Panama|List_Of_Heads_Of_State_Of_Panama|    2015    |Brian_Friel|Brian_Friel| , Irish author, playwright, and director   2015    |Rodolfo_Frigeri|Rodolfo_Frigeri| , Argentinian economist and politician,  |Argentinian_Minister_of_Finance|Ministry_Of_Economy_And_Public_Finances|    2015    |Coleridge_Goode|Coleridge_Goode| , Jamaican-English bassist and composer   2015    |James_Mutende|James_Mutende| , Ugandan veterinarian, economist, and politician   2015    |Johnny_Paton|Johnny_Paton| , Scottish footballer, coach, and manager    |2016|2016| |Neville_Marriner|Neville_Marriner| , British conductor   2016    |Gary_Reed|Gary_Reed| , American comic book writer    |2017|2017| |Tom_Petty|Tom_Petty| , American singer-songwriter, guitarist, and producer          |Batik_Day|Batik_Day|     Christian  |feast_day|Feast_Day| |Memorial_of_the_Holy_Guardian_Angels|Memorial_Of_The_Holy_Guardian_Angels| |Leodegar|Leodegar| |October_2|October_2| |Gandhis|Mahatma_Gandhi|  birthday-related observances:    |Gandhi_Jayanti|Gandhi_Jayanti| |International_Day_of_Non-Violence|International_Day_Of_Non-Violence| |Independence_Day|Independence_Day| , celebrates the independence of  |Guinea|Guinea|  from France in 1958.    |National_Grandparents_Day|National_Grandparents_Day|           .