|202_BC|202_Bc|    Second Punic War: At the  |Battle_of_Zama|Battle_Of_Zama| , Roman legions under Scipio Africanus defeat Hannibal Barca, leader of the army defending Carthage.    |439|439|    The Vandals, led by King  |Gaiseric|Gaiseric| , take Carthage in North Africa.    |1216|1216| |King_John_of_England|King_John_Of_England|  dies at Newark-on-Trent and is succeeded by his nine-year-old son Henry.    |1386|1386|    The  |Universität_Heidelberg|Heidelberg_University|  holds its first lecture, making it the oldest German university.    |1453|1453|    Hundred Years War: Three months after the  |Battle_of_Castillon|Battle_Of_Castillon| , England loses its last possessions in southern France.    |1466|1466|    The  |Thirteen_Years_War|Thirteen_Years_War|  between Poland and the Teutonic Order ends with the  |Second_Treaty_of_Thorn|Second_Peace_Of_Thorn| .    |1469|1469| |Ferdinand_II_of_Aragon|Ferdinand_Ii_Of_Aragon|  marries  |Isabella_I_of_Castile|Isabella_I_Of_Castile| , a marriage that paves the way to the unification of Aragon and Castile into a single country, Spain.    |1512|1512| |Martin_Luther|Martin_Luther|  becomes a doctor of theology.    |1596|1596|    The Spanish ship  San Felipe  runs aground on the coast of Japan and its cargo is confiscated by local authorities    |1649|1649| |New_Ross_town|New_Ross|  in Ireland surrenders to Oliver Cromwell.    |1781|1781|    American Revolutionary War: The  |siege_of_Yorktown|Siege_Of_Yorktown|  comes to an end.    |1789|1789| |John_Jay|John_Jay|  is sworn in as the first Chief Justice of the United States.    |1805|1805|    War of the Third Coalition: Austrian General Mack surrenders his army to Napoleon at the  |Battle_of_Ulm|Battle_Of_Ulm| .    |1812|1812|    The  |French_invasion_of_Russia|French_Invasion_Of_Russia|  fails when Napoleon begins his retreat from Moscow.    |1813|1813|    War of the Sixth Coalition: Napoleon is forced to retreat from Germany after the  |Battle_of_Leipzig|Battle_Of_Leipzig| .    |1864|1864|    American Civil War: The  |Battle_of_Cedar_Creek|Battle_Of_Cedar_Creek|  ends the last Confederate threat to Washington, DC.   1864   American Civil War: Confederate agents based in Canada  |rob_three_banks|St._Albans_Raid|  in Saint Albans, Vermont.    |1866|1866|    In accordance with the  |Treaty_of_Vienna|Treaty_Of_Vienna| , Austria cedes Veneto and Mantua to France, which immediately awards them to Italy in exchange for the earlier Italian acquiescence to the French annexation of Savoy and Nice.    |1900|1900|    Max Planck discovers  |Plancks_law|Plancks_Law|  of black-body radiation.    |1912|1912| |Italo-Turkish_War|Italo-Turkish_War| |1914|1914|    First World War: The  |First_Battle_of_Ypres|First_Battle_Of_Ypres|  begins.    |1921|1921|    The Portuguese Prime Minister and several officials are murdered in the  |Bloody_Night|Bloody_Night|  coup.    |1922|1922|    British Conservative MPs vote to terminate the  |coalition_government|Lloyd_George_Ministry|  with the Liberal Party.    |1933|1933| |Konstantin_von_Neurath|Konstantin_Von_Neurath|  withdraws Germany from the League of Nations.    |1935|1935|    The League of Nations places economic sanctions on Italy for its  |invasion_of_Ethiopia|Second_Italo-Ethiopian_War| .    |1943|1943|    The cargo vessel  |Sinfra|Ms_Sinfra|  is attacked by Allied aircraft at Crete and sunk. 2,098 Italian prisoners of war drown with it.   1943    |Streptomycin|Streptomycin| , the first antibiotic remedy for tuberculosis, is isolated by researchers at Rutgers University.    |1944|1944|    United States forces  |land_in_the_Philippines|Battle_Of_Leyte| .   1944   A coup is launched against  |Juan_Federico_Ponce_Vaides|Juan_Federico_Ponce_Vaides| , beginning the ten-year  |Guatemalan_Revolution|Guatemalan_Revolution| .    |1950|1950|    China  |defeats_the_Tibetan_Army|Battle_Of_Chamdo|  at Chambo.   1950   Korean War: The  |Battle_of_Pyongyang|Battle_Of_Pyongyang|  ends in a United Nations victory. Hours later, the Chinese Army begins crossing the border into Korea.   1950   Iran becomes the first country to accept technical assistance from the United States under the  |Point_Four_Program|Point_Four_Program| .    |1956|1956|    The Soviet Union and Japan sign a  |Joint_Declaration|Soviet–Japanese_Joint_Declaration_Of_1956| , officially ending the state of war between the two countries that had existed since August 1945.    |1960|1960|    The United States imposes a  |near-total_trade_embargo|United_States_Embargo_Against_Cuba|  against Cuba.    |1973|1973|    President Nixon rejects an Appeals Court decision that he turn over the  |Watergate_tapes|Watergate_Tapes| .    |1974|1974| |Niue_becomes|Niue_Constitution_Act|  a self-governing colony of New Zealand.    |1984|1984|    A Roman Catholic priest,  |Jerzy_Popiełuszko|Jerzy_Popiełuszko| , associated with the Solidarity Union, is killed by three agents of the Polish Communist internal intelligence agency.    |1986|1986|    The president of Mozambique and a prominent leader of FRELIMO, along with 33 others, die when their aircraft  |crashes|1986_Mozambican_Tupolev_Tu-134_Crash|  into the Lebombo Mountains.    |1987|1987|    The United States Navy conducts  |Operation_Nimble_Archer|Operation_Nimble_Archer| , an attack on two Iranian oil platforms in the Persian Gulf.   1987    |Black_Monday|Black_Monday| |1988|1988|    The British government imposes a  |broadcasting_ban|1988–94_British_Broadcasting_Voice_Restrictions|  on television and radio interviews with members of Sinn Féin and eleven Irish republican and Ulster loyalist paramilitary groups.    |1989|1989|    The convictions of the  |Guildford_Four|Guildford_Four|  are quashed by the Court of Appeal of England and Wales, after they had spent 15 years in prison.    |2001|2001|     SIEV X , an Indonesian fishing boat en route to Christmas Island, carrying over 400 migrants, sinks in international waters with the loss of 353 people.    |2003|2003| |Mother_Teresa|Mother_Teresa|  is beatified by Pope John Paul II.    |2005|2005|    Saddam Hussein  |goes_on_trial|Trial_Of_Saddam_Hussein|  in Baghdad for crimes against humanity.   2005    |Hurricane_Wilma|Hurricane_Wilma|  becomes the most intense Atlantic hurricane on record with a minimum pressure of 882 mb.    |2012|2012|    A  |bomb_explosion|October_2012_Beirut_Bombing|  kills eight people and injures 110 more in Lebanon.    |2013|2013|    At least 105 people are injured in a  |train_crash|2013_Buenos_Aires_Train_Crash|  in Buenos Aires.        |879|879| |Yingtian|Empress_Shulü_Ping| , empress of the  |Khitan|Khitan_People| |Liao_Dynasty|Liao_Dynasty| |1276|1276| |Prince_Hisaaki|Prince_Hisaaki|  of Japan    |1433|1433| |Marsilio_Ficino|Marsilio_Ficino| , Italian astrologer and philosopher    |1507|1507| |Viglius|Viglius| , Dutch politician    |1545|1545| |John_Juvenal_Ancina|John_Juvenal_Ancina| , Italian Oratorian and bishop    |1582|1582| |Dmitry_of_Uglich|Dmitry_Of_Uglich| , Russian crown prince and saint    |1605|1605| |Thomas_Browne|Thomas_Browne| , English physician and author    |1609|1609| |Gerrard_Winstanley|Gerrard_Winstanley| , English Protestant religious reformer    |1610|1610| |James_Butler,_1st_Duke_of_Ormonde|James_Butler,_1St_Duke_Of_Ormonde| , English-Irish general, academic, and politician,  |Lord_Lieutenant_of_Ireland|Lord_Lieutenant_Of_Ireland| |1613|1613| |Charles_of_Sezze|Charles_Of_Sezze| , Italian Franciscan friar and saint    |1658|1658| |Adolphus_Frederick_II,_Duke_of_Mecklenburg-Strelitz|Adolphus_Frederick_Ii,_Duke_Of_Mecklenburg-Strelitz| |1680|1680| |John_Abernethy|John_Abernethy| , Irish minister    |1688|1688| |William_Cheselden|William_Cheselden| , English surgeon and anatomist    |1718|1718| |Victor-François,_2nd_duc_de_Broglie|Victor-François,_2Nd_Duc_De_Broglie| , French general and politician,  |French_Secretary_of_State_for_War|Secretary_Of_State_For_War| |1720|1720| |John_Woolman|John_Woolman| , American-English preacher, journalist, and activist    |1721|1721| |Joseph_de_Guignes|Joseph_De_Guignes| , French orientalist and sinologist    |1784|1784| |Leigh_Hunt|Leigh_Hunt| , English poet and critic    |1789|1789| |Theophilos_Kairis|Theophilos_Kairis| , Greek priest and philosopher    |1810|1810| |Cassius_Marcellus_Clay|Cassius_Marcellus_Clay| , American journalist, lawyer, and diplomat,  |United_States_Ambassador_to_Russia|United_States_Ambassador_To_Russia| |1814|1814| |Theodoros_Vryzakis|Theodoros_Vryzakis| , Greek painter    |1826|1826| |Ralph_Tollemache|Ralph_Tollemache| , English priest    |1850|1850| |Annie_Smith_Peck|Annie_Smith_Peck| , American mountaineer and academic    |1851|1851| |Empress_Myeongseong|Empress_Myeongseong|  of Korea    |1858|1858| |George_Albert_Boulenger|George_Albert_Boulenger| , Belgian-English zoologist and botanist    |1862|1862| |Auguste_Lumière|Auguste_Lumière| , French director and producer    |1868|1868| |Bertha_Knight_Landes|Bertha_Knight_Landes| , American academic and politician,  |Mayor_of_Seattle|Mayor_Of_Seattle| |1873|1873| |Jaap_Eden|Jaap_Eden| , Dutch speed skater and cyclist   1873    |Bart_King|Bart_King| , American cricketer    |1876|1876| |Mordecai_Brown|Mordecai_Brown| , American baseball player, coach, and manager   1876    |Mihkel_Pung|Mihkel_Pung| , Estonian lawyer and politician, 11th  |Estonian_Minister_of_Foreign_Affairs|Minister_Of_Foreign_Affairs| |1879|1879| |Emma_Bell_Miles|Emma_Bell_Miles| , American writer, poet, and artist    |1882|1882| |Umberto_Boccioni|Umberto_Boccioni| , Italian painter and sculptor    |1885|1885| |Charles_E._Merrill|Charles_E._Merrill| , American banker and philanthropist, co-founded  |Merrill_Lynch_Wealth_Management|Merrill_Lynch| |1895|1895| |Frank_Durbin|Frank_Durbin| , American soldier   1895    |Lewis_Mumford|Lewis_Mumford| , American historian, sociologist, and philosopher    |1896|1896| |Bob_OFarrell|Bob_Ofarrell| , American baseball player and manager    |1897|1897| |Salimuzzaman_Siddiqui|Salimuzzaman_Siddiqui| , Pakistani chemist and scholar    |1899|1899| |Miguel_Ángel_Asturias|Miguel_Ángel_Asturias| , Guatemalan journalist, author, and poet,  |Nobel_Prize|Nobel_Prize_In_Literature|  laureate    |1900|1900| |Erna_Berger|Erna_Berger| , German soprano and actress   1900    |Bill_Ponsford|Bill_Ponsford| , Australian cricketer and baseball player   1900    |Roy_Worters|Roy_Worters| , Canadian ice hockey player    |1901|1901| |Arleigh_Burke|Arleigh_Burke| , American admiral    |1903|1903| |Tor_Johnson|Tor_Johnson| , Swedish wrestler and actor    |1907|1907| |Roger_Wolfe_Kahn|Roger_Wolfe_Kahn| , American bandleader and composer    |1908|1908| |Geirr_Tveitt|Geirr_Tveitt| , Norwegian pianist and composer    |1909|1909| |Marguerite_Perey|Marguerite_Perey| , French physicist and academic    |1910|1910| |Subrahmanyan_Chandrasekhar|Subrahmanyan_Chandrasekhar| , Indian-American astrophysicist, astronomer, and mathematician,  |Nobel_Prize|Nobel_Prize_In_Physics|  laureate   1910    |Shunkichi_Hamada|Shunkichi_Hamada| , Japanese field hockey player   1910    |Paul_Robert|Paul_Robert| , French lexicographer and publisher    |1913|1913| |Vinicius_de_Moraes|Vinicius_De_Moraes| , Brazilian poet, playwright, and composer    |1914|1914| |Juanita_Moore|Juanita_Moore| , American actress    |1916|1916| |Jean_Dausset|Jean_Dausset| , French-Spanish immunologist and academic,  |Nobel_Prize|Nobel_Prize_In_Physiology_Or_Medicine|  laureate   1916    |Emil_Gilels|Emil_Gilels| , Ukrainian-Russian pianist   1916    |Minoru_Yasui|Minoru_Yasui| , American soldier, lawyer, and activist    |1917|1917| |Sharadchandra_Shankar_Shrikhande|Sharadchandra_Shankar_Shrikhande| , Indian mathematician   1917    |William_Joel_Blass|William_Joel_Blass| , American soldier, lawyer, and politician   1917    |Walter_Munk|Walter_Munk| , Austrian-American oceanographer, author, and academic    |1918|1918| |Charles_Evans|Charles_Evans| , English-Welsh mountaineer, surgeon, and educator   1918    |Russell_Kirk|Russell_Kirk| , American theorist and author   1918    |Robert_Schwarz_Strauss|Robert_Schwarz_Strauss| , American lawyer and diplomat,  |United_States_Ambassador_to_Russia|United_States_Ambassador_To_Russia| |1920|1920| |LaWanda_Page|Lawanda_Page| , American actress   1920    |Harry_Alan_Towers|Harry_Alan_Towers| , English-Canadian screenwriter and producer   1920    |Pandurang_Shastri_Athavale|Pandurang_Shastri_Athavale| , Indian activist, philosopher, and spiritual leader   1920    |Peter_Aduja|Peter_Aduja| ,  |Filipino_American|Filipino_American| |Hawaii_Legislature|Hawaii_Legislature|  representative    |1921|1921| |George_Nader|George_Nader| , American actor    |1922|1922| |Jack_Anderson|Jack_Anderson| , American journalist and author    |1923|1923| |Ruth_Carter_Stevenson|Ruth_Carter_Stevenson| , American art collector, founded the  |Amon_Carter_Museum_of_American_Art|Amon_Carter_Museum_Of_American_Art|    1923    |Baby_Dalupan|Baby_Dalupan| , Filipino basketball player and coach    |1925|1925| |Bernard_Hepton|Bernard_Hepton| , English actor and producer   1925    |Czesław_Kiszczak|Czesław_Kiszczak| , Polish general and politician, 11th  |Prime_Minister_of_the_Peoples_Republic_of_Poland|List_Of_Prime_Ministers_Of_Poland|    1925    |Emilio_Eduardo_Massera|Emilio_Eduardo_Massera| , Argentinian admiral    |1926|1926| |Arne_Bendiksen|Arne_Bendiksen| , Norwegian singer-songwriter and producer   1926    |Joel_Feinberg|Joel_Feinberg| , American philosopher and academic   1926    |Vladimir_Shlapentokh|Vladimir_Shlapentokh| , Ukrainian-American sociologist, historian, political scientist, and academic   1926    |Marjorie_Tallchief|Marjorie_Tallchief| , American ballerina    |1927|1927| |Pierre_Alechinsky|Pierre_Alechinsky| , Belgian painter and illustrator   1927    |Stephen_Keynes|Stephen_Keynes| , English businessman    |1928|1928| |Lou_Scheimer|Lou_Scheimer| , American animator, producer, and voice actor, co-founded the  |Filmation_Company|Filmation| |1929|1929| |Lewis_Wolpert|Lewis_Wolpert| , South African-English biologist, author, and academic    |1930|1930| |John_Evans,_Baron_Evans_of_Parkside|John_Evans,_Baron_Evans_Of_Parkside| , English union leader and politician   1930    |Mavis_Nicholson|Mavis_Nicholson| , Welsh-English journalist    |1931|1931| |Ed_Emberley|Ed_Emberley| , American author and illustrator   1931    |John_le_Carré|John_Le_Carré| , English intelligence officer and author   1931    |Atsushi_Miyagi|Atsushi_Miyagi| , Japanese tennis player    |1932|1932| |Robert_Reed|Robert_Reed| , American actor    |1933|1933| |Brian_Booth|Brian_Booth| , Australian cricketer and educator   1933    |Anthony_Skingsley|Anthony_Skingsley| , English air marshal    |1934|1934| |Yakubu_Gowon|Yakubu_Gowon| , Nigerian general and politician, 3rd  |Head_of_State_of_Nigeria|List_Of_Heads_Of_State_Of_Nigeria| |Dave_Guard|Dave_Guard| , American folk music singer-songwriter, arranger, and musician    |1935|1935| |Don_Ward|Don_Ward| , Canadian-American ice hockey player    |1936|1936| |James_Bevel|James_Bevel| , American civil rights activist and minister    |1937|1937| |Marilyn_Bell|Marilyn_Bell| , Canadian swimmer   1937    |Peter_Max|Peter_Max| , German-American illustrator   1937    |Terence_Thomas,_Baron_Thomas_of_Macclesfield|Terence_Thomas,_Baron_Thomas_Of_Macclesfield| , English banker and politician    |1938|1938| |Bill_Morris,_Baron_Morris_of_Handsworth|Bill_Morris,_Baron_Morris_Of_Handsworth| , Jamaican-English union leader and politician    |1939|1939| |David_Clark,_Baron_Clark_of_Windermere|David_Clark,_Baron_Clark_Of_Windermere| , Scottish academic and politician,  |Minister_for_the_Cabinet_Office|Minister_For_The_Cabinet_Office| |1940|1940| |Larry_Chance|Larry_Chance| , American singer-songwriter   1940    |Michael_Gambon|Michael_Gambon| , Irish-British actor   1940    |Rosny_Smarth|Rosny_Smarth| , Haitian lawyer and politician, 8th  |Prime_Minister_of_Haiti|Prime_Minister_Of_Haiti| |1941|1941| |Simon_Ward|Simon_Ward| , English actor    |1942|1942| |Andrew_Vachss|Andrew_Vachss| , American lawyer and author    |1943|1943| |Robin_Holloway|Robin_Holloway| , English composer and academic   1943    |Takis_Ikonomopoulos|Takis_Ikonomopoulos| , Greek footballer and coach   1943    |L._E._Modesitt,_Jr.|L._E._Modesitt,_Jr.| , American author and poet    |1944|1944| |George_McCrae|George_Mccrae| , American singer   1944    |Peter_Tosh|Peter_Tosh| , Jamaican singer-songwriter and guitarist    |1945|1945| |Angus_Deaton|Angus_Deaton| , Scottish-American economist and academic,  |Nobel_Prize|Nobel_Memorial_Prize_In_Economic_Sciences|  laureate   1945    |Divine|Divine| , American  |drag_queen|Drag_Queen|  performer, and actor   1945    |Patricia_Ireland|Patricia_Ireland| , American lawyer and activist   1945    |Gloria_Jones|Gloria_Jones| , American singer-songwriter   1945    |John_Lithgow|John_Lithgow| , American actor   1945    |Jeannie_C._Riley|Jeannie_C._Riley| , American singer   1945    |Martin_Welz|Martin_Welz| , South African journalist    |1946|1946| |Bob_Holland|Bob_Holland| , Australian cricketer and surveyor   1946    |Philip_Pullman|Philip_Pullman| , English author and academic   1946    |Keith_Reid|Keith_Reid| , English songwriter and lyricist    |1947|1947| |Giorgio_Cavazzano|Giorgio_Cavazzano| , Italian author and illustrator    |1948|1948| |James_Howard_Kunstler|James_Howard_Kunstler| , American author and critic   1948    |Dave_Mallow|Dave_Mallow| , American voice actor and screenwriter   1948    |Patrick_Simmons|Patrick_Simmons| , American singer-songwriter and guitarist    |1949|1949| |Lynn_Dickey|Lynn_Dickey| , American football player and radio host   1949    |Jamie_McGrigor|Jamie_Mcgrigor| , English-Scottish politician    |1950|1950| |Yeslam_bin_Ladin|Yeslam_Bin_Ladin| , Saudi Arabian-Swiss businessman    |1951|1951| |Demetrios_Christodoulou|Demetrios_Christodoulou| , Greek mathematician and physicist   1951    |Annie_Golden|Annie_Golden| , American actress and singer   1951    |Kurt_Schrader|Kurt_Schrader| , American veterinarian and politician    |1952|1952| |Peter_Bone|Peter_Bone| , English accountant and politician   1952    |Verónica_Castro|Verónica_Castro| , Mexican actress and singer    |1953|1953| |Lionel_Hollins|Lionel_Hollins| , American basketball player and coach    |1954|1954| |Sam_Allardyce|Sam_Allardyce| , English footballer and manager   1954    |Deborah_Blum|Deborah_Blum| , American journalist and author   1954    |Joe_Bryant|Joe_Bryant| , American basketball player and coach    |1955|1955| |Dan_Gutman|Dan_Gutman| , American author   1955    |LaSalle_Ishii|Lasalle_Ishii| , Japanese actor and director    |1956|1956| |Steve_Doocy|Steve_Doocy| , American journalist and author   1956    |Elena_Garanina|Elena_Garanina| , Soviet ice dancer and coach   1956    |Grover_Norquist|Grover_Norquist| , American activist, founded  |Americans_for_Tax_Reform|Americans_For_Tax_Reform| |Didier_Theys|Didier_Theys| , Belgian race car driver and coach   1956    |Carlo_Urbani|Carlo_Urbani| , Italian physician   1956    |Bruce_Weber|Bruce_Weber| , American basketball player and coach    |1957|1957| |Dorinda_Clark-Cole|Dorinda_Clark-Cole| , American singer-songwriter and pianist   1957    |Ray_Richmond|Ray_Richmond| , American journalist and critic   1957    |Karl_Wallinger|Karl_Wallinger| , Welsh singer-songwriter, keyboard player, and producer    |1958|1958| |Carolyn_Browne|Carolyn_Browne| , English diplomat,  |British_Ambassador_to_Kazakhstan|List_Of_Ambassadors_Of_The_United_Kingdom_To_Kazakhstan| |Hiromi_Hara|Hiromi_Hara| , Japanese footballer and manager   1958    |Tiriel_Mora|Tiriel_Mora| , Australian actor   1958    |Michael_Steele|Michael_Steele| , American journalist and politician, 7th  |Lieutenant_Governor_of_Maryland|Lieutenant_Governor_Of_Maryland| |1959|1959| |Nir_Barkat|Nir_Barkat| , Israeli businessman and politician,  |Mayor_of_Jerusalem|Mayor_Of_Jerusalem| |Martin_Kusch|Martin_Kusch| , German philosopher and academic    |1960|1960| |Dawn_Coe-Jones|Dawn_Coe-Jones| , Canadian golfer   1960    |Jennifer_Holliday|Jennifer_Holliday| , American actress and singer   1960    |Takeshi_Koshida|Takeshi_Koshida| , Japanese footballer   1960    |Susan_Straight|Susan_Straight| , American author and academic   1960    |Ayuo_Takahashi|Ayuo_Takahashi| , Japanese-American singer-songwriter   1960    |Dan_Woodgate|Dan_Woodgate| , English musician, songwriter, composer, and record producer    |1961|1961| |Sunny_Deol|Sunny_Deol| , Indian actor and producer   1961    |Cliff_Lyons|Cliff_Lyons| , Australian rugby league player and coach    |1962|1962| |Tracy_Chevalier|Tracy_Chevalier| , American-English author   1962    |Brian_Henninger|Brian_Henninger| , American golfer   1962    |Bendik_Hofseth|Bendik_Hofseth| , Norwegian saxophonist and composer   1962    |Evander_Holyfield|Evander_Holyfield| , American boxer and actor   1962    |Svetlana_Zainetdinova|Svetlana_Zainetdinova| , Soviet-Estonian chess player and coach    |1963|1963| |Sinitta|Sinitta| , American-British singer    |1964|1964| |Ty_Pennington|Ty_Pennington| , American model, carpenter and television host    |1965|1965| |Brad_Daugherty|Brad_Daugherty| , American basketball player and sportscaster   1965    |Todd_Park_Mohr|Todd_Park_Mohr| , American rock singer-songwriter and musician     |1966|1966| |Jon_Favreau|Jon_Favreau| , American actor, director, and screenwriter   1966    |Dimitris_Lyacos|Dimitris_Lyacos| , Greek poet and playwright   1966    |David_Vann|David_Vann| , American novelist and short story writer    |1967|1967| |Amy_Carter|Amy_Carter| , American illustrator and activist   1967    |Yōji_Matsuda|Yōji_Matsuda| , Japanese actor   1967    |Yoko_Shimomura|Yoko_Shimomura| , Japanese pianist and composer    |1968|1968| |Rodney_Carrington|Rodney_Carrington| , American comedian, actor, and singer    |1969|1969| |John_Edward|John_Edward| , American psychic and author   1969    |Trey_Parker|Trey_Parker| , American actor, animator, producer, and screenwriter   1969    |Erwin_Sánchez|Erwin_Sánchez| , Bolivian footballer and manager    |1970|1970| |Andrew_Griffiths|Andrew_Griffiths| , English politician   1970    |Chris_Kattan|Chris_Kattan| , American actor, producer, and screenwriter    |1972|1972| |Keith_Foulke|Keith_Foulke| , American baseball player   1972    |Pras|Pras| , American rapper-songwriter , record producer, and actor    |1973|1973| |Hicham_Arazi|Hicham_Arazi| , Moroccan tennis player   1973    |Okan_Buruk|Okan_Buruk| , Turkish footballer and manager   1973    |Joaquin_Gage|Joaquin_Gage| , Canadian ice hockey player    |1975|1975| |Burak_Güven|Burak_Güven| , Turkish singer-songwriter and bass player    |1976|1976| |Omar_Gooding|Omar_Gooding| , American actor and producer   1976    |Jostein_Gulbrandsen|Jostein_Gulbrandsen| , Norwegian guitarist and composer   1976    |Desmond_Harrington|Desmond_Harrington| , American actor   1976    |Paul_Hartley|Paul_Hartley| , Scottish footballer and manager   1976    |Hiroshi_Sakai|Hiroshi_Sakai| , Japanese footballer   1976    |Dan_Smith|Dan_Smith| , Canadian ice hockey player   1976    |Michael_Young|Michael_Young| , American baseball player    |1977|1977| |Habib_Beye|Habib_Beye| , French-Senegalese footballer   1977    |Louis-José_Houde|Louis-José_Houde| , Canadian comedian and actor   1977    |Jason_Reitman|Jason_Reitman| , Canadian-American director, producer, and screenwriter   1977    |Raúl_Tamudo|Raúl_Tamudo| , Spanish footballer   1977    |Mo_Twister|Mo_Twister| , Filipino radio and television host    |1978|1978| |Enrique_Bernoldi|Enrique_Bernoldi| , Brazilian race car driver   1978    |Zakhar_Dubensky|Zakhar_Dubensky| , Russian footballer   1978    |Henri_Sorvali|Henri_Sorvali| , Finnish guitarist and keyboard player    |1979|1979| |José_Luis_López|José_Luis_López| , Mexican footballer   1979    |Brian_Robertson|Brian_Robertson| , American trombonist   1979    |Sachiko_Sugiyama|Sachiko_Sugiyama| , Japanese volleyball player    |1980|1980| |José_Bautista|José_Bautista| , Dominican baseball player   1980    |Rajai_Davis|Rajai_Davis| , American baseball player    |1981|1981| |Leon_Bott|Leon_Bott| , Australian rugby league player   1981    |Heikki_Kovalainen|Heikki_Kovalainen| , Finnish race car driver    |1982|1982| |Atom_Araullo|Atom_Araullo| , Filipino journalist   1982    |Gillian_Jacobs|Gillian_Jacobs| , American actress and director   1982    |Louis_Oosthuizen|Louis_Oosthuizen| , South African golfer   1982    |Gonzalo_Pineda|Gonzalo_Pineda| , Mexican footballer   1982    |Daan_van_Bunge|Daan_Van_Bunge| , Dutch cricketer    |1983|1983| |Rebecca_Ferguson|Rebecca_Ferguson| , Swedish actress   1983    |Andy_Lonergan|Andy_Lonergan| , English footballer   1983    |Cara_Santa_Maria|Cara_Santa_Maria| , American neuroscientist and blogger    |1984|1984| |Danka_Barteková|Danka_Barteková| , Slovak skeet shooter    |1987|1987| |Tsunenori_Aoki|Tsunenori_Aoki| , Japanese actor   1987    |Sam_Groth|Sam_Groth| , Australian tennis player    |1988|1988| |Zeph_Ellis|Zeph_Ellis| , English rapper and producer   1988    |Markiyan_Kamysh|Markiyan_Kamysh| , Ukrainian writer   1988    |Chris_Lawrence|Chris_Lawrence| , Australian rugby league player    |1989|1989| |James_Gavet|James_Gavet| , New Zealand rugby league player   1989    |Miroslav_Stoch|Miroslav_Stoch| , Slovakian footballer   1989    |Rakuto_Tochihara|Rakuto_Tochihara| , Japanese actor   1989    |Janine_Tugonon|Janine_Tugonon| , Filipino model and television host    |1990|1990| |Tom_Kilbey|Tom_Kilbey| , English footballer   1990    |Endō_Shōta|Endō_Shōta| , Japanese sumo wrestler   1990    |Janet_Leon|Janet_Leon| , Swedish singer-songwriter and dancer    |1991|1991| |Colton_Dixon|Colton_Dixon| , American singer-songwriter and pianist    |1992|1992| |Shiho|Shiho| , Japanese actress and model    |1993|1993| |Abby_Sunderland|Abby_Sunderland| , American sailor    |1994|1994| |Agnė_Sereikaitė|Agnė_Sereikaitė| , Lithuanian speed skater    |1996|1996| |Bernadeth_Pons|Bernadeth_Pons| , Filipino volleyball athlete    |1999|1999| |Carlotta_Truman|Carlotta_Truman| , German singer-songwriter          |727|727| |Frithuswith|Frithuswith| , English saint    |993|993| |Conrad_I|Conrad_I_Of_Burgundy| , King of Burgundy    |1216|1216| |John,_King_of_England|John,_King_Of_England| |1287|1287| |Bohemond_VII,_Count_of_Tripoli|Bohemond_Vii,_Count_Of_Tripoli| |1354|1354| |Yusuf_I,_Sultan_of_Granada|Yusuf_I,_Sultan_Of_Granada| |1375|1375| |Cansignorio_della_Scala|Cansignorio_Della_Scala| , Lord of Verona    |1401|1401| |John_Charleton,_4th_Baron_Cherleton|John_Charleton,_4Th_Baron_Cherleton| |1432|1432| |John_de_Mowbray,_2nd_Duke_of_Norfolk|John_De_Mowbray,_2Nd_Duke_Of_Norfolk| , English politician,  |Earl_Marshal_of_England|Earl_Marshal| |1587|1587| |Francesco_I_de_Medici,_Grand_Duke_of_Tuscany|Francesco_I_De_Medici,_Grand_Duke_Of_Tuscany| |1595|1595| |Philip_Howard,_20th_Earl_of_Arundel|Philip_Howard,_20Th_Earl_Of_Arundel| , English nobleman    |1608|1608| |Martin_Delrio|Martin_Delrio| , Flemish theologian and author    |1609|1609| |Jacobus_Arminius|Jacobus_Arminius| , Dutch Reformed theologian    |1619|1619| |Fujiwara_Seika|Fujiwara_Seika| , Japanese philosopher and educator    |1636|1636| |Marcin_Kazanowski|Marcin_Kazanowski| , Polish politician    |1678|1678| |Samuel_Dirksz_van_Hoogstraten|Samuel_Dirksz_Van_Hoogstraten| , Dutch painter    |1682|1682| |Thomas_Browne|Thomas_Browne| , English physician and author    |1723|1723| |Godfrey_Kneller|Godfrey_Kneller| , German-English painter    |1745|1745| |Jonathan_Swift|Jonathan_Swift| , Irish satirist and essayist    |1772|1772| |Andrea_Belli|Andrea_Belli| , Maltese architect and businessman    |1790|1790| |Lyman_Hall|Lyman_Hall| , American physician and politician, 16th  |Governor_of_Georgia|Governor_Of_Georgia| |1796|1796| |Michel_de_Beaupuy|Michel_De_Beaupuy| , French general    |1813|1813| |Józef_Poniatowski|Józef_Poniatowski| , Polish general    |1815|1815| |Paolo_Mascagni|Paolo_Mascagni| , Italian physician and anatomist    |1842|1842| |Aleksey_Koltsov|Aleksey_Koltsov| , Russian poet and author    |1851|1851| |Marie_Thérèse_of_France|Marie_Thérèse_Of_France| |1856|1856| |William_Sprague_III|William_Sprague_Iii| , American businessman and politician, 14th  |Governor_of_Rhode_Island|Governor_Of_Rhode_Island| |1889|1889| |Luís_I_of_Portugal|Luís_I_Of_Portugal| |1897|1897| |George_Pullman|George_Pullman| , American engineer and businessman, founded the  |Pullman_Company|Pullman_Company| |1901|1901| |Carl_Frederik_Tietgen|Carl_Frederik_Tietgen| , Danish businessman and philanthropist, founded  |GN_Store_Nord|Gn_Store_Nord| |1905|1905| |Virgil_Earp|Virgil_Earp| , American marshal    |1916|1916| |Ioannis_Frangoudis|Ioannis_Frangoudis| , Greek general and target shooter    |1918|1918| |Harold_Lockwood|Harold_Lockwood| , American actor    |1924|1924| |Louis_Zborowski|Louis_Zborowski| , English race car driver and engineer    |1936|1936| |Lu_Xun|Lu_Xun| , Chinese author and critic    |1937|1937| |Ernest_Rutherford|Ernest_Rutherford| , New Zealand-English physicist and chemist,  |Nobel_Prize|Nobel_Prize_In_Chemistry|  laureate    |1943|1943| |Camille_Claudel|Camille_Claudel| , French sculptor and illustrator    |1944|1944| |Dénes_Kőnig|Dénes_Kőnig| , Hungarian mathematician    |1945|1945| |Plutarco_Elías_Calles|Plutarco_Elías_Calles| , Mexican general and politician, 40th  |President_of_Mexico|President_Of_Mexico|    1945    |N._C._Wyeth|N._C._Wyeth| , American painter and illustrator    |1950|1950| |Edna_St._Vincent_Millay|Edna_St._Vincent_Millay| , American poet and playwright    |1952|1952| |Edward_S._Curtis|Edward_S._Curtis| , American ethnologist and photographer    |1956|1956| |Isham_Jones|Isham_Jones| , American saxophonist, songwriter, and bandleader    |1960|1960| |George_Wallace|George_Wallace| , Australian comedian, actor, and screenwriter    |1961|1961| |Şemsettin_Günaltay|Şemsettin_Günaltay| , Turkish historian and politician, 9th  |Prime_Minister_of_Turkey|List_Of_Prime_Ministers_Of_Turkey| |1964|1964| |Sergey_Biryuzov|Sergey_Biryuzov| ,  |Marshal_of_the_Soviet_Union|Marshal_Of_The_Soviet_Union|    1964    |Nettie_Palmer|Nettie_Palmer| , Australian poet and critic   1964    |Christopher_Vane,_10th_Baron_Barnard|Christopher_Vane,_10Th_Baron_Barnard| , English soldier and politician,  |Lord_Lieutenant_of_Durham|Lord_Lieutenant_Of_Durham| |1965|1965| |Edward_Willis_Redfield|Edward_Willis_Redfield| , American painter and educator    |1969|1969| |Lacey_Hearn|Lacey_Hearn| , American sprinter    |1970|1970| |Lázaro_Cárdenas|Lázaro_Cárdenas| , Mexican general and politician, 44th  |President_of_Mexico|President_Of_Mexico| |1978|1978| |Gig_Young|Gig_Young| , American actor    |1983|1983| |Maurice_Bishop|Maurice_Bishop| , Aruban-Grenadian lawyer and politician, 2nd  |Prime_Minister_of_Grenada|Prime_Minister_Of_Grenada| |1984|1984| |Jerzy_Popiełuszko|Jerzy_Popiełuszko| , Polish priest and activist    |1985|1985| |Alfred_Rouleau|Alfred_Rouleau| , Canadian businessman    |1986|1986| |Dele_Giwa|Dele_Giwa| , Nigerian journalist, co-founded  Newswatch Magazine    1986    |Samora_Machel|Samora_Machel| , Mozambican commander and politician, 1st  |President_of_Mozambique|President_Of_Mozambique| |1987|1987| |Jacqueline_du_Pré|Jacqueline_Du_Pré| , English cellist and educator   1987    |Hermann_Lang|Hermann_Lang| , German race car driver    |1988|1988| |Son_House|Son_House| , American singer and guitarist    |1992|1992| |Magnus_Pyke|Magnus_Pyke| , English scientist and television host    |1994|1994| |Martha_Raye|Martha_Raye| , American actress and comedian    |1995|1995| |Don_Cherry|Don_Cherry| , American trumpet player   1995    |Harilaos_Perpessas|Harilaos_Perpessas| , Greek pianist and composer    |1997|1997| |Glen_Buxton|Glen_Buxton| , American guitarist and songwriter    |1997|1997| |Ken_Wood|Ken_Wood| , English businessman    |1999|1999| |James_C._Murray|James_C._Murray| , American soldier, lawyer, and politician   1999    |Nathalie_Sarraute|Nathalie_Sarraute| , Russian-French lawyer and author    |2002|2002| |Nikolay_Rukavishnikov|Nikolay_Rukavishnikov| , Russian physicist and astronaut    |2003|2003| |Road_Warrior_Hawk|Road_Warrior_Hawk| , American wrestler   2003    |Alija_Izetbegović|Alija_Izetbegović| , Bosniak lawyer and politician, 1st  |President_of_Bosnia_and_Herzegovina|President_Of_Bosnia_And_Herzegovina|    2003    |Margaret_Murie|Margaret_Murie| , American environmentalist and author   2003    |Nello_Pagani|Nello_Pagani| , Italian motorcycle racer and race car driver    |2005|2005| |Ryan_Dallas_Cook|Ryan_Dallas_Cook| , American trombonist    |2006|2006| |James_Glennon|James_Glennon| , American cinematographer   2006    |Phyllis_Kirk|Phyllis_Kirk| , American actress    |2007|2007| |Winifred_Asprey|Winifred_Asprey| , American mathematician and computer scientist   2007    |Randall_Forsberg|Randall_Forsberg| , American activist and author   2007    |Michael_Maidens|Michael_Maidens| , English footballer   2007    |Jan_Wolkers|Jan_Wolkers| , Dutch author, sculptor, and painter    |2008|2008| |Richard_Blackwell|Richard_Blackwell| , American actor, fashion designer, and critic    |2009|2009| |Howard_Unruh|Howard_Unruh| , American murderer   2009    |Joseph_Wiseman|Joseph_Wiseman| , Canadian-American actor    |2010|2010| |Tom_Bosley|Tom_Bosley| , American actor    |2011|2011| |Kakkanadan|Kakkanadan| , Indian author    |2012|2012| |Lincoln_Alexander|Lincoln_Alexander| , Canadian lawyer and politician, 24th  |Lieutenant_Governor_of_Ontario|Lieutenant_Governor_Of_Ontario|    2012    |Wissam_al-Hassan|Wissam_Al-Hassan| , Lebanese general   2012    |Wiyogo_Atmodarminto|Wiyogo_Atmodarminto| , Indonesian general and politician, 10th  |Governor_of_Jakarta|Governor_Of_Jakarta|    2012    |Mike_Graham|Mike_Graham| , American wrestler   2012    |Fiorenzo_Magni|Fiorenzo_Magni| , Italian cyclist    |2013|2013| |John_Bergamo|John_Bergamo| , American drummer and composer   2013    |Noel_Harrison|Noel_Harrison| , English singer, actor, and skier   2013    |Ronald_Shannon_Jackson|Ronald_Shannon_Jackson| , American drummer and composer   2013    |Mikihiko_Renjō|Mikihiko_Renjō| , Japanese author   2013    |Mahmoud_Zoufonoun|Mahmoud_Zoufonoun| , Iranian-American violinist and composer    |2014|2014| |John_Holt|John_Holt| , Jamaican singer-songwriter   2014    |Stephen_Paulus|Stephen_Paulus| , American composer   2014    |Raphael_Ravenscroft|Raphael_Ravenscroft| , English saxophonist and composer   2014    |Serena_Shim|Serena_Shim| , Lebanese-American journalist    |2015|2015| |Leon_Bramlett|Leon_Bramlett| , American football player and politician   2015    |Bill_Daley|Bill_Daley| , American football player and sportscaster   2015    |Fleming_Mackell|Fleming_Mackell| , Canadian ice hockey player and singer   2015    |Ali_Treki|Ali_Treki| , Libyan politician and diplomat,  |Libyan_Minister_of_Foreign_Affairs|Minister_Of_Foreign_Affairs| |2016|2016| |Phil_Chess|Phil_Chess| , Czech-American record producer, co-founded  |Chess_Records|Chess_Records|    2016    |Giovanni_Steffè|Giovanni_Steffè| , Italian rower    |2017|2017| |Umberto_Lenzi|Umberto_Lenzi| , Italian film director           Christian  |feast_day|Feast_Day| |Aaron|Aaron| |Aquilinus_of_Évreux|Aquilinus_Of_Évreux| |Desiderius_of_Auxerre|Desiderius_Of_Auxerre| |Frideswide|Frithuswith| |Henry_Martyn|Henry_Martyn| |Isaac_Jogues|Isaac_Jogues| ,  |Jean_de_Brébeuf|Jean_De_Brébeuf| , and  |Companions|Canadian_Martyrs| |Blessed|Beatification| |Jerzy_Popiełuszko|Jerzy_Popiełuszko| |Paul_of_the_Cross|Paul_Of_The_Cross| |Ptolemaeus_and_Lucius|Ptolemaeus_And_Lucius| |Varus|Saint_Varus| |Veranus_of_Cavaillon|Veranus_Of_Cavaillon| |William_Carey|William_Carey| |October_19|October_19| |Constitution_Day|Niue_Constitution_Act| , in honor of the countrys independence in 1974.     |Mother_Teresa_Day|Mother_Teresa_Day|  .