|3761_BC|3761_Bc|    The epoch reference date epoch of the modern  |Hebrew_calendar|Hebrew_Calendar| .    |1403|1403|    Venetian–Genoese wars: The Genoese fleet under a French admiral is  |defeated|Battle_Of_Modon|  by a Venetian fleet.    |1477|1477| |Uppsala_University|Uppsala_University|  is inaugurated after receiving its corporate rights from Pope Sixtus IV in February the same year.    |1513|1513|    War of the League of Cambrai: Spain  |defeats|Battle_Of_La_Motta|  Venice.    |1571|1571|    The  |Battle_of_Lepanto|Battle_Of_Lepanto|  is fought, and the Ottoman Navy suffers its first defeat.    |1691|1691|    The charter for the  |Province_of_Massachusetts_Bay|Province_Of_Massachusetts_Bay|  is issued.    |1763|1763|    King George III issues the  |Royal_Proclamation_of_1763|Royal_Proclamation_Of_1763| , closing Indigenous lands in North America north and west of the Alleghenies to white settlements.    |1777|1777| |American_Revolutionary_War|American_Revolutionary_War| |Battle_of_Bemis_Heights|Battle_Of_Bemis_Heights| .    |1780|1780|    American Revolutionary War: American militia  |defeat|Battle_Of_Kings_Mountain|  royalist irregulars led by British major Patrick Ferguson in South Carolina.    |1800|1800|    French corsair  |Robert_Surcouf|Robert_Surcouf| , commander of the 18-gun ship La Confiance, captures the British 38-gun Kent.    |1826|1826|    The  |Granite_Railway|Granite_Railway|  begins operations as the first chartered railway in the U.S.    |1828|1828| |Morea_expedition|Morea_Expedition| |1840|1840| |Willem_II|William_Ii_Of_The_Netherlands|  becomes King of the Netherlands.    |1864|1864| |American_Civil_War|American_Civil_War| |captures|Bahia_Incident|  a Confederate raider in a Brazilian seaport.    |1868|1868| |Cornell_University|Cornell_University|  holds opening day ceremonies; initial student enrollment is 412, the highest at any American university to that date.    |1870|1870|    Franco-Prussian War:  |Léon_Gambetta|Léon_Gambetta|  escapes the siege of Paris in a hot-air balloon.    |1879|1879|    Germany and Austria-Hungary sign the Twofold Covenant and create the  |Dual_Alliance|Dual_Alliance| .    |1912|1912|    The  |Helsinki_Stock_Exchange|Helsinki_Stock_Exchange|  sees its first transaction.    |1916|1916|    Georgia Tech defeats Cumberland University 222–0 in the most  |lopsided_college_football_game|1916_Cumberland_Vs._Georgia_Tech_Football_Game|  in American history.    |1919|1919| |KLM|Klm| , the flag carrier of the Netherlands, is founded. It is the oldest airline still operating under its original name.    |1924|1924| |Andreas_Michalakopoulos|Andreas_Michalakopoulos|  becomes prime minister of Greece for a short period of time.    |1929|1929| |Photius_II|Photius_Ii_Of_Constantinople|  becomes Ecumenical Patriarch of Constantinople.    |1933|1933| |Air_France|Air_France|  is inaugurated, after being formed by a merger of five French airlines.    |1940|1940| |World_War_II|World_War_Ii| |McCollum_memo|Mccollum_Memo|  proposes bringing the United States into the war in Europe by provoking the Japanese to attack the United States.    |1944|1944|    World War II: During an  |uprising|Auschwitz_Concentration_Campsonderkommando_Revolt|  at Birkenau concentration camp, Jewish prisoners burn down Crematorium IV.    |1949|1949|    The communist  |German_Democratic_Republic|East_Germany|  is formed.    |1950|1950| |Mother_Teresa|Mother_Teresa|  establishes the Missionaries of Charity.    |1958|1958|    The  |1958_Pakistani_coup_détat|1958_Pakistani_Coup_Détat|  inaugurates a prolonged period of military rule.   1958   The U.S. manned space-flight project is renamed  |Project_Mercury|Project_Mercury| .    |1959|1959|    The Soviet probe  |Luna_3|Luna_3|  transmits the first-ever photographs of the far side of the Moon.    |1963|1963|    President Kennedy signs the ratification of the  |Partial_Nuclear_Test_Ban_Treaty|Partial_Nuclear_Test_Ban_Treaty| .    |1977|1977|    The  |Fourth_Soviet_Constitution|1977_Soviet_Constitution|  is adopted.    |1985|1985|    The  |Mameyes_landslide|1985_Puerto_Rico_Floods|  kills almost 200 people in Puerto Rico.   1985   Four men from the Palestine Liberation Front  |hijack|Achille_Lauro_Hijacking|  the  off the coast of Egypt.    |1987|1987|    Sikh nationalists declare the independence of  |Khalistan|Khalistan|  from India; it is not internationally recognized.    |1988|1988|    A hunter discovers three gray whales trapped under the ice near Alaska; the situation becomes  |a_multinational_effort_to_free_the_whales|Operation_Breakthrough| .    |1991|1991|    Croatian War of Independence:  |Bombing_of_Banski_dvori|Bombing_Of_Banski_Dvori|  in Zagreb, Croatia.    |1993|1993|    The  |flood_of_93|Great_Flood_Of_1993|  ends at St. Louis, Missouri, 103 days after it began, as the Mississippi River falls below flood stage.    |1996|1996| |Fox_News_Channel|Fox_News_Channel|  begins broadcasting.    |1998|1998| |Matthew_Shepard|Matthew_Shepard| , a gay student at the University of Wyoming, is found tied to a fence after being savagely beaten by two young adults in Laramie, Wyoming. He died five days later.    |2000|2000| |Israeli-Palestinian_conflict|Israeli–Palestinian_Conflict| |Hezbollah|Hezbollah|  militants capture three  |Israeli_Defense_Force|Israel_Defense_Forces|  soldiers in a  |cross-border_raid|2000_Hezbollah_Cross-Border_Raid| .    |2001|2001|    The  |U.S._invasion_of_Afghanistan|United_States_Invasion_Of_Afghanistan|  begins with an air assault and covert operations on the ground.    |2002|2002|    The  |Space_Shuttle_Atlantis|Space_Shuttle_Atlantis|  launches on  |STS-112|Sts-112|  to continue  |assembly_of_the|Assembly_Of_The_International_Space_Station| |International_Space_Station|International_Space_Station| .     |2008|2008|    Asteroid  |2008_TC3|2008_Tc3|  impacts the Earth over Sudan, the first time an asteroid impact is detected prior to its entry into earths atmosphere.    |2016|2016|    In the wake of  |Hurricane_Matthew|Hurricane_Matthew| , the death toll rises to 800.        |14_BC|14_Bc| |Drusus_Julius_Caesar|Drusus_Julius_Caesar| , Roman politician    |1301|1301|    Grand Prince  |Aleksandr_Mikhailovich_of_Tver|Aleksandr_Mikhailovich_Of_Tver| |1409|1409| |Elizabeth_of_Luxembourg|Elizabeth_Of_Luxembourg| |1471|1471| |Frederick_I_of_Denmark|Frederick_I_Of_Denmark| |1474|1474| |Bernhard_III,_Margrave_of_Baden-Baden|Bernhard_Iii,_Margrave_Of_Baden-Baden| |1482|1482| |Ernest,_Margrave_of_Baden-Durlach|Ernest,_Margrave_Of_Baden-Durlach| |1573|1573| |William_Laud|William_Laud| , English archbishop and academic    |1576|1576| |John_Marston|John_Marston| , English poet and playwright    |1586|1586| |Isaac_Massa|Isaac_Massa| , Dutch diplomat    |1589|1589| |Archduchess_Maria_Maddalena_of_Austria|Archduchess_Maria_Maddalena_Of_Austria| |1591|1591| |Pierre_Le_Muet|Pierre_Le_Muet| , French architect    |1597|1597| |Captain_John_Underhill|Captain_John_Underhill| , English settler and soldier    |1635|1635| |Roger_de_Piles|Roger_De_Piles| , French painter    |1713|1713| |Granville_Elliott|Granville_Elliott| , English general    |1728|1728| |Caesar_Rodney|Caesar_Rodney| , American soldier, lawyer, and politician, 4th  |Governor_of_Delaware|List_Of_Governors_Of_Delaware| |1744|1744| |Sergey_Vyazmitinov|Sergey_Vyazmitinov| , Russian general and politician,  |War_Governor_of_Saint_Petersburg|Saint_Petersburg_Governorate| |1746|1746| |William_Billings|William_Billings| , American composer and educator    |1748|1748| |Charles_XIII_of_Sweden|Charles_Xiii_Of_Sweden| |1769|1769| |Solomon_Sibley|Solomon_Sibley| , American lawyer, jurist, and politician, 1st  |Mayor_of_Detroit|Mayor_Of_Detroit| |1786|1786| |Louis-Joseph_Papineau|Louis-Joseph_Papineau| , Canadian lawyer and politician    |1798|1798| |Jean-Baptiste_Vuillaume|Jean-Baptiste_Vuillaume| , French instrument maker and businessman    |1819|1819| |Ann_Eliza_Smith|Ann_Eliza_Smith| , American author and patriot     |1821|1821| |Richard_H._Anderson|Richard_H._Anderson| , American general    |1832|1832| |Charles_Crozat_Converse|Charles_Crozat_Converse| , American lawyer and composer    |1835|1835| |Felix_Draeseke|Felix_Draeseke| , German composer and educator    |1836|1836| |Henri_Elzéar_Taschereau|Henri_Elzéar_Taschereau| , Canadian scholar and jurist, 4th  |Chief_Justice_of_Canada|Chief_Justice_Of_Canada| |1841|1841| |Nicholas_I_of_Montenegro|Nicholas_I_Of_Montenegro| |1849|1849| |James_Whitcomb_Riley|James_Whitcomb_Riley| , American poet and author    |1860|1860| |Leonidas_Paraskevopoulos|Leonidas_Paraskevopoulos| , Greek general and politician    |1866|1866| |Wlodimir_Ledóchowski|Wlodimir_Ledóchowski| , Polish-Austrian religious leader, 26th  |Superior_General_of_the_Society_of_Jesus|Superior_General_Of_The_Society_Of_Jesus| |1870|1870| |Uncle_Dave_Macon|Uncle_Dave_Macon| , American old-time country banjo player, singer-songwriter, and comedian    |1876|1876| |Louis_Tancred|Louis_Tancred| , South African cricketer    |1879|1879| |Joe_Hill|Joe_Hill| , Swedish-born American labor activist and poet    |1881|1881| |Mikhail_Drozdovsky|Mikhail_Drozdovsky| , Ukrainian-Russian general    |1884|1884| |Harold_Geiger|Harold_Geiger| , American lieutenant and pilot    |1885|1885| |Niels_Bohr|Niels_Bohr| , Danish physicist and philosopher,  |Nobel_Prize|Nobel_Prize_In_Physics|  laureate   1885    |Claud_Ashton_Jones|Claud_Ashton_Jones| , American admiral,  |Medal_of_Honor|Medal_Of_Honor|  recipient    |1887|1887| |Jack_Russell|Jack_Russell| , English cricketer and coach    |1888|1888| |Henry_A._Wallace|Henry_A._Wallace| , American agronomist and politician, 33rd  |Vice_President_of_the_United_States|Vice_President_Of_The_United_States|    1888    |Edna_Meade_Colson|Edna_Meade_Colson| , African American educator and activist     |1889|1889| |Robert_Z._Leonard|Robert_Z._Leonard| , American actor, director, producer, and screenwriter    |1892|1892| |Dwain_Esper|Dwain_Esper| , American director and producer    |1893|1893| |Alice_Dalgliesh|Alice_Dalgliesh| , Trinidadian-American author and publisher    |1894|1894| |Del_Lord|Del_Lord| , Canadian-American actor and director    |1895|1895| |Maurice_Grevisse|Maurice_Grevisse| , Belgian linguist and author    |1896|1896| |Paulino_Alcántara|Paulino_Alcántara| , Spanish Filipino football player and manager    |1897|1897| |Elijah_Muhammad|Elijah_Muhammad| , American religious leader   1897    |Thakin_Mya|Thakin_Mya| , Burmese lawyer and politician    |1900|1900| |Heinrich_Himmler|Heinrich_Himmler| , German commander and politician    |1904|1904| |Armando_Castellazzi|Armando_Castellazzi| , Italian footballer and coach    |1905|1905| |Andy_Devine|Andy_Devine| , American actor    |1907|1907| |Helen_MacInnes|Helen_Macinnes| , Scottish-American librarian and author    |1909|1909| |Anni_Blomqvist|Anni_Blomqvist| , Finnish author   1909    |Shura_Cherkassky|Shura_Cherkassky| , Ukrainian-American pianist and educator   1909    |Erastus_Corning_2nd|Erastus_Corning_2Nd| , American soldier and politician, 72nd  |Mayor_of_Albany|Mayor_Of_Albany| |1910|1910| |Henry_Plumer_McIlhenny|Henry_Plumer_Mcilhenny| , American art collector and philanthropist    |1911|1911| |Vaughn_Monroe|Vaughn_Monroe| , American singer, trumpet player, and bandleader    |1912|1912| |Fernando_Belaúnde_Terry|Fernando_Belaúnde_Terry| , Peruvian architect and politician, 85th  |President_of_Peru|President_Of_Peru|    1912    |Peter_Walker|Peter_Walker| , English race car driver    |1913|1913| |Simon_Carmiggelt|Simon_Carmiggelt| , Dutch journalist and author   1913    |Raimond_Valgre|Raimond_Valgre| , Estonian pianist, guitarist, and composer    |1914|1914| |Begum_Akhtar|Begum_Akhtar| , Indian actress    1914    |Sarah_Churchill|Sarah_Churchill| , English actress   1914    |Alfred_Drake|Alfred_Drake| , American actor and singer   1914    |Herman_Keiser|Herman_Keiser| , American golfer    |1917|1917| |June_Allyson|June_Allyson| , American actress    |1918|1918| |Harry_V._Jaffa|Harry_V._Jaffa| , American historian, philosopher, and academic    |1919|1919| |Henriette_Avram|Henriette_Avram| , American computer scientist and academic   1919    |Zelman_Cowen|Zelman_Cowen| , Australian academic and politician, 19th  |Governor-General_of_Australia|Governor-General_Of_Australia|    1919    |Georges_Duby|Georges_Duby| , French historian and author    |1920|1920| |Georg_Leber|Georg_Leber| , German soldier and politician,  |German_Federal_Minister_of_Defence|Federal_Ministry_Of_Defence|    1920    |Jack_Rowley|Jack_Rowley| , English footballer and manager    |1921|1921| |Raymond_Goethals|Raymond_Goethals| , Belgian footballer and coach    |1922|1922| |Grady_Hatton|Grady_Hatton| , American baseball player, coach, and manager   1922    |William_Zinsser|William_Zinsser| , American journalist and critic    |1923|1923| |Irma_Grese|Irma_Grese| , German  |SS|Ss|  officer   1923    |Břetislav_Pojar|Břetislav_Pojar| , Czech animator and director   1923    |Jean-Paul_Riopelle|Jean-Paul_Riopelle| , Canadian painter and sculptor    |1927|1927| |Al_Martino|Al_Martino| , American singer and actor   1927    |R._D._Laing|R._D._Laing| , Scottish psychiatrist and author   1927    |Demetrio_González|Demetrio_González| , Spanish-Mexican film actor and singer    |1928|1928| |José_Messias|José_Messias| , Brazilian composer, singer, writer, host and critic   1928    |Ali_Kafi|Ali_Kafi| , Pakistani politician   1928    |Lorna_Wing|Lorna_Wing| , English autism researcher    |1929|1929| |Graeme_Ferguson|Graeme_Ferguson| , Canadian director and producer, co-founded the  |IMAX_Corporation|Imax_Corporation| |Mariano_Gagnon|Mariano_Gagnon| , American Catholic priest and author   1929    |Robert_Westall|Robert_Westall| , English journalist and author    |1930|1930| |Curtis_Crider|Curtis_Crider| , American race car driver    |1931|1931| |Cotton_Fitzsimmons|Cotton_Fitzsimmons| , American basketball player and coach   1931    |Tommy_Lewis|Tommy_Lewis| , American football player and coach   1931    |R._Sivagurunathan|R._Sivagurunathan| , Sri Lankan journalist, lawyer, and academic   1931    |Desmond_Tutu|Desmond_Tutu| , South African archbishop and activist,  |Nobel_Prize|Nobel_Peace_Prize|  laureate    |1932|1932| |Joannes_Gijsen|Joannes_Gijsen| , Dutch bishop    |1933|1933| |Harold_Dunaway|Harold_Dunaway| , American race car driver and pilot    |1934|1934| |Amiri_Baraka|Amiri_Baraka| , American poet, playwright, and academic   1934    |Ulrike_Meinhof|Ulrike_Meinhof| , German  |far-left|Far-Left| |terrorist|Terrorist| , co-founder of the  |Red_Army_Faction|Red_Army_Faction| , journalist   1934    |Julian_Thompson|Julian_Thompson| , English general and historian    |1935|1935| |Thomas_Keneally|Thomas_Keneally| , Australian novelist, playwright, and essayist    |1936|1936| |Michael_Hurll|Michael_Hurll| , English director, producer, and screenwriter    |1937|1937| |Christopher_Booker|Christopher_Booker| , English journalist and author   1937    |Chet_Powers|Chet_Powers| , American singer-songwriter and guitarist   1937    |Maria_Szyszkowska|Maria_Szyszkowska| , Polish academic and politician    |1938|1938| |Ann_Jones|Ann_Jones| , English tennis player and sportscaster    |1939|1939| |John_Hopcroft|John_Hopcroft| , American computer scientist and author   1939    |Clive_James|Clive_James| , Australian television host, author, and critic   1939    |Harry_Kroto|Harry_Kroto| , English chemist and academic,  |Nobel_Prize|Nobel_Prize_In_Chemistry|  laureate   1939    |Laurent_Monsengwo_Pasinya|Laurent_Monsengwo_Pasinya| , Congolese cardinal   1939    |Bill_Snyder|Bill_Snyder| , American football player and coach    |1940|1940| |Bruce_Vento|Bruce_Vento| , American educator and politician    |1942|1942| |Joy_Behar|Joy_Behar| , American talk show host, comedian and television personality    |1943|1943| |José_Cardenal|José_Cardenal| , Cuban baseball player and coach   1943    |Oliver_North|Oliver_North| , American colonel, journalist, and author    |1944|1944| |Judee_Sill|Judee_Sill| , American singer-songwriter and musician   1944    |Donald_Tsang|Donald_Tsang| , Chinese civil servant and politician, 2nd  |Chief_Executive_of_Hong_Kong|Chief_Executive_Of_Hong_Kong| |1945|1945| |Kevin_Godley|Kevin_Godley| , English singer-songwriter and director   1945    |David_Wallace|David_Wallace| , Scottish physicist and academic    |1946|1946| |John_Brass|John_Brass| , Australian rugby player and coach   1946    |Catharine_MacKinnon|Catharine_Mackinnon| , American lawyer, activist, and author    |1947|1947| |Chris_Bambridge|Chris_Bambridge| , Australian footballer and referee    |1948|1948| |Diane_Ackerman|Diane_Ackerman| , American poet and essayist   1948    |John_F._B._Mitchell|John_F._B._Mitchell| , English climatologist and author   1948    |Stephen_Rucker|Stephen_Rucker| , American composer    |1949|1949| |Dave_Hope|Dave_Hope| , American bass player and priest    |1950|1950| |Dick_Jauron|Dick_Jauron| , American football player and coach   1950    |Jakaya_Kikwete|Jakaya_Kikwete| , Tanzanian colonel, economist, and politician, 4th  |President_of_Tanzania|President_Of_Tanzania| |1951|1951| |Enki_Bilal|Enki_Bilal| , French comic book creator, comics artist and film director   1951    |John_Mellencamp|John_Mellencamp| , American singer-songwriter, guitarist, and actor    |1952|1952| |Vladimir_Putin|Vladimir_Putin| , Russian colonel and politician, 4th  |President_of_Russia|President_Of_Russia| |Jacques_Richard|Jacques_Richard| , Canadian ice hockey player   1952    |Graham_Yallop|Graham_Yallop| , Australian cricketer    |1953|1953| |Linda_Griffiths|Linda_Griffiths| , Canadian actress and playwright   1953    |Margus_Lepa|Margus_Lepa| , Estonian journalist and actor   1953    |Tico_Torres|Tico_Torres| , American drummer    |1955|1955| |Ralph_Johnson|Ralph_Johnson| , American computer scientist and author   1955    |Bill_Henson|Bill_Henson| , Australian photographer   1955    |Yo-Yo_Ma|Yo-Yo_Ma| , French-American cellist and educator    |1956|1956| |Steve_Bainbridge|Steve_Bainbridge| , English rugby player   1956    |Mike_Shipley|Mike_Shipley| , Australian-English sound engineer and producer   1956    |Brian_Sutter|Brian_Sutter| , Canadian ice hockey player and coach    |1957|1957| |Joey_Marquez|Joey_Marquez| , Filipino basketball player, actor, and politician   1957    |Michael_W._Smith|Michael_W._Smith| , American singer-songwriter and actor   1957    |Jayne_Torvill|Jayne_Torvill| , English figure skater    |1959|1959| |Dylan_Baker|Dylan_Baker| , American actor   1959    |Simon_Cowell|Simon_Cowell| , English businessman and producer   1959    |Lourdes_Flores|Lourdes_Flores| , Peruvian lawyer and politician   1959    |Jean-Marc_Fournier|Jean-Marc_Fournier| , Canadian lawyer and politician   1959    |Brazo_de_Oro|Brazo_De_Oro| , Mexican wrestler    |1960|1960| |Kevin_Boyle|Kevin_Boyle| , American historian and author    |1961|1961| |Brian_Mannix|Brian_Mannix| , Australian singer-songwriter   1961    |Tony_Sparano|Tony_Sparano| , American football player and coach    |1962|1962| |Dave_Bronconnier|Dave_Bronconnier| , Canadian businessman and politician, 35th  |Mayor_of_Calgary|Mayor_Of_Calgary| |Micky_Flanagan|Micky_Flanagan| , English comedian   1962    |William_Johnson|William_Johnson| , German-English cricketer    |1964|1964| |Sam_Brown|Sam_Brown| , English singer-songwriter, musician, and record producer   1964    |Dan_Savage|Dan_Savage| , American LGBT rights activist, journalist and television producer   1964    |Paul_Stewart|Paul_Stewart| , English footballer    |1965|1965| |Genji_Hashimoto|Genji_Hashimoto| , Japanese race car driver   1965    |Kumiko_Watanabe|Kumiko_Watanabe| , Japanese voice actress    |1966|1966| |Sherman_Alexie|Sherman_Alexie| , American novelist, short story writer, poet, and filmmaker   1966    |Marco_Beltrami|Marco_Beltrami| , Italian-American composer and conductor   1966    |Janet_Shaw|Janet_Shaw| , Australian cyclist and author    |1967|1967| |Michelle_Alexander|Michelle_Alexander| , American law professor, author and activist   1967    |Peter_Baker|Peter_Baker| , English golfer   1967    |Toni_Braxton|Toni_Braxton| , American singer-songwriter, producer, and actress   1967    |Luke_Haines|Luke_Haines| , English singer-songwriter and keyboard player    |1968|1968| |Thom_Yorke|Thom_Yorke| , English singer-songwriter and guitarist    |1969|1969| |Bobbie_Brown|Bobbie_Brown| , American model and actress   1969    |Malia_Hosaka|Malia_Hosaka| , American wrestler   1969    |Per_Mathisen|Per_Mathisen| , Norwegian bass player and composer   1969    |Maria_Whittaker|Maria_Whittaker| , English model, actress, and singer    |1971|1971| |Daniel_Boucher|Daniel_Boucher| , Canadian singer and actor    |1972|1972| |Marlou_Aquino|Marlou_Aquino| , Filipino basketball player   1972    |Ben_Younger|Ben_Younger| , American director, producer, and screenwriter    |1973|1973| |Dida|Dida| , Brazilian footballer   1973    |Priest_Holmes|Priest_Holmes| , American football player   1973    |Sami_Hyypiä|Sami_Hyypiä| , Finnish footballer and manager   1973    |Grigol_Mgaloblishvili|Grigol_Mgaloblishvili| , Georgian politician and diplomat, 7th  |Prime_Minister_of_Georgia|Prime_Minister_Of_Georgia| |1974|1974| |Rune_Glifberg|Rune_Glifberg| , Danish skateboarder   1974    |Ruslan_Nigmatullin|Ruslan_Nigmatullin| , Russian footballer   1974    |Charlotte_Perrelli|Charlotte_Perrelli| , Swedish singer    |1975|1975| |Giorgos_Karadimos|Giorgos_Karadimos| , Greek singer-songwriter and guitarist   1975    |Damian_Kulash|Damian_Kulash| , American singer-songwriter and guitarist   1975    |Tim_Minchin|Tim_Minchin| , English-Australian comedian, actor, and singer    |1976|1976| |Marc_Coma|Marc_Coma| , Spanish motorcycle racer   1976    |Taylor_Hicks|Taylor_Hicks| , American singer-songwriter   1976    |Gilberto_Silva|Gilberto_Silva| , Brazilian footballer   1976    |Santiago_Solari|Santiago_Solari| , Argentinian footballer and manager   1976    |Charles_Woodson|Charles_Woodson| , American football player    |1977|1977| |Antoine_Revoy|Antoine_Revoy| , French comics writer and illustrator    |1978|1978| |Alison_Balsom|Alison_Balsom| , English trumpet player and educator   1978    |Alesha_Dixon|Alesha_Dixon| , English singer-songwriter and dancer   1978    |Zaheer_Khan|Zaheer_Khan| , Indian cricketer    |1979|1979| |Simona_Amânar|Simona_Amânar| , Romanian gymnast   1979    |Aaron_Ashmore|Aaron_Ashmore| , Canadian actor   1979    |Shawn_Ashmore|Shawn_Ashmore| , Canadian actor    |1981|1981| |Austin_Eubanks|Austin_Eubanks| , American motivational speaker    |1982|1982| |Madjid_Bougherra|Madjid_Bougherra| , Algerian footballer   1982    |Jermain_Defoe|Jermain_Defoe| , English footballer   1982    |Robby_Ginepri|Robby_Ginepri| , American tennis player   1982    |Li_Yundi|Li_Yundi| , Chinese pianist   1982    |Lockett_Pundt|Lockett_Pundt| , American singer-songwriter and guitarist    |1983|1983| |Archie_Bland|Archie_Bland| , English journalist and author   1983    |Dwayne_Bravo|Dwayne_Bravo| , Trinidadian cricketer   1983    |Flying_Lotus|Flying_Lotus| , American rapper, DJ, and producer   1983    |Scottie_Upshall|Scottie_Upshall| , Canadian ice hockey player    |1984|1984| |Salman_Butt|Salman_Butt| , Pakistani cricketer   1984    |Toma_Ikuta|Toma_Ikuta| , Japanese actor and singer   1984    |Simon_Poulsen|Simon_Poulsen| , Danish footballer   1984    |Zachary_Wyatt|Zachary_Wyatt| , American soldier and politician    |1985|1985| |Evan_Longoria|Evan_Longoria| , American baseball player    |1986|1986| |Chase_Daniel|Chase_Daniel| , American football player   1986    |Lee_Nguyen|Lee_Nguyen| , American soccer player   1986    |Gunnar_Nielsen|Gunnar_Nielsen| , Faroese footballer   1986    |Bree_Olson|Bree_Olson| , American porn actress and producer   1986    |Amy_Satterthwaite|Amy_Satterthwaite| , New Zealand cricketer    |1987|1987| |Jeremy_Brockie|Jeremy_Brockie| , New Zealand footballer   1987    |Aiden_English|Aiden_English| , American wrestler   1987    |Sam_Querrey|Sam_Querrey| , American tennis player    |1988|1988| |Diego_da_Silva_Costa|Diego_Da_Silva_Costa| , Brazilian footballer   1988    |Lauren_Mayberry|Lauren_Mayberry| , Scottish singer-songwriter    |1989|1989| |Trent_Merrin|Trent_Merrin| , Australian rugby league player    |1990|1990| |Sebastián_Coates|Sebastián_Coates| , Uruguayan footballer    |1991|1991| |Lay|Lay| , Chinese singer-songwriter and actor    |1992|1992| |Mookie_Betts|Mookie_Betts| , American baseball player    |1995|1995| |Lyndon_Dykes|Lyndon_Dykes| , Australian professional footballer   1995    |Lloyd_Jones|Lloyd_Jones| , English professional footballer   1995    |Bram_van_Vlerken|Bram_Van_Vlerken| , Dutch professional football player   1995    |Mathias_Dyngeland|Mathias_Dyngeland| , Norwegian footballer    |1998|1998| |Trent_Alexander-Arnold|Trent_Alexander-Arnold| , English professional footballer    |2001|2001| |Princess_Senate_Seeiso|Princess_Senate_Seeiso| , Princess of Lesotho          |336|336| |Mark|Pope_Mark| , pope of the  |Catholic_Church|Catholic_Church| |858|858| |Montoku|Emperor_Montoku| , Japanese emperor    |929|929| |Charles_the_Simple|Charles_The_Simple| , French king    |950|950| |Li|Empress_Li| , Chinese empress consort    |951|951| |Shi_Zong|Emperor_Shizong_Of_Liao| , emperor of the  |Liao_Dynasty|Liao_Dynasty|    951    |Xiao|Empress_Dowager_Xiao| , Chinese  |Khitan|Khitan_People|  empress dowager   951    |Zhen|Empress_Zhen| , Chinese Khitan empress consort    |988|988| |Qian_Chu|Qian_Chu| , king of  |Wuyue|Wuyue| |1242|1242| |Juntoku|Emperor_Juntoku| , Japanese emperor    |1259|1259| |Ezzelino_III_da_Romano|Ezzelino_Iii_Da_Romano| , Italian ruler    |1363|1363| |Eleanor_de_Bohun|Eleanor_De_Bohun,_Countess_Of_Ormonde| , English noblewoman    |1368|1368| |Lionel_of_Antwerp,_1st_Duke_of_Clarence|Lionel_Of_Antwerp,_1St_Duke_Of_Clarence| , Belgian-English politician    |1461|1461| |Jean_Poton_de_Xaintrailles|Jean_Poton_De_Xaintrailles| , follower of  |Joan_of_Arc|Joan_Of_Arc| |1468|1468| |Sigismondo_Pandolfo_Malatesta|Sigismondo_Pandolfo_Malatesta| , Italian nobleman    |1553|1553| |Cristóbal_de_Morales|Cristóbal_De_Morales| , Spanish composer    |1571|1571| |Sufi_Ali_Pasha|Sufi_Ali_Pasha| , Ottoman soldier and politician,  |Ottoman_Governor_of_Egypt|List_Of_Ottoman_Governors_Of_Egypt| |Dorothea_of_Saxe-Lauenburg|Dorothea_Of_Saxe-Lauenburg| , Danish queen consort of  |Christian_III_of_Denmark|Christian_Iii_Of_Denmark| |1577|1577| |George_Gascoigne|George_Gascoigne| , English soldier, courtier, and poet    |1612|1612| |Giovanni_Battista_Guarini|Giovanni_Battista_Guarini| , Italian poet, playwright, and diplomat    |1620|1620| |Stanisław_Żółkiewski|Stanisław_Żółkiewski| , Polish-Lithuanian commander    |1637|1637| |Victor_Amadeus_I|Victor_Amadeus_I,_Duke_Of_Savoy| , duke of  |Savoy|Savoy| |1651|1651| |Jacques_Sirmond|Jacques_Sirmond| , French scholar    |1653|1653| |Fausto_Poli|Fausto_Poli| , Italian cardinal    |1708|1708| |Guru_Gobind_Singh|Guru_Gobind_Singh| , Indian 10th  |Sikh_guru|Sikh_Guru| |1772|1772| |John_Woolman|John_Woolman| , American preacher and abolitionist    |1787|1787| |Henry_Muhlenberg|Henry_Muhlenberg| , German-American pastor and missionary    |1792|1792| |George_Mason|George_Mason| , American lawyer and politician    |1793|1793| |Wills_Hill,_1st_Marquess_of_Downshire|Wills_Hill,_1St_Marquess_Of_Downshire| , English politician,  |President_of_the_Board_of_Trade|President_Of_The_Board_Of_Trade| |1796|1796| |Thomas_Reid|Thomas_Reid| , Scottish mathematician and philosopher    |1849|1849| |Edgar_Allan_Poe|Edgar_Allan_Poe| , American short story writer, poet, and critic    |1884|1884| |Bernard_Petitjean|Bernard_Petitjean| , French Roman Catholic missionary to Japan    |1894|1894| |Oliver_Wendell_Holmes_Sr.|Oliver_Wendell_Holmes_Sr.| , American physician, author, and poet    |1903|1903| |Rudolf_Lipschitz|Rudolf_Lipschitz| , German mathematician and academic    |1904|1904| |Isabella_Bird|Isabella_Bird| , English historian and explorer    |1906|1906| |Honoré_Beaugrand|Honoré_Beaugrand| , Canadian journalist and politician, 18th  |Mayor_of_Montreal|Mayor_Of_Montreal| |1911|1911| |John_Hughlings_Jackson|John_Hughlings_Jackson| , English neurologist and physician    |1919|1919| |Alfred_Deakin|Alfred_Deakin| , Australian lawyer and politician, 2nd  |Prime_Minister_of_Australia|Prime_Minister_Of_Australia| |1925|1925| |Christy_Mathewson|Christy_Mathewson| , American baseball player and manager    |1926|1926| |Emil_Kraepelin|Emil_Kraepelin| , German psychologist and academic    |1933|1933| |Alexander_Peacock|Alexander_Peacock| , Australian politician, 20th  |Premier_of_Victoria|Premier_Of_Victoria| |1939|1939| |Harvey_Williams_Cushing|Harvey_Williams_Cushing| , American neurosurgeon and academic    |1943|1943| |Radclyffe_Hall|Radclyffe_Hall| , English author and poet    |1944|1944| |Helmut_Lent|Helmut_Lent| , German colonel and pilot    |1950|1950| |Willis_Haviland_Carrier|Willis_Carrier| , American engineer    |1951|1951| |Anton_Philips|Anton_Philips| , Dutch businessman, co-founded  |Philips|Philips| |1956|1956| |Clarence_Birdseye|Clarence_Birdseye| , American businessman, founded  |Birds_Eye|Birds_Eye| |1959|1959| |Mario_Lanza|Mario_Lanza| , American tenor and actor    |1966|1966| |Grigoris_Asikis|Grigoris_Asikis| , Greek singer-songwriter    |1966|1966| |Johnny_Kidd|Johnny_Kidd| , English singer songwriter    |1967|1967| |Norman_Angell|Norman_Angell| , English journalist and politician,  |Nobel_Prize|Nobel_Peace_Prize|  laureate    |1969|1969| |Léon_Scieur|Léon_Scieur| , Belgian cyclist    |1970|1970| |Alphonse-Marie_Parent|Alphonse-Marie_Parent| , Canadian priest and academic    |1983|1983| |George_O._Abell|George_O._Abell| , American astronomer, professor, science popularizer, and skeptic    |1985|1985| |Cemal_Reşit_Rey|Cemal_Reşit_Rey| , Turkish pianist, composer, and conductor    |1990|1990| |Beatrice_Hutton|Beatrice_Hutton| , Australian architect    |1991|1991| |Harry_W._Brown|Harry_W._Brown| , American colonel and pilot   1991    |Leo_Durocher|Leo_Durocher| , American baseball player and manager   1991    |Darren_Millane|Darren_Millane| , Australian footballer    |1992|1992| |Allan_Bloom|Allan_Bloom| , American philosopher and educator    |1992|1992| |Babu_Karam_Singh_Bal|Babu_Karam_Singh_Bal| , Indian businessman and politician    |1993|1993| |Cyril_Cusack|Cyril_Cusack| , South African-born Irish actor    |1994|1994| |Niels_Kaj_Jerne|Niels_Kaj_Jerne| , Danish-English physician and immunologist,  |Nobel_Prize|Nobel_Prize_In_Physiology_Or_Medicine|  laureate    |1995|1995| |Ivan_Hutchinson|Ivan_Hutchinson| , Australian film critic and author   1995    |Olga_Taussky-Todd|Olga_Taussky-Todd| , Austrian-Czech-American mathematician, attendant of the Vienna Circle    |1996|1996| |Lou_Lichtveld|Lou_Lichtveld| , Surinamese-Dutch author, playwright, and politician    |1998|1998| |Cees_de_Vreugd|Cees_De_Vreugd| , Dutch strongman and weightlifter    |2001|2001| |Herblock|Herblock| , American cartoonist and author   2001    |Christopher_Adams|Chris_Adams| , English-American wrestler and trainer   2001    |Roger_Gaudry|Roger_Gaudry| , Canadian chemist and businessman    |2002|2002| |Pierangelo_Bertoli|Pierangelo_Bertoli| , Italian singer-songwriter and guitarist    |2003|2003| |Izzy_Asper|Izzy_Asper| , Canadian lawyer and politician   2003    |Arthur_Berger|Arthur_Berger| , American composer and educator    |2004|2004| |Tony_Lanfranchi|Tony_Lanfranchi| , English race car driver    |2005|2005| |Charles_Rocket|Charles_Rocket| , American actor and comedian    |2006|2006| |Julen_Goikoetxea|Julen_Goikoetxea| , Spanish cyclist   2006    |Anna_Politkovskaya|Anna_Politkovskaya| , American-Russian journalist and activist    |2007|2007| |Norifumi_Abe|Norifumi_Abe| , Japanese motorcycle racer   2007    |George_E._Sangmeister|George_E._Sangmeister| , American lawyer and politician    |2009|2009| |Irving_Penn|Irving_Penn| , American photographer    |2010|2010| |T_Lavitz|T_Lavitz| , American keyboard player, composer, and producer   2010    |Milka_Planinc|Milka_Planinc| , Croatian lawyer and politician, 7th  |Prime_Minister_of_Yugoslavia|Prime_Minister_Of_Yugoslavia| |2011|2011| |Ramiz_Alia|Ramiz_Alia| , Albanian politician, 1st  |President_of_Albania|President_Of_Albania|    2011    |Andrew_Laszlo|Andrew_Laszlo| , Hungarian-American cinematographer    |2012|2012| |Mervyn_M._Dymally|Mervyn_M._Dymally| , Trinidadian-American politician, 41st  |Lieutenant_Governor_of_California|Lieutenant_Governor_Of_California|    2012    |Ivo_Michiels|Ivo_Michiels| , Belgian-French author and poet   2012    |Wiley_Reed|Wiley_Reed| , American-Australian singer-songwriter and pianist    |2013|2013| |Mick_Buckley|Mick_Buckley| , English footballer   2013    |Patrice_Chéreau|Patrice_Chéreau| , French actor, director, producer, and screenwriter   2013    |David_E._Jeremiah|David_E._Jeremiah| , American admiral   2013    |Leandro_Mendoza|Leandro_Mendoza| , Filipino police officer and politician, 36th  |Executive_Secretary_of_the_Philippines|Executive_Secretary|    2013    |Joe_Rogers|Joe_Rogers| , American lawyer and politician, 45th  |Lieutenant_Governor_of_Colorado|Lieutenant_Governor_Of_Colorado| |2014|2014| |Nika_Kiladze|Nika_Kiladze| , Georgian footballer   2014    |Siegfried_Lenz|Siegfried_Lenz| , Polish-German author and playwright   2014    |Iva_Withers|Iva_Withers| , Canadian-American actress and singer    |2015|2015| |Harry_Gallatin|Harry_Gallatin| , American basketball player and coach   2015    |Hossein_Hamadani|Hossein_Hamadani| , Iranian general   2015    |W._R._Mitchell|W._R._Mitchell| , English journalist and author   2015    |Jurelang_Zedkaia|Jurelang_Zedkaia| , Marshallese politician, 5th  |President_of_the_Marshall_Islands|List_Of_Presidents_Of_The_Marshall_Islands| |2016|2016| |Ross_Higgins|Ross_Higgins| , Australian actor, comedian         Christian  |feast_day|Feast_Day| |Justina_of_Padua|Justina_Of_Padua| |Henry_Muhlenberg|Henry_Muhlenberg| |Osgyth|Osgyth| |Our_Lady_of_the_Rosary|Our_Lady_Of_The_Rosary| |Pope_Mark|Pope_Mark| |Sergius_and_Bacchus|Sergius_And_Bacchus| |October_7|October_7| |Teachers_Day|Teachers_Day|  .