               It is the first day of the fourth quarter of the year.        |331_BC|331_Bc| |Alexander_the_Great|Alexander_The_Great|  defeats  |Darius_III_of_Persia|Darius_Iii_Of_Persia|  in the  |Battle_of_Gaugamela|Battle_Of_Gaugamela| .    |366|366| |Pope_Damasus_I|Pope_Damasus_I|  is elected.    |959|959| |Edgar_the_Peaceful|Edgar_The_Peaceful|  becomes king of all England.    |965|965| |Pope_John_XIII|Pope_John_Xiii|  is elected.    |1553|1553|    Coronation of Queen  |Mary_I_of_England|Mary_I_Of_England| .    |1588|1588|    Coronation of Shah  |Abbas_I_of_Persia|Abbas_I_Of_Persia| .    |1730|1730| |Ahmed_III|Ahmed_Iii|  is forced to abdicate as the Ottoman sultan.    |1787|1787|    Russians under  |Alexander_Suvorov|Alexander_Suvorov|  defeat the Turks  |at_Kinburn|Battle_Of_Kinburn| .    |1791|1791|    First session of the French  |Legislative_Assembly|Legislative_Assembly| .    |1795|1795|    More than a year after the  |Battle_of_Sprimont|Battle_Of_Sprimont| , the  |Austrian_Netherlands|Austrian_Netherlands|   are  |officially_annexed|History_Of_Belgiumfrench_Control|  by  |Revolutionary|French_Revolution| |France|First_French_Republic| .    |1800|1800|    Via the  |Third_Treaty_of_San_Ildefonso|Third_Treaty_Of_San_Ildefonso| , Spain cedes Louisiana to France, which would  |sell_the_land|Louisiana_Purchase|  to the United States thirty months later.    |1814|1814|    Opening of the  |Congress_of_Vienna|Congress_Of_Vienna| , intended to redraw Europes political map after the defeat of Napoleon the previous spring.    |1827|1827| |Russo-Persian_War|Russo-Persian_War| |Ivan_Paskevich|Ivan_Paskevich|  storms  |Yerevan|Yerevan| , ending a millennium of Muslim domination of  |Armenia|Armenia| .    |1829|1829| |South_African_College|South_African_College|  is founded in Cape Town, South Africa. It will later separate into the  |University_of_Cape_Town|University_Of_Cape_Town|  and the  |South_African_College_Schools|South_African_College_Schools| .    |1832|1832| |Texian|Texian|  political delegates  |convene|Convention_Of_1832|  at  |San_Felipe_de_Austin|San_Felipe_De_Austin|  to petition for changes in the governance of  |Mexican_Texas|Mexican_Texas| .    |1843|1843|    The  News of the World  tabloid begins publication in London, UK.    |1861|1861|     Mrs Beetons Book of Household Management  is published, going on to sell 60,000 copies in its first year and remaining in print until the present day    |1887|1887| |Balochistan|Balochistan|  is conquered by the British Empire.    |1890|1890| |Yosemite_National_Park|Yosemite_National_Park|  is established by the U.S. Congress.    |1891|1891| |Stanford_University|Stanford_University|  opens its doors in California, United States.    |1898|1898|    The  |Vienna_University_of_Economics_and_Business_Administration|Vienna_University_Of_Economics_And_Business_Administration|  is founded under the name k.u.k. Exportakademie.    |1903|1903| |Baseball|Baseball| |Boston_Americans|Boston_Americans|  play the  |Pittsburgh_Pirates|Pittsburgh_Pirates|  in the first game of the modern  |World_Series|1903_World_Series| .    |1908|1908| |Ford_Model_T|Ford_Model_T|  automobiles are offered for sale at a price of US$825.    |1910|1910|    A  |large_bomb_destroys|Los_Angeles_Times_Bombing|  the Los Angeles Times building, killing 21.    |1918|1918| |World_War_I|World_War_I| |captures_Damascus|Capture_Of_Damascus| .   1918    |Sayid_Abdullah|Sayid_Abdullah|  becomes the last Khan of Khiva.    |1928|1928|    The Soviet Union introduces its  |first_five-year_plan|First_Five-Year_Plan| .    |1931|1931|    The  |George_Washington_Bridge|George_Washington_Bridge|  in the United States, linking  |New_Jersey|New_Jersey|  and New York, is opened.   1931    |Clara_Campoamor|Clara_Campoamor|  persuades the Constituent Cortes to enfranchise women in Spains new constitution.    |1936|1936| |Francisco_Franco|Francisco_Franco|  is named head of the Nationalist government of Spain.    |1938|1938|    Germany annexes the  |Sudetenland|Sudetenland| .    |1939|1939| |World_War_II|World_War_Ii| |siege|Siege_Of_Warsaw| , German troops occupy Warsaw.    |1940|1940|    The  |Pennsylvania_Turnpike|Pennsylvania_Turnpike| , often considered the first superhighway in the United States, opens to traffic.    |1942|1942|    World War II:  torpedoes  Lisbon Maru , not knowing that she is carrying British prisoners of war from Hong Kong.    |1943|1943|    World War II: After the  |Four_Days_of_Naples|Four_Days_Of_Naples| , Allied troops enter the city.    |1946|1946|    Nazi leaders are sentenced at the  |Nuremberg_trials|Nuremberg_Trials| .   1946   The  |Daegu_October_Incident|Daegu_October_Incident|  occurs in Allied-occupied Korea.    |1947|1947|    The  |North_American_F-86_Sabre|North_American_F-86_Sabre|  flies for the first time.    |1949|1949|    The  |Peoples_Republic_of_China|China|  is established.    |1953|1953| |Andhra_State|Andhra_State|  is formed, consisting of a Telugu-speaking area carved out of Indias Madras State.   1953   A  |Mutual_Defense_Treaty_Between_the_United_States_and_the_Republic_of_Korea|Mutual_Defense_Treaty_Between_The_United_States_And_The_Republic_Of_Korea|  is concluded in Washington, D.C.     |1955|1955|    The  |Xinjiang_Uyghur_Autonomous_Region|Xinjiang_Uyghur_Autonomous_Region|  is established.    |1957|1957|    First appearance of  In God we trust  on U.S. paper currency.    |1958|1958|    The  |National_Advisory_Committee_for_Aeronautics|National_Advisory_Committee_For_Aeronautics|  is replaced by NASA.    |1960|1960| |Nigeria|Nigeria|  gains independence from the United Kingdom.    |1961|1961|    The United States  |Defense_Intelligence_Agency|Defense_Intelligence_Agency|  is formed, becoming the countrys first centralized military intelligence organization.   1961   East and West Cameroon merge to form the  |Federal_Republic_of_Cameroon|Cameroon| .    |1964|1964|    The  |Free_Speech_Movement|Free_Speech_Movement|  is launched on the campus of the University of California, Berkeley.   1964   Japanese  Shinkansen  begin high-speed rail service from Tokyo to Osaka.    |1966|1966| |West_Coast_Airlines_Flight_956|West_Coast_Airlines_Flight_956|  crashes with no survivors in Oregon. This accident marks the first loss of a  |DC-9|Dc-9| .    |1968|1968|    Guyana nationalizes the British Guiana Broadcasting Service, which would eventually become part of the  |National_Communications_Network,_Guyana|National_Communications_Network,_Guyana| .    |1969|1969| |Concorde|Concorde|  breaks the sound barrier for the first time.    |1971|1971| |Walt_Disney_World|Walt_Disney_World|  opens near Orlando, Florida.   1971   The first  |practical_CT_scanner|History_Of_Computed_Tomographycommercial_Scanners|  is used to diagnose a patient.    |1975|1975|    Muhammad Ali  |defeats|Thrilla_In_Manila|  Joe Frazier in a boxing match in Manila, Philippines.    |1978|1978| |Tuvalu|Tuvalu|  gains independence from the United Kingdom.    |1979|1979| |Pope_John_Paul_II|Pope_John_Paul_Ii|  begins his first pastoral visit to the United States.   1979   The  |MTR|Mtr| , the rapid transit railway system in Hong Kong, opens.    |1982|1982| |Helmut_Kohl|Helmut_Kohl|  replaces Helmut Schmidt as Chancellor of Germany through a constructive vote of no confidence.   1982    |Epcot|Epcot|  opens at Walt Disney World in Florida.   1982   Sony and Phillips launch the  |compact_disc|Compact_Disc|  in Japan. On the same day, Sony released the model  |CDP-101|Sony_Cdp-101|  compact disc player, the first player of its kind.    |1985|1985| |Israel-Palestinian_conflict|Israeli–Palestinian_Conflict| |Israel|Israel_Defense_Forces|  attacks the  |Palestine_Liberation_Organization|Palestine_Liberation_Organization|  headquarters in  |Tunisia|Tunisia|  during  |Operation_Wooden_Leg|Operation_Wooden_Leg|  .    |1987|1987|    The 5.9   |Whittier_Narrows_earthquake|1987_Whittier_Narrows_Earthquake|  shakes the San Gabriel Valley with a  |Mercalli_intensity|Mercalli_Intensity_Scale|  of VIII , killing eight and injuring 200.    |1989|1989|    Denmark introduces the worlds first legal  |same-sex_registered_partnerships|Same-Sex_Marriage_In_Denmark| .    |1991|1991|    Croatian War of Independence: The  |Siege_of_Dubrovnik|Siege_Of_Dubrovnik|  begins.    |1994|1994| |Palau|Palau|  enters a Compact of Free Association with the United States.    |2000|2000| |Israel-Palestinian_conflict|Israeli–Palestinian_Conflict| |Muhammad_al-Durrah|Muhammad_Al-Durrah_Incident|  by the  |Israeli_police|Israel_National_Police|  in northern Israel, beginning the  |October_2000_events|October_2000_Events|  .     |2001|2001|    Militants  |attack|2001_Jammu_And_Kashmir_Legislative_Assembly_Car_Bombing|  the state legislature building in Kashmir, killing 38.    |2009|2009|    The  |Supreme_Court_of_the_United_Kingdom|Supreme_Court_Of_The_United_Kingdom|  takes over the judicial functions of the House of Lords.    |2012|2012|    A  |ferry_collision|2012_Lamma_Island_Ferry_Collision|  off the coast of Hong Kong kills 38 people and injures 102 others.    |2014|2014|    A  |series_of_explosions|2014_Gorni_Lom_Explosions|  at a gunpowder plant in Bulgaria completely destroys the factory, killing 15 people.    |2015|2015|    A gunman  |kills_nine_people|Umpqua_Community_College_Shooting|  at a community college in Oregon.   2015   Heavy rains trigger a major  |landslide|2015_Guatemala_Landslide|  in  |Guatemala|Guatemala| , killing 280 people.    |2017|2017|    An  |independence_referendum|2017_Catalan_Independence_Referendum| , declared illegal by the Constitutional Court of  |Spain|Spain| , takes place in Catalonia.   2017   Fifty-eight people are killed and 851 others injured in  |a_mass_shooting|2017_Las_Vegas_Shooting|  at  |a_country_music_festival|Route_91_Harvest_Festival|  at the  |Las_Vegas_Strip|Las_Vegas_Strip|  in the United States; the gunman,  |Stephen_Paddock|Stephen_Paddock| , later commits suicide.          |86_BC|86_Bc| |Sallust|Sallust| , Roman historian     |208|208| |Alexander_Severus|Alexander_Severus| , Roman emperor    |1207|1207| |Henry_III_of_England|Henry_Iii_Of_England| |1476|1476| |Guy_XVI|Guy_Xvi_De_Laval| , Count of Laval    |1480|1480| |Saint_Cajetan|Saint_Cajetan| , Italian Catholic priest and religious reformer    |1507|1507| |Giacomo_Barozzi_da_Vignola|Giacomo_Barozzi_Da_Vignola| , Italian architect, designed the  |Church_of_the_Gesù|Church_Of_The_Gesù| |1526|1526| |Dorothy_Stafford|Dorothy_Stafford| , English noble    |1540|1540| |Johann_Jakob_Grynaeus|Johann_Jakob_Grynaeus| , Swiss pastor and theologian    |1542|1542| |Álvaro_de_Mendaña_de_Neira|Álvaro_De_Mendaña_De_Neira| , Spanish explorer    |1550|1550| |Anne_of_Saint_Bartholomew|Anne_Of_Saint_Bartholomew| , Spanish Discalced Carmelite nun    |1554|1554| |Leonardus_Lessius|Leonardus_Lessius| , Jesuit theologian    |1620|1620| |Nicolaes_Pieterszoon_Berchem|Nicolaes_Pieterszoon_Berchem| , Dutch painter    |1671|1671| |Luigi_Guido_Grandi|Luigi_Guido_Grandi| , Italian monk, mathematician, and engineer    |1685|1685| |Charles_VI,_Holy_Roman_Emperor|Charles_Vi,_Holy_Roman_Emperor| |1691|1691| |Arthur_Onslow|Arthur_Onslow| , English lawyer and politician,  |Speaker_of_the_House_of_Commons|Speaker_Of_The_House_Of_Commons| |1712|1712| |William_Shippen|William_Shippen| , American physician and politician    |1719|1719| |John_Bligh,_3rd_Earl_of_Darnley|John_Bligh,_3Rd_Earl_Of_Darnley| , British parliamentarian    |1724|1724| |Giovanni_Battista_Cirri|Giovanni_Battista_Cirri| , Italian cellist and composer    |1729|1729| |Anton_Cajetan_Adlgasser|Anton_Cajetan_Adlgasser| , German organist and composer    |1730|1730| |Richard_Stockton|Richard_Stockton| , American lawyer, jurist, and politician    |1760|1760| |William_Thomas_Beckford|William_Thomas_Beckford| , English author and politician    |1762|1762| |Anton_Bernolák|Anton_Bernolák| , Slovak priest and linguist    |1771|1771| |Pierre_Baillot|Pierre_Baillot| , French violinist and composer    |1791|1791| |Sergey_Aksakov|Sergey_Aksakov| , Russian soldier and author    |1808|1808| |Mary_Anna_Custis_Lee|Mary_Anna_Custis_Lee| , American wife of  |Robert_E._Lee|Robert_E._Lee| |1832|1832| |Caroline_Harrison|Caroline_Harrison| , American educator, 24th  |First_Lady_of_the_United_States|List_Of_First_Ladies_Of_The_United_States|    1832    |Henry_Clay_Work|Henry_Clay_Work| , American composer and songwriter    |1835|1835| |Ádám_Politzer|Ádám_Politzer| , Hungarian-Austrian physician and anatomist    |1842|1842| |S._Subramania_Iyer|S._Subramania_Iyer| , Indian lawyer and jurist    |1842|1842| |Charles_Cros|Charles_Cros| , French poet and author   1846    |Nectarios_of_Aegina|Nectarios_Of_Aegina| , Greek metropolitan and saint    |1847|1847| |Annie_Besant|Annie_Besant| , English-Indian activist and author    |1865|1865| |Paul_Dukas|Paul_Dukas| , French composer, scholar, and critic    |1878|1878| |Othmar_Spann|Othmar_Spann| , Austrian economist, sociologist, and philosopher    |1881|1881| |William_Boeing|William_Boeing| , American engineer and businessman, founded the  |Boeing_Company|Boeing| |1885|1885| |Louis_Untermeyer|Louis_Untermeyer| , American poet, anthologist, critic    |1887|1887| |Ned_Hanlon|Ned_Hanlon| , Australian politician, 26th  |Premier_of_Queensland|Premier_Of_Queensland|    1887    |Shizuichi_Tanaka|Shizuichi_Tanaka| , Japanese general    |1890|1890| |Stanley_Holloway|Stanley_Holloway| , English actor    |1893|1893| |Cliff_Friend|Cliff_Friend| , American pianist and songwriter   1893    |Ip_Man|Ip_Man| , Chinese martial artist    |1894|1894| |Edgar_Krahn|Edgar_Krahn| , Estonian mathematician and academic    |1895|1895| |Liaquat_Ali_Khan|Liaquat_Ali_Khan| , Indian-Pakistani lawyer and politician, 1st  |Prime_Minister_of_Pakistan|Prime_Minister_Of_Pakistan| |1896|1896| |Ted_Healy|Ted_Healy| , American actor, singer, and screenwriter    |1899|1899| |Ernest_Haycox|Ernest_Haycox| , American author    |1900|1900| |Tom_Goddard|Tom_Goddard| , English cricketer    |1903|1903| |Vladimir_Horowitz|Vladimir_Horowitz| , Russian-born American pianist and composer   1903    |Pierre_Veyron|Pierre_Veyron| , French race car driver    |1904|1904| |Otto_Robert_Frisch|Otto_Robert_Frisch| , Austrian-English physicist and academic   1904    |A._K._Gopalan|A._K._Gopalan| , Indian educator and politician    |1906|1906| |S._D._Burman|S._D._Burman| , Indian composer and singer    |1907|1907| |Maurice_Bardèche|Maurice_Bardèche| , French journalist, author, and critic   1907    |Ödön_Pártos|Ödön_Pártos| , Hungarian-Israeli viola player and composer    |1908|1908| |Herman_David_Koppel|Herman_David_Koppel| , Danish pianist and composer    |1909|1909| |Sam_Yorty|Sam_Yorty| , American captain and politician, 37th  |Mayor_of_Los_Angeles|Mayor_Of_Los_Angeles| |1910|1910| |Bonnie_Parker|Bonnie_And_Clyde| , American criminal   1910    |Fritz_Köberle|Fritz_Köberle| , Austrian-Brazilian physician and pathologist   1910    |José_Enrique_Moyal|José_Enrique_Moyal| , Australian physicist and engineer   1910    |Chaim_Pinchas_Scheinberg|Chaim_Pinchas_Scheinberg| , Polish-Israeli rabbi and scholar    |1911|1911| |Irwin_Kostal|Irwin_Kostal| , American songwriter, screenwriter, and publisher   1911    |Heinrich_Mark|Heinrich_Mark| , Estonian lawyer and politician, 5th  |Prime_Minister_of_Estonia_in_exile|Prime_Minister_Of_Estonia_In_Exile| |1912|1912| |Kathleen_Ollerenshaw|Kathleen_Ollerenshaw| , English mathematician, astronomer, and politician,  |Lord_Mayor_of_Manchester|Lord_Mayor_Of_Manchester| |1913|1913| |Hélio_Gracie|Hélio_Gracie| , Brazilian martial artist   1913    |Harry_Lookofsky|Harry_Lookofsky| , American violinist and producer    |1914|1914| |Daniel_J._Boorstin|Daniel_J._Boorstin| , American historian, lawyer, and author, 12th  |Librarian_of_Congress|Librarian_Of_Congress| |1915|1915| |Jerome_Bruner|Jerome_Bruner| , American psychologist and author    |1917|1917| |Cahal_Daly|Cahal_Daly| , Irish cardinal and theologian    |1919|1919| |Bob_Boyd|Bob_Boyd| , American baseball player   1919    |Majrooh_Sultanpuri|Majrooh_Sultanpuri| , Indian poet and songwriter    |1920|1920| |David_Herbert_Donald|David_Herbert_Donald| , American historian and author   1920    |Walter_Matthau|Walter_Matthau| , American actor    |1921|1921| |James_Whitmore|James_Whitmore| , American actor    |1922|1922| |Chen-Ning_Yang|Chen-Ning_Yang| , Chinese-American physicist and academic,  |Nobel_Prize|Nobel_Prize_In_Physics|  laureate    |1924|1924| |Jimmy_Carter|Jimmy_Carter| , American naval  |lieutenant|Lieutenant|  and politician, 39th  |President_of_the_United_States|President_Of_The_United_States| ,  |Nobel_Prize|Nobel_Peace_Prize|  laureate   1924    |Bob_Geigel|Bob_Geigel| , American wrestler and promoter   1924    |Leonie_Kramer|Leonie_Kramer| , Australian academic   1924    |William_Rehnquist|William_Rehnquist| , American lawyer and jurist, 16th  |Chief_Justice_of_the_United_States|Chief_Justice_Of_The_United_States|    1924    |Roger_Williams|Roger_Williams| , American pianist    |1927|1927| |Tom_Bosley|Tom_Bosley| , American actor   1927    |Sherman_Glenn_Finesilver|Sherman_Glenn_Finesilver| , American lawyer and judge   1927    |Sandy_Gall|Sandy_Gall| , Malaysian-Scottish journalist and author    |1928|1928| |Laurence_Harvey|Laurence_Harvey| , Lithuanian-English actor, director, and producer   1928    |Willy_Mairesse|Willy_Mairesse| , Belgian race car driver   1928    |George_Peppard|George_Peppard| , American actor   1928    |Zhu_Rongji|Zhu_Rongji| , Chinese engineer and politician, 5th  |Premier_of_the_Peoples_Republic_of_China|Premier_Of_The_Peoples_Republic_Of_China| |1929|1929| |Ken_Arthurson|Ken_Arthurson| , Australian rugby player and coach   1929    |Grady_Chapman|Grady_Chapman| , American singer   1929    |Bonnie_Owens|Bonnie_Owens| , American singer-songwriter    |1930|1930| |Frank_Gardner|Frank_Gardner| , Australian race car driver and manager   1930    |Richard_Harris|Richard_Harris| , Irish actor   1930    |Naimatullah_Khan|Naimatullah_Khan| , Pakistani lawyer and politician,  |Mayor_of_Karachi|Mayor_Of_Karachi| |Philippe_Noiret|Philippe_Noiret| , French actor    |1931|1931| |Sylvano_Bussotti|Sylvano_Bussotti| , Italian violinist and composer   1931    |Anwar_Shamim|Anwar_Shamim| , Pakistani general   1931    |Alan_Wagner|Alan_Wagner| , American radio host and critic    |1932|1932| |Albert_Collins|Albert_Collins| , American singer-songwriter and guitarist    |1934|1934| |Emilio_Botín|Emilio_Botín| , Spanish banker and businessman    |1935|1935| |Julie_Andrews|Julie_Andrews| , English actress and singer   1935    |Walter_De_Maria|Walter_De_Maria| , American sculptor and drummer    |1936|1936| |Duncan_Edwards|Duncan_Edwards| , English footballer    |1937|1937| |Saeed_Ahmed|Saeed_Ahmed| , Pakistani cricketer    |1938|1938| |Tunç_Başaran|Tunç_Başaran| , Turkish actor, director, producer, and screenwriter   1938    |Mary_McFadden|Mary_Mcfadden| , American fashion designer   1938    |Stella_Stevens|Stella_Stevens| , American actress and director    |1939|1939| |George_Archer|George_Archer| , American golfer   1939    |Geoffrey_Whitehead|Geoffrey_Whitehead| , English actor    |1940|1940| |Steve_ORourke|Steve_Orourke| , English race car driver and manager   1940    |Marc_Savoy|Marc_Savoy| , American accordion player, created the  |Cajun_accordion|Cajun_Accordion| |Phyllis_Chesler|Phyllis_Chesler| , American feminist psychologist, and author of the best-seller, Women and Madness    |1942|1942| |Herb_Fame|Peaches_&_Herb| , American R & B singer   1942    |Jean-Pierre_Jabouille|Jean-Pierre_Jabouille| , French race car driver and engineer   1942    |Robert_Lelièvre|Robert_Lelièvre| , French singer-songwriter and guitarist   1942    |David_Stancliffe|David_Stancliffe| , English bishop and scholar   1942    |Günter_Wallraff|Günter_Wallraff| , German journalist and author    |1943|1943| |Jean-Jacques_Annaud|Jean-Jacques_Annaud| , French director, producer, and screenwriter   1943    |Angèle_Arsenault|Angèle_Arsenault| , Canadian singer-songwriter   1943    |Jerry_Martini|Jerry_Martini| , American saxophonist   1943    |Robert_Slater|Robert_Slater| , American author and journalist    |1945|1945| |Rod_Carew|Rod_Carew| , Panamanian-American baseball player and coach   1945    |Donny_Hathaway|Donny_Hathaway| , American singer-songwriter, pianist, and producer    |1946|1946| |Dave_Holland|Dave_Holland| , English bassist, composer, and bandleader   1946    |Tim_OBrien|Tim_Obrien| , American novelist and short story writer    |1947|1947| |Dave_Arneson|Dave_Arneson| , American game designer, co-created  Dungeons & Dragons    1947    |Dalveer_Bhandari|Dalveer_Bhandari| , Indian lawyer and judge   1947    |Buzz_Capra|Buzz_Capra| , American baseball player and coach   1947    |Aaron_Ciechanover|Aaron_Ciechanover| , Israeli biologist and physician,  |Nobel_Prize|Nobel_Prize_In_Chemistry|  laureate   1947    |Stephen_Collins|Stephen_Collins| , American actor and director   1947    |Nevill_Drury|Nevill_Drury| , English-Australian journalist and publisher   1947    |Adriano_Tilgher|Adriano_Tilgher| , Italian politician   1947    |Martin_Turner|Martin_Turner| , English singer-songwriter and bass player   1947    |Mariska_Veres|Mariska_Veres| , Dutch singer    |1948|1948| |Cub_Koda|Cub_Koda| , American singer-songwriter and guitarist    |1949|1949| |Isaac_Bonewits|Isaac_Bonewits| , American singer-songwriter, liturgist, and author   1949    |Sheila_Gilmore|Sheila_Gilmore| , Scottish lawyer and politician   1949    |André_Rieu|André_Rieu| , Dutch violinist, composer, and conductor    |1950|1950| |Elpida|Elpida| , Greek singer-songwriter   1950    |Susan_Greenfield,_Baroness_Greenfield|Susan_Greenfield,_Baroness_Greenfield| , English neuroscientist, academic, and politician   1950    |Mark_Helias|Mark_Helias| , American bassist and composer   1950    |Sigbjørn_Johnsen|Sigbjørn_Johnsen| , Norwegian politician,  |Norwegian_Minister_of_Finance|Minister_Of_Finance| |Boris_Morukov|Boris_Morukov| , Russian physician and astronaut   1950    |Randy_Quaid|Randy_Quaid| , American actor    |1951|1951| |Brian_Greenway|Brian_Greenway| , Canadian singer-songwriter and guitarist    |1952|1952| |Jacques_Martin|Jacques_Martin| , Canadian ice hockey player, coach, and manager   1952    |Bob_Myrick|Bob_Myrick| , American baseball player   1952    |Ivan_Sekyra|Ivan_Sekyra| , Czech singer-songwriter and guitarist   1952    |Earl_Slick|Earl_Slick| , American rock guitarist and songwriter    |1953|1953| |Pete_Falcone|Pete_Falcone| , American baseball player   1953    |Viljar_Loor|Viljar_Loor| , Estonian volleyball player   1953    |Miguel_Lopez|Miguel_Lopez| , Salvadorian-American soccer player   1953    |Grete_Waitz|Grete_Waitz| , Norwegian runner and coach   1953    |Klaus_Wowereit|Klaus_Wowereit| , German civil servant and politician,  |Governing_Mayor_of_Berlin|Governing_Mayor_Of_Berlin| |1955|1955| |Howard_Hewett|Howard_Hewett| , American R & B singer-songwriter   1955    |Morten_Gunnar_Larsen|Morten_Gunnar_Larsen| , Norwegian pianist and composer   1955    |Jeff_Reardon|Jeff_Reardon| , American baseball player    |1956|1956| |Andrus_Ansip|Andrus_Ansip| , Estonian engineer and politician, 15th  |Prime_Minister_of_Estonia|Prime_Minister_Of_Estonia| |Theresa_May|Theresa_May| , English politician, former  |Prime_Minister_of_the_United_Kingdom|Prime_Minister_Of_The_United_Kingdom| |1957|1957| |Kang_Seok-woo|Kang_Seok-Woo| , South Korean actor   1957    |Éva_Tardos|Éva_Tardos| , Hungarian mathematician and educator    |1958|1958| |Martin_Cooper|Martin_Cooper| , English saxophonist, composer, and painter   1958    |Masato_Nakamura|Masato_Nakamura| , Japanese bass player and producer    |1959|1959| |Mark_Aizlewood|Mark_Aizlewood| , Welsh footballer and manager   1959    |Brian_P._Cleary|Brian_P._Cleary| , American author and poet   1959    |Youssou_NDour|Youssou_Ndour| , Senegalese singer-songwriter, musician, and politician    |1960|1960| |Joshua_Wurman|Joshua_Wurman| , American scientist,  |DOW|Doppler_On_Wheels|  inventor and storm chaser    |1961|1961| |Gary_Ablett,_Sr.|Gary_Ablett,_Sr.| , Australian footballer   1961    |Rico_Constantino|Rico_Constantino| , American wrestler and manager   1961    |Corrie_van_Zyl|Corrie_Van_Zyl| , South African cricketer and coach    |1962|1962| |Attaphol_Buspakom|Attaphol_Buspakom| , Thai footballer and manager   1962    |Nico_Claesen|Nico_Claesen| , Belgian footballer and coach   1962    |Esai_Morales|Esai_Morales| , American actor   1962    |Paul_Walsh|Paul_Walsh| , English footballer and sportscaster    |1963|1963| |Jean-Denis_Délétraz|Jean-Denis_Délétraz| , Swiss race car driver   1963    |Mark_McGwire|Mark_Mcgwire| , American baseball player and coach    |1964|1964| |Max_Matsuura|Max_Matsuura| , Japanese songwriter, producer, and manager   1964    |Jonathan_Sarfati|Jonathan_Sarfati| , Australian-New Zealand chess player and author   1964    |Christopher_Titus|Christopher_Titus| , American actor, producer, and screenwriter   1964    |Harry_Hill|Harry_Hill| , English comedian and author    |1965|1965| |Andreas_Keller|Andreas_Keller| , German field hockey player   1965    |Chris_Reason|Chris_Reason| , Australian journalist   1965    |Cliff_Ronning|Cliff_Ronning| , Canadian ice hockey player and coach   1965    |Mia_Mottley|Mia_Mottley| , Barbadian prime minister    |1966|1966| |George_Weah|George_Weah| , Liberian footballer and politician, 25th  |President_of_Liberia|President_Of_Liberia| |José_Ángel_Ziganda|José_Ángel_Ziganda| , Spanish footballer and manager    |1967|1967| |Mike_Pringle|Mike_Pringle| , American-Canadian football player   1967    |Scott_Young|Scott_Young| , American ice hockey player and coach    |1968|1968| |Sacha_Dean_Biyan|Sacha_Dean_Biyan| , Canadian photographer and journalist   1968    |Rob_Collard|Rob_Collard| , English race car driver   1968    |Mark_Durden-Smith|Mark_Durden-Smith| , British television presenter   1968    |Phil_de_Glanville|Phil_De_Glanville| , English rugby player   1968    |Kevin_Griffin|Kevin_Griffin| , American singer-songwriter, guitarist, and producer   1968    |Jon_Guenther|Jon_Guenther| , American author and engineer   1968    |Jay_Underwood|Jay_Underwood| , American actor and pastor    |1969|1969| |Zach_Galifianakis|Zach_Galifianakis| , American actor, comedian, producer, and screenwriter   1969    |Joseph_Patrick_Moore|Joseph_Patrick_Moore| , American musician, composer and producer   1969    |Ori_Kaplan|Ori_Kaplan| , Israeli-American saxophonist and producer   1969    |Marcus_Stephen|Marcus_Stephen| , Nauruan weightlifter and politician, 27th  |President_of_Nauru|President_Of_Nauru| |Igor_Ulanov|Igor_Ulanov| , Russian ice hockey player    |1970|1970| |Simon_Davey|Simon_Davey| , Welsh footballer and manager   1970    |Alexei_Zhamnov|Alexei_Zhamnov| , Russian ice hockey player and manager    |1971|1971| |Yvette_Hermundstad|Yvette_Hermundstad| , Swedish journalist   1971    |Andrew_OKeefe|Andrew_Okeefe| , Australian lawyer and television host   1971    |Jim_Serdaris|Jim_Serdaris| , Australian rugby league player    |1972|1972| |Ronen_Altman_Kaydar|Ronen_Altman_Kaydar| , Israeli author and poet   1972    |Jean_Paulo_Fernandes|Jean_Paulo_Fernandes| , Brazilian footballer   1972    |Esa_Holopainen|Esa_Holopainen| , Finnish singer-songwriter and guitarist   1972    |Nicky_Morgan|Nicky_Morgan| , British politician    |1973|1973| |Christian_Borle|Christian_Borle| , American actor and singer   1973    |Rachid_Chékhémani|Rachid_Chékhémani| , French runner   1973    |Jana_Henke|Jana_Henke| , German swimmer   1973    |John_Mackey|John_Mackey| , American composer   1973    |John_Thomson|John_Thomson| , American baseball player and coach    |1974|1974| |Keith_Duffy|Keith_Duffy| , Irish singer-songwriter, dancer, and actor   1974    |Nick_Graham|Nick_Graham| , Australian rugby player   1974    |Mats_Lindgren|Mats_Lindgren| , Swedish ice hockey player and coach    |1975|1975| |Justin_Leppitsch|Justin_Leppitsch| , Australian rules footballer   1975    |Zoltán_Sebescen|Zoltán_Sebescen| , German footballer and coach    |1976|1976| |Denis_Gauthier|Denis_Gauthier| , Canadian ice hockey player   1976    |Ümit_Karan|Ümit_Karan| , Turkish footballer   1976    |Richard_Oakes|Richard_Oakes| , English guitarist and songwriter   1976    |Antonio_Roybal|Antonio_Roybal| , American painter and sculptor   1976    |Mark_Švets|Mark_Švets| , Estonian footballer    |1977|1977| |Christel_Takigawa|Christel_Takigawa| , French-Japanese journalist   1977    |Jeffrey_van_Hooydonk|Jeffrey_Van_Hooydonk| , Belgian race car driver    |1978|1978| |Nicole_Atkins|Nicole_Atkins| , American singer-songwriter   1978    |Leticia_Cline|Leticia_Cline| , American model and journalist   1978    |Joe_Keith|Joe_Keith| , English footballer   1978    |Dominic_Thornely|Dominic_Thornely| , Australian cricketer    |1979|1979| |Curtis_Axel|Curtis_Axel| , American wrestler   1979    |Rudi_Johnson|Rudi_Johnson| , American football player   1979    |Gilberto_Martínez|Gilberto_Martínez| , Costa Rican footballer   1979    |Ryan_Pontbriand|Ryan_Pontbriand| , American football player   1979    |Marko_Stanojevic|Marko_Stanojevic| , English-Italian rugby player    |1980|1980| |Sarah_Drew|Sarah_Drew| , American actress   1980    |Antonio_Narciso|Antonio_Narciso| , Italian footballer    |1981|1981| |Júlio_Baptista|Júlio_Baptista| , Brazilian footballer   1981    |Tom_Donnelly|Tom_Donnelly| , New Zealand rugby player   1981    |Rupert_Friend|Rupert_Friend| , English actor, producer, and screenwriter   1981    |Gaby_Mudingayi|Gaby_Mudingayi| , Belgian footballer   1981    |Johnny_Oduya|Johnny_Oduya| , Swedish ice hockey player   1981    |Arnau_Riera|Arnau_Riera| , Spanish footballer   1981    |David_Yelldell|David_Yelldell| , German-American soccer player    |1982|1982| |Haruna_Babangida|Haruna_Babangida| , Nigerian footballer   1982    |Aleksandar_Đuričić|Aleksandar_Đuričić| , Serbian author and playwright    |1983|1983| |Mohamed_Abdelwahab|Mohamed_Abdelwahab| , Egyptian footballer   1983    |Mirko_Vučinić|Mirko_Vučinić| , Montenegrin footballer    |1984|1984| |Beck_Bennett|Beck_Bennett| , American actor and screenwriter   1984    |Matt_Cain|Matt_Cain| , American baseball player   1984    |Daniel_Guillén_Ruiz|Daniel_Guillén_Ruiz| , Spanish footballer    |1985|1985| |Nazimuddin_Ahmed|Nazimuddin_Ahmed| , Bangladeshi cricketer   1985    |Tim_Deasy|Tim_Deasy| , English footballer    |1986|1986| |Ricardo_Vaz_Tê|Ricardo_Vaz_Tê| , Portuguese footballer   1986    |Justin_Westhoff|Justin_Westhoff| , Australian footballer    |1987|1987| |Hiroki_Aiba|Hiroki_Aiba| , Japanese actor and singer   1987    |Lionel_Ainsworth|Lionel_Ainsworth| , English footballer   1987    |Mitchell_Aubusson|Mitchell_Aubusson| , Australian rugby league player    |1989|1989| |Brie_Larson|Brie_Larson| , American actress     |1990|1990| |Jan_Kirchhoff|Jan_Kirchhoff| , German footballer   1990    |Pedro_Filipe_Mendes|Pedro_Filipe_Mendes| , Portuguese footballer   1990    |Albert_Prosa|Albert_Prosa| , Estonian footballer    |1991|1991| |Conor_Clifford|Conor_Clifford| , Irish footballer   1991    |Rain_Veideman|Rain_Veideman| , Estonian basketball player    |1992|1992| |Xander_Bogaerts|Xander_Bogaerts| , Aruban baseball player     |1995|1995| |Lauren_Hill|Lauren_Hill| , American basketball player          |630|630| |Tajoom_Ukab_Kahk|Tajoom_Ukab_Kahk| , Mayan king    |686|686| |Emperor_Tenmu|Emperor_Tenmu|  of Japan    |804|804| |Richbod|Richbod| , archbishop of  |Trier|Roman_Catholic_Diocese_Of_Trier| |895|895| |Kong_Wei|Kong_Wei| , chancellor of the Tang Dynasty    |918|918| |Zhou|Empress_Zhou| , empress of  |Former_Shu|Former_Shu| |959|959| |Eadwig|Eadwig| , English king    |961|961| |Artald|Artald_Of_Reims| , archbishop of  |Reims|Roman_Catholic_Archdiocese_Of_Reims| |1040|1040| |Alan_III,_Duke_of_Brittany|Alan_Iii,_Duke_Of_Brittany| |1126|1126| |Morphia_of_Melitene|Morphia_Of_Melitene| , Queen of Jerusalem    |1310|1310| |Beatrice_of_Burgundy,_Lady_of_Bourbon|Beatrice_Of_Burgundy,_Lady_Of_Bourbon| |1404|1404| |Pope_Boniface_IX|Pope_Boniface_Ix| |1416|1416| |Yaqub_Spata|Yaqub_Spata| , Albanian ruler    |1450|1450| |Leonello_dEste,_Marquis_of_Ferrara|Leonello_Deste,_Marquis_Of_Ferrara| , Italian noble    |1499|1499| |Marsilio_Ficino|Marsilio_Ficino| , Italian astrologer and philosopher    |1500|1500| |John_Alcock|John_Alcock| , English bishop and politician,  |Lord_Chancellor_of_the_United_Kingdom|Lord_Chancellor| |1532|1532| |Jan_Mabuse|Jan_Mabuse| , Flemish painter    |1567|1567| |Pietro_Carnesecchi|Pietro_Carnesecchi| , Italian humanist    |1570|1570| |Frans_Floris|Frans_Floris| , Flemish painter    |1574|1574| |Maarten_van_Heemskerck|Maarten_Van_Heemskerck| , Dutch painter    |1578|1578| |John_of_Austria|John_Of_Austria| |1588|1588| |Edward_James|Edward_James| , English priest and martyr    |1602|1602| |Hernando_de_Cabezón|Hernando_De_Cabezón| , Spanish organist and composer    |1609|1609| |Giammateo_Asola|Giammateo_Asola| , Italian priest and composer    |1652|1652| |Jan_Asselijn|Jan_Asselijn| , Dutch painter    |1684|1684| |Pierre_Corneille|Pierre_Corneille| , French playwright    |1693|1693| |Pedro_Abarca|Pedro_Abarca| , Spanish theologian and academic    |1708|1708| |John_Blow|John_Blow| , English organist and composer    |1768|1768| |Robert_Simson|Robert_Simson| , Scottish mathematician and academic    |1788|1788| |William_Brodie|William_Brodie| , Scottish businessman and politician    |1837|1837| |Robert_Clark|Robert_Clark| , American politician    |1838|1838| |Charles_Tennant|Charles_Tennant| , Scottish chemist and businessman    |1864|1864| |Rose_ONeal_Greenhow|Rose_Oneal_Greenhow| , American spy    |1878|1878| |Mindon_Min|Mindon_Min| , Burmese king    |1885|1885| |John_Light_Atlee|John_Light_Atlee| , American physician and surgeon    |1901|1901| |Abdur_Rahman_Khan|Abdur_Rahman_Khan| , Afghan emir    |1913|1913| |Eugene_OKeefe|Eugene_Okeefe| , Canadian businessman and philanthropist    |1929|1929| |Antoine_Bourdelle|Antoine_Bourdelle| , French sculptor and painter    |1940|1940| |Chiungtze_C._Tsen|Chiungtze_C._Tsen| , Chinese mathematician    |1942|1942| |Ants_Piip|Ants_Piip| , Estonian lawyer and politician, 7th  |Prime_Minister_of_Estonia|Prime_Minister_Of_Estonia| |1950|1950| |Faik_Ali_Ozansoy|Faik_Ali_Ozansoy| , Turkish poet, educator, and politician    |1951|1951| |Peter_McWilliam|Peter_Mcwilliam| , Scottish-English footballer and manager    |1953|1953| |John_Marin|John_Marin| , American painter    |1955|1955| |Charles_Christie|Charles_Christie| , American film producer, founded  |Christie_Film_Company|Christie_Film_Company| |1957|1957| |Abdülhalik_Renda|Abdülhalik_Renda| , Turkish civil servant and politician, 6th  |Turkish_Minister_of_National_Defence|List_Of_Ministers_Of_National_Defence_Of_Turkey| |1958|1958| |Robert_Falk|Robert_Falk| , Russian painter and educator    |1959|1959| |Enrico_De_Nicola|Enrico_De_Nicola| , Italian journalist, lawyer, and politician, 1st  |President_of_Italy|President_Of_Italy| |1961|1961| |Ludwig_Bemelmans|Ludwig_Bemelmans| , Italian-American author and illustrator    |1970|1970| |Raúl_Riganti|Raúl_Riganti| , Argentinian race car driver    |1972|1972| |Louis_Leakey|Louis_Leakey| , Kenyan-English archaeologist and paleontologist    |1974|1974| |Spyridon_Marinatos|Spyridon_Marinatos| , Greek archaeologist and academic    |1975|1975| |Al_Jackson,_Jr.|Al_Jackson,_Jr.| , American drummer, songwriter, and producer    |1984|1984| |Walter_Alston|Walter_Alston| , American baseball player and manager    |1985|1985| |Ninian_Sanderson|Ninian_Sanderson| , Scottish race car driver   1985    |E._B._White|E._B._White| , American essayist and journalist    |1986|1986| |Archie_League|Archie_League| , American air traffic controller    |1988|1988| |Sacheverell_Sitwell|Sacheverell_Sitwell| , English author, poet, and critic    |1990|1990| |Curtis_LeMay|Curtis_Lemay| , American general    |1992|1992| |Petra_Kelly|Petra_Kelly| , German activist and politician    |1994|1994| |Paul_Lorenzen|Paul_Lorenzen| , German mathematician and philosopher    |1997|1997| |Jerome_H._Lemelson|Jerome_H._Lemelson| , American engineer and philanthropist    |2002|2002| |Walter_Annenberg|Walter_Annenberg| , American publisher and diplomat,  |United_States_Ambassador_to_the_United_Kingdom|United_States_Ambassador_To_The_United_Kingdom| |2004|2004| |Richard_Avedon|Richard_Avedon| , American photographer   2004    |Bruce_Palmer|Bruce_Palmer| , Canadian bass player   2004    |Robert_Vaidlo|Robert_Vaidlo| , Estonian journalist and author    |2006|2006| |Fawaz_al-Rabeiee|Fawaz_Al-Rabeiee| , Saudi Arabian terrorist   2006    |Jerald_Tanner|Jerald_Tanner| , American author and activist    |2007|2007| |Ronnie_Hazlehurst|Ronnie_Hazlehurst| , English conductor and composer   2007    |Chris_Mainwaring|Chris_Mainwaring| , Australian footballer and journalist   2007    |Al_Oerter|Al_Oerter| , American discus thrower    |2008|2008| |John_Biddle|John_Biddle| , American cinematographer    |2009|2009| |Cintio_Vitier|Cintio_Vitier| , Cuban poet and author    |2010|2010| |Ian_Buxton|Ian_Buxton| , English footballer and cricketer    |2011|2011| |Sven_Tumba|Sven_Tumba| , Swedish ice hockey player and golfer    |2012|2012| |Octavio_Getino|Octavio_Getino| , Spanish-Argentinian director and screenwriter   2012    |Eric_Hobsbawm|Eric_Hobsbawm| , Egyptian-English historian and author   2012    |Mark_R._Kravitz|Mark_R._Kravitz| , American lawyer and judge   2012    |Moshe_Sanbar|Moshe_Sanbar| , Hungarian-Israeli economist and banker   2012    |Shlomo_Venezia|Shlomo_Venezia| , Greek-Italian  |Holocaust|Holocaust|  survivor and author    |2013|2013| |Arnold_Burns|Arnold_Burns| , American lawyer and politician, 21st  |United_States_Deputy_Attorney_General|United_States_Deputy_Attorney_General|    2013    |Tom_Clancy|Tom_Clancy| , American author   2013    |Imero_Fiorentino|Imero_Fiorentino| , American lighting designer   2013    |Israel_Gutman|Israel_Gutman| , Polish-Israeli historian and author   2013    |Ole_Danbolt_Mjøs|Ole_Danbolt_Mjøs| , Norwegian physician, academic, and politician   2013    |Jim_Rountree|Jim_Rountree| , American football player and coach    |2014|2014| |Lynsey_de_Paul|Lynsey_De_Paul| , English singer-songwriter, pianist, and actress   2014    |Shlomo_Lahat|Shlomo_Lahat| , Israeli general and politician   2014    |José_Martínez|José_Martínez| , Cuban-American baseball player and coach   2014    |Robert_Serra|Robert_Serra| , Venezuelan criminologist and politician    |2015|2015| |Božo_Bakota|Božo_Bakota| , Croatian footballer   2015    |Don_Edwards|Don_Edwards| , American soldier, lawyer, and politician   2015    |Hadi_Norouzi|Hadi_Norouzi| , Iranian footballer   2015    |Jacob_Pressman|Jacob_Pressman| , American rabbi and academic, co-founded  |American_Jewish_University|American_Jewish_University| |2017|2017| |Dave_Strader|Dave_Strader| , American sportscaster     |2018|2018| |Charles_Aznavour|Charles_Aznavour| , French-Armenian singer, composer, writer, filmmaker and public figure     |2019|2019| |Karel_Gott|Karel_Gott| , Сzeсh singer           |Armed_Forces_Day|Armed_Forces_Day| |Fiscal_Year|Fiscal_Year| |Childrens_Day|Childrens_Day|  ; celebrated on the first Friday of October , assignation and recognition on the first Wednesday of October    Christian  |feast_day|Feast_Day| |Abai|Abai| |Bavo_of_Ghent|Bavo_Of_Ghent| |Blessed_Edward_James|Edward_James| |Nicetius|Nicetius| |Remigius|Saint_Remigius| |Thérèse_of_Lisieux|Thérèse_Of_Lisieux| |Protection/Patronage_of_the_Theotokos|Intercession_Of_The_Theotokos| |October_1|October_1| |Day_of_Prosecutors|Day_Of_Prosecutors|     Earliest day on which  |Teachers_Day|Teachers_Day|  can fall, while October 7 is the latest; celebrated on the first Sunday of October.    Earliest day on which  |World_Habitat_Day|World_Habitat_Day|  can fall, while October 7 is the latest; celebrated on the first Monday of October.     |Ground_Forces_Day|Public_Holidays_In_Russialist_Of_Holidays_And_Commemorative_Days| |Independence_Day|Independence_Day| , celebrates the independence of  |Cyprus|Cyprus|  from United Kingdom in 1960.    |Independence_Day|Independence_Day| , celebrates the independence of  |Nigeria|Nigeria|  from United Kingdom in 1960.    |Independence_Day|Independence_Day| , celebrates the independence of  |Palau|Palau|  from the UN Trust Territory status in 1994.    |Independence_Day|Independence_Day| , celebrates the independence of  |Tuvalu|Tuvalu|  from United Kingdom in 1978.    |International_Day_of_Older_Persons|International_Day_Of_Older_Persons| |Lincolnshire_Day|Lincolnshire_Day| |National_Day_of_the_Peoples_Republic_of_China|National_Day_Of_The_Peoples_Republic_Of_China| |Pancasila_Sanctity_Day|Pancasila_Sanctity_Day| |Teachers_Day|Teachers_Day| |Unification_Day|Unification_Day|.