|1091|1091| |London_tornado_of_1091|London_Tornado_Of_1091| |1346|1346|    The English capture King David II of Scotland at  |Nevilles_Cross|Battle_Of_Nevilles_Cross|  and imprison him for eleven years.    |1448|1448|    An Ottoman army defeats a Hungarian army at the  |Second_Battle_of_Kosovo|Battle_Of_Kosovo| .    |1456|1456|    The  |University_of_Greifswald|University_Of_Greifswald|  is established as the second oldest university in northern Europe.    |1534|1534| |Anti-Catholic_posters|Affair_Of_The_Placards|  appear in Paris and other cities supporting Huldrych Zwinglis position on the Mass.    |1558|1558| |Poczta_Polska|Poczta_Polska| , the Polish postal service, is founded.    |1604|1604| |Keplers_Supernova|Keplers_Supernova|  is observed in the constellation of Ophiuchus.    |1610|1610|    French king  |Louis_XIII|Louis_Xiii_Of_France|  is crowned in Reims Cathedral.    |1660|1660|    The  |Nine_regicides|List_Of_Regicides_Of_Charles_I|  who signed the death warrant of  |Charles_I_of_England|Charles_I_Of_England|  are hanged, drawn and quartered.    |1662|1662|    Charles II of England  |sells_Dunkirk|Sale_Of_Dunkirk|  to Louis XIV of France for 40,000 pounds.    |1771|1771|    Premiere in Milan of the opera  Ascanio in Alba , composed by Mozart at age 15.    |1777|1777|    American Revolutionary War: British General John Burgoyne surrenders his army  |at_Saratoga,_New_York|Saratoga_Campaign| .    |1781|1781|    American Revolutionary War: British General Charles, Earl Cornwallis surrenders at the  |Siege_of_Yorktown|Siege_Of_Yorktown| .    |1800|1800|    War of the Second Coalition: Britain  |takes_control|Invasion_Of_Curaçao|  of the Dutch colony of Curaçao.    |1806|1806|    Former leader of the Haitian Revolution, Emperor  |Jacques_I|Jean-Jacques_Dessalines| , is assassinated after an oppressive rule.    |1814|1814|    Eight people die in the  |London_Beer_Flood|London_Beer_Flood| .    |1817|1817|    The  |tomb_of_Pharaoh_Seti_I|Kv17|  is discovered.     |1827|1827|    Bellinis third opera,  Il pirata , is premiered at Milan.    |1860|1860|    First  |The_Open_Championship|The_Open_Championship|  .    |1861|1861|    Aborigines kill Nineteen Europeans in the  |Cullin-la-ringo_massacre|Cullin-La-Ringo_Massacre| .    |1888|1888| |Thomas_Edison|Thomas_Edison|  files a patent for the Optical Phonograph .    |1907|1907| |Marconi|Marconi_Company|  begins the first commercial transatlantic wireless service.    |1912|1912|    Bulgaria, Greece and Serbia declare war on the Ottoman Empire, joining Montenegro in the  |First_Balkan_War|First_Balkan_War| .    |1919|1919| |RCA|Rca|  is incorporated as the Radio Corporation of America.    |1931|1931| |Al_Capone|Al_Capone|  is convicted of income tax evasion.    |1933|1933| |Albert_Einstein|Albert_Einstein|  flees Nazi Germany and moves to the United States.    |1940|1940|    The body of Communist propagandist  |Willi_Münzenberg|Willi_Münzenberg|  found in South France, starting a never-resolved mystery.    |1941|1941|    World War II: The  |USS_Kearny|Uss_Kearny|  becomes the first US Navy vessel to be torpedoed by a U-boat.    |1943|1943|    The  |Burma_Railway|Burma_Railway|  is completed.   1943   Nazi Holocaust in Poland:  |Sobibór_extermination_camp|Sobibór_Extermination_Camp|  is closed.    |1945|1945|    A  |massive_demonstration|Loyalty_Day|  in Buenos Aires, Argentina, demands Juan Peróns release.    |1956|1956|    The first commercial nuclear power station is officially opened by Queen Elizabeth II in  |Sellafield|Sellafield| , England.   1956   Bobby Fischer defeats Donald Byrne in the chess  |Game_of_the_Century|The_Game_Of_The_Century| .    |1961|1961|    Directed by their chief Maurice Papon, Paris police  |massacre|Paris_Massacre_Of_1961|  scores of Algerian protesters.    |1965|1965|    The  |1964–65_New_York_Worlds_Fair|1964_New_York_Worlds_Fair|  closes after two years and more than 51 million attendees.    |1966|1966|    The  |23rd_Street_Fire|23Rd_Street_Fire|  in New York City kills 12 firefighters.    |1969|1969|    The  |Caravaggio|Caravaggio|  painting  Nativity with St. Francis and St. Lawrence  is stolen from the  |Oratory_of_Saint_Lawrence|Oratory_Of_Saint_Lawrence|  in  |Palermo|Palermo| .     |1970|1970|    FLQ  |terrorists_murder|October_Crisis|  Quebec Vice-Premier and Minister of Labour Pierre Laporte.    |1973|1973|    OPEC imposes an  |oil_embargo|1973_Oil_Crisis|  against countries they deem to have helped Israel in the Yom Kippur War.    |1977|1977|    The hijacked  |Lufthansa_Flight_181|Lufthansa_Flight_181|  lands in Mogadishu. The remaining hostages are later rescued.    |1979|1979| |Mother_Teresa|Mother_Teresa|  is awarded the Nobel Peace Prize.   1979   The  |Department_of_Education_Organization_Act|Department_Of_Education_Organization_Act|  creates the US Department of Education.    |1980|1980|    As part of the  |Holy_See–United_Kingdom_relations|Holy_See–United_Kingdom_Relations|  a British monarch makes the first state visit to the Vatican.    |1989|1989|    The 6.9   |Loma_Prieta_earthquake|1989_Loma_Prieta_Earthquake|  shakes the San Francisco Bay Area and the Central Coast, killing Sixty-three.   1989   The East German Politburo votes to remove  |Erich_Honecker|Erich_Honecker|  from his role as General Secretary.    |1992|1992|    Having gone to the wrong house, Japanese student  |Yoshihiro_Hattori_is_killed|Death_Of_Yoshihiro_Hattori|  by the homeowner in Baton Rouge, Louisiana.    |1994|1994|    Russian journalist  |Dmitry_Kholodov|Dmitry_Kholodov|  is assassinated while investigating corruption in the armed forces.    |2000|2000|    The  |Hatfield_rail_crash|Hatfield_Rail_Crash|  leads to the collapse of Railtrack.    |2001|2001|    Israeli tourism minister  |Rehavam_Zeevi|Assassination_Of_Rehavam_Zeevi|  becomes the first Israeli minister to be assassinated in a terrorist attack.    |2003|2003| |Taipei_101|Taipei_101| , a 101-floor skyscraper in Taipei, becomes the worlds tallest highrise.    |2005|2005|     The Colbert Report , an American satirical news television program and talk show hosted by  |Stephen_Colbert|Stephen_Colbert| , premiered on  |Comedy_Central|Comedy_Central| .    |2018|2018|    The recreational use of cannabis  |is_legalized|Cannabis_Act|  in Canada.    |2018|2018| |Kerch_Polytechnic_College_attack|Kerch_Polytechnic_College_Attack|  in Crimea.    |2019|2019|    Drug dealers in  |Culiacan|Culiacan| , Sinaloa, Mexico force the government to back down on an arrest.           |503|503| |Lý_Nam_Đế|Lý_Nam_Đế| , first emperor of  |Vietnam|History_Of_Vietnam| |1253|1253| |Ivo_of_Kermartin|Ivo_Of_Kermartin| , French priest and saint    |1493|1493| |Bartolommeo_Bandinelli|Bartolommeo_Bandinelli| , Italian sculptor    |1500|1500| |Alonso_de_Orozco_Mena|Alonso_De_Orozco_Mena| , Spanish Roman Catholic priest    |1577|1577| |Cristofano_Allori|Cristofano_Allori| , Italian painter   1577    |Dmitry_Pozharsky|Dmitry_Pozharsky| , Russian prince    |1582|1582| |Johann_Gerhard|Johann_Gerhard| , German theologian and academic    |1587|1587| |Nathan_Field|Nathan_Field| , English dramatist and actor    |1623|1623| |Francis_Turretin|Francis_Turretin| , Swiss-Italian minister, theologian, and academic    |1629|1629| |Balthasar_Charles,_Prince_of_Asturias|Balthasar_Charles,_Prince_Of_Asturias| |1688|1688| |Domenico_Zipoli|Domenico_Zipoli| , Italian missionary and composer    |1711|1711| |Jupiter_Hammon|Jupiter_Hammon| , American poet    |1719|1719| |Jacques_Cazotte|Jacques_Cazotte| , French author and academic    |1720|1720| |Maria_Teresa_Agnesi_Pinottini|Maria_Teresa_Agnesi_Pinottini| , Italian  |harpsichord|Harpsichord|  player and composer     |1725|1725| |John_Wilkes|John_Wilkes| , English journalist and politician    |1729|1729| |Pierre-Alexandre_Monsigny|Pierre-Alexandre_Monsigny| , French composer and academic    |1735|1735| |Franz_Xaver_Feuchtmayer_the_Younger|Franz_Xaver_Feuchtmayer_The_Younger| , German  |Baroque|Baroque|  artist    |1759|1759| |Andrey_Voronikhin|Andrey_Voronikhin| , Russian architect and painter    |1760|1760| |Claude_Henri_de_Rouvroy,_comte_de_Saint-Simon|Claude_Henri_De_Rouvroy,_Comte_De_Saint-Simon| , French economist and philosopher   1760    |Henri_de_Saint-Simon|Henri_De_Saint-Simon| , French political and economic theorist    |1768|1768| |Sophie_von_Dönhoff|Sophie_Von_Dönhoff| ,  |morganatic|Morganatic|  spouse by bigamy to King Frederick William II of Prussia    |1779|1779| |Louis_Charles|Louis_Charles,_Count_Of_Beaujolais| , French  |prince_of_the_blood|Prince_Of_The_Blood|    1779    |José_Andrés_Pacheco_de_Melo|José_Andrés_Pacheco_De_Melo| , Argentine statesman and priest    |1780|1780| |Richard_Mentor_Johnson|Richard_Mentor_Johnson| , American politician, ninth Vice President of the United States    |1781|1781| |Johann_Friedrich_Meckel|Johann_Friedrich_Meckel| , German anatomist    |1784|1784| |Fructuoso_Rivera|Fructuoso_Rivera| , first president of  |Uruguay|Uruguay| |1785|1785| |Christen_Smith|Christen_Smith| , Norwegian scientist    |1792|1792| |John_Bowring|John_Bowring| , English  |polyglot|Polyglotism|  and  |governor_of_Hong_Kong|Governor_Of_Hong_Kong| |1797|1797| |Juan_Lavalle|Juan_Lavalle| , Argentine politician    |1803|1803| |Ferenc_Deák|Ferenc_Deák| , Hungarian politician    |1810|1810| |Adolphe-Félix_Cals|Adolphe-Félix_Cals| , French painter    |1811|1811| |Albertus_van_Raalte|Albertus_Van_Raalte| , Dutch-American pastor and educator    |1813|1813| |Georg_Büchner|Georg_Büchner| , German-Swiss poet and playwright    |1814|1814| |Yakiv_Holovatsky|Yakiv_Holovatsky| , Ukrainian historian, scholar, and poet    |1817|1817| |Syed_Ahmad_Khan|Syed_Ahmad_Khan| , Indian philosopher and scholar    |1821|1821| |Alexander_Gardner|Alexander_Gardner| , Scottish photographer    |1828|1828| |Aureliano_Maestre_de_San_Juan|Aureliano_Maestre_De_San_Juan| , Spanish scientist    |1833|1833| |José_E._Días|José_E._Díaz| , Paraguayan general    |1835|1835| |Louis-Léon_Cugnot|Louis-Léon_Cugnot| , French sculptor   1835    |Paul_Haenlein|Paul_Haenlein| , German mechanical engineer    |1840|1840| |André_Gill|André_Gill| , French  |caricaturist|Caricaturist| |1844|1844| |Gustave_Schlumberger|Gustave_Schlumberger| , French historian    |1845|1845| |John_J._Gardner|John_J._Gardner| , American politician    |1853|1853| |Grand_Duchess_Maria_Alexandrovna_of_Russia|Grand_Duchess_Maria_Alexandrovna_Of_Russia| |1859|1859| |Childe_Hassam|Childe_Hassam| , American painter and illustrator    |1860|1860| |Henry_Campbell_Black|Henry_Campbell_Black| , founder of  Blacks Law Dictionary     |1864|1864| |Elinor_Glyn|Elinor_Glyn| , English author, screenwriter, and producer    |1865|1865| |James_Rudolph_Garfield|James_Rudolph_Garfield| , American lawyer and politician, 23rd  |United_States_Secretary_of_the_Interior|United_States_Secretary_Of_The_Interior| |1867|1867| |Josep_Puig_i_Cadafalch|Josep_Puig_I_Cadafalch| ,  |Catalan|Catalonia|  architect who designed the  |Casa_Martí|Casa_Martí| |1871|1871| |Segundo_de_Chomón|Segundo_De_Chomón| , Spanish  |cinematographer|Cinematographer| , director, and screenwriter    |1876|1876| |Hippolyte_Aucouturier|Hippolyte_Aucouturier| , French  |cyclist|Cycling| |1878|1878| |Jacobo_Fitz-James_Stuart|Jacobo_Fitz-James_Stuart,_17Th_Duke_Of_Alba| , Spanish politician and 17th  |Duke_of_Alba|Duke_Of_Alba| |1880|1880| |Jesús_Reyes_Ferreira|Jesús_Reyes_Ferreira| , Mexican artist and art collector    |1881|1881| |Maria_Dulęba|Maria_Dulęba| , Polish actress    |1882|1882| |Haritina_Korotkevich|Haritina_Korotkevich| , Russian war heroine     |1883|1883| |Alexander_Neill|Alexander_Neill| , Scottish educator   1883    |Thaddeus_Shideler|Thaddeus_Shideler| , American  |hurdler|Hurdler| |1886|1886| |Spring_Byington|Spring_Byington| , American actress    |1889|1889| |Mikhail_Naima|Mikhail_Naima| ,  |Lebanese|Lebanon|  author    |1890|1890| |Roy_Kilner|Roy_Kilner| , English cricketer    |1892|1892| |Theodor_Eicke|Theodor_Eicke| , German SS general   1892    |Herbert_Howells|Herbert_Howells| , English organist, composer, and educator    |1893|1893| |Raffaele_Bendandi|Raffaele_Bendandi| , Italian clockmaker and seismologist    |1894|1894| |Prince_René|Prince_René_Of_Bourbon-Parma| , Italian Prince of  |Denmark|Denmark|    1894    |Pablo_de_Rokha|Pablo_De_Rokha| , Chilean poet    |1895|1895| |Miguel_Ydígoras_Fuentes|Miguel_Ydígoras_Fuentes| ,  |President_of_Guatemala|President_Of_Guatemala|    1895    |Doris_Humphrey|Doris_Humphrey| , American dancer and choreographer    |1896|1896| |Roman_Petrovich|Prince_Roman_Petrovich_Of_Russia| , Russian prince    |1898|1898| |Shinichi_Suzuki|Shinichi_Suzuki| , Japanese violinist and educator   1898    |Eileen_Sedgwick|Eileen_Sedgwick| , American actress   1898    |Simon_Vestdijk|Simon_Vestdijk| , Dutch author and poet    |1900|1900| |C._C._van_Asch_van_Wijck|C._C._Van_Asch_Van_Wijck| , Dutch artist and sculptor   1900    |Jean_Arthur|Jean_Arthur| , American actress   1900    |Yvor_Winters|Yvor_Winters| , American critic and poet    |1901|1901| |Emma_Gamboa_Alvarado|Emma_Gamboa_Alvarado| , Costa Rican educator     |1902|1902| |Irene_Ryan|Irene_Ryan| , American actress    |1903|1903| |Nathanael_West|Nathanael_West| , American author and screenwriter   1903    |Andrei_Grechko|Andrei_Grechko| , Soviet general    |1905|1905| |Leopoldo_Benites|Leopoldo_Benites| , Ecuadorian diplomat 28th president of the  |United_Nations_General_Assembly|United_Nations_General_Assembly| |1906|1906| |Paul_Derringer|Paul_Derringer| , American baseball player    |1907|1907| |John_Marley|John_Marley| , American actor    |1908|1908| |Hjördis_Petterson|Hjördis_Petterson| , Swedish actress   1908    |Wally_Prigg|Wally_Prigg| , Australian rugby league player   1908    |Red_Rolfe|Red_Rolfe| , American baseball player, coach, and manager   1908    |Kenji_Miyamoto|Kenji_Miyamoto| , Japanese politician    |1909|1909| |Cozy_Cole|Cozy_Cole| , American drummer   1909    |Leopoldo_Panero|Leopoldo_Panero| , Spanish poet   1909    |Joaquín_Satrústegui|Joaquín_Satrústegui| , Spanish lawyer and politician    |1910|1910| |Ester_Wier|Ester_Wier| , American author   1910    |Marina_Núñez_del_Prado|Marina_Núñez_Del_Prado| , Bolivian sculptor     |1912|1912| |Pope_John_Paul_I|Pope_John_Paul_I| , Catholic pope from August 1978- September 1978   1912    |Theodore_Marier|Theodore_Marier| , American composer and educator, founded the  |Boston_Archdiocesan_Choir_School|Boston_Archdiocesan_Choir_School|    1912    |Jack_Owens|Jack_Owens| , American singer-songwriter and pianist    |1913|1913| |Faik_Türün|Faik_Türün| , Turkish general   1913    |Robert_Lowery|Robert_Lowery| , American actor   1913    |Marian_Marsh|Marian_Marsh| , Trinidadian-American actress and environmentalist    |1914|1914| |Jerry_Siegel|Jerry_Siegel| , American author and illustrator    |1915|1915| |Arthur_Miller|Arthur_Miller| , American playwright and screenwriter    |1916|1916| |José_López_Rega|José_López_Rega| , Argentinean politician    |1917|1917| |Adele_Stimmel_Chase|Adele_Stimmel_Chase| , American painter and sculptor   1917    |Martin_Donnelly|Martin_Donnelly| , New Zealand cricketer   1917    |Sumner_Locke_Elliott|Sumner_Locke_Elliott| , Australian-American author and playwright   1917    |Marsha_Hunt|Marsha_Hunt| , American actress and singer   1917    |Norman_Leyden|Norman_Leyden| , American composer and conductor   1917    |Alfred_Benlloch_Llorach|Alfred_Benlloch_Llorach| , Spanish inventor    |1918|1918| |Rita_Hayworth|Rita_Hayworth| , American actress, singer and dancer   1918    |Ralph_Wilson|Ralph_Wilson| , American businessman, founded the  |Buffalo_Bills|Buffalo_Bills|    1918    |Luis_Alberto_Solari|Luis_Alberto_Solari| , Uruguayan artist    |1919|1919| |Isaak_Markovich_Khalatnikov|Isaak_Markovich_Khalatnikov| , Ukrainian-Russian physicist and academic   1919    |Violet_Milstead|Violet_Milstead| , Canadian  |World_War_II|World_War_Ii|  aviator and  |bush_pilot|Bush_Pilot|    1919    |Zhao_Ziyang|Zhao_Ziyang| , Chinese politician    |1920|1920| |Montgomery_Clift|Montgomery_Clift| , American actor   1920    |Miguel_Delibes|Miguel_Delibes| , Spanish journalist and author   1920    |Zully_Moreno|Zully_Moreno| , Argentine actress    |1921|1921| |George_Mackay_Brown|George_Mackay_Brown| , Scottish author, poet, and playwright   1921    |Priscilla_Buckley|Priscilla_Buckley| , American journalist and author   1921    |Maria_Gorokhovskaya|Maria_Gorokhovskaya| , Russian-Israeli gymnast    1921    |Tom_Poston|Tom_Poston| , American actor and comedian    |1922|1922| |Luiz_Bonfá|Luiz_Bonfá| , Brazilian guitarist and composer   1922    |Pierre_Juneau|Pierre_Juneau| , Canadian broadcaster and politician, co-founded the  |Montreal_World_Film_Festival|Montreal_World_Film_Festival| |1923|1923| |Barney_Kessel|Barney_Kessel| , American guitarist and composer   1923    |Charles_McClendon|Charles_Mcclendon| , American football player and coach    |1924|1924| |Don_Coryell|Don_Coryell| , American football player and coach   1924    |Anton_Geiser|Anton_Geiser| , Croatian  |SS|Ss|  officer   1924    |Giacomo_Mari|Giacomo_Mari| , Italian football midfielder   1924    |Rolando_Panerai|Rolando_Panerai| , Italian baritone    |1925|1925| |Harry_Carpenter|Harry_Carpenter| , English sportscaster    |1926|1926| |Julie_Adams|Julie_Adams| , American actress   1926    |Beverly_Garland|Beverly_Garland| , American actress   1926    |Roberto_Lippi|Roberto_Lippi| , Italian race car driver   1928    |Santiago_Stevenson|Santiago_Stevenson| , Panamanian singer and minister   1928    |Alejandro_Végh_Villegas|Alejandro_Végh_Villegas| , Uruguayan politician    |1929|1929| |Mário_Wilson|Mário_Wilson| , Mozambican footballer and manager    |1930|1930| |Ismail_Akbay|Ismail_Akbay| , Turkish physicist and engineer   1930    |Robert_Atkins|Robert_Atkins| , American physician and cardiologist, created the  |Atkins_diet|Atkins_Diet|    1930    |Jimmy_Breslin|Jimmy_Breslin| , American journalist and author    |1931|1931| |Ernst_Hinterberger|Ernst_Hinterberger| , Austrian author and playwright   1931    |José_Alencar|José_Alencar| , Brazilian businessman and politician   1931    |Anatoly_Pristavkin|Anatoly_Pristavkin| , Russian writer   1932    |Paul_Anderson|Paul_Anderson| , American weightlifter    |1933|1933| |William_Anders|William_Anders| , Hong Kong-American general and astronaut   1933    |The_Singing_Nun|The_Singing_Nun| , Belgian singer-songwriter, guitarist, and nun    |1934|1934| |Alan_Garner|Alan_Garner| , English author and playwright   1934    |Johnny_Haynes|Johnny_Haynes| , English-Scottish footballer   1934    |Rico_Rodriguez|Rico_Rodriguez| , American trombonist    |1935|1935| |Sydney_Chapman|Sydney_Chapman| , English architect and politician,  |Vice-Chamberlain_of_the_Household|Vice-Chamberlain_Of_The_Household|    1935    |Michael_Eavis|Michael_Eavis| , English farmer, founded the  |Glastonbury_Festival|Glastonbury_Festival| |Carlos_Pairetti|Carlos_Pairetti| , Argetine racing driver    |1936|1936| |Sathima_Bea_Benjamin|Sathima_Bea_Benjamin| , South African singer-songwriter   1936    |Hiroo_Kanamori|Hiroo_Kanamori| , Japanese-American seismologist and academic   1936    |Santiago_Navarro|Santiago_Navarro| , Spanish basketball player    |1937|1937| |Paxton_Whitehead|Paxton_Whitehead| , English actor   1937    |José_María_Álvarez_del_Manzano|José_María_Álvarez_Del_Manzano| , Spanish politician   1937    |Aida_Navarro|Aida_Navarro| , Venezuelan mezzo-soprano   1937    |Renato_Prada_Oropeza|Renato_Prada_Oropeza| , Bolivian-Mexican scientist    |1938|1938| |Evel_Knievel|Evel_Knievel| , American motorcycle rider and stuntman   1938    |Les_Murray|Les_Murray| , Australian anthologist, poet, and critic   1938    |António_Calvário|António_Calvário| , Portuguese singer and artist    |1939|1939| |Oliver_Rackham|Oliver_Rackham| , English botanist and academic    |1940|1940| |Stephen_Kovacevich|Stephen_Kovacevich| , American pianist and conductor   1940    |Jim_Smith|Jim_Smith| , English footballer and manager   1940    |Peter_Stringfellow|Peter_Stringfellow| , English businessman    |1941|1941| |Earl_Thomas_Conley|Earl_Thomas_Conley| , American country singer-songwriter and guitarist   1941    |Jim_Seals|Seals_And_Crofts| , American singer-songwriter, guitarist, and violinist   1941    |Paul_Ellison|Paul_Ellison| , American musician    |1942|1942| |Steve_Jones|Steve_Jones| , American basketball player and sportscaster   1942    |Gary_Puckett|Gary_Puckett_&_The_Union_Gap| , American pop singer-songwriter and guitarist    |1943|1943| |Ignacio_Rupérez|Ignacio_Rupérez| , Spanish diplomat and journalist   1944    |Ángel_Cristo|Ángel_Cristo| , Spanish  |circus|Circus|  performer    |1946|1946| |Ronni_Chasen|Ronni_Chasen| , American publicist   1946    |Michael_Hossack|Michael_Hossack| , American drummer   1946    |Cameron_Mackintosh|Cameron_Mackintosh| , English producer and manager   1946    |Adam_Michnik|Adam_Michnik| , Polish journalist and historian   1946    |Drusilla_Modjeska|Drusilla_Modjeska| , English-Australian author and critic   1946    |Bob_Seagren|Bob_Seagren| , American pole vaulter   1946    |Manuel_Ibáñez|Manuel_Ibanez| , Mexican actor and comedian   1946    |Julio_Miranda|Julio_Miranda| , Argentine politician   1946    |Daniela_Payssé|Daniela_Payssé| , Uruguayan politician   1946    |José_Perramón|José_Perramón| , Spanish handball player   1946    |Jaime_Ravinet|Jaime_Ravinet| , Chilean politician   1946    |Rüdiger_Wittig|Rüdiger_Wittig| , German  |geobotanist|Geobotanist|  and ecologist   1946    |Akira_Kushida|Akira_Kushida| , Japanese vocalist    |1947|1947| |Gene_Green|Gene_Green| , American lawyer and politician   1947    |Michael_McKean|Michael_Mckean| , American singer-songwriter, actor, and director   1947    |Robert_Post|Robert_Post| , American educator and academic   1947    |Omar_Azziman|Omar_Azziman| , adviser to the  |King_of_Morocco|King_Of_Morocco| |1948|1948| |Robert_Jordan|Robert_Jordan| , American soldier and author   1948    |Margot_Kidder|Margot_Kidder| , Canadian-American actress   1948    |George_Wendt|George_Wendt| , American actor and comedian   1948    |Osvaldo_Castro|Osvaldo_Castro| , Chilean footballer    |1949|1949| |Owen_Arthur|Owen_Arthur| , Barbadian economist and politician, 5th  |Prime_Minister_of_Barbados|Prime_Minister_Of_Barbados| |Bill_Hudson|Bill_Hudson| , American musician and actor    |1950|1950| |Philippe_Barbarin|Philippe_Barbarin| , French cardinal   1950    |Howard_Rollins|Howard_Rollins| , American actor   1950    |Sandra_Reemer|Sandra_Reemer| , Indo-Dutch singer    |1951|1951| |Annie_Borckink|Annie_Borckink| , Dutch speed skater   1951    |Roger_Pontare|Roger_Pontare| , Swedish singer   1951    |Shari_Ulrich|Shari_Ulrich| , American-Canadian singer-songwriter and violinist   1951    |Dirk_Beheydt|Dirk_Beheydt| , Belgian football player.    |1953|1953| |Joseph_Bowie|Joseph_Bowie| , American trombonist and bandleader   1953    |Domenico_Penzo|Domenico_Penzo| , Italian footballer    |1954|1954| |Carlos_Buhler|Carlos_Buhler| , American mountaineer    |1955|1955| |Georgios_Alogoskoufis|Georgios_Alogoskoufis| , Greek economist, academic, and politician,  |Greek_Minister_of_Finance|Ministry_Of_Finance| |Mike_Bratz|Mike_Bratz| , American basketball player    |1956|1956| |Fran_Cosmo|Fran_Cosmo| , American singer-songwriter and guitarist   1956    |Mae_Jemison|Mae_Jemison| , American physician, academic, and astronaut   1956    |Pat_McCrory|Pat_Mccrory| , American businessman and politician, 74th  |Governor_of_North_Carolina|Governor_Of_North_Carolina| |Stephen_Palumbi|Stephen_Palumbi| , American academic and author    |1957|1957| |Lawrence_Bender|Lawrence_Bender| , American actor and producer   1957    |Steve_McMichael|Steve_Mcmichael| , American football player, wrestler, and sportscaster   1957    |Vincent_Van_Patten|Vincent_Van_Patten| , American tennis player and actor   1957    |Antonio_Galdo|Antonio_Galdo| , Italian journalist   1957    |Nelson_Barrera|Nelson_Barrera| , Mexican baseball player   1957    |Pino_Palladino|Pino_Palladino| , Welsh bassist   1957    |Eleftheria_Arvanitaki|Eleftheria_Arvanitaki| , Greek folk singer    |1958|1958| |Howard_Alden|Howard_Alden| , American guitarist   1958    |Alan_Jackson|Alan_Jackson| , American singer-songwriter   1958    |Craig_Murray|Craig_Murray| , British diplomat   1958    |Sandra_Mozarowsky|Sandra_Mozarowsky| , Spanish actress    |1959|1959| |Ron_Drummond|Ron_Drummond| , American author and scholar   1959    |Francisco_Flores_Pérez|Francisco_Flores_Pérez| , Salvadorian politician,  |President_of_El_Salvador|President_Of_El_Salvador|    1959    |Russell_Gilbert|Russell_Gilbert| , Australian comedian, actor, and screenwriter   1959    |Norm_Macdonald|Norm_Macdonald| , Canadian actor, comedian, producer, and screenwriter   1959    |Mark_Peel|Mark_Peel| , Australian historian and academic   1959    |Richard_Roeper|Richard_Roeper| , American journalist and critic   1959    |Mustafa_Aberchán|Mustafa_Aberchán| , Spanish politician   1959    |Eugenio_Hernández_Flores|Eugenio_Hernández_Flores| , Mexican politician    |1960|1960| |Guy_Henry|Guy_Henry| , English actor   1960    |Rob_Marshall|Rob_Marshall| , American director, producer, and choreographer   1960    |Bernie_Nolan|Bernie_Nolan| , Irish singer   1960    |Philippe_Sands|Philippe_Sands| , American lawyer and academic    |1961|1961| |David_Means|David_Means| , American short story writer    |1962|1962| |Glenn_Braggs|Glenn_Braggs| , American baseball player   1962    |Mike_Judge|Mike_Judge| , American animator, director, screenwriter, producer and actor   1962    |Jay_Humphries|Jay_Humphries| , American basketball player    |1963|1963| |Sergio_Goycochea|Sergio_Goycochea| , Argentinian footballer and journalist   1963    |Toby_Young|Toby_Young| , English journalist and academic    |1964|1964| |Gregg_Wallace|Gregg_Wallace| , English television presenter   1964    |Margarita_Liborio_Arrazola|Margarita_Liborio_Arrazola| , Mexican politician    |1965|1965| |Aravinda_de_Silva|Aravinda_De_Silva| , Sri Lankan cricketer   1965    |Rhys_Muldoon|Rhys_Muldoon| , Australian actor    |1966|1966| |Shaun_Edwards|Shaun_Edwards| , English rugby player and coach   1966    |Danny_Ferry|Danny_Ferry| , American basketball player and manager   1966    |Mark_Gatiss|Mark_Gatiss| , English actor, screenwriter and novelist   1966    |Tommy_Kendall|Tommy_Kendall| , American race car driver and sportscaster    |1967|1967| |Simon_Segars|Simon_Segars| , English businessman   1967    |Nathalie_Tauziat|Nathalie_Tauziat| , French tennis player   1967    |René_Dif|René_Dif| , Danish musician   1967    |Pedro_González_Vera|Pedro_González_Vera| , Chilean footballer    |1968|1968| |Graeme_Le_Saux|Graeme_Le_Saux| , English footballer and sportscaster   1968    |Ziggy_Marley|Ziggy_Marley| , Jamaican singer-songwriter, guitarist, and voice actor   1968    |David_Robertson|David_Robertson| , Scottish footballer and manager   1968    |Alejandra_Ávalos|Alejandra_Ávalos| , Mexican artist    |1969|1969| |Ernie_Els|Ernie_Els| , South African golfer and sportscaster   1969    |Wyclef_Jean|Wyclef_Jean| , Haitian-American rapper, producer, and actor   1969    |Rick_Mercer|Rick_Mercer| , Canadian comedian, actor, producer, and screenwriter   1969    |Wood_Harris|Wood_Harris| , American actor    |1970|1970| |Anil_Kumble|Anil_Kumble| , Indian cricketer   1970    |John_Mabry|John_Mabry| , American baseball player, coach, and sportscaster   1970    |J._C._MacKenzie|J._C._Mackenzie| , Canadian actor    |1971|1971| |Blues_Saraceno|Blues_Saraceno| , American guitarist, songwriter, and producer   1971    |Chris_Kirkpatrick|Chris_Kirkpatrick| , American singer-songwriter and dancer   1971    |Kim_Ljung|Kim_Ljung| , Norwegian singer-songwriter and bass player   1971    |Martin_Heinrich|Martin_Heinrich| , American politician   1971    |Derrick_Plourde|Derrick_Plourde| , American drummer    |1972|1972| |Eminem|Eminem| , American rapper, producer, and actor   1972    |Tarkan|Tarkan| , German-Turkish singer   1972    |Akio_Musashi_Mori|Musashi| , Japanese karateka and kickboxer    |1973|1973| |Andrea_Tarozzi|Andrea_Tarozzi| , Italian footballer and coach   1973    |Rubén_Garcés|Rubén_Garcés| , Panamanian basketball player    |1974|1974| |Ariel_Levy|Ariel_Levy| , American journalist and author   1974    |Matthew_Macfadyen|Matthew_Macfadyen| , English actor   1974    |Obdulio_Ávila_Mayo|Obdulio_Ávila_Mayo| , Mexican politician   1974    |Bárbara_Paz|Bárbara_Paz| , Brazilian actress   1974    |Janne_Puurtinen|Janne_Puurtinen| , Finnish keyboard player   1974    |John_Rocker|John_Rocker| , American baseball player   1974    |Darío_Sala|Darío_Sala| , Argentine footballer   1974    |Gabriel_Silberstein|Gabriel_Silberstein| , Chilean tennis player   1974    |Dhondup_Wangchen|Dhondup_Wangchen| , Chinese director and producer    |1975|1975| |Francis_Bouillon|Francis_Bouillon| , American-Canadian ice hockey player   1975    |Jericó_Abramo_Masso|Jericó_Abramo_Masso| , Mexican politician   1975    |Vina_Morales|Vina_Morales| , Filipino actress and singer    |1976|1976| |Sebastián_Abreu|Sebastián_Abreu| , Uruguayan footballer   1976    |Seth_Etherton|Seth_Etherton| , American baseball player   1976    |Carlos_Loret_de_Mola|Carlos_Loret_De_Mola| , Mexican journalist   1976    |Kevin_Maher|Kevin_Maher| , English-Irish footballer and coach    |1977|1977| |Dudu_Aouate|Dudu_Aouate| , Israeli footballer   1977    |Alimi_Ballard|Alimi_Ballard| , American actor and producer   1977    |Bryan_Bertino|Bryan_Bertino| , American actor, director, producer, and screenwriter   1977    |Walter_Calderón|Walter_Calderón| , Ecuadorian footballer   1977    |Marko_Antonio_Cortés_Mendoza|Marko_Antonio_Cortés_Mendoza| , Mexican politician   1977    |Ryan_McGinley|Ryan_Mcginley| , American photographer   1977    |André_Villas-Boas|André_Villas-Boas| , Portuguese footballer and manager    |1978|1978| |Pablo_Iglesias_Turrión|Pablo_Iglesias_Turrión| , Spanish politician   1978    |Jerry_Flannery|Jerry_Flannery| , Irish rugby player and coach   1978    |Erin_Karpluk|Erin_Karpluk| , Canadian actress   1978    |Chuka_Umunna|Chuka_Umunna| , English lawyer and politician    |1979|1979| |Marcela_Bovio|Marcela_Bovio| , Mexican singer-songwriter and violinist   1979    |Alexandros_Nikolaidis|Alexandros_Nikolaidis| , Greek martial artist   1979    |Kimi_Räikkönen|Kimi_Räikkönen| , Finnish race car driver   1979    |Kostas_Tsartsaris|Kostas_Tsartsaris| , Greek basketball player    |1980|1980| |Yekaterina_Gamova|Yekaterina_Gamova| , Russian volleyball player   1980    |Mohammad_Hafeez|Mohammad_Hafeez| , Pakistani cricketer   1980    |Isaac_Mina|Isaac_Mina| , Ecuadorian footballer   1980    |Angel_Parker|Angel_Parker| , American actress   1980    |Alessandro_Piccolo|Alessandro_Piccolo| , Italian race car driver   1980    |Justin_Shenkarow|Justin_Shenkarow| , American actor    |1981|1981| |Horacio_Cervantes|Horacio_Cervantes| , Mexican footballer   1981    |Kurumi_Enomoto|Kurumi_Enomoto| , Japanese singer-songwriter   1981    |Tsubasa_Imai|Tsubasa_Imai| , Japanese singer, actor, and dancer   1981    |Ben_Rothwell|Ben_Rothwell| , American mixed-martial artist    |1982|1982| |Rubén_Ramírez|Rubén_Ramírez| , Argentine football striker   1982    |Nick_Riewoldt|Nick_Riewoldt| , Australian footballer   1982    |Marion_Rolland|Marion_Rolland| , alpine ski racer    |1983|1983| |Michelle_Ang|Michelle_Ang| , New Zealander actress   1983    |Milica_Brozovic|Milica_Brozovic| , Serbian-Russian figure skater   1983    |Felicity_Jones|Felicity_Jones| , English actress   1983    |Toshihiro_Matsushita|Toshihiro_Matsushita| , Japanese footballer   1983    |Riki_Miura|Riki_Miura| , Japanese actor   1983    |Junichi_Miyashita|Junichi_Miyashita| , Japanese swimmer   1983    |Ivan_Saenko|Ivan_Saenko| , Russian footballer   1983    |Mitch_Talbot|Mitch_Talbot| , American baseball player   1983    |Vitali_Teleš|Vitali_Teleš| , Estonian footballer    |1984|1984| |Chris_Lowell|Chris_Lowell| , American actor   1984    |Giovanni_Marchese|Giovanni_Marchese| , Italian footballer   1984    |Randall_Munroe|Randall_Munroe| , American author and illustrator   1984    |Luke_Rockhold|Luke_Rockhold| , American mixed martial artist   1984    |Anja_Eline_Skybakmoen|Anja_Eline_Skybakmoen| , Norwegian singer-songwriter and bandleader   1984    |Gottfrid_Svartholm|Gottfrid_Svartholm| , Swedish computer specialist   1984    |Jared_Tallent|Jared_Tallent| , Australian race walker    |1985|1985| |Carlos_González|Carlos_González| , Venezuelan baseball player   1985    |Max_Irons|Max_Irons| , English-Irish actor   1985    |Collins_John|Collins_John| , Dutch footballer   1985    |Tomokazu_Nagira|Tomokazu_Nagira| , Japanese footballer    |1986|1986| |Alexandre_Bonnet|Alexandre_Bonnet| , French football midfielder   1986    |Antoni_Bou|Antoni_Bou| , Spanish motorcyclist   1986    |Aija_Brumermane|Aija_Brumermane| , Latvian basketball player   1986    |Constant_Djakpa|Constant_Djakpa| , Ivorian footballer   1986    |Yannick_Ponsero|Yannick_Ponsero| , French figure skater   1986    |Nicolás_Richotti|Nicolás_Richotti| , Argentine basketball player    |1987|1987| |Bea_Alonzo|Bea_Alonzo| , Filipino actress and singer   1987    |Jarosław_Fojut|Jarosław_Fojut| , Polish footballer   1987    |Elliot_Grandin|Elliot_Grandin| , French football winger   1987    |Hideto_Takahashi|Hideto_Takahashi| , Japanese footballer    |1988|1988| |Sergiy_Gladyr|Sergiy_Gladyr| , Ukrainian basketball player   1988    |Tori_Matsuzaka|Tori_Matsuzaka| , Japanese actor and model   1988    |Marina_Salas|Marina_Salas| , Spanish actress    |1989|1989| |Débora_García|Débora_García| , Spanish football midfielder   1989    |Oleksandr_Isakov|Oleksandr_Isakov| , Ukrainian swimmer   1989    |Sophie_Luck|Sophie_Luck| , Australian actress   1989    |David_Timor|David_Timor| , Spanish footballer    |1990|1990| |Paolo_Campinoti|Paolo_Campinoti| , Italian footballer   1990    |Maica_García_Godoy|Maica_García_Godoy| , Spanish water polo player   1990    |Ronald_González_Tabilo|Ronald_González_Tabilo| , Chilean footballer   1990    |Saki_Kumagai|Saki_Kumagai| , Japanese footballer   1990    |Patrick_Lambie|Patrick_Lambie| , South African rugby player    |1991|1991| |Brenda_Asnicar|Brenda_Asnicar| , Argentine actress    |1992|1992| |Sam_Concepcion|Sam_Concepcion| , Filipino musician and dancer   1992    |Keerthy_Suresh|Keerthy_Suresh| , Indian actress    |1993|1993| |Kenneth_Omeruo|Kenneth_Omeruo| , Nigerian footballer    |2001|2001| |Thomas_Strudwick|Thomas_Strudwick| , British motorcycle road racer          |AD_33|Ad_33| |Agrippina_the_Elder|Agrippina_The_Elder| , Roman wife of  |Germanicus|Germanicus| |532|532| |Pope_Boniface_II|Pope_Boniface_Ii| |866|866| |Al-Mustain|Al-Mustain| , Abbasid caliph    |1271|1271| |Steinvör_Sighvatsdóttir|Steinvör_Sighvatsdóttir| , Icelandic aristocrat and poet    |1277|1277| |Beatrice_of_Falkenburg|Beatrice_Of_Falkenburg| , German queen consort    |1346|1346| |John_Randolph,_3rd_Earl_of_Moray|John_Randolph,_3Rd_Earl_Of_Moray| |1346|1346| |Maurice_de_Moravia,_Earl_of_Strathearn|Maurice_De_Moravia,_Earl_Of_Strathearn| |1456|1456| |Nicolas_Grenon|Nicolas_Grenon| , French composer    |1485|1485| |John_Scott_of_Scotts_Hall|John_Scott_Of_Scotts_Hall| , Warden of the Cinque Ports    |1552|1552| |Andreas_Osiander|Andreas_Osiander| , German Protestant theologian    |1575|1575| |Gaspar_Cervantes_de_Gaeta|Gaspar_Cervantes_De_Gaeta| , Spanish cardinal    |1586|1586| |Philip_Sidney|Philip_Sidney| , English courtier, poet, and general    |1587|1587| |Francesco_I_de_Medici,_Grand_Duke_of_Tuscany|Francesco_I_De_Medici,_Grand_Duke_Of_Tuscany| |1616|1616| |John_Pitts|John_Pitts| , English priest and scholar    |1660|1660| |Adrian_Scrope|Adrian_Scrope| , English colonel and politician    |1673|1673| |Thomas_Clifford,_1st_Baron_Clifford_of_Chudleigh|Thomas_Clifford,_1St_Baron_Clifford_Of_Chudleigh| , English politician,  |Lord_High_Treasurer_of_England|Lord_High_Treasurer_Of_England| |1690|1690| |Margaret_Mary_Alacoque|Margaret_Mary_Alacoque| , French mystic    |1757|1757| |René_Antoine_Ferchault_de_Réaumur|René_Antoine_Ferchault_De_Réaumur| , French entomologist and academic    |1776|1776| |Pierre_François_le_Courayer|Pierre_François_Le_Courayer| , French-English theologian and author    |1780|1780| |William_Cookworthy|William_Cookworthy| , English pharmacist and minister    |1781|1781| |Edward_Hawke,_1st_Baron_Hawke|Edward_Hawke,_1St_Baron_Hawke| , English admiral     |1786|1786| |Johann_Ludwig_Aberli|Johann_Ludwig_Aberli| , Swiss painter and illustrator    |1806|1806| |Jean-Jacques_Dessalines|Jean-Jacques_Dessalines| , Haitian commander and politician,  |Governor-General_of_Haiti|List_Of_Heads_Of_State_Of_Haiti| |1836|1836| |Orest_Kiprensky|Orest_Kiprensky| , Russian painter    |1837|1837| |Johann_Nepomuk_Hummel|Johann_Nepomuk_Hummel| , Austrian pianist and composer    |1849|1849| |Frédéric_Chopin|Frédéric_Chopin| , Polish pianist and composer    |1868|1868| |Laura_Secord|Laura_Secord| , Canadian  |war|War_Of_1812|  heroine    |1887|1887| |Gustav_Kirchhoff|Gustav_Kirchhoff| , German physicist and chemist    |1889|1889| |Nikolay_Chernyshevsky|Nikolay_Chernyshevsky| , Russian philosopher and critic    |1893|1893| |Patrice_de_MacMahon,_Duke_of_Magenta|Patrice_De_Macmahon,_Duke_Of_Magenta| , French general and politician, 3rd  |President_of_France|President_Of_France| |1910|1910| |Julia_Ward_Howe|Julia_Ward_Howe| , American poet and songwriter    |1918|1918| |Malak_Hifni_Nasif|Malak_Hifni_Nasif| , Egyptian poet and author    |1928|1928| |Frank_Dicksee|Frank_Dicksee| , English painter and illustrator    |1931|1931| |Alfons_Maria_Jakob|Alfons_Maria_Jakob| , German neurologist and academic    |1937|1937| |J._Bruce_Ismay|J._Bruce_Ismay| , English businessman    |1938|1938| |Karl_Kautsky|Karl_Kautsky| , Czech-German journalist, philosopher, and theoretician    |1948|1948| |Royal_Cortissoz|Royal_Cortissoz| , American art critic    |1955|1955| |Dimitrios_Maximos|Dimitrios_Maximos| , Greek banker and politician    |1956|1956| |Anne_Crawford|Anne_Crawford| , Israeli-English actress    |1958|1958| |Paul_Outerbridge|Paul_Outerbridge| , American photographer   1958    |Charlie_Townsend|Charlie_Townsend| , English cricketer and lawyer    |1962|1962| |Natalia_Goncharova|Natalia_Goncharova| , Russian painter, costume designer, and set designer    |1963|1963| |Jacques_Hadamard|Jacques_Hadamard| , French mathematician and academic    |1965|1965| |Bart_King|Bart_King| , American cricketer    |1966|1966| |Sidney_Hatch|Sidney_Hatch| , American runner and soldier   1966    |Wieland_Wagner|Wieland_Wagner| , German director and manager    |1967|1967| |Puyi|Puyi| , Chinese emperor    |1970|1970| |Pierre_Laporte|Pierre_Laporte| , Canadian journalist, lawyer, and politician   1970    |Vola_Vale|Vola_Vale| , American actress   1970    |Quincy_Wright|Quincy_Wright| , American political scientist and academic    |1972|1972| |Turk_Broda|Turk_Broda| , Canadian ice hockey player and coach   1972    |George,_Crown_Prince_of_Serbia|George,_Crown_Prince_Of_Serbia| |1973|1973| |Ingeborg_Bachmann|Ingeborg_Bachmann| , Austrian author and poet    |1978|1978| |George_Clark|George_Clark| , American race car driver   1978    |Giovanni_Gronchi|Giovanni_Gronchi| , Italian educator, soldier, and politician, 3rd  |President_of_the_Italian_Republic|President_Of_The_Italian_Republic| |1979|1979| |S._J._Perelman|S._J._Perelman| , American humorist and screenwriter   1979    |John_Stuart|John_Stuart| , Scottish-English actor   1979    |Eugenio_Mendoza|Eugenio_Mendoza| , Venezuelan business tycoon    |1981|1981| |Kannadasan|Kannadasan|  Indian author, poet, and songwriter   1981    |Albert_Cohen|Albert_Cohen| , Greek-Swiss civil servant and author   1981    |Lina_Tsaldari|Lina_Tsaldari| , Greek politician    |1983|1983| |Raymond_Aron|Raymond_Aron| , French sociologist, political scientist, and philosopher    |1987|1987| |Abdul_Malek_Ukil|Abdul_Malek_Ukil| , Bangladeshi lawyer and politician    |1991|1991| |Tennessee_Ernie_Ford|Tennessee_Ernie_Ford| , American singer and actor    |1992|1992| |Herman_Johannes|Herman_Johannes| , Indonesian scientist, academic, and politician   1992    |Orestis_Laskos|Orestis_Laskos| , Greek actor, director, and screenwriter    |1993|1993| |Criss_Oliva|Criss_Oliva| , American guitarist and songwriter    |1996|1996| |Chris_Acland|Chris_Acland| , English musician & drummer of Lush    |1997|1997| |Larry_Jennings|Larry_Jennings| , American magician and author    |1998|1998| |Joan_Hickson|Joan_Hickson| , English actress   1998    |Hakim_Said|Hakim_Said| , Pakistani scholar and politician, 20th  |Governor_of_Sindh|Governor_Of_Sindh| |1999|1999| |Nicholas_Metropolis|Nicholas_Metropolis| , Greek-American mathematician and physicist    |2000|2000| |Leo_Nomellini|Leo_Nomellini| , Italian-American football player and wrestler   2000    |Joachim_Nielsen|Joachim_Nielsen| , Norwegian singer-songwriter and poet    |2001|2001| |Jay_Livingston|Jay_Livingston| , American singer-songwriter   2001    |Micheline_Ostermeyer|Micheline_Ostermeyer| , French shot putter, discus thrower, and pianist   2001    |Rehavam_Zeevi|Rehavam_Zeevi| , Israeli historian, general, and politician,  |Tourism_Minister_of_Israel|Tourism_Minister_Of_Israel| |2002|2002| |Derek_Bell|Derek_Bell| , Irish harpist and composer    |2004|2004| |Uzi_Hitman|Uzi_Hitman| , Israeli singer-songwriter    |2006|2006| |Daniel_Emilfork|Daniel_Emilfork| , Chilean-French actor   2006    |Christopher_Glenn|Christopher_Glenn| , American journalist    |2007|2007| |Joey_Bishop|Joey_Bishop| , American actor and talk show host   2007    |Teresa_Brewer|Teresa_Brewer| , American singer   2007    |Suzy_Covey|Suzy_Covey| , American scholar and academic    |2008|2008| |Urmas_Ott|Urmas_Ott| , Estonian journalist and author   2008    |Levi_Stubbs|Levi_Stubbs| , American singer   2008    |Ben_Weider|Ben_Weider| , Canadian businessman, co-founded the  |International_Federation_of_BodyBuilding_&_Fitness|International_Federation_Of_Bodybuilding_&_Fitness| |2009|2009| |Norma_Fox_Mazer|Norma_Fox_Mazer| , American author and educator   2009    |Vic_Mizzy|Vic_Mizzy| , American composer    |2011|2011| |Carl_Lindner,_Jr.|Carl_Lindner,_Jr.| , American businessman    |2012|2012| |Milija_Aleksic|Milija_Aleksic| , English-South African footballer   2012    |Émile_Allais|Émile_Allais| , French skier   2012    |Henry_Friedlander|Henry_Friedlander| , German-American historian and author   2012    |Stanford_R._Ovshinsky|Stanford_R._Ovshinsky| , American scientist and businessman, co-founded  |Energy_Conversion_Devices|Energy_Conversion_Devices|    2012    |Kōji_Wakamatsu|Kōji_Wakamatsu| , Japanese director, producer, and screenwriter    |2013|2013| |Mother_Antonia|Mother_Antonia| , American-Mexican nun and activist   2013    |Terry_Fogerty|Terry_Fogerty| , English rugby player and coach   2013    |Arthur_Maxwell_House|Arthur_Maxwell_House| , Canadian neurologist and politician, 10th  |Lieutenant_Governor_of_Newfoundland_and_Labrador|Lieutenant_Governor_Of_Newfoundland_And_Labrador|    2013    |Lou_Scheimer|Lou_Scheimer| , American animator, producer, and voice actor, co-founded the  |Filmation_Company|Filmation|    2013    |Rene_Simpson|Rene_Simpson| , Canadian-American tennis player    |2014|2014| |Edwards_Barham|Edwards_Barham| , American farmer and politician   2014    |Masaru_Emoto|Masaru_Emoto| , Japanese author and activist   2014    |Tom_Shaw|Tom_Shaw| , American bishop   2014    |Berndt_von_Staden|Berndt_Von_Staden| , German diplomat,  |German_Ambassador_to_the_United_States|German_Ambassador_To_The_United_States| |2015|2015| |Danièle_Delorme|Danièle_Delorme| , French actress and producer   2015    |Howard_Kendall|Howard_Kendall| , English footballer and manager   2015    |Anne-Marie_Lizin|Anne-Marie_Lizin| , Belgian lawyer and politician   2015    |Tom_Smith|Tom_Smith| , American businessman and politician    |2017|2017| |Gord_Downie|Gord_Downie| , Canadian musician         Christian  |feast_day|Feast_Day| |Andrew_of_Crete|Andrew_Of_Crete| |Anstrudis|Anstrudis| |Catervus|Catervus| |Ethelred_and_Ethelberht|Æthelred_And_Æthelberht| |Florentius_of_Orange|Florentius_Of_Orange| |François-Isidore_Gagelin|François-Isidore_Gagelin| |Hosea|Hosea| |Ignatius_of_Antioch|Ignatius_Of_Antioch| |John_the_Short|John_The_Dwarf| |Marguerite_Marie_Alacoque|Marguerite_Marie_Alacoque| |Nothhelm|Nothhelm| |Rule_of_Andrew|Saint_Regulus| |Richard_Gwyn|Richard_Gwyn| |Victor_of_Capua|Victor_Of_Capua| |October_17|October_17| |Dessalines_Day|Dessalines_Day| |Digital_Society_Day|Digital_Society_Day| |International_Day_for_the_Eradication_of_Poverty|International_Day_For_The_Eradication_Of_Poverty| |Loyalty_Day|Loyalty_Day| .