|_1096|1096|    A Seljuk Turkish army successfully fight off the  |Peoples_Crusade|Peoples_Crusade| .    |1097|1097|    Crusaders led by Godfrey of Bouillon, Bohemund of Taranto, and Raymond IV, Count of Toulouse, begin the  |Siege_of_Antioch|Siege_Of_Antioch| .    |1209|1209| |_Otto_IV|Otto_Iv_Holy_Roman_Emperor|  is crowned emperor of the Holy Roman Empire by Pope Innocent III.    |1392|1392|    Japanese  |Emperor_Go_Kameyama|Emperor_Go_Kameyama|  abdicates in favor of rival claimant  |Go_Komatsu|Emperor_Go_Komatsu| .    |1512|1512| |_Martin_Luther|Martin_Luther|  joins the theological faculty of the University of Wittenberg.    |1520|1520| |_Ferdinand_Magellan|Ferdinand_Magellan|  discovers a strait now known as the Strait of Magellan.   1520    |João_Álvares_Fagundes|João_Álvares_Fagundes|  discovers the islands of  |Saint_Pierre_and_Miquelon|Saint_Pierre_And_Miquelon| , bestowing them their original name of Islands of the 11,000 Virgins .    |1600|1600| |_Tokugawa_Ieyasu|Tokugawa_Ieyasu|  defeats the leaders of rival Japanese clans in the  |Battle_of_Sekigahara|Battle_Of_Sekigahara|  and becomes shōgun of Japan.    |1774|1774|    The  |flag_of_Taunton_Massachusetts|Flag_Of_Taunton_Massachusetts|  is the first to include the word Liberty .    |1797|1797|    In Boston Harbor, the 44-gun United States Navy frigate  is launched.    |1805|1805|    Napoleonic Wars: A British fleet led by  |Lord_Nelson|Horatio_Nelson_1St_Viscount_Nelson|  defeats a combined French and Spanish fleet under  |Admiral_Villeneuve|Pierre_Charles_Villeneuve|  in the  |Battle_of_Trafalgar|Battle_Of_Trafalgar| .    |1824|1824| |_Portland_cement|Portland_Cement|  is patented.    |1854|1854| |_Florence_Nightingale|Florence_Nightingale|  and a staff of 38 nurses are sent to the Crimean War.    |1861|1861|    American Civil War: Union forces under Colonel Edward Baker are  |defeated|Battle_Of_Balls_Bluff|  by Confederate troops in the second major battle of the war.    |1867|1867|    The  |Medicine_Lodge_Treaty|Medicine_Lodge_Treaty|  is signed by southern Great Plains Indian leaders. The treaty requires Native American Plains tribes to relocate to a reservation in western Oklahoma.    |1879|1879| |_Thomas_Edison|Thomas_Edison|  applies for a patent for his design for an incandescent light bulb.    |1888|1888|    Foundation of the  |Swiss_Social_Democratic_Party|Social_Democratic_Party_Of_Switzerland| .    |1892|1892|    Opening ceremonies for the  |Worlds_Columbian_Exposition|Worlds_Columbian_Exposition|  are held in Chicago, though because construction was behind schedule, the exposition did not open until May 1, 1893.    |1895|1895|    The  |Republic_of_Formosa|Republic_Of_Formosa|  collapses as Japanese forces invade.    |1910|1910|     arrives in Halifax Harbour to become the first ship of the Royal Canadian Navy.    |1921|1921|    President  |Warren_G_Harding|Warren_G_Harding|  delivers the first speech by a sitting U.S. President against lynching in the deep South.    |1931|1931|    A secret society in the Imperial Japanese Army launches an abortive  |coup_détat_attempt|October_Incident| .    |1940|1940|    The first edition of the Ernest Hemingway novel  For Whom the Bell Tolls  is published.    |1943|1943| |_World_War_II|World_War_Ii| |Provisional_Government_of_Free_India|Azad_Hind|  is formally established in Japanese-occupied Singapore.    |1944|1944|    World War II: The first kamikaze attack damages  as the  |Battle_of_Leyte_Gulf|Battle_Of_Leyte_Gulf|  begins.   1944   World War II: The  |Nemmersdorf_massacre|Nemmersdorf_Massacre|  against the German civilians takes place.   1944   World War II: The city of  |Aachen_falls|Battle_Of_Aachen|  to American forces after three weeks of fighting, making it the first German city to fall to the Allies.    |1945|1945|    French women vote for the first time during the  |1945_French_legislative_election|1945_French_Legislative_Election| .    |1950|1950|    Korean War: Heavy fighting begins between British and Australian forces against the North Koreans during the  |Battle_of_Yongju|Battle_Of_Yongju| .    |1956|1956|    The  |Mau_Mau_Uprising|Mau_Mau_Uprising|  in Kenya is defeated.    |1959|1959|    In New York City, the  |Solomon_R_Guggenheim_Museum|Solomon_R_Guggenheim_Museum|  opens to the public.   1959   President Eisenhower approves the transfer of all US Army space-related activities to NASA, including most of the  |Army_Ballistic_Missile_Agency|Army_Ballistic_Missile_Agency| .    |1965|1965| |_Comet_Ikeya–Seki|Comet_Ikeya–Seki|  approaches perihelion, passing 450,000 kilometers from the sun.    |1966|1966|    A colliery spoil tip  |collapses_on_the_village_of_Aberfan|Aberfan_Disaster|  in Wales, killing 144 people, mostly schoolchildren.    |1967|1967|    The  |National_Mobilization_Committee_to_End_the_War_in_Vietnam|National_Mobilization_Committee_To_End_The_War_In_Vietnam|  organizes a march of fifty thousand people from the Lincoln Memorial to the Pentagon.    |1969|1969|    The  |1969_Somali_coup_détat|1969_Somali_Coup_Détat|  establishes a Marxist–Leninist administration.    |1971|1971|    A  |gas_explosion|Clarkston_Explosion|  kills 22 people at a shopping centre near Glasgow, Scotland.   1973    |Fred_Dryer|Fred_Dryer|  of the Los Angeles Rams becomes the first player in NFL history to score two safeties in the same game.    |1978|1978|    Australian civilian pilot  |Frederick_Valentich_vanishes|Disappearance_Of_Frederick_Valentich|  over the Bass Strait south of Melbourne, after reporting contact with an unidentified aircraft.    |1979|1979| |_Moshe_Dayan|Moshe_Dayan|  resigns from the Israeli government because of strong disagreements with Prime Minister Menachem Begin over policy towards the Arabs.    |1981|1981| |_Andreas_Papandreou|Andreas_Papandreou|  becomes Prime Minister of Greece, ending an almost 50-year-long system of power dominated by conservative forces.    |1983|1983|    The  |metre|Metre|  is defined as the distance light travels in a vacuum in 1/299,792,458 of a second.    |1986|1986|    In Lebanon, pro-Iran kidnappers claim to have  |abducted|Iran–Contra_Affair|  American writer Edward Tracy .    |1987|1987|    The  |Jaffna_hospital_massacre|Jaffna_Hospital_Massacre|  is carried out by Indian Peace Keeping Force in Sri Lanka, killing 70 ethnic Tamil patients, doctors and nurses.    |1994|1994|    North Korea and the United States sign an  |Agreed_Framework|Agreed_Framework|  that requires North Korea to stop its nuclear weapons program and agree to inspections.   1994   In Seoul, South Korea, 32 people are killed when a span of the  |Seongsu_Bridge|Seongsu_Bridge|  collapses.     |2005|2005|    Images of the dwarf planet  |Eris|136199_Eris|  are taken and subsequently used in documenting its discovery.    |2019|2019|    Thirty people are killed in a fiery bus crash in western  |Democratic_Republic_of_the_Congo|Democratic_Republic_Of_The_Congo| .    2019   In  |Canada|Canada| , the  |2019_Canadian_Federal_Election|2019_Canadian_Federal_Election|  ends, resulting in incumbent Prime Minister  |Justin_Trudeau|Justin_Trudeau|  remaining in office, albeit in a  |minority_government|Minority_Government| .    |1328|1328| |_Hongwu_Emperor|Hongwu_Emperor|  of China    |1409|1409| |_Alessandro_Sforza|Alessandro_Sforza| , Italian condottiero , Dizionario Biografico degli Italiani.    |1449|1449| |_George_Plantagenet_1st_Duke_of_Clarence|George_Plantagenet_1St_Duke_Of_Clarence| , Irish-English son of  |Cecily_Neville_Duchess_of_York|Cecily_Neville_Duchess_Of_York| |_1527|1527| |_Louis_I_Cardinal_of_Guise|Louis_I_Cardinal_Of_Guise| |_1536|1536| |_Joachim_Ernest_Prince_of_Anhalt|Joachim_Ernest_Prince_Of_Anhalt| |_1581|1581| |_Domenichino|Domenichino| , Italian painter    |1650|1650| |_Jean_Bart|Jean_Bart| , French admiral    |1658|1658| |_Henri_de_Boulainvilliers|Henri_De_Boulainvilliers| , French nobleman    |1675|1675| |_Emperor_Higashiyama|Emperor_Higashiyama|  of Japan    |1687|1687| |_Nicolaus_I_Bernoulli|Nicolaus_I_Bernoulli| , Swiss mathematician and theorist    |1712|1712| |_James_Steuart|James_Steuart| , Scottish economist and author    |1725|1725| |_Franz_Moritz_von_Lacy|Franz_Moritz_Von_Lacy| , Austrian field marshal    |1757|1757| |_Pierre_Augereau|Pierre_Augereau| , French general    |1762|1762| |_Herman_Willem_Daendels|Herman_Willem_Daendels| , Dutch general, lawyer, and politician, 36th  |Governor_General_of_the_Dutch_East_Indies|Governor_General_Of_The_Dutch_East_Indies| |_1772|1772| |_Samuel_Taylor_Coleridge|Samuel_Taylor_Coleridge| , English poet, philosopher, and critic    |1775|1775| |_Giuseppe_Baini|Giuseppe_Baini| , Italian priest, composer, and critic    |1790|1790| |_Alphonse_de_Lamartine|Alphonse_De_Lamartine| , French poet and politician,  |French_Head_of_State|French_Head_Of_State| |_1811|1811| |_Filippo_Colini|Filippo_Colini| , Italian operatic baritone    |1821|1821| |_Sims_Reeves|Sims_Reeves| , English tenor and actor    |1833|1833| |_Alfred_Nobel|Alfred_Nobel| , Swedish chemist and engineer, invented  |dynamite|Dynamite|  and founded the  |Nobel_Prize|Nobel_Prize| |_1845|1845| |_Will_Carleton|Will_Carleton| , American poet and journalist    |1847|1847| |_Giuseppe_Giacosa|Giuseppe_Giacosa| , Italian poet and playwright    |1851|1851| |_George_Ulyett|George_Ulyett| , English cricketer and footballer    |1868|1868| |_Ernest_Swinton|Ernest_Swinton| , British Army officer    |1874|1874| |_Tan_Kah_Kee|Tan_Kah_Kee| , Chinese businessman, community leader, communist and philanthropist    |1877|1877| |_Oswald_Avery|Oswald_Avery| , Canadian-American physician and microbiologist    |1884|1884| |_Claire_Waldoff|Claire_Waldoff| , German singer and actress    |1886|1886| |_Eugene_Burton_Ely|Eugene_Burton_Ely| , American soldier and pilot    |1887|1887| |_Krishna_Singh|Krishna_Singh| , Indian lawyer and politician, 1st  |Chief_Minister_of_Bihar|Chief_Minister_Of_Bihar| |_1894|1894| |_Edogawa_Ranpo|Edogawa_Ranpo| , Japanese author and critic    |1895|1895| |_Paavo_Johansson|Paavo_Johansson| , Finnish javelin thrower and decathlete   1895    |Edna_Purviance|Edna_Purviance| , American actress    |1896|1896| |_Esther_Shumiatcher_Hirschbein|Esther_Shumiatcher_Hirschbein| , Russian-Canadian poet and screenwriter    |1898|1898| |_Eduard_Pütsep|Eduard_Pütsep| , Estonian wrestler and actor    |1900|1900| |_Andrée_Boisson|Andrée_Boisson| , French Olympic fencer    |1907|1907| |_Nikos_Engonopoulos|Nikos_Engonopoulos| , Greek painter and poet    |1908|1908| |_Niyazi_Berkes|Niyazi_Berkes| , Cypriot-English sociologist and academic    |1911|1911| |_Mary_Blair|Mary_Blair| , American illustrator and animator    |1912|1912| |_Don_Byas|Don_Byas| , American saxophonist and educator   1912    |Alfredo_Pián|Alfredo_Pián| , Argentinian race car driver   1912    |Georg_Solti|Georg_Solti| , Hungarian-English conductor and director    |1914|1914| |_Martin_Gardner|Martin_Gardner| , American mathematician and author    |1915|1915| |_Owen_Bradley|Owen_Bradley| , American country music record producer    |1917|1917| |_Dizzy_Gillespie|Dizzy_Gillespie| , American trumpet player, composer, and bandleader    |1918|1918| |_Milton_Himmelfarb|Milton_Himmelfarb| , American sociologist and author   1918    |Albertina_Sisulu|Albertina_Sisulu| , South African anti-apartheid activist    |1919|1919| |_Jim_Wallwork|Jim_Wallwork| , English-Canadian sergeant and pilot    |1921|1921| |_Malcolm_Arnold|Malcolm_Arnold| , English composer   1921    |Bruce_Beeby|Bruce_Beeby| , Australian-English actor   1921    |Robert_Clothier|Robert_Clothier| , Canadian actor   1921    |Jim_Shumate|Jim_Shumate| , American fiddler and composer   1921    |Ingrid_van_Houten_Groeneveld|Ingrid_Van_Houten_Groeneveld| , Dutch astronomer and academic    |1922|1922| |_Liliane_Bettencourt|Liliane_Bettencourt| , French businesswoman and philanthropist    |1923|1923| |_Samuel_Khachikian|Samuel_Khachikian| , Iranian director, screenwriter, and author    |1924|1924| |_Joyce_Randolph|Joyce_Randolph| , American actress   1924    |Julie_Wilson|Julie_Wilson| , American actress and singer    |1925|1925| |_Celia_Cruz|Celia_Cruz| , Cuban-American singer   1925    |Virginia_Zeani|Virginia_Zeani| , Romanian soprano and educator    |1926|1926| |_Bob_Rosburg|Bob_Rosburg| , American golfer   1926    |Leonard_Rossiter|Leonard_Rossiter| , English actor    |1927|1927| |_Fritz_Wintersteller|Fritz_Wintersteller| , Austrian mountaineer   1927    |Howard_Zieff|Howard_Zieff| , American director and photographer    |1928|1928| |_Whitey_Ford|Whitey_Ford| , American baseball player and coach   1928    |Eudóxia_Maria_Froehlich|Eudóxia_Maria_Froehlich| , Brazilian zoologist   1928    |Vern_Mikkelsen|Vern_Mikkelsen| , American basketball player and coach    |1929|1929| |_Pierre_Bellemare|Pierre_Bellemare| , French radio and television host   1929    |Fritz_Hollaus|Fritz_Hollaus| , Austrian footballer   1929    |Ursula_K_Le_Guin|Ursula_K_Le_Guin| , American author and critic    |1930|1930| |_Ivan_Silayev|Ivan_Silayev| , Russian engineer and politician, 19th  |Prime_Minister_of_Russia|Prime_Minister_Of_Russia| |_1931|1931| |_Shammi_Kapoor|Shammi_Kapoor| , Indian actor and director   1931    |Jim_Parks_junior|Jim_Parks_Junior| , English cricketer and manager    |1932|1932| |_Pál_Csernai|Pál_Csernai| , Hungarian footballer and manager    |1933|1933| |_Maureen_Duffy|Maureen_Duffy| , English author, poet, and playwright   1933    |Francisco_Gento|Francisco_Gento| , Spanish footballer and manager    |1935|1935| |_Derek_Bell|Derek_Bell| , Irish harp player, pianist, and songwriter   1935    |Mel_Street|Mel_Street| , American country music singer-songwriter and guitarist    |1937|1937| |_Said_Afandi_al_Chirkawi|Said_Afandi_Al_Chirkawi| , Russian spiritual leader and scholar   1937    |Hank_Nelson|Hank_Nelson| , Australian historian and academic    |1938|1938| |_Carl_Brewer|Carl_Brewer| , Canadian ice hockey player    |1940|1940| |_Geoffrey_Boycott|Geoffrey_Boycott| , English cricketer and sportscaster   1940    |Frances_FitzGerald|Frances_Fitzgerald| , American journalist and author   1940    |Rhoda_Gemignani|Rhoda_Gemignani| , American actress   1940    |Manfred_Mann|Manfred_Mann| , South African-English keyboard player and producer   1940    |Marita_Petersen|Marita_Petersen| , Faroese educator and politician,  |Prime_Minister_of_the_Faroe_Islands|Prime_Minister_Of_The_Faroe_Islands| |_1941|1941| |_Steve_Cropper|Steve_Cropper| , American guitarist, songwriter, producer, and actor    |1942|1942| |_Elvin_Bishop|Elvin_Bishop| , American singer-songwriter and guitarist   1942    |Allan_Grice|Allan_Grice| , Australian race car driver and politician   1942    |Lou_Lamoriello|Lou_Lamoriello| , American ice hockey player, coach, and manager   1942    |Judy_Sheindlin|Judy_Sheindlin| , American judge and television host   1942    |Christopher_A_Sims|Christopher_A_Sims| , American economist and statistician,  |Nobel_Prize|Nobel_Memorial_Prize_In_Economic_Sciences|  laureate   1942    |John_Stevens_Baron_Stevens_of_Kirkwhelpington|John_Stevens_Baron_Stevens_Of_Kirkwhelpington| , English police officer and academic    |1943|1943| |_Tariq_Ali|Tariq_Ali| , Pakistani historian and author   1943    |Ron_Elliott|Ron_Elliott| , American singer-songwriter, guitarist, and composer    |1944|1944| |_Mandy_Rice_Davies|Mandy_Rice_Davies| , English model and actress   1944    |Michael_Tugendhat|Michael_Tugendhat| , English lawyer and judge    |1945|1945| |_Nikita_Mikhalkov|Nikita_Mikhalkov| , Russian filmmaker    |1945|1945| |_Michael_White|Michael_White| , English journalist    |1946|1946| |_Jane_Heal|Jane_Heal| , English philosopher and academic   1946    |Jim_Hill|Jim_Hill| , American football player and sportscaster   1946    |Lux_Interior|Lux_Interior| , American singer-songwriter   1946    |Lee_Loughnane|Lee_Loughnane| , American singer-songwriter and trumpet player    |1948|1948| |_Shaye_J_D_Cohen|Shaye_J_D_Cohen| , American historian and academic   1948    |Allen_Henry_Vigneron|Allen_Henry_Vigneron| , American archbishop    |1949|1949| |_Michel_Brière|Michel_Brière| , Canadian ice hockey player   1949    |Mike_Keenan|Mike_Keenan| , Canadian ice hockey player and coach   1949    |Benjamin_Netanyahu|Benjamin_Netanyahu| , Israeli captain and politician, 9th  |Prime_Minister_of_Israel|Prime_Minister_Of_Israel| |_1950|1950| |_Ronald_McNair|Ronald_Mcnair| , American physicist and astronaut   1950    |Leela_Vernon|Leela_Vernon| , Belizean musician and cultural conservationist     |1952|1952| |_Patti_Davis|Patti_Davis| , American actress and author   1952    |Allen_Hoey|Allen_Hoey| , American poet and author   1952    |Brent_Mydland|Brent_Mydland| , German-American keyboard player    |1953|1953| |_Charlotte_Caffey|Charlotte_Caffey| , American guitarist and songwriter   1953    |Eric_Faulkner|Eric_Faulkner| , Scottish singer-songwriter and guitarist   1953    |Keith_Green|Keith_Green| , American singer-songwriter, pianist, and minister   1953    |Marc_Johnson|Marc_Johnson| , American bassist, composer, and bandleader   1953    |Peter_Mandelson|Peter_Mandelson| , English journalist and politician,  |Secretary_of_State_for_Northern_Ireland|Secretary_Of_State_For_Northern_Ireland| |_1954|1954| |_Brian_Tobin|Brian_Tobin| , Canadian journalist and politician, 6th  |Premier_of_Newfoundland|Premier_Of_Newfoundland| |_1955|1955| |_Dick_DeVos|Dick_Devos| , American businessman   1955    |Fred_Hersch|Fred_Hersch| , American pianist and composer   1955    |Rich_Mullins|Rich_Mullins| , American singer-songwriter    |1956|1956| |_Carrie_Fisher|Carrie_Fisher| , American actress and screenwriter   1956    |Mike_Tully|Mike_Tully| , American pole vaulter    |1957|1957| |_Julian_Cope|Julian_Cope| , English singer-songwriter   1957    |Wolfgang_Ketterle|Wolfgang_Ketterle| , German physicist and academic,  |Nobel_Prize|Nobel_Prize_In_Physics|  laureate   1957    |Steve_Lukather|Steve_Lukather| , American singer-songwriter, guitarist, and producer    |1958|1958| |_Andre_Geim|Andre_Geim| , Russian-English physicist and academic,  |Nobel_Prize|Nobel_Prize_In_Physics|  laureate    |1959|1959| |_George_Bell|George_Bell| , Dominican baseball player   1959    |Rose_McDowall|Rose_Mcdowall| , Scottish singer-songwriter and guitarist   1959    |Andy_Picheta|Andy_Picheta| , English director, producer, and screenwriter   1959    |Kevin_Sheedy|Kevin_Sheedy| , Welsh-Irish footballer and manager   1959    |Ken_Watanabe|Ken_Watanabe| , Japanese actor and producer    |1962|1962| |_David_Campese|David_Campese| , Australian rugby player and coach    |1964|1964| |_Jon_Carin|Jon_Carin| , American singer-songwriter, guitarist, and producer    |1965|1965| |_Ion_Andoni_Goikoetxea|Ion_Andoni_Goikoetxea| , Spanish footballer and manager   1965    |Horace_Hogan|Horace_Hogan| , American wrestler   1965    |Hisashi_Imai|Hisashi_Imai| , Japanese singer-songwriter and guitarist    |1966|1966| |_Phillip_Price|Phillip_Price| , Welsh golfer   1966    |Igor_Prins|Igor_Prins| , Estonian footballer and manager   1966    |Arne_Sandstø|Arne_Sandstø| , Norwegian footballer and manager    |1967|1967| |_Georgi_Dakov|Georgi_Dakov| , Bulgarian high jumper   1967    |Paul_Ince|Paul_Ince| , English footballer and manager   1967    |Gavin_Lovegrove|Gavin_Lovegrove| , New Zealand javelin thrower and graphic designer    |1968|1968| |_Alexandros_Alexandris|Alexandros_Alexandris| , Greek footballer and manager   1968    |Kerstin_Andreae|Kerstin_Andreae| , German politician    |1969|1969| |_Michael_Hancock|Michael_Hancock| , Australian rugby league player   1969    |Mo_Lewis|Mo_Lewis| , American football player    |1970|1970| |_Louis_Koo|Louis_Koo| , Hong Kong actor and singer    |1971|1971| |_Hal_Duncan|Hal_Duncan| , Scottish author and poet   1971    |Damien_Martyn|Damien_Martyn| , Australian cricketer   1971    |Nick_Oliveri|Nick_Oliveri| , American singer-songwriter and bass player   1971    |Conor_OShea|Conor_Oshea| , Irish rugby player and coach   1971    |Paul_Telfer|Paul_Telfer| , Scottish footballer and coach   1971    |Thomas_Ulsrud|Thomas_Ulsrud| , Norwegian curler    |1972|1972| |_Matthew_Friedberger|Matthew_Friedberger| , American singer-songwriter and guitarist   1972    |Orlando_Thomas|Orlando_Thomas| , American football player   1972    |Evhen_Tsybulenko|Evhen_Tsybulenko| , Ukrainian scholar and academic   1972    |Ashutosh_Agashe|Ashutosh_Agashe| , Indian businessman and cricketer    |1973|1973| |_Lera_Auerbach|Lera_Auerbach| , Russian-American pianist and composer   1973    |Charlie_Lowell|Charlie_Lowell| , American pianist and songwriter    |1974|1974| |_Costel_Busuioc|Costel_Busuioc| , Romanian tenor    |1975|1975| |_Toby_Hall|Toby_Hall| , American baseball player   1975    |Henrique_Hilário|Henrique_Hilário| , Portuguese footballer    |1976|1976| |_Henrik_Gustavsson|Henrik_Gustavsson| , Swedish footballer   1976    |Jeremy_Miller|Jeremy_Miller| , American actor and singer   1976    |Lavinia_Miloșovici|Lavinia_Miloșovici| , Romanian gymnast   1976    |Josh_Ritter|Josh_Ritter| , American singer-songwriter and guitarist   1976    |Mélanie_Turgeon|Mélanie_Turgeon| , Canadian skier    |1978|1978| |_Joey_Harrington|Joey_Harrington| , American football player and sportscaster   1978    |Henrik_Klingenberg|Henrik_Klingenberg| , Finnish singer and keyboard player    |1979|1979| |_Khalil_Greene|Khalil_Greene| , American baseball player   1979    |Gabe_Gross|Gabe_Gross| , American baseball player    |1980|1980| |_Kim_Kardashian|Kim_Kardashian| , American reality television personality, actress, model, businesswoman and socialite   1980    |Brian_Pittman|Brian_Pittman| , American bass player    |1981|1981| |_Martin_Castrogiovanni|Martin_Castrogiovanni| , Argentinian-Italian rugby player   1981    |Nemanja_Vidić|Nemanja_Vidić| , Serbian footballer    |1982|1982| |_Matt_Dallas|Matt_Dallas| , American actor   1982    |Jim_Henderson|Jim_Henderson| , American baseball player   1982    |Antony_Kay|Antony_Kay| , English footballer   1982    |Hari_Kondabolu|Hari_Kondabolu| , American comedian, actor, and podcaster   1982    |Ray_Ventrone|Ray_Ventrone| , American football player   1982    |Lee_Chong_Wei|Lee_Chong_Wei| , Malaysian badminton player   1982    |James_White|James_White| , American basketball player   1982    |Tim_Wildsmith|Tim_Wildsmith| , American singer-songwriter and pianist    |1983|1983| |_Casey_Fien|Casey_Fien| , American baseball player   1983    |Zack_Greinke|Zack_Greinke| , American baseball player   1983    |Gonzalo_Klusener|Gonzalo_Klusener| , Argentinian footballer   1983    |Andy_Marte|Andy_Marte| , Dominican baseball player   1983    |Amber_Rose|Amber_Rose| , American model   1983    |Chris_Sherrington|Chris_Sherrington| , English-Scottish martial artist   1983    |Ninet_Tayeb|Ninet_Tayeb| , Israeli singer   1983    |Shelden_Williams|Shelden_Williams| , American basketball player    |1984|1984| |_Anna_Bogdanova|Anna_Bogdanova| , Russian heptathlete   1984    |Tom_Brandstater|Tom_Brandstater| , American football player   1984    |Kenny_Cooper|Kenny_Cooper| , American soccer player   1984    |Anouk_Leblanc_Boucher|Anouk_Leblanc_Boucher| , Canadian speed skater   1984    |José_Lobatón|José_Lobatón| , Venezuelan baseball player   1984    |Marvin_Mitchell|Marvin_Mitchell| , American football player   1984    |Kieran_Richardson|Kieran_Richardson| , English footballer    |1985|1985| |_Simone_Bracalello|Simone_Bracalello| , Italian footballer   1985    |Dean_Collis|Dean_Collis| , Australian rugby league player    |1986|1986| |_Almen_Abdi|Almen_Abdi| , Swiss footballer   1986    |Chibuzor_Chilaka|Chibuzor_Chilaka| , Nigerian footballer   1986    |Scott_Rendell|Scott_Rendell| , English footballer    |1987|1987| |_Justin_De_Fratus|Justin_De_Fratus| , American baseball player   1987    |Andrey_Grechin|Andrey_Grechin| , Russian swimmer    |1988|1988| |_Ricki_Olsen|Ricki_Olsen| , Danish footballer   1988    |Daniel_Schorn|Daniel_Schorn| , Austrian cyclist    |1989|1989| |_Mads_Dahm|Mads_Dahm| , Norwegian footballer   1989    |Luke_Murphy|Luke_Murphy| , English footballer   1989    |Jonathan_Viera|Jonathan_Viera| , Spanish footballer   1989    |Sam_Vokes|Sam_Vokes| , English-Welsh footballer    |1990|1990| |_Bengali_Fodé_Koita|Bengali_Fodé_Koita| , French footballer   1990    |Mathieu_Peybernes|Mathieu_Peybernes| , French footballer   1990    |Ricky_Rubio|Ricky_Rubio| , Spanish basketball player    |1991|1991| |_Tom_Eastman|Tom_Eastman| , English footballer   1991    |Geoffry_Hairemans|Geoffry_Hairemans| , Belgian footballer   1991    |Rob_Keogh|Rob_Keogh| , English cricketer   1991    |Vadaine_Oliver|Vadaine_Oliver| , English footballer   1991    |Harry_Pell|Harry_Pell| , English footballer    |1992|1992| |_Marzia_Bisognin|Marzia_Bisognin| , Italian businessperson and former YouTuber   1992    |Bernard_Tomic|Bernard_Tomic| , German-Australian tennis player    |1995|1995| |_Cameron_Burgess|Cameron_Burgess| , Scottish-Australian footballer   1995    |Antoinette_Guedia_Mouafo|Antoinette_Guedia_Mouafo| , Cameroonian swimmer          |645|645| |_Zhenzhu_Khan|Zhenzhu_Khan| , khan of  |Xueyantuo|Xueyantuo| |_1023|1023| |_Gero|Gero| , Archbishop of Magdeburg    |1096|1096| |_Walter_Sans_Avoir|Walter_Sans_Avoir| , a leader of the  |First_Crusade|First_Crusade| |_1125|1125| |_Cosmas_of_Prague|Cosmas_Of_Prague| , Bohemian priest and historian    |1204|1204| |_Robert_de_Beaumont_4th_Earl_of_Leicester|Robert_De_Beaumont_4Th_Earl_Of_Leicester| , English politician    |1221|1221| |_Alix_Duchess_of_Brittany|Alix_Duchess_Of_Brittany| |_1266|1266| |_Birger_Jarl|Birger_Jarl| , Swedish politician    |1314|1314| |_Geoffrey_de_Geneville_1st_Baron_Geneville|Geoffrey_De_Geneville_1St_Baron_Geneville| |_1422|1422| |_Charles_VI_of_France|Charles_Vi_Of_France| |_1500|1500| |_Emperor_Go_Tsuchimikado|Emperor_Go_Tsuchimikado|  of Japan    |1505|1505| |_Paul_Scriptoris|Paul_Scriptoris| , German mathematician and educator    |1556|1556| |_Pietro_Aretino|Pietro_Aretino| , Italian author    |1558|1558| |_Julius_Caesar_Scaliger|Julius_Caesar_Scaliger| , Italian physician and scholar   1600    |Ōtani_Yoshitsugu|Ōtani_Yoshitsugu| , Japanese samurai    |1623|1623| |_William_Wade|William_Wade| , English politician and diplomat,  |Lieutenant_of_the_Tower_of_London|Lieutenant_Of_The_Tower_Of_London| |_1662|1662| |_Henry_Lawes|Henry_Lawes| , English pianist and composer    |1687|1687| |_Edmund_Waller|Edmund_Waller| , English poet and politician    |1765|1765| |_Giovanni_Paolo_Panini|Giovanni_Paolo_Panini| , Italian painter and architect    |1775|1775| |_Peyton_Randolph|Peyton_Randolph| , American lawyer and politician, 1st  |President_of_the_Continental_Congress|President_Of_The_Continental_Congress| |_1777|1777| |_Samuel_Foote|Samuel_Foote| , English actor and playwright    |1805|1805| |_John_Cooke|John_Cooke| , English captain   1805    |George_Duff|George_Duff| , Scottish captain   1805    |Horatio_Nelson_1st_Viscount_Nelson|Horatio_Nelson_1St_Viscount_Nelson| , English admiral    |1821|1821| |_Dorothea_Ackermann|Dorothea_Ackermann| , German actress    |1835|1835| |_Muthuswami_Dikshitar|Muthuswami_Dikshitar| , Indian poet and composer    |1861|1861| |_Edward_Dickinson_Baker|Edward_Dickinson_Baker| , American congressman and colonel    |1872|1872| |_Jacques_Babinet|Jacques_Babinet| , French physicist, mathematician, and astronomer    |1873|1873| |_Johan_Sebastian_Welhaven|Johan_Sebastian_Welhaven| , Norwegian author, poet, and critic    |1896|1896| |_James_Henry_Greathead|James_Henry_Greathead| , South African-English engineer    |1903|1903| |_Jinmaku_Kyūgorō|Jinmaku_Kyūgorō| , Japanese sumo wrestler, the 12th  |Yokozuna|Makuuchiyokozuna| |_1904|1904| |_Isabelle_Eberhardt|Isabelle_Eberhardt| , Swiss explorer and journalist    |1907|1907| |_Jules_Chevalier|Jules_Chevalier| , French priest, founded the  |Missionaries_of_the_Sacred_Heart|Missionaries_Of_The_Sacred_Heart| |_1931|1931| |_Arthur_Schnitzler|Arthur_Schnitzler| , Austrian author and playwright    |1938|1938| |_Dorothy_Hale|Dorothy_Hale| , American actress    |1940|1940| |_William_G_Conley|William_G_Conley| , American journalist, lawyer, and politician, 18th  |Governor_of_West_Virginia|Governor_Of_West_Virginia| |_1941|1941| |_Alexander_Greenlaw_Hamilton|Alexander_Greenlaw_Hamilton| , Australian biologist    |1944|1944| |_Alois_Kayser|Alois_Kayser| , German-French missionary    |1952|1952| |_Hans_Merensky|Hans_Merensky| , South African geologist and philanthropist    |1963|1963| |_Józef_Franczak|Józef_Franczak| , Polish sergeant    |1965|1965| |_Bill_Black|Bill_Black| , American bass player and bandleader    |1969|1969| |_Jack_Kerouac|Jack_Kerouac| , American novelist and poet   1969    |Wacław_Sierpiński|Wacław_Sierpiński| , Polish mathematician and academic    |1970|1970| |_Li_Linsi|Li_Linsi| , Chinese educator and diplomat    |1971|1971| |_Minnie_Evans|Minnie_Evans| , Potawatomi leader    |1973|1973| |_Nasif_Estéfano|Nasif_Estéfano| , Argentinian race car driver    |1975|1975| |_Charles_Reidpath|Charles_Reidpath| , American runner and general    |1977|1977| |_Ferit_Tüzün|Ferit_Tüzün| , Turkish composer    |1978|1978| |_Anastas_Mikoyan|Anastas_Mikoyan| , Armenian-Russian civil servant and politician    |1980|1980| |_Hans_Asperger|Hans_Asperger| , Austrian physician and psychologist    |1982|1982| |_Radka_Toneff|Radka_Toneff| , Norwegian singer-songwriter    |1983|1983| |_Joseph_P_Lordi|Joseph_P_Lordi| , American government official    |1984|1984| |_François_Truffaut|François_Truffaut| , French actor, director, producer, and screenwriter    |1985|1985| |_Dan_White|Dan_White| , American assassin and politician    |1986|1986| |_Lionel_Murphy|Lionel_Murphy| , Australian jurist and politician, 22nd  |Attorney_General_of_Australia|Attorney_General_Of_Australia| |_1989|1989| |_Jean_Image|Jean_Image| , Hungarian-French director, producer, and screenwriter    |1990|1990| |_Dany_Chamoun|Dany_Chamoun| , Lebanese engineer and politician   1990    |Prabhat_Ranjan_Sarkar|Prabhat_Ranjan_Sarkar| , Indian philosopher and author    |1991|1991| |_Lorenc_Antoni|Lorenc_Antoni| , Albanian composer, conductor, and musicologist    |1992|1992| |_Ante_Ciliga|Ante_Ciliga| , Croatian politician, writer and publisher   1992    |Jim_Garrison|Jim_Garrison| , American lawyer and judge    |1993|1993| |_Sam_Zolotow|Sam_Zolotow| , American journalist and critic    |1995|1995| |_Maxene_Andrews|Maxene_Andrews| , American singer   1995    |Jesús_Blasco|Jesús_Blasco| , Spanish author and illustrator   1995    |Nancy_Graves|Nancy_Graves| , American sculptor and painter   1995    |Shannon_Hoon|Shannon_Hoon| , American singer-songwriter and guitarist    |1996|1996| |_Georgios_Zoitakis|Georgios_Zoitakis| , Greek general and politician    |1998|1998| |_Francis_W_Sargent|Francis_W_Sargent| , American soldier and politician, 64th  |Governor_of_Massachusetts|Governor_Of_Massachusetts| |_1999|1999| |_Lars_Bo|Lars_Bo| , Danish author and illustrator   1999    |Ahmet_Taner_Kışlalı|Ahmet_Taner_Kışlalı| , Turkish political scientist, lawyer, and politician    |2003|2003| |_Louise_Day_Hicks|Louise_Day_Hicks| , American politician   2003    |Luis_A_Ferré|Luis_A_Ferré| , Puerto Rican engineer and politician, 3rd  |Governor_of_Puerto_Rico|Governor_Of_Puerto_Rico|    2003    |Elliott_Smith|Elliott_Smith| , American singer-songwriter and guitarist    |2006|2006| |_Sandy_West|Sandy_West| , American singer-songwriter and drummer    |2007|2007| |_Paul_Fox|Paul_Fox| , English singer-songwriter and guitarist    |2010|2010| |_A_Ayyappan|A_Ayyappan| , Indian poet and translator    |2011|2011| |_Hikmet_Bilâ|Hikmet_Bilâ| , Turkish journalist and author   2011    |Tone_Pavček|Tone_Pavček| , Slovenian poet and author    |2012|2012| |_Yash_Chopra|Yash_Chopra| , Indian director, producer, and screenwriter   2012    |Antoni_Dobrowolski|Antoni_Dobrowolski| , Polish educator   2012    |Jaroslav_Kozlík|Jaroslav_Kozlík| , Czech volleyball player and educator   2012    |Alf_Kumalo|Alf_Kumalo| , South African photographer and journalist   2012    |George_McGovern|George_Mcgovern| , American historian, lieutenant, and politician    |2013|2013| |_Bud_Adams|Bud_Adams| , American businessman   2013    |Gianni_Ferrio|Gianni_Ferrio| , Italian composer and conductor   2013    |Rune_T_Kidde|Rune_T_Kidde| , Danish author, poet, and illustrator   2013    |Colonel_Robert_Morris|Colonel_Robert_Morris| , American singer-songwriter and drummer   2013    |Major_Owens|Major_Owens| , American librarian and politician   2013    |Tony_Summers|Tony_Summers| , Welsh swimmer   2013    |Oscar_Yanes|Oscar_Yanes| , Venezuelan journalist and author    |2014|2014| |_Ben_Bradlee|Ben_Bradlee| , American journalist and author   2014    |Nelson_Bunker_Hunt|Nelson_Bunker_Hunt| , American businessman   2014    |Mohammad_Reza_Mahdavi_Kani|Mohammad_Reza_Mahdavi_Kani| , Iranian cleric and politician,  |Prime_Minister_of_Iran|Prime_Minister_Of_Iran|    2014    |Edith_Kawelohea_McKinzie|Edith_Kawelohea_Mckinzie| , Hawaiian genealogist, author, and hula expert   2014    |Gough_Whitlam|Gough_Whitlam| , Australian lieutenant, lawyer, and politician, 21st  |Prime_Minister_of_Australia|Prime_Minister_Of_Australia| |_2015|2015| |_France_Bučar|France_Bučar| , Slovenian lawyer and politician   2015    |Marty_Ingels|Marty_Ingels| , American actor   2015    |Norman_W_Moore|Norman_W_Moore| , English conservationist and author   2015    |Sheldon_Wolin|Sheldon_Wolin| , American philosopher, theorist, and academic          |Apple_Day|Apple_Day| |_Armed_Forces_Day|Public_Holidays_In_Honduras|     Christian  |feast_day|Feast_Day| |Asterius_of_Ostia|Asterius_Of_Ostia| |_Berthold_of_Parma|Berthold_Of_Parma| |_Charles_of_Austria|Charles_I_Of_Austria| |_Fintán_of_Taghmon|Fintán_Of_Taghmon| |_Hilarion|Hilarion| |_John_of_Bridlington|John_Of_Bridlington| |_Laura_of_Saint_Catherine_of_Siena|Laura_Of_Saint_Catherine_Of_Siena| |_Leticia|Saint_Leticia| |_Malchus_of_Syria|Malchus_Of_Syria| |_Peter_Yu_Tae_chol|Peter_Yu_Tae_Chol| |_Severinus_of_Bordeaux|Severinus_Of_Bordeaux| |_Tuda_of_Lindisfarne|Tuda_Of_Lindisfarne| |_Ursula|Saint_Ursula| |_Viator_of_Lyons|Viator_Of_Lyons| |_October_21_|October_21| |_Egyptian_Naval_Day|Public_Holidays_In_Egypt| |_Indian_Police_Commemoration_Day|Central_Reserve_Police_Force| |_National_Nurses_Day|National_Nurses_Day| |_Ndadaye_Day|Ndadaye_Day| |_Overseas_Chinese_Day|Overseas_Chinese_Day| |_Trafalgar_Day|Trafalgar_Day| |_Birth_of_the_Báb_|Twin_Holy_Birthdays|   .