|476|476| |Romulus_Augustulus|Romulus_Augustulus|  is deposed when  |Odoacer|Odoacer|  proclaims himself  |King_of_Italy|King_Of_Italy|  , thus  |ending_the_Western_Roman_Empire|Fall_Of_The_Western_Roman_Empire| .    |626|626|    Li Shimin,  |posthumously|Posthumous_Name|  known as  |Emperor_Taizong_of_Tang|Emperor_Taizong_Of_Tang| , assumes the throne over the  |Tang_dynasty|Tang_Dynasty|  of China.    |929|929| |Battle_of_Lenzen|Battle_Of_Lenzen| |Slavic|Slavs|  forces  are defeated by a  |Saxon|Duchy_Of_Saxony|  army near the fortified stronghold of  |Lenzen|Lenzen|  in  |Brandenburg|Brandenburg| .    |1260|1260|    The  |Sienese|Siena| |Ghibellines|Ghibellines| , supported by the forces of  |Manfred,_King_of_Sicily|Manfred,_King_Of_Sicily| , defeat the  |Florentine|Florence| |Guelphs|Guelphs|  at  |Montaperti|Battle_Of_Montaperti| .    |1282|1282| |Peter_III_of_Aragon|Peter_Iii_Of_Aragon|  becomes the King of Sicily.    |1479|1479|    The  |Treaty_of_Alcáçovas|Treaty_Of_Alcáçovas|  is signed by the  |Catholic_Monarchs|Catholic_Monarchs|  of  |Castile|Crown_Of_Castile|  and  |Aragon|Crown_Of_Aragon|  on one side and  |Afonso_V|Afonso_V_Of_Portugal|  and his son,  |Prince_John|John_Ii_Of_Portugal|  of Portugal.    |1607|1607|    The  |Flight_of_the_Earls|Flight_Of_The_Earls|  takes place in  |Ireland|Ireland| .    |1666|1666|    In London, England, the most destructive damage from the  |Great_Fire|Great_Fire_Of_London|  occurs.    |1774|1774| |New_Caledonia|New_Caledonia|  is first sighted by Europeans, during the second voyage of Captain  |James_Cook|James_Cook| .    |1781|1781|    Los Angeles is founded as  |El_Pueblo_de_Nuestra_Señora_La_Reina_de_los_Ángeles|Pueblo_De_Los_Ángeles|  by  |44_Spanish_settlers|Los_Pobladores| .    |1797|1797| |Coup_of_18_Fructidor|Coup_Of_18_Fructidor|  in France.    |1800|1800|    The French garrison in  |Valletta|Valletta|  surrenders to British troops who had been called at the invitation of the  |Maltese|Maltese_People| . The islands of  |Malta|Malta|  and  |Gozo|Gozo|  become the  |Malta_Protectorate|Malta_Protectorate| .    |1812|1812| |War_of_1812|War_Of_1812| |Siege_of_Fort_Harrison|Siege_Of_Fort_Harrison|  begins when the fort is set on fire.    |1839|1839| |Battle_of_Kowloon|Battle_Of_Kowloon| |junks|Junk|  enforcing a food sales embargo on the British community in China in the first armed conflict of the  |First_Opium_War|First_Opium_War| .    |1862|1862| |American_Civil_War|American_Civil_War| |Maryland_Campaign|Maryland_Campaign| |Robert_E._Lee|Robert_E._Lee|  takes the Army of Northern Virginia, and the war, into the North.    |1870|1870|    Emperor  |Napoleon_III|Napoleon_Iii|  of France is deposed and the  |Third_Republic|French_Third_Republic|  is declared.    |1882|1882|    The  |Pearl_Street_Station|Pearl_Street_Station|  in New York City becomes the first power plant to supply electricity to paying customers.    |1886|1886| |American_Indian_Wars|American_Indian_Wars| |Apache|Apache|  leader  |Geronimo|Geronimo| , with his remaining warriors, surrenders to General  |Nelson_Miles|Nelson_Miles|  in  |Arizona|Arizona| .    |1888|1888| |George_Eastman|George_Eastman|  registers the trademark  Kodak  and receives a patent for his  |camera|Camera|  that uses roll film.    |1912|1912| |Albania|Albania| n rebels succeed in  |their_revolt|Albanian_Revolt_Of_1912|  when the Ottoman Empire agrees to fulfill their demands    |1919|1919| |Mustafa_Kemal_Atatürk|Mustafa_Kemal_Atatürk| , who founded the Republic of  |Turkey|Turkey| , gathers a congress in  |Sivas|Sivas_Congress|  to make decisions as to the future of  |Anatolia|Anatolia|  and  |Thrace|Thrace| .    |1923|1923|    Maiden flight of the first U.S.  |airship|Airship| , the .    |1939|1939| |World_War_II|World_War_Ii| |William_J._Murphy|William_J._Murphy|  commands the first Royal Air Force attack on Germany.    |1941|1941|    World War II: A German submarine makes the first attack of the war against a United States warship, the .    |1944|1944|    World War II: The British  |11th_Armoured_Division|11Th_Armoured_Division|  liberates the Belgian city of  |Antwerp|Antwerp| .   1944   World War II: Finland exits from the  |war_with_Soviet_Union|Continuation_War| .    |1948|1948|    Queen  |Wilhelmina_of_the_Netherlands|Wilhelmina_Of_The_Netherlands|  abdicates for health reasons.    |1949|1949|    The  |Peekskill_riots|Peekskill_Riots|  erupt after a  |Paul_Robeson|Paul_Robeson|  concert in  |Peekskill,_New_York|Peekskill,_New_York| .    |1950|1950| |Darlington_Raceway|Darlington_Raceway|  is the site of the inaugural  |Southern_500|Southern_500| , the first 500-mile  |NASCAR|Nascar|  race.    |1951|1951|    The first live transcontinental television broadcast takes place in  |San_Francisco|San_Francisco| , from the  |Japanese_Peace_Treaty_Conference|Japanese_Peace_Treaty_Conference| .    |1957|1957| |American_Civil_Rights_Movement|American_Civil_Rights_Movement| |Little_Rock_Crisis|Little_Rock_Crisis| |Orval_Faubus|Orval_Faubus| ,  |governor_of_Arkansas|Governor_Of_Arkansas| , calls out the  |National_Guard|Arkansas_National_Guard|  to prevent African American students from enrolling in  |Central_High_School|Little_Rock_Central_High_School| .   1957   The  |Ford_Motor_Company|Ford_Motor_Company|  introduces the  |Edsel|Edsel| .    |1963|1963| |Swissair_Flight_306|Swissair_Flight_306|  crashes near  |Dürrenäsch|Dürrenäsch| , Switzerland, killing all 80 people on board.    |1964|1964|    Scotlands  |Forth_Road_Bridge|Forth_Road_Bridge|  near  |Edinburgh|Edinburgh|  officially opens.    |1967|1967| |Vietnam_War|Vietnam_War| |Operation_Swift|Operation_Swift|  begins when  |U.S._Marines|United_States_Marines|  engage the  |North_Vietnam|North_Vietnam| ese in battle in the  |Que_Son_Valley|Khe_Sanh| .    |1970|1970| |Salvador_Allende|Salvador_Allende|  is elected President of  |Chile|Chile| .    |1971|1971| |Alaska_Airlines_Flight_1866|Alaska_Airlines_Flight_1866|  crashes near  |Juneau,_Alaska|Juneau,_Alaska| , killing all 111 people on board.    |1972|1972| |Mark_Spitz|Mark_Spitz|  becomes the first competitor to win seven medals at a single  |Olympic_Games|Olympic_Games| .   1972    The Price Is Right  premieres on CBS. As of 2018, it is the longest running game show on American television.    |1975|1975|    The  |Sinai_Interim_Agreement|Sinai_Interim_Agreement|  relating to the  |Arab–Israeli_conflict|Arab–Israeli_Conflict|  is signed.    |1977|1977|    The  |Golden_Dragon_massacre|Golden_Dragon_Massacre|  takes place in  |San_Francisco|San_Francisco| .    |1985|1985|    The discovery of  |Buckminsterfullerene|Buckminsterfullerene| , the first  |fullerene|Fullerene|  molecule of carbon.    |1989|1989|    In  |Leipzig|Leipzig| ,  |East_Germany|East_Germany| , the first of  |weekly_demonstration|Monday_Demonstrations_In_East_Germany|  for the legalisation of opposition groups and  |democratic|Democracy|  reforms takes place.    |1996|1996| |War_on_Drugs|War_On_Drugs| |Revolutionary_Armed_Forces_of_Colombia|Revolutionary_Armed_Forces_Of_Colombia|  attack a military base in  |Guaviare|Guaviare_Department| , starting three weeks of  |guerrilla_warfare|Guerrilla_Warfare|  in which at least 130  |Colombia|Colombia| ns are killed.    |1998|1998| |Google|Google|  is founded by  |Larry_Page|Larry_Page|  and  |Sergey_Brin|Sergey_Brin| , two students at  |Stanford_University|Stanford_University| .      |2001|2001| |Tokyo_DisneySea|Tokyo_Disneysea|  opens to the public as part of the  |Tokyo_Disney_Resort|Tokyo_Disney_Resort|  in  |Urayasu,_Chiba|Urayasu,_Chiba| , Japan.    |2002|2002|    The  |Oakland_Athletics|Oakland_Athletics|  win their 20th consecutive game, an  |American_League|American_League|  record.    |2007|2007|    Three terrorists suspected to be a part of  |Al-Qaeda|Al-Qaeda|  are arrested in Germany after  |allegedly_planning_attacks|2007_Bomb_Plot_In_Germany|  on both the Frankfurt International airport and US military installations.    |2010|2010|    A 7.1 magnitude  |earthquake_strikes|2010_Canterbury_Earthquake|  the South Island of New Zealand causing widespread damage and several power outages.        |973|973| |Al-Biruni|Al-Biruni| , Persian physician and polymath    |1241|1241| |Alexander_III|Alexander_Iii_Of_Scotland| , king of Scotland    |1383|1383| |Felix_V|Antipope_Felix_V| , antipope of Rome    |1454|1454| |Henry_Stafford,_2nd_Duke_of_Buckingham|Henry_Stafford,_2Nd_Duke_Of_Buckingham| , English politician,  |Lord_High_Constable_of_England|Lord_High_Constable_Of_England| |1557|1557| |Sophie_of_Mecklenburg-Güstrow|Sophie_Of_Mecklenburg-Güstrow| , queen consort of Denmark and Norway    |1563|1563| |Wanli|Wanli_Emperor| , Chinese emperor    |1580|1580| |George_Percy|George_Percy| , English explorer    |1596|1596| |Constantijn_Huygens|Constantijn_Huygens| , Dutch poet and composer    |1681|1681| |Carl_Heinrich_Biber|Carl_Heinrich_Biber| , Austrian violinist and composer    |1717|1717| |Job_Orton|Job_Orton| , English minister and author    |1745|1745| |Shneur_Zalman|Shneur_Zalman| , Russian rabbi, author and founder of  |Chabad|Chabad| |1755|1755| |Axel_von_Fersen_the_Younger|Axel_Von_Fersen_The_Younger| , Swedish general and politician    |1768|1768| |François-René_de_Chateaubriand|François-René_De_Chateaubriand| , French historian and politician,  |Minister_of_Foreign_Affairs_for_France|Ministry_Of_Foreign_And_European_Affairs| |1776|1776| |Stephen_Whitney|Stephen_Whitney| , American businessman    |1798|1798| |Raynold_Kaufgetz|Raynold_Kaufgetz| , Swiss soldier, economist, and politician    |1809|1809| |Manuel_Montt|Manuel_Montt| , Chilean scholar and politician, 6th  |President_of_Chile|President_Of_Chile|    1809    |Juliusz_Słowacki|Juliusz_Słowacki| , Polish poet and playwright    |1824|1824| |Anton_Bruckner|Anton_Bruckner| , Austrian organist and composer    |1825|1825| |Dadabhai_Naoroji|Dadabhai_Naoroji| , Indian academic and politician,  |President_of_the_Indian_National_Congress|President_Of_The_Indian_National_Congress| |1826|1826| |Martin_Wiberg|Martin_Wiberg| , Swedish philosopher and engineer    |1832|1832| |Antonio_Agliardi|Antonio_Agliardi| , Italian cardinal    |1846|1846| |Daniel_Burnham|Daniel_Burnham| , American architect, designed the  |Worlds_Columbian_Exposition|Worlds_Columbian_Exposition| |1848|1848| |Lewis_Howard_Latimer|Lewis_Howard_Latimer| , American inventor   1848    |Jennie_Lee|Jennie_Lee| , American actress    |1850|1850| |Luigi_Cadorna|Luigi_Cadorna| , Italian field marshal    |1851|1851| |John_Dillon|John_Dillon| , Irish poet and politician    |1885|1885| |Antonio_Bacci|Antonio_Bacci| , Italian cardinal    |1886|1886| |Albert_Orsborn|Albert_Orsborn| , English 6th  |General_of_The_Salvation_Army|General_Of_The_Salvation_Army| |1887|1887| |Roy_William_Neill|Roy_William_Neill| , Irish-English director, producer, and screenwriter    |1888|1888| |Oskar_Schlemmer|Oskar_Schlemmer| , German painter, sculptor, designer and choreographer    |1890|1890| |Gunnar_Sommerfeldt|Gunnar_Sommerfeldt| , Danish actor, director, and screenwriter    |1891|1891| |Fritz_Todt|Fritz_Todt| , German engineer and politician    |1892|1892| |Darius_Milhaud|Darius_Milhaud| , French composer and educator    |1896|1896| |Antonin_Artaud|Antonin_Artaud| , French actor, director, and playwright    |1901|1901| |William_Lyons|William_Lyons| , English businessman, co-founded  |Jaguar_Cars|Jaguar_Cars| |1902|1902| |Tommy_Mitchell|Tommy_Mitchell| , English cricketer    |1905|1905| |Mary_Renault|Mary_Renault| , English-South African author   1905    |Walter_Zapp|Walter_Zapp| , Latvian-Estonian inventor, invented the  |Minox|Minox| |1906|1906| |Max_Delbrück|Max_Delbrück| , German-American biophysicist and academic,  |Nobel_Prize|Nobel_Prize_In_Physiology_Or_Medicine|  laureate    |1907|1907| |Reggie_Nalder|Reggie_Nalder| , Austrian-American actor    |1908|1908| |Edward_Dmytryk|Edward_Dmytryk| , Canadian-American director and producer   1908    |Richard_Wright|Richard_Wright| , American novelist, short story writer, essayist, and poet    |1909|1909| |Eduard_Wirths|Eduard_Wirths| , German physician    |1910|1910| |Denis_Tomlinson|Denis_Tomlinson| , Zimbabwean-South African cricketer    |1912|1912| |Syd_Hoff|Syd_Hoff| , American author and illustrator   1912    |Alexander_Liberman|Alexander_Liberman| , Russian-American publisher, painter, photographer, and sculptor    |1913|1913| |Mickey_Cohen|Mickey_Cohen| , American mob boss   1913    |Victor_Kiernan|Victor_Kiernan| , English historian and academic   1913    |Stanford_Moore|Stanford_Moore| , American biochemist and academic,  |Nobel_Prize|Nobel_Prize_In_Chemistry|  laureate   1913    |Kenzō_Tange|Kenzō_Tange| , Japanese architect, designed the  |Yoyogi_National_Gymnasium|Yoyogi_National_Gymnasium|    1913    |Shmuel_Wosner|Shmuel_Wosner| , Austrian-Israeli rabbi and author    |1914|1914| |Rudolf_Leiding|Rudolf_Leiding| , German businessman    |1917|1917| |Henry_Ford_II|Henry_Ford_Ii| , American businessman    |1918|1918| |Paul_Harvey|Paul_Harvey| , American radio host   1918    |Gerald_Wilson|Gerald_Wilson| , American trumpet player and composer    |1919|1919| |Howard_Morris|Howard_Morris| , American actor, director, and screenwriter    |1920|1920| |Clemar_Bucci|Clemar_Bucci| , Argentinian race car driver    |1920|1920| |Craig_Claiborne|Craig_Claiborne| , American journalist, author, and critic    |1922|1922| |Per_Olof_Sundman|Per_Olof_Sundman| , Swedish author and politician    |1923|1923| |Ram_Kishore_Shukla|Ram_Kishore_Shukla| , Indian lawyer and politician    |1924|1924| |Joan_Aiken|Joan_Aiken| , English author   1924    |Justinas_Lagunavičius|Justinas_Lagunavičius| , Lithuanian basketball player    |1925|1925| |Asa_Earl_Carter|Asa_Earl_Carter| , American  |Ku_Klux_Klan|Ku_Klux_Klan|  leader and author    |1926|1926| |George_William_Gray|George_William_Gray| , British chemist who developed liquid crystals that made displays possible    1926    |Ivan_Illich|Ivan_Illich| , Austrian priest and philosopher   1926    |Bert_Olmstead|Bert_Olmstead| , Canadian ice hockey player and coach    |1927|1927| |John_McCarthy|John_Mccarthy| , American computer scientist and academic   1927    |Ferenc_Sánta|Ferenc_Sánta| , Hungarian author and screenwriter    |1928|1928| |Dick_York|Dick_York| , American actor    |1929|1929| |Thomas_Eagleton|Thomas_Eagleton| , American lawyer and politician, 38th  |Lieutenant_Governor_of_Missouri|Lieutenant_Governor_Of_Missouri|    1929    |Robert_V._Keeley|Robert_V._Keeley| , Lebanese-American soldier and diplomat,  |United_States_Ambassador_to_Greece|United_States_Ambassador_To_Greece| |1930|1930| |Robert_Arneson|Robert_Arneson| , American sculptor and academic   1930    |William_Maxson|William_Maxson| , American general    |1931|1931| |Mitzi_Gaynor|Mitzi_Gaynor| , American actress, singer, and dancer   1931    |Antonios_Trakatellis|Antonios_Trakatellis| , Greek biochemist and politician    |1932|1932| |Carlos_Romero_Barceló|Carlos_Romero_Barceló| , Puerto Rican lawyer and politician, 5th  |Governor_of_Puerto_Rico|Governor_Of_Puerto_Rico| |1932|1932| |Vince_Dooley|Vince_Dooley| , American football player and coach    |1934|1934| |Clive_Granger|Clive_Granger| , Welsh-American economist and academic,  |Nobel_Prize|Nobel_Memorial_Prize_In_Economic_Sciences|  laureate   1934    |Antoine_Redin|Antoine_Redin| , French footballer and manager   1934    |Eduard_Khil|Eduard_Khil| , Russian baritone singer   1934    |Jan_Švankmajer|Jan_Švankmajer| , Czech filmmaker and artist    |1935|1935| |Charles_A._Hines|Charles_A._Hines| , American general and academic   1935    |Dallas_Willard|Dallas_Willard| , American philosopher and academic    |1937|1937| |Dawn_Fraser|Dawn_Fraser| , Australian swimmer and politician   1937    |Gene_Ludwig|Gene_Ludwig| , American organist and composer   1937    |Virgil_A._Richard|Virgil_A._Richard| , American general   1937    |Les_Allen|Les_Allen| , English footballer and manager    |1939|1939| |Denis_Lindsay|Denis_Lindsay| , South African cricketer and referee    |1941|1941| |Marilena_de_Souza_Chaui|Marilena_De_Souza_Chaui| , Brazilian philosopher and academic   1941    |Ken_Harrelson|Ken_Harrelson| , American baseball player and sportscaster   1941    |Ramesh_Sethi|Ramesh_Sethi| , Kenyan cricketer and coach   1941    |Sushilkumar_Shinde|Sushilkumar_Shinde| , Indian lawyer and politician, 19th  |Governor_of_Andhra_Pradesh|List_Of_Governors_Of_Andhra_Pradesh| |1942|1942| |Raymond_Floyd|Raymond_Floyd| , American golfer   1942    |Jerry_Jarrett|Jerry_Jarrett| , American wrestler and promoter, co-founded  |Total_Nonstop_Action_Wrestling|Total_Nonstop_Action_Wrestling| |Merald_Bubba_Knight|Merald_Bubba_Knight| , American singer    |1944|1944| |Tony_Atkinson|Tony_Atkinson| , English economist and academic   1944    |Dave_Bassett|Dave_Bassett| , English footballer and manager   1944    |Gene_Parsons|Gene_Parsons| , American singer-songwriter, drummer, guitarist, and banjo player   1944    |Ron_Ward|Ron_Ward| , Canadian ice hockey player    |1945|1945| |Danny_Gatton|Danny_Gatton| , American guitarist   1945    |Bill_Kenwright|Bill_Kenwright| , English actor, singer, and producer    |1946|1946| |Gary_Duncan|Gary_Duncan| , American guitarist   1946    |Dave_Liebman|Dave_Liebman| , American saxophonist, flute player, and composer   1946    |Bryan_Mauricette|Bryan_Mauricette| , Saint Lucian-Canadian cricketer    |1947|1947| |Bob_Jenkins|Bob_Jenkins| , American sportscaster   1947    |Paul_Sait|Paul_Sait| , Australian rugby league player    |1949|1949| |Darryl_Cotton|Darryl_Cotton| , Australian singer-songwriter and guitarist   1949    |Dean_Pees|Dean_Pees| , American football player and coach   1949    |Tom_Watson|Tom_Watson| , American golfer and sportscaster    |1950|1950| |Doyle_Alexander|Doyle_Alexander| , American baseball player    |1951|1951| |Martin_Chambers|Martin_Chambers| , English drummer and singer   1951    |Judith_Ivey|Judith_Ivey| , American actress   1951    |Marita_Ulvskog|Marita_Ulvskog| , Swedish politician,  |Deputy_Prime_Minister_of_Sweden|Deputy_Prime_Minister_Of_Sweden| |1952|1952| |Stephen_Easley|Stephen_Easley| , American businessman and politician    |1953|1953| |Janet_Biehl|Janet_Biehl| , American philosopher and author   1953    |Michael_Stean|Michael_Stean| , English chess player and author   1953    |Fatih_Terim|Fatih_Terim| , Turkish footballer and manager    |1955|1955| |David_Broza|David_Broza| , Israeli singer-songwriter and guitarist   1955    |Garth_Le_Roux|Garth_Le_Roux| , South African cricketer   1955    |Brian_Schweitzer|Brian_Schweitzer| , American politician, 23rd  |Governor_of_Montana|Governor_Of_Montana| |1956|1956| |Blackie_Lawless|Blackie_Lawless| , American singer-songwriter and guitarist    |1957|1957| |Khandi_Alexander|Khandi_Alexander| , American actress, dancer, and choreographer    |1958|1958| |Jacqueline_Hewitt|Jacqueline_Hewitt| , American astrophysicist and astronomer   1958    |Marzio_Innocenti|Marzio_Innocenti| , Italian rugby player and coach   1958    |Drew_Pinsky|Drew_Pinsky| , American radio and television host    |1959|1959| |Kevin_Harrington|Kevin_Harrington| , Australian actor   1959    |Armin_Kogler|Armin_Kogler| , Austrian ski jumper    |1960|1960| |Kim_Thayil|Kim_Thayil| , American guitarist and songwriter   1960    |Shailesh_Vara|Shailesh_Vara| , Ugandan-English lawyer and politician   1960    |Damon_Wayans|Damon_Wayans| , American actor, director, producer, and screenwriter    |1961|1961| |Nick_Blinko|Nick_Blinko| , English singer-songwriter and guitarist   1961    |Lars_Jönsson|Lars_Jönsson| , Swedish film producer    |1962|1962| |Kiran_More|Kiran_More| , Indian cricketer   1962    |Ulla_Tørnæs|Ulla_Tørnæs| , Danish politician,  |Danish_Minister_of_Education|Education_Minister_Of_Denmark| |Shinya_Yamanaka|Shinya_Yamanaka| , Japanese physician and biologist,  |Nobel_Prize|Nobel_Prize_In_Physiology_Or_Medicine|  laureate    |1963|1963| |Bobby_Jarzombek|Bobby_Jarzombek| , American drummer   1963    |John_Vanbiesbrouck|John_Vanbiesbrouck| , American ice hockey player, coach, and manager   1963    |Sami_Yaffa|Sami_Yaffa| , Finnish singer-songwriter and bass player    |1964|1964| |Guy_Boros|Guy_Boros| , American golfer   1964    |Aadesh_Shrivastava|Aadesh_Shrivastava| , Indian singer-songwriter    |1965|1965| |Sergio_Momesso|Sergio_Momesso| , Canadian ice hockey player and sportscaster    |1966|1966| |Yanka_Dyagileva|Yanka_Dyagileva| , Russian singer-songwriter   1966    |Jeff_Tremaine|Jeff_Tremaine| , American director, producer, and screenwriter    |1967|1967| |Darrin_Murray|Darrin_Murray| , New Zealand cricketer and accountant   1967    |Dezső_Szabó|Dezső_Szabó| , Hungarian decathlete    |1968|1968| |John_DiMaggio|John_Dimaggio| , American voice actor   1968    |Mike_Piazza|Mike_Piazza| , American baseball player    |1969|1969| |Sasha|Sasha| , Welsh DJ and producer   1969    |Ramon_Dekkers|Ramon_Dekkers| , Dutch kick-boxer and mixed martial artist   1969    |Giorgi_Margvelashvili|Giorgi_Margvelashvili| , Georgian academic and politician, 4th  |President_of_Georgia|President_Of_Georgia| |Inga_Tuigamala|Inga_Tuigamala| , Samoan-New Zealand rugby player    |1970|1970| |Igor_Cavalera|Igor_Cavalera| , Brazilian drummer   1970    |Deni_Hines|Deni_Hines| , Australian singer-songwriter   1970    |Ivan_Iusco|Ivan_Iusco| , Italian composer   1970    |Sven_Meyer|Sven_Meyer| , German footballer    |1971|1971| |Lance_Klusener|Lance_Klusener| , South African cricketer and coach   1971    |Ione_Skye|Ione_Skye| , English-American actress   1971    |Maik_Taylor|Maik_Taylor| , German-Irish footballer and coach    |1972|1972| |Steve_Leonard|Steve_Leonard| , Northern Irish veterinarian and television personality    |1973|1973| |Aaron_Fultz|Aaron_Fultz| , American baseball player and coach   1973    |Lazlow_Jones|Lazlow_Jones| , American radio presenter, producer and screenwriter    |1974|1974| |Mati_Pari|Mati_Pari| , Estonian footballer and coach   1974    |Lincoln_Roberts|Lincoln_Roberts| , Tobagonian cricketer    |1975|1975| |Sergio_Ballesteros|Sergio_Ballesteros| , Spanish footballer   1975    |Mark_Ronson|Mark_Ronson| , English DJ, producer, and songwriter, co-founded  |Allido_Records|Allido_Records| |Dave_Salmoni|Dave_Salmoni| , Canadian zoologist, television host, and producer    |1976|1976| |Denilson_Martins_Nascimento|Denilson_Martins_Nascimento| , Brazilian footballer   1976    |Mario-Ernesto_Rodríguez|Mario-Ernesto_Rodríguez| , Uruguayan-Italian footballer    |1977|1977| |Sun-woo_Kim|Sun-Woo_Kim| , South Korean baseball player   1977    |Lucie_Silvas|Lucie_Silvas| , English singer-songwriter and pianist   1977    |Kia_Stevens|Kia_Stevens| , American wrestler    |1978|1978| |Wes_Bentley|Wes_Bentley| , American actor and producer   1978    |Terence_Newman|Terence_Newman| , American football player   1978    |Frederik_Veuchelen|Frederik_Veuchelen| , Belgian cyclist   1978    |Christian_Walz|Christian_Walz| , Swedish singer-songwriter and producer    |1979|1979| |Maxim_Afinogenov|Maxim_Afinogenov| , Russian ice hockey player   1979    |Pedro_Macedo_Camacho|Pedro_Macedo_Camacho| , Portuguese pianist, composer, and producer   1979    |Kosuke_Matsuura|Kosuke_Matsuura| , Japanese race car driver    |1980|1980| |Max_Greenfield|Max_Greenfield| , American actor   1980    |Pat_Neshek|Pat_Neshek| , American baseball player    |1981|1981| |Beyoncé|Beyoncé| , American singer-songwriter, producer, dancer, and actress   1981    |Richard_Garcia|Richard_Garcia| , Australian footballer   1981    |Lacey_Sturm|Lacey_Sturm| , American singer-songwriter    |1982|1982| |Whitney_Cummings|Whitney_Cummings| , American comedian, actress, producer, and screenwriter   1982    |Mark_Lewis-Francis|Mark_Lewis-Francis| , English sprinter    |1983|1983| |Yuichi_Nakamaru|Yuichi_Nakamaru| , Japanese singer-songwriter, actor, and radio host   1983    |Margit_Rüütel|Margit_Rüütel| , Estonian tennis player   1983    |Armands_Šķēle|Armands_Šķēle| , Latvian basketball player    |1984|1984| |Jonathan_Adam|Jonathan_Adam| , Scottish race car driver   1984    |Hamish_McIntosh|Hamish_Mcintosh| , Australian footballer   1984    |Kyle_Mooney|Kyle_Mooney| , American comedian, actor, and screenwriter    |1985|1985| |Raúl_Albiol|Raúl_Albiol| , Spanish footballer   1985    |Ri_Kwang-chon|Ri_Kwang-Chon| , North Korean footballer   1985    |Walid_Mesloub|Walid_Mesloub| , Algerian footballer    |1986|1986| |Ayumi_Kaihori|Ayumi_Kaihori| , Japanese footballer   1986    |Xavier_Woods|Xavier_Woods| , American wrestler    |1987|1987| |Wesley_Blake|Wesley_Blake| , American wrestler    |1988|1988| |John_Tyler_Hammons|John_Tyler_Hammons| , American politician    |1989|1989| |Elliott_Whitehead|Elliott_Whitehead| , English rugby league player    |1990|1990| |James_Bay|James_Bay| , English singer-songwriter and guitarist   1990    |Jonny_Lomax|Jonny_Lomax| , English rugby player   1990    |Danny_Worsnop|Danny_Worsnop| , English singer-songwriter    |1991|1991| |Anders_Zachariassen|Anders_Zachariassen| , Danish handball player    |1992|1992| |Hanna_Schwamborn|Hanna_Schwamborn| , German actress   1992    |Kevin_Lee|Kevin_Lee| , American mixed martial artist    |1993|1993| |Yannick_Carrasco|Yannick_Carrasco| , Belgian footballer   1993    |Jody_Fannin|Jody_Fannin| , English race car driver   1993    |Chantal_Škamlová|Chantal_Škamlová| , Slovak tennis player    |1994|1994| |Kenny_McEvoy|Kenny_Mcevoy| , Irish footballer   1994    |Sabina_Sharipova|Sabina_Sharipova| , Uzbekistan tennis player   1994    |Thomas_Minns|Thomas_Minns| , English rugby player    |1995|1995| |Jazz_Tevaga|Jazz_Tevaga| , New Zealand rugby league player    |1996|1996| |Jordan_Lilley|Jordan_Lilley| , English rugby league player   1996    |Ashton_Golding|Ashton_Golding| , English rugby league player          |422|422| |Boniface_I|Pope_Boniface_I| , pope of the Catholic Church    |799|799| |Musa_al-Kadhim|Musa_Al-Kadhim| , Arabic imam    |1037|1037| |Bermudo_III|Bermudo_Iii_Of_León| , king of  |León|Kingdom_Of_León| |1063|1063| |Tughril|Tughril| , Seljuq sultan    |1199|1199| |Joan_of_England|Joan_Of_England,_Queen_Of_Sicily| , queen of Sicily    |1308|1308| |Margaret_of_Burgundy|Margaret_Of_Burgundy,_Queen_Of_Sicily| , queen of Sicily    |1323|1323| |Gegeen_Khan|Gegeen_Khan| , Chinese emperor    |1342|1342| |Anna_Anachoutlou|Anna_Of_Trebizond| , empress of Trebizond    |1417|1417| |Robert_Hallam|Robert_Hallam| , English Catholic bishop    |1537|1537| |Johann_Dietenberger|Johann_Dietenberger| , German theologian and translator    |1571|1571| |Matthew_Stewart,_4th_Earl_of_Lennox|Matthew_Stewart,_4Th_Earl_Of_Lennox| , English nobleman    |1588|1588| |Robert_Dudley,_1st_Earl_of_Leicester|Robert_Dudley,_1St_Earl_Of_Leicester| , English academic and politician,  |Lord_Lieutenant_of_Norfolk|Lord_Lieutenant_Of_Norfolk| |1625|1625| |Thomas_Smythe|Thomas_Smythe| , English diplomat    |1676|1676| |John_Ogilby|John_Ogilby| , Scottish-born impresario and cartographer    |1767|1767| |Charles_Townshend|Charles_Townshend| , English politician,  |Chancellor_of_the_Exchequer|Chancellor_Of_The_Exchequer| |1780|1780| |John_Fielding|John_Fielding| , English lawyer and judge    |1784|1784| |César-François_Cassini_de_Thury|César-François_Cassini_De_Thury| , French astronomer and cartographer    |1794|1794| |John_Hely-Hutchinson|John_Hely-Hutchinson| , Anglo-Irish lawyer and politician    |1804|1804| |Richard_Somers|Richard_Somers| , American lieutenant    |1820|1820| |Timothy_Brown|Timothy_Brown| , English banker and merchant    |1821|1821| |José_Miguel_Carrera|José_Miguel_Carrera| , Chilean general and politician    |1849|1849| |Friedrich_Laun|Friedrich_Laun| , German author    |1852|1852| |William_MacGillivray|William_Macgillivray| , Scottish biologist and ornithologist    |1864|1864| |John_Hunt_Morgan|John_Hunt_Morgan| , American general    |1907|1907| |Edvard_Grieg|Edvard_Grieg| , Norwegian pianist and composer    |1909|1909| |Clyde_Fitch|Clyde_Fitch| , American playwright and songwriter    |1911|1911| |John_Francon_Williams|John_Francon_Williams| , Welsh-born  |writer|Writer| ,  |journalist|Journalist| ,  |geographer|Geographer| ,  |historian|Historian| ,  |cartographer|Cartographer|  and  |inventor|Inventor| |1914|1914| |Charles_Péguy|Charles_Péguy| , French poet and philosopher    |1940|1940| |George_William_de_Carteret|George_William_De_Carteret| , French-English journalist and author    |1944|1944| |Erich_Fellgiebel|Erich_Fellgiebel| , German general    |1963|1963| |Robert_Schuman|Robert_Schuman| , Luxembourgian-French politician, 130th  |Prime_Minister_of_France|Prime_Minister_Of_France| |1965|1965| |Albert_Schweitzer|Albert_Schweitzer| , French-Gabonese physician, theologian, and missionary,  |Nobel_Prize|Nobel_Peace_Prize|  laureate    |1974|1974| |Creighton_Abrams|Creighton_Abrams| , American general   1974    |Marcel_Achard|Marcel_Achard| , French playwright and screenwriter   1974    |Charles_Arnison|Charles_Arnison| , English airman   1974    |Lewi_Pethrus|Lewi_Pethrus| , Swedish minister and hymn-writer    |1977|1977| |Stelios_Perpiniadis|Stelios_Perpiniadis| , Greek singer-songwriter and guitarist   1977    |Jean_Rostand|Jean_Rostand| , French biologist and philosopher   1977    |E._F._Schumacher|E._F._Schumacher| , German-English economist and statistician    |1982|1982| |Jack_Tworkov|Jack_Tworkov| , Polish-American painter    |1985|1985| |Vasyl_Stus|Vasyl_Stus| , Ukrainian poet, publicist, and dissident   1985    |George_OBrien|George_Obrien| , American actor and singer    |1986|1986| |Otto_Glória|Otto_Glória| , Brazilian footballer and manager   1986    |Hank_Greenberg|Hank_Greenberg| , American baseball player and manager    |1987|1987| |Bill_Bowes|Bill_Bowes| , English cricketer and coach    |1989|1989| |Georges_Simenon|Georges_Simenon| , Belgian-Swiss author   1989    |Ronald_Syme|Ronald_Syme| , New Zealand historian and author    |1990|1990| |Lawrence_A._Cremin|Lawrence_A._Cremin| , American historian and author   1990    |Irene_Dunne|Irene_Dunne| , American actress and singer   1990    |Turan_Dursun|Turan_Dursun| , Turkish scholar and author    |1991|1991| |Charlie_Barnet|Charlie_Barnet| , American saxophonist, composer, and bandleader   1991    |Tom_Tryon|Tom_Tryon| , American actor and author   1991    |Dottie_West|Dottie_West| , American singer-songwriter and actress    |1993|1993| |Hervé_Villechaize|Hervé_Villechaize| , French-American actor    |1995|1995| |Chuck_Greenberg|Chuck_Greenberg| , American saxophonist, composer, and producer   1995    |William_Kunstler|William_Kunstler| , American lawyer and activist    |1996|1996| |Joan_Clarke|Joan_Clarke| , English  |cryptanalyst|Cryptanalyst|  and  |numismatist|Numismatist| |1997|1997| |Dharamvir_Bharati|Dharamvir_Bharati| , Indian author, poet, and playwright   1997    |Aldo_Rossi|Aldo_Rossi| , Italian architect, designed the  |Bonnefanten_Museum|Bonnefanten_Museum|  and  |Teatro_Carlo_Felice|Teatro_Carlo_Felice| |1998|1998| |Ernst_Jaakson|Ernst_Jaakson| , Estonian diplomat   1998    |Elizabeth_Kata|Elizabeth_Kata| , Australian author and screenwriter    |1999|1999| |Georg_Gawliczek|Georg_Gawliczek| , German footballer and manager    |2002|2002| |Vlado_Perlemuter|Vlado_Perlemuter| , Lithuanian-French pianist and educator    |2003|2003| |Lola_Bobesco|Lola_Bobesco| , Romanian-Belgian violinist and educator   2003    |Tibor_Varga|Tibor_Varga| , Hungarian violinist and conductor    |2004|2004| |Alphonso_Ford|Alphonso_Ford| , American basketball player   2004    |Moe_Norman|Moe_Norman| , Canadian golfer    |2006|2006| |Giacinto_Facchetti|Giacinto_Facchetti| , Italian footballer and manager   2006    |Steve_Irwin|Steve_Irwin| , Australian zoologist and television host   2006    |Colin_Thiele|Colin_Thiele| , Australian author, poet, and educator   2006    |Astrid_Varnay|Astrid_Varnay| , Swedish-American soprano    |2007|2007| |John_Scott,_9th_Duke_of_Buccleuch|John_Scott,_9Th_Duke_Of_Buccleuch| , Scottish soldier and politician,  |Lord_Lieutenant_of_Roxburghshire|Lord_Lieutenant_Of_Roxburghshire| |2011|2011| |Lee_Roy_Selmon|Lee_Roy_Selmon| , American football player    |2012|2012| |Abraham_Avigdorov|Abraham_Avigdorov| , Israeli soldier   2012    |Albert_Marre|Albert_Marre| , American actor, director, and producer   2012    |George_Savitsky|George_Savitsky| , American football player   2012    |Syed_Mustafa_Siraj|Syed_Mustafa_Siraj| , Indian author   2012    |Hakam_Sufi|Hakam_Sufi| , Indian singer-songwriter    |2013|2013| |Michel_Pagé|Michel_Pagé| , Canadian businessman and politician   2013    |Dick_Raaymakers|Dick_Raaymakers| , Dutch composer and theorist   2013    |Daniele_Seccarecci|Daniele_Seccarecci| , Italian bodybuilder   2013    |Stanislav_Stepashkin|Stanislav_Stepashkin| , Russian boxer   2013    |Casey_Viator|Casey_Viator| , American bodybuilder and journalist    |2014|2014| |Ron_Mulock|Ron_Mulock| , Australian lawyer and politician, 10th  |Deputy_Premier_of_New_South_Wales|Deputy_Premier_Of_New_South_Wales|    2014    |Gustavo_Cerati|Gustavo_Cerati| , Argentine Musician   2014    |Wolfhart_Pannenberg|Wolfhart_Pannenberg| , Polish-German theologian and academic   2014    |Joan_Rivers|Joan_Rivers| , American comedian, television host, and author    |2015|2015| |Graham_Brazier|Graham_Brazier| , New Zealand singer-songwriter   2015    |Jean_Darling|Jean_Darling| , American actress   2015    |Wilfred_de_Souza|Wilfred_De_Souza| , Indian surgeon and politician, 7th  |Chief_Minister_of_Goa|Chief_Minister_Of_Goa|    2015    |Warren_Murphy|Warren_Murphy| , American author and screenwriter    |2016|2016| |Clarence_D._Rappleyea_Jr.|Clarence_D._Rappleyea_Jr.| , lawyer and politician    |2018|2018| |Bill_Daily|Bill_Daily| , American actor, comedian          Christian  |feast_day|Feast_Day| |Candida_the_Elder|Candida_The_Elder| |Catherine_of_Racconigi|Catherine_Of_Racconigi| |Dina_Bélanger|Dina_Bélanger| |Hermione_of_Ephesus|Hermione_Of_Ephesus| |Ida_of_Herzfeld|Ida_Of_Herzfeld| |Irmgardis|Saint_Irmgardis| |Moses|Moses|  and  |Aaron|Aaron| |Paul_Jones|Paul_Jones| |Rosalia|Saint_Rosalia| |Rose_of_Viterbo|Rose_Of_Viterbo| |Rufinus,_Silvanus,_and_Vitalicus|Saints_Rufinus| |Thamel_and_companions|Thamel| |Ultan_of_Ardbraccan|Ultan_Of_Ardbraccan| |September_4|September_4| |Immigrants_Day|Immigration_To_Argentinalegacy_Of_Immigration| |Newspaper_Carrier_Day|Newspaper_Carrier_Day| .