|787|787| |Second_Council_of_Nicaea|Second_Council_Of_Nicaea| |1180|1180| |Manuel_I_Komnenos|Manuel_I_Komnenos| , the last  |Byzantine_Emperor|Byzantine_Emperor|  of the Komnenian restoration, dies.    |1645|1645|    The  |Battle_of_Rowton_Heath|Battle_Of_Rowton_Heath|  is a Parliamentarian victory over a Royalist army commanded in person by King Charles.    |1674|1674|    Second Tantrik Coronation of  |Chhatrapati_Shivaji_Maharaj|Chhatrapati_Shivaji_Maharaj| .    |1789|1789|    The United States Congress passes the  |Judiciary_Act|Judiciary_Act_Of_1789| , creating the office of the Attorney General and federal judiciary system and ordering the composition of the Supreme Court.    |1830|1830|    A revolutionary committee of notables forms the  |Provisional_Government_of_Belgium|Provisional_Government_Of_Belgium| .    |1841|1841|    The  |Sultanate_of_Brunei|Sultanate_Of_Brunei|  cedes  |Sarawak|Kingdom_Of_Sarawak|  to the United Kingdom.    |1846|1846| |Mexican–American_War|Mexican–American_War| |captures_Monterrey|Battle_Of_Monterrey| .    |1852|1852|    The first airship powered by engine, created by  |Henri_Giffard|Henri_Giffard| , travels  from Paris to Trappes.    |1853|1853|    Admiral  |Despointes|Auguste_Febvrier_Despointes|  formally takes possession of New Caledonia in the name of France.    |1869|1869|    Gold prices plummet after President Grant  |orders_the_Treasury|Black_Friday|  to sell large quantities of gold after Jay Gould and James Fisk plot to control the market.    |1877|1877|    The  |Battle_of_Shiroyama|Battle_Of_Shiroyama|  is a decisive victory of the Imperial Japanese Army over the Satsuma Rebellion.    |1890|1890|    The Church of Jesus Christ of Latter-day Saints officially  |renounces|1890_Manifesto|  polygamy.    |1906|1906|    U.S. President Theodore Roosevelt proclaims  |Devils_Tower|Devils_Tower_National_Monument|  in Wyoming as the nations first National Monument.   1906   Racial tensions exacerbated by rumors lead to the  |Atlanta_Race_Riot|Atlanta_Race_Riot| , further increasing racial segregation.    |1911|1911| |His_Majestys_Airship_No._1|Hma_No._1| , Britains first rigid airship, is wrecked by strong winds before her maiden flight at Barrow-in-Furness.    |1929|1929| |Jimmy_Doolittle|Jimmy_Doolittle|  performs the first flight without a window, proving that full instrument flying from take off to landing is possible.    |1932|1932|    Gandhi and Dr. Ambedkar agree to the  |Poona_Pact|Poona_Pact| , which reserved seats in the Indian provincial legislatures for the Depressed Classes .    |1935|1935| |Earl_and_Weldon_Bascom|Earl_W._Bascom|  produce the first rodeo ever held outdoors under electric lights.    |1946|1946| |Cathay_Pacific_Airways|Cathay_Pacific_Airways|  is founded in Hong Kong.   1946   The top-secret  |Clifford-Elsey_Report|X_Article|  on the Soviet Union is delivered to President Truman.    |1948|1948|    The  |Honda_Motor_Company|Honda|  is founded.    |1950|1950|    The  |Chinchaga_fire|Chinchaga_Fire|  in western Canada becomes the largest recorded fire in North American history, sending smoke all the way to Europe.    |1957|1957|    President Eisenhower sends the 101st Airborne Division to Little Rock, Arkansas, to enforce  |desegregation|Little_Rock_Nine| .    |1960|1960|    , the worlds first nuclear-powered aircraft carrier, is launched.    |1972|1972| |Japan_Airlines_Flight_472|Japan_Airlines_Flight_472|  lands at Juhu Aerodrome instead of Santacruz Airport in Bombay, India.    |1973|1973| |Guinea-Bissau|Guinea-Bissau|  declares its independence from Portugal.    |1975|1975| |Southwest_Face_expedition|1975_British_Mount_Everest_Southwest_Face_Expedition|  members become the first persons to reach the summit of Mount Everest by any of its faces, instead of using a ridge route.    |1993|1993|    The Cambodian monarchy is restored, with  |Norodom_Sihanouk|Norodom_Sihanouk|  as king.    |1996|1996|    Representatives of 71 nations sign the  |Comprehensive_Nuclear-Test-Ban_Treaty|Comprehensive_Nuclear-Test-Ban_Treaty|  at the United Nations.    |2005|2005| |Hurricane_Rita|Hurricane_Rita|  makes landfall in the United States, devastating portions of southwestern Louisiana and extreme southeastern  |Texas|Texas| .    |2007|2007|    Between 30,000 and 100,000 people take part in  |anti-government_protests|2007_Burmese_Anti-Government_Protests|  in Yangon, Burma, the largest in 20 years.    |2007|2007| |India|India|  won first ever T20 international Cricket World Cup.    |2008|2008| |Thabo_Mbeki|Thabo_Mbeki|  resigns as president of South Africa    |2009|2009|    The  |G20_summit|2009_G-20_Pittsburgh_Summit|  begins in Pittsburgh with 30 global leaders in attendance.    |2013|2013|    A  |7.7-magnitude|Moment_Magnitude_Scale| |earthquake_strikes|2013_Balochistan_Earthquakes|  southern Pakistan, killing at least 327 people.    |2014|2014|    The  |Mars_Orbiter_Mission|Mars_Orbiter_Mission|  makes India the first Asian nation to reach Mars orbit, and the first nation in the world to do so in its first attempt.    |2015|2015|    At least 1,100 people are killed and another 934 wounded after  |a_stampede|2015_Mina_Disaster|  during the Hajj in Saudi Arabia.    |2019|2019|    An  |impeachment_inquiry|Impeachmentofdonaldtrump|  is initiated by the  |United_States_House_of_Representatives|United_States_House_Of_Representatives|  against  |President_Donald_Trump|Donald_Trump| .        |AD_15|Ad_15| |Vitellius|Vitellius| , Roman emperor    |936|936| |Adud_al-Dawla|Adud_Al-Dawla| , Buyid king    |1301|1301| |Ralph_de_Stafford,_1st_Earl_of_Stafford|Ralph_De_Stafford,_1St_Earl_Of_Stafford| , English soldier    |1418|1418| |Anne_of_Cyprus|Anne_Of_Cyprus| , Duchess of Savoy    |1433|1433| |Shekha_of_Amarsar|Shekha_Of_Amarsar| , Rajput chieftain    |1473|1473| |Georg_von_Frundsberg|Georg_Von_Frundsberg| , German Knight and landowner    |1501|1501| |Gerolamo_Cardano|Gerolamo_Cardano| , Italian mathematician, physician, and astrologer    |1534|1534| |Guru_Ram_Das|Guru_Ram_Das| , fourth  |Sikh_Guru|Sikh_Guru| |1564|1564| |William_Adams|William_Adams| , English sailor and navigator    |1583|1583| |Albrecht_von_Wallenstein|Albrecht_Von_Wallenstein| , Bohemian general    |1625|1625| |Johan_de_Witt|Johan_De_Witt| , Dutch mathematician and politician    |1667|1667| |Jean-Louis_Lully|Jean-Louis_Lully| , French composer    |1705|1705| |Count_Leopold_Joseph_von_Daun|Count_Leopold_Joseph_Von_Daun| , Austrian field marshal    |1717|1717| |Horace_Walpole|Horace_Walpole| , English historian, author, and politician    |1755|1755| |John_Marshall|John_Marshall| , American Continental Army officer, jurist, and politician, 4th  |Chief_Justice_of_the_United_States_Supreme_Court|Chief_Justice_Of_The_United_States_Supreme_Court| |1761|1761| |F.L.Æ._Kunzen|F.L.Æ._Kunzen| , German-Danish composer and conductor    |1796|1796| |Antoine-Louis_Barye|Antoine-Louis_Barye| , French sculptor and educator    |1801|1801| |Mikhail_Ostrogradsky|Mikhail_Ostrogradsky| , Ukrainian-Russian mathematician and physicist    |1802|1802| |Adolphe_dArchiac|Adolphe_Darchiac| , French paleontologist and geologist    |1812|1812| |Mary_Ann_Browne|Mary_Ann_Browne| , British poet and writer of musical scores     |1817|1817| |Ramón_de_Campoamor_y_Campoosorio|Ramón_De_Campoamor_Y_Campoosorio| , Spanish poet and philosopher    |1829|1829| |Charles_S._West|Charles_S._West| , American jurist and politician,  |Secretary_of_State_of_Texas|Secretary_Of_State_Of_Texas| |1845|1845| |Nikolai_Anderson|Nikolai_Anderson| , Estonian philologist and author    |1858|1858| |Eugene_Foss|Eugene_Foss| , American businessman and politician, 45th  |Governor_of_Massachusetts|Governor_Of_Massachusetts| |1859|1859| |Julius_Klengel|Julius_Klengel| , German cellist and composer    |1861|1861| |Bhikaiji_Cama|Bhikaiji_Cama| , Indian activist    |1870|1870| |Georges_Claude|Georges_Claude| , French chemist and engineer, invented  |Neon_lighting|Neon_Lighting| |1871|1871| |Lottie_Dod|Lottie_Dod| , English tennis player, golfer, and archer    |1872|1872| |Jaan_Teemant|Jaan_Teemant| , Estonian lawyer and politician, 7th  |State_Elder_of_Estonia|State_Elder_Of_Estonia| |1873|1873| |María_de_las_Mercedes_Adam_de_Aróstegui|María_De_Las_Mercedes_Adam_De_Aróstegui| , Cuban pianist and composer    |1878|1878| |Charles-Ferdinand_Ramuz|Charles-Ferdinand_Ramuz| , Swiss author and poet    |1880|1880| |Sarah_Knauss|Sarah_Knauss| , American super-centenarian, oldest verified American person ever    |1882|1882| |Max_Decugis|Max_Decugis| , French tennis player    |1883|1883| |Franklin_Clarence_Mars|Franklin_Clarence_Mars| , American businessman, founded  |Mars,_Incorporated|Mars,_Incorporated|    1883    |Lawson_Robertson|Lawson_Robertson| , Scottish-American high jumper and coach    |1884|1884| |Gustave_Garrigou|Gustave_Garrigou| , French cyclist   1884    |İsmet_İnönü|İSmet_İNönü| , Turkish general and politician, 2nd  |President_of_Turkey|President_Of_Turkey|    1884    |Hugo_Schmeisser|Hugo_Schmeisser| , German weapons designer and engineer    |1885|1885| |Artur_Lemba|Artur_Lemba| , Estonian pianist, composer, and educator    |1890|1890| |Mike_González|Mike_González| , Cuban baseball player, coach, and manager   1890    |A._P._Herbert|A._P._Herbert| , English author and playwright    |1892|1892| |Adélard_Godbout|Adélard_Godbout| , Canadian agronomist and politician, 15th  |Premier_of_Québec|List_Of_Quebec_Premiers| |1893|1893| |Blind_Lemon_Jefferson|Blind_Lemon_Jefferson| , American singer-songwriter and guitarist    |1894|1894| |Tommy_Armour|Tommy_Armour| , Scottish-American golfer and sportscaster   1894    |Billy_Bletcher|Billy_Bletcher| , American actor, singer, and screenwriter    |1895|1895| |André_Frédéric_Cournand|André_Frédéric_Cournand| , French physician and physiologist,  |Nobel_Prize|Nobel_Prize_In_Physiology_Or_Medicine|  laureate    |1896|1896| |F._Scott_Fitzgerald|F._Scott_Fitzgerald| , American novelist and short story writer    |1898|1898| |Howard_Florey|Howard_Florey| , Australian pharmacologist and pathologist,  |Nobel_Prize|Nobel_Prize_In_Physiology_Or_Medicine|  laureate   1898    |Charlotte_Moore_Sitterly|Charlotte_Moore_Sitterly| , American astronomer    |1899|1899| |William_Dobell|William_Dobell| , Australian painter    |1900|1900| |Ham_Fisher|Ham_Fisher| , American cartoonist    |1901|1901| |Alexandra_Adler|Alexandra_Adler| , Austrian neurologist and psychologist    |1902|1902| |Ruhollah_Khomeini|Ruhollah_Khomeini| , Iranian religious leader and politician, 1st  |Supreme_Leader_of_Iran|Supreme_Leader_Of_Iran| |1905|1905| |Severo_Ochoa|Severo_Ochoa| , Spanish–American physician and biochemist,  |Nobel_Prize|Nobel_Prize_In_Physiology_Or_Medicine|  laureate    |1906|1906| |Leonard_Marsh|Leonard_Marsh| , Canadian sociologist and academic   1906    |Józef_Nawrot|Józef_Nawrot| , Polish footballer    |1907|1907| |Ben_Oakland|Ben_Oakland| , American pianist, composer, and songwriter    |1909|1909| |Gerard_Antoni_Ciołek|Gerard_Antoni_Ciołek| , Polish historian and architect    |1910|1910| |Jean_Servais|Jean_Servais| , Belgian-French actor    |1911|1911| |Konstantin_Chernenko|Konstantin_Chernenko| , Russian politician    |1912|1912| |Robert_Lewis_Taylor|Robert_Lewis_Taylor| , American soldier and author    |1913|1913| |Herb_Jeffries|Herb_Jeffries| , American singer    |1914|1914| |Esther_Eng|Esther_Eng| , Chinese-American film director    1914    |John_Kerr|John_Kerr| , Australian politician, 18th  |Governor-General_of_Australia|Governor-General_Of_Australia|    1914    |Andrzej_Panufnik|Andrzej_Panufnik| , Polish pianist, composer, and conductor    |1916|1916| |Ruth_Leach_Amonette|Ruth_Leach_Amonette| , American businesswoman and author    |1918|1918| |Michael_J._S._Dewar|Michael_J._S._Dewar| , Indian-born American theoretical chemist who developed the  |Dewar-Chatt-Duncanson_model|Dewar-Chatt-Duncanson_Model|    1918    |Audra_Lindley|Audra_Lindley| , American actress    |1920|1920| |Richard_Bong|Richard_Bong| , American soldier and pilot,  |Medal_of_Honor|Medal_Of_Honor|  recipient   1920    |Jan_Carew|Jan_Carew| , Guyanese-American author, poet, and playwright   1920    |Ovadia_Yosef|Ovadia_Yosef| , Iraqi-Israeli rabbi and scholar    |1921|1921| |Jim_McKay|Jim_Mckay| , American sportscaster and journalist   1921    |Sheila_MacRae|Sheila_Macrae| , English-American actress, singer, and dancer    |1922|1922| |Ettore_Bastianini|Ettore_Bastianini| , Italian actor and singer   1922    |Bert_I._Gordon|Bert_I._Gordon| , American director, producer, and screenwriter   1922    |Theresa_Merritt|Theresa_Merritt| , American actress and singer   1922    |John_Moffatt|John_Moffatt| , English actor and playwright    |1923|1923| |Louis_Edmonds|Louis_Edmonds| , American actor   1923    |Fats_Navarro|Fats_Navarro| , American trumpet player and composer   1923    |Raoul_Bott|Raoul_Bott| , Hungarian-American mathematician    |1924|1924| |Nina_Bocharova|Nina_Bocharova| , Ukrainian gymnast   1924    |Voula_Zouboulaki|Voula_Zouboulaki| , Egyptian-Greek actress    |1925|1925| |Autar_Singh_Paintal|Autar_Singh_Paintal| , Indian physiologist and academic    |1927|1927| |Arthur_Malet|Arthur_Malet| , English-American actor and singer    |1929|1929| |John_Carter|John_Carter| , American clarinet player, saxophonist, and flute player    |1930|1930| |Józef_Krupiński|Józef_Krupiński| , Polish poet and author   1930    |Angelo_Muscat|Angelo_Muscat| , Maltese-English actor   1930    |Benjamin_Romualdez|Benjamin_Romualdez| , Filipino politician and diplomat   1930    |John_W._Young|John_Young| , American captain, engineer, and astronaut    |1931|1931| |Elizabeth_Blackadder|Elizabeth_Blackadder| , Scottish painter and educator   1931    |Cardiss_Collins|Cardiss_Collins| , American lawyer and politician   1931    |Brian_Glanville|Brian_Glanville| , English journalist and author   1931    |Anthony_Newley|Anthony_Newley| , English singer and actor   1931    |Mike_Parkes|Mike_Parkes| , English race car driver    |1932|1932| |Miguel_Montuori|Miguel_Montuori| , Argentinian-Italian footballer and manager   1932    |Walter_Wallmann|Walter_Wallmann| , German politician,  |Minister-President_of_Hesse|List_Of_Ministers-President_Of_Hesse| |1933|1933| |Raffaele_Farina|Raffaele_Farina| , Italian cardinal   1933    |Mel_Taylor|Mel_Taylor| , American drummer    |1934|1934| |Tommy_Anderson|Tommy_Anderson| , Scottish footballer and manager   1934    |John_Brunner|John_Brunner| , English-Scottish author and screenwriter   1934    |John_Kasmin|John_Kasmin| , English art dealer   1934    |Bernard_Nevill|Bernard_Nevill| , English painter, designer, and academic   1934    |Chick_Willis|Chick_Willis| , American singer and guitarist   1934    |Manfred_Wörner|Manfred_Wörner| , German politician and diplomat, 7th  |Secretary_General_of_NATO|Secretary_General_Of_Nato|    1934    |Donald_Wrye|Donald_Wrye| , American director, screenwriter and producer    |1936|1936| |Sivanthi_Adithan|Sivanthi_Adithan| , Indian businessman   1936    |Jim_Henson|Jim_Henson| , American puppeteer, director, producer and screenwriter, created  |The_Muppets|The_Muppets| |1938|1938| |Steve_Douglas|Steve_Douglas| , American saxophonist, flute player, and producer    |1939|1939| |Wayne_Henderson|Wayne_Henderson| , American trombonist and producer   1939    |Moti_Kirschenbaum|Moti_Kirschenbaum| , Israeli journalist   1939    |Jacques_Vallée|Jacques_Vallée| , French ufologist    |1940|1940| |Yves_Navarre|Yves_Navarre| , French author    |1941|1941| |John_Mackey|John_Mackey| , American football player   1941    |Linda_McCartney|Linda_Mccartney| , American singer, photographer, and activist    |1942|1942| |Gerry_Marsden|Gerry_Marsden| , English singer-songwriter and guitarist    |1944|1944| |Eavan_Boland|Eavan_Boland| , Irish poet and academic   1944    |Sven-Ole_Thorsen|Sven-Ole_Thorsen| , Danish bodybuilder and stuntman   1944    |Victoria_Vetri|Victoria_Vetri| , Playboys 1967 Miss September & 1968 Playmate of the Year.    |1945|1945| |Lou_Dobbs|Lou_Dobbs| , American journalist and author   1945    |Carson_Van_Osten|Carson_Van_Osten| , American comics creator and musician   1945    |John_Rutter|John_Rutter| , English composer, conductor, and producer    |1946|1946| |Jerry_Donahue|Jerry_Donahue| , American guitarist and producer   1946    |Joe_Greene|Joe_Greene| , American football player, coach, and actor   1946    |Lars_Emil_Johansen|Lars_Emil_Johansen| , Greenlandic educator and politician, 2nd  |Prime_Minister_of_Greenland|Prime_Minister_Of_Greenland| |César_Pedroso|César_Pedroso| , Cuban pianist and songwriter   1946    |Pat_Pocock|Pat_Pocock| , Welsh-English cricketer   1946    |María_Teresa_Ruiz|María_Teresa_Ruiz| , Chilean astronomer    |1947|1947| |Stephen_Mueller|Stephen_Mueller| , American painter    |1948|1948| |Phil_Hartman|Phil_Hartman| , Canadian-American actor and screenwriter   1948    |Garth_Porter|Garth_Porter| , New Zealand-Australian singer-songwriter and producer    |1949|1949| |Baleka_Mbete|Baleka_Mbete| , South African politician,  |Speaker_of_the_National_Assembly_of_South_Africa|Speaker_Of_The_National_Assembly_Of_South_Africa| |Anders_Arborelius|Anders_Arborelius| , Swedish cardinal    |1950|1950| |Mohinder_Amarnath|Mohinder_Amarnath| , Indian cricketer, coach, and sportscaster   1950    |John_Kessel|John_Kessel| , American author, poet, and playwright   1950    |Harriet_Walter|Harriet_Walter| , English actress    |1951|1951| |Douglas_Kmiec|Douglas_Kmiec| , American scholar and diplomat,  |United_States_Ambassador_to_Malta|United_States_Ambassador_To_Malta| |1952|1952| |Dieter_Hochheimer|Dieter_Hochheimer| , German footballer and manager   1952    |Mark_Sandman|Mark_Sandman| , American singer-songwriter, guitarist, and producer    |1953|1953| |Peter_Halley|Peter_Halley| , American painter and educator    |1954|1954| |Marco_Tardelli|Marco_Tardelli| , Italian footballer and coach    |1955|1955| |Riccardo_Illy|Riccardo_Illy| , Italian businessman and politician,  |President_of_Friuli_Venezia_Giulia|List_Of_Presidents_Of_Friuli-Venezia_Giulia| |1956|1956| |Hubie_Brooks|Hubie_Brooks| , American baseball player    |1957|1957| |Brad_Bird|Brad_Bird| , American director, screenwriter, animator, producer and actor   1957    |Wolfgang_Wolf|Wolfgang_Wolf| , German footballer and manager    |1958|1958| |Kevin_Sorbo|Kevin_Sorbo| , American actor and producer    |1959|1959| |Theo_Paphitis|Theo_Paphitis| , Cypriot-English businessman   1959    |Steve_Whitmire|Steve_Whitmire| , American puppeteer    |1960|1960| |Tony_Juniper|Tony_Juniper| , English environmentalist and politician   1960    |Amy_Sky|Amy_Sky| , Canadian singer-songwriter, producer, and actress    |1961|1961| |Christopher_L._Eisgruber|Christopher_L._Eisgruber| , American lawyer and academic   1961    |John_Logan|John_Logan| , American screenwriter and producer   1961    |Luc_Picard|Luc_Picard| , Canadian actor, director, and screenwriter    |1962|1962| |Ally_McCoist|Ally_Mccoist| , Scottish footballer and manager   1962    |Mike_Phelan|Mike_Phelan| , English footballer, coach, and manager   1962    |Tim_Supple|Tim_Supple| , English director and producer   1962    |Nia_Vardalos|Nia_Vardalos| , Canadian-American actress and screenwriter   1962    |Ilgvars_Zalāns|Ilgvars_Zalāns| , Latvian painter    |1963|1963| |Michael_Potter|Michael_Potter| , Australian rugby player and coach   1963    |Ben_Preston|Ben_Preston| , English journalist    |1964|1964| |Rafael_Palmeiro|Rafael_Palmeiro| , Cuban-American baseball player   1964    |Marko_Pomerants|Marko_Pomerants| , Estonian lawyer and politician,  |Estonian_Minister_of_the_Interior|Minister_Of_The_Interior| |Ronald_van_der_Kemp|Ronald_Van_Der_Kemp| , Dutch fashion designer    |1965|1965| |Robert_Irvine|Robert_Irvine| , English chef and television host   1965    |Njål_Ølnes|Njål_Ølnes| , Norwegian saxophonist and composer   1965    |Sean_McNabb|Sean_Mcnabb| , American singer and bass player   1965    |Janet_Weiss|Janet_Weiss| , American drummer    |1966|1966| |Christophe_Bouchut|Christophe_Bouchut| , French race car driver   1966    |Rajesh_Khattar|Rajesh_Khattar| , Indian voice actor   1966    |Bernard_Gilkey|Bernard_Gilkey| , American baseball player   1966    |Stefan_Molyneux|Stefan_Molyneux| , Irish-Canadian philosopher, author, and blogger   1966    |Michael_O._Varhola|Michael_O._Varhola| , American journalist and author    |1967|1967| |Noreena_Hertz|Noreena_Hertz| , English economist, author, and academic    |1969|1969| |Shawn_Crahan|Shawn_Crahan| , American drummer, songwriter, and producer   1969    |Christopher_Pincher|Christopher_Pincher| , English politician   1969    |Shamim_Sarif|Shamim_Sarif| , English author, director, and screenwriter   1969    |Paul_Ray_Smith|Paul_Ray_Smith| , American sergeant,  |Medal_of_Honor|Medal_Of_Honor|  recipient   1969    |Megan_Ward|Megan_Ward| , American actress    |1971|1971| |Michael_S._Engel|Michael_S._Engel| , American paleontologist and entomologist   1971    |Mike_Michalowicz|Mike_Michalowicz| , American businessman and author   1971    |Kevin_Millar|Kevin_Millar| , American baseball player and sportscaster   1971    |Peter_Salisbury|Peter_Salisbury| , English drummer    |1972|1972| |Conor_Burns|Conor_Burns| , British politician   1972    |Kate_Fleetwood|Kate_Fleetwood| , English actress    |1973|1973| |Eddie_George|Eddie_George| , American football player and sportscaster   1973    |Rodrick_Rhodes|Rodrick_Rhodes| , American basketball player and coach    |1974|1974| |John_McDonald|John_Mcdonald| , American baseball player    |1976|1976| |Carlos_Almeida|Carlos_Almeida| , Angolan basketball player   1976    |Stephanie_McMahon|Stephanie_Mcmahon| , American wrestler and businesswoman   1976    |Yakkun_Sakurazuka|Yakkun_Sakurazuka| , Japanese voice actress and singer   1976    |Vahur_Vahtramäe|Vahur_Vahtramäe| , Estonian footballer    |1977|1977| |Frank_Fahrenhorst|Frank_Fahrenhorst| , German footballer and manager   1977    |Casey_Rabach|Casey_Rabach| , American football player    |1978|1978| |Wietse_van_Alten|Wietse_Van_Alten| , Dutch archer    |1979|1979| |Fábio_Aurélio|Fábio_Aurélio| , Brazilian footballer   1979    |Kim_Jong-min|Kim_Jong-Min| , South Korean singer    |1980|1980| |Daniele_Bennati|Daniele_Bennati| , Italian cyclist   1980    |Dean_Canto|Dean_Canto| , Australian race car driver   1980    |Petri_Pasanen|Petri_Pasanen| , Finnish footballer   1980    |Victoria_Pendleton|Victoria_Pendleton| , English cyclist   1980    |John_Arne_Riise|John_Arne_Riise| , Norwegian footballer    |1981|1981| |Ryan_Briscoe|Ryan_Briscoe| , Australian race car driver   1981    |Drew_Gooden|Drew_Gooden| , American basketball player    |1982|1982| |Morgan_Hamm|Morgan_Hamm| , American gymnast   1982    |Paul_Hamm|Paul_Hamm| , American gymnast   1982    |Jeff_Karstens|Jeff_Karstens| , American baseball player    |1983|1983| |Liam_Finn|Liam_Finn| , Australian-New Zealand singer-songwriter and guitarist   1983    |Randy_Foye|Randy_Foye| , American basketball player   1983    |Ben_Harris|Ben_Harris| , Australian rugby league player    |1984|1984| |Taylor_Eigsti|Taylor_Eigsti| , American pianist and composer   1984    |Senzo_Meyiwa|Senzo_Meyiwa| , South African footballer    |1985|1985| |Eric_Adjetey_Anang|Eric_Adjetey_Anang| , Ghanaian sculptor and carpenter   1985    |Eleanor_Catton|Eleanor_Catton| , Canadian-New Zealand author   1985    |Cameron_Price|Cameron_Price| , Australian news journalist   1985    |Jonathan_Soriano|Jonathan_Soriano| , Spanish footballer    |1987|1987| |Matthew_Connolly|Matthew_Connolly| , English footballer   1987    |Gürhan_Gürsoy|Gürhan_Gürsoy| , Turkish footballer    |1988|1988| |Karl_Alzner|Karl_Alzner| , Canadian ice hockey player    |1989|1989| |Pia_Wurtzbach|Pia_Wurtzbach| , Filipina actress, model, and  |Miss_Universe_2015|Miss_Universe_2015|  titleholder    |1991|1991| |Maximiliano_Uggè|Maximiliano_Uggè| , Italian footballer   1991    |Oriol_Romeu|Oriol_Romeu| , Spanish footballer    |1993|1993| |Ben_Platt|Ben_Platt| , American actor    |1997|1997| |Tosin_Adarabioyo|Tosin_Adarabioyo| , English Footballer          |366|366| |Pope_Liberius|Pope_Liberius| |768|768| |Pepin_the_Short|Pepin_The_Short| , Frankish king    |887|887| |Gao_Pian|Gao_Pian| , general of the Tang Dynasty    |1054|1054| |Hermann_of_Reichenau|Hermann_Of_Reichenau| , German composer, mathematician, and astronomer    |1120|1120| |Welf_II,_Duke_of_Bavaria|Welf_Ii,_Duke_Of_Bavaria| |1143|1143| |Agnes_of_Germany|Agnes_Of_Germany|    1143    |Pope_Innocent_II|Pope_Innocent_Ii| |1180|1180| |Manuel_I_Komnenos|Manuel_I_Komnenos| , Byzantine emperor    |1218|1218| |Robert_of_Knaresborough|Robert_Of_Knaresborough| |1228|1228| |Stefan_the_First-Crowned|Stefan_The_First-Crowned| , Serbian king    |1270|1270| |Philip_of_Montfort,_Lord_of_Castres|Philip_Of_Montfort,_Lord_Of_Castres| |1275|1275| |Humphrey_de_Bohun,_2nd_Earl_of_Hereford|Humphrey_De_Bohun,_2Nd_Earl_Of_Hereford| , English politician,  |Lord_High_Constable_of_England|Lord_High_Constable_Of_England| |1435|1435| |Isabeau_of_Bavaria|Isabeau_Of_Bavaria| |1459|1459| |Eric_of_Pomerania|Eric_Of_Pomerania| , King of Norway, Denmark and Sweden    |1494|1494| |Poliziano|Poliziano| , Italian poet and scholar    |1534|1534| |Michael_Glinski|Michael_Glinski| , Lithuanian prince    |1541|1541| |Paracelsus|Paracelsus| , German-Swiss physician, botanist, and chemist    |1545|1545| |Albert_of_Mainz|Albert_Of_Mainz| , German cardinal    |1562|1562| |Henry_Grey,_4th_Earl_of_Kent|Henry_Grey,_4Th_Earl_Of_Kent| , English politician    |1572|1572| |Túpac_Amaru|Túpac_Amaru| , last of the Incas    |1605|1605| |Manuel_Mendes|Manuel_Mendes| , Portuguese composer and educator    |1621|1621| |Jan_Karol_Chodkiewicz|Jan_Karol_Chodkiewicz| , Polish commander    |1646|1646| |Duarte_Lobo|Duarte_Lobo| , Portuguese composer and educator    |1655|1655| |Frederick,_Landgrave_of_Hesse-Eschwege|Frederick,_Landgrave_Of_Hesse-Eschwege| |1707|1707| |Vincenzo_da_Filicaja|Vincenzo_Da_Filicaja| , Italian poet and author    |1732|1732| |Emperor_Reigen|Emperor_Reigen|  of Japan    |1742|1742| |Johann_Matthias_Hase|Johann_Matthias_Hase| , German mathematician, astronomer, and cartographer    |1790|1790| |John_Keyse_Sherwin|John_Keyse_Sherwin| , English engraver    |1802|1802| |Alexander_Radishchev|Alexander_Radishchev| , Russian author and critic    |1834|1834| |Pedro_I_of_Brazil|Pedro_I_Of_Brazil| |1848|1848| |Branwell_Brontë|Branwell_Brontë| , English painter and poet    |1863|1863| |William_Debenham|William_Debenham| , English businessman, founded  |Debenhams|Debenhams| |1889|1889| |D._H._Hill|D._H._Hill| , American general and academic   1889    |Charles_Leroux|Charles_Leroux| , American balloonist and skydiver    |1892|1892| |Patrick_Gilmore|Patrick_Gilmore| , Irish-American soldier and composer    |1896|1896| |Louis_Gerhard_De_Geer|Louis_Gerhard_De_Geer| , Swedish lawyer and politician, 1st  |Prime_Minister_of_Sweden|Prime_Minister_Of_Sweden| |1904|1904| |Niels_Ryberg_Finsen|Niels_Ryberg_Finsen| , Faroese-Danish physician and author,  |Nobel_Prize|Nobel_Prize_In_Physiology_Or_Medicine|  laureate    |1929|1929| |Mahidol_Adulyadej|Mahidol_Adulyadej| , Thai prince    |1930|1930| |William_A._MacCorkle|William_A._Maccorkle| , American lawyer and politician, 9th  |Governor_of_West_Virginia|Governor_Of_West_Virginia| |1933|1933| |Mike_Donlin|Mike_Donlin| , American baseball player and actor   1933    |Alice_Muriel_Williamson|Alice_Muriel_Williamson| , English author    |1936|1936| |József_Klekl|József_Klekl| , Slovene priest and journalist    |1938|1938| |Lev_Schnirelmann|Lev_Schnirelmann| , Belarusian-Russian mathematician and academic    |1939|1939| |Carl_Laemmle|Carl_Laemmle| , German-American film producer, founded  |Universal_Studios|Universal_Studios|    1939    |Charles_Tatham|Charles_Tatham| , American fencer    |1945|1945| |Hans_Geiger|Hans_Geiger| , German physicist and academic, co-invented the  |Geiger_counter|Geiger_Counter| |1947|1947| |Andrew_C._McLaughlin|Andrew_C._Mclaughlin| , American historian and author    |1948|1948| |Warren_William|Warren_William| , American actor    |1950|1950| |Princess_Victoria_of_Hesse_and_by_Rhine|Princess_Victoria_Of_Hesse_And_By_Rhine| |1962|1962| |Charles_Reisner|Charles_Reisner| , American actor, director, and screenwriter    |1973|1973| |August_Kippasto|August_Kippasto| , Estonian-Australian wrestler and poet   1973    |Josué_de_Castro|Josué_De_Castro| , Brazilian physician, geographer, and activist    |1975|1975| |Earle_Cabell|Earle_Cabell| , American businessman and politician,  |Mayor_of_Dallas|List_Of_Mayors_Of_Dallas| |1976|1976| |Philip_Gbeho|Philip_Gbeho| , Ghanaian composer and educator    |1978|1978| |James_Bassett|James_Bassett| , American journalist and author   1978    |Hasso_von_Manteuffel|Hasso_Von_Manteuffel| , German general and politician    |1980|1980| |Theodor_Luts|Theodor_Luts| , Estonian-Brazilian director, producer, and cinematographer    |1981|1981| |Patsy_Kelly|Patsy_Kelly| , American actress and dancer    |1982|1982| |Sarah_Churchill|Sarah_Churchill| , English actress   1982    |Józef_Nawrot|Józef_Nawrot| , Polish-English footballer    |1984|1984| |Neil_Hamilton|Neil_Hamilton| , American actor    |1991|1991| |Dr._Seuss|Dr._Seuss| , American childrens book writer, poet, and illustrator    |1993|1993| |Ian_Stuart_Donaldson|Ian_Stuart_Donaldson| , English singer-songwriter and guitarist   1993    |Bruno_Pontecorvo|Bruno_Pontecorvo| , Italian physicist and academic    |1994|1994| |Barry_Bishop|Barry_Bishop| , American mountaineer, photographer, and scholar    |1996|1996| |Zeki_Müren|Zeki_Müren| , Turkish singer-songwriter    |1998|1998| |Jeff_Moss|Jeff_Moss| , American composer and screenwriter    |2002|2002| |Youssouf_Togoïmi|Youssouf_Togoïmi| , Chadian politician   2002    |Mike_Webster|Mike_Webster| , American football player    |2003|2003| |Rosalie_Allen|Rosalie_Allen| , American singer and radio host   2003    |Lyle_Bettger|Lyle_Bettger| , American actor    |2004|2004| |Françoise_Sagan|Françoise_Sagan| , French author and screenwriter    |2006|2006| |Michael_Ferguson|Michael_Ferguson| ,  |PIRA|Pira|  volunteer, lawyer, and politician   2006    |Phil_Latulippe|Phil_Latulippe| , Canadian soldier and runner    |2008|2008| |Oliver_Crawford|Oliver_Crawford| , American screenwriter and author   2008    |Irene_Dailey|Irene_Dailey| , American actress   2008    |Mickey_Vernon|Mickey_Vernon| , American baseball player and coach    |2009|2009| |Nelly_Arcan|Nelly_Arcan| , Canadian author    |2010|2010| |Gennady_Yanayev|Gennady_Yanayev| , Russian engineer and politician,  |Vice_President_of_the_Soviet_Union|List_Of_Heads_Of_State_Of_The_Soviet_Union| |2012|2012| |Pierre_Adam|Pierre_Adam| , French cyclist   2012    |Bruno_Bobak|Bruno_Bobak| , Polish-Canadian painter and educator   2012    |Pedro_Vázquez_Colmenares|Pedro_Vázquez_Colmenares| , Mexican lawyer and politician,  |Governor_of_Oaxaca|Governor_Of_Oaxaca| |2013|2013| |Paul_Dietzel|Paul_Dietzel| , American football player and coach   2013    |Margaret_Feilman|Margaret_Feilman| , Australian architect and urban planner   2013    |Boris_Karvasarsky|Boris_Karvasarsky| , Ukrainian-Russian psychiatrist and author   2013    |Anthony_Lawrence|Anthony_Lawrence| , English-Hong Kong journalist and author   2013    |Sagadat_Nurmagambetov|Sagadat_Nurmagambetov| , Kazakh general and politician   2013    |Paul_Oliver|Paul_Oliver| , American football player    |2014|2014| |Deborah_Cavendish,_Duchess_of_Devonshire|Deborah_Cavendish,_Duchess_Of_Devonshire| , English aristocrat, socialite, and author   2014    |Christopher_Hogwood|Christopher_Hogwood| , English  |harpsichord|Harpsichord|  player and conductor, founded the  |Academy_of_Ancient_Music|Academy_Of_Ancient_Music|    2014    |Madis_Kõiv|Madis_Kõiv| , Estonian physicist, philosopher, and author    |2015|2015| |Alan_Moore|Alan_Moore| , Australian painter and educator   2015    |Wang_Zhongshu|Wang_Zhongshu| , Chinese archaeologist and academic    |2016|2016| |Mel_Charles|Mel_Charles| , Welsh footballer   2016    |Vladimir_Kuzmichyov|Vladimir_Kuzmichyov| , Russian footballer   2016    |Bill_Mollison|Bill_Mollison| , Australian researcher, author and biologist   2016    |Bill_Nunn|Bill_Nunn| , American actor   2016    |Buckwheat_Zydeco|Buckwheat_Zydeco| , American accordionist and bandleader          |Armed_Forces_Day|Armed_Forces_Day| |feast_day|Feast_Day| |Anathalon|Anathalon| |Antonio_Gonzalez|Antonio_Gonzalez| |Gerard_of_Csanád|Gerard_Of_Csanád| |Our_Lady_of_Mercy|Virgin_Of_Mercy|  and its related observance:    |La_Mercè|La_Mercè| |Our_Lady_of_Ransom|Feast_Of_Our_Lady_Of_Ransom| |Our_Lady_of_Walsingham|Our_Lady_Of_Walsingham| |Pacificus_of_San_Severino|Pacificus_Of_San_Severino| |Rupert_of_Salzburg|Rupert_Of_Salzburg| |September_24|September_24| .    |Constitution_Day|Constitution_Day| |Maple_Leaf_Day|Arbor_Daycanada|  can fall, while September 30 is the latest; celebrated on the last Wednesday in September.    |Heritage_Day|Heritage_Day| .    |Independence_Day|Independence_Day| , celebrates the independence of  |Guinea-Bissau|Guinea-Bissau|  from Portugal in 1973.    |Mahidol_Day|Mahidol_Day| |New_Caledonia_Day|New_Caledonia_Day| |Republic_Day|Republic_Day| .