|455|455|    Emperor  |Avitus|Avitus|  enters Rome with a Gallic army and consolidates his power.    |1170|1170|    The  |Kingdom_of_Dublin|Kingdom_Of_Dublin|  falls to Norman invaders.    |1217|1217| |Livonian_Crusade|Livonian_Crusade| |Battle_of_St._Matthews_Day|Battle_Of_St._Matthews_Day| .    |1435|1435|    The  |Congress_of_Arras|Congress_Of_Arras|  causes Burgundy to switch sides in the Hundred Years War.    |1745|1745|    A Hanoverian army is  |defeated|Battle_Of_Prestonpans| , in ten minutes, by the Jacobite forces of Prince Charles Edward Stuart    |1776|1776|    Part of New York City is  |burned|Great_Fire_Of_New_York|  shortly after being occupied by British forces.    |1780|1780| |American_Revolutionary_War|American_Revolutionary_War| |Benedict_Arnold|Benedict_Arnold|  gives the British the plans to West Point.    |1792|1792| |French_Revolution|French_Revolution| |abolishes_the_monarchy|Proclamation_Of_The_Abolition_Of_The_Monarchy| .    |1843|1843| |John_Williams_Wilson|John_Williams_Wilson|  takes possession of the Strait of Magellan on behalf of the Chilean government.    |1860|1860| |Second_Opium_War|Second_Opium_War| |Battle_of_Palikao|Battle_Of_Palikao| .    |1896|1896| |Anglo-Egyptian_conquest_of_Sudan|Anglo-Egyptian_Conquest_Of_Sudan| |Dongola|Dongola| .    |1898|1898| |Empress_Dowager_Cixi|Empress_Dowager_Cixi|  seizes power and ends the  |Hundred_Days_Reform|Hundred_Days_Reform|  in China.    |1921|1921|    A storage silo in Oppau, Germany,  |explodes|Oppau_Explosion| , killing 500–600 people.    |1933|1933| |Salvador_Lutteroth|Salvador_Lutteroth|  establishes Mexican professional wrestling.    |1934|1934|    A large  |typhoon|1934_Muroto_Typhoon|  hits western Honshū, Japan, killing more than three thousand people.    |1937|1937|    J. R. R. Tolkiens  The Hobbit  is published.    |1938|1938|    The  |Great_Hurricane_of_1938|1938_New_England_Hurricane|  makes landfall on Long Island in  |New_York|New_York| . The death toll is estimated at 500–700 people.    |1939|1939|    Romanian Prime Minister  |Armand_Călinescu|Armand_Călinescu|  is assassinated by the Iron Guard.    |1942|1942| |The_Holocaust_in_Ukraine|The_Holocaust_In_Ukraine| |Pidhaitsi|Pidhaitsi|  to Bełżec extermination camp.   1942   The Holocaust in Ukraine: In  |Dunaivtsi|Dunaivtsi| , Ukraine, Nazis murder 2,588 Jews.   1942    |The_Holocaust_in_Poland|The_Holocaust_In_Poland| |Biała_Podlaska|Biała_Podlaska| .   1942   The  |Boeing_B-29_Superfortress|Boeing_B-29_Superfortress|  makes its maiden flight.    |1949|1949|    The  |Peoples_Republic_of_China|Peoples_Republic_Of_China|  is proclaimed.    |1953|1953|    Lieutenant  |No_Kum-sok|No_Kum-Sok| , a North Korean pilot, defects to South Korea with his jet fighter.    |1964|1964| |Malta|Malta|  gains independence from the United Kingdom, but remains in the Commonwealth.   1964   The  |North_American_XB-70_Valkyrie|North_American_Xb-70_Valkyrie| , the worlds fastest bomber, makes its maiden flight from Palmdale, California.    |1965|1965| |The_Gambia|The_Gambia| ,  |Maldives|Maldives|  and  |Singapore|Singapore|  are admitted as members of the United Nations.    |1971|1971| |Bahrain|Bahrain| ,  |Bhutan|Bhutan|  and  |Qatar|Qatar|  join the United Nations.    |1972|1972|    Philippine President  |Ferdinand_Marcos|Ferdinand_Marcos|  begins authoritarian rule by  |declaring_martial_law|Proclamation_№_1081| .    |1976|1976| |Orlando_Letelier|Orlando_Letelier|  is assassinated in Washington, D.C. He had been a member of the former Chilean Marxist government.   1976    |Seychelles|Seychelles|  joins the United Nations.    |1981|1981| |Belize|Belize|  is granted full independence from the United Kingdom.   1981    |Sandra_Day_OConnor|Sandra_Day_Oconnor|  is unanimously approved by the U.S. Senate as the first female Supreme Court justice.    |1984|1984| |Brunei|Brunei|  joins the United Nations.    |1991|1991| |Armenia|Armenia|  gains independence from the Soviet Union.    |1993|1993|    Russian President  |Boris_Yeltsin|Boris_Yeltsin|  triggers a  |constitutional_crisis|Russian_Constitutional_Crisis_Of_1993|  when he suspends parliament and scraps the constitution.    |1996|1996|    The  |Defense_of_Marriage_Act|Defense_Of_Marriage_Act|  is passed by the United States Congress.    |1999|1999|    The  |Chi-Chi_earthquake|Chi-Chi_Earthquake|  occurs in central Taiwan, leaving about 2,400 people dead.    |2001|2001|     America: A Tribute to Heroes  is broadcast by over 35 network and cable channels, raising over $200 million for the victims of the September 11 attacks.   2001    |Ross_Parker_is_murdered|Murder_Of_Ross_Parker|  in Peterborough, England, by a gang of ten British Pakistani youths.    |2003|2003|    The  |Galileo_spacecraft|Galileo|  is terminated by sending it into Jupiters atmosphere.    |2012|2012|    Three  |Egyptian|Egyptians|  militants open fire on a group of  |Israeli_soldiers|Israel_Defense_Forces|  in a  |southern_Israel_cross-border_attack|September_2012_Southern_Israel_Cross-Border_Attack| .     |2013|2013|    Al-Shabaab Islamic militants  |attack_the_Westgate_shopping_mall|Westgate_Shopping_Mall_Attack|  in Kenya, killing at least 67 people.    |2019|2019|    A 5.6 M w earthquake shakes the  |Albanian|Albania|  port of  |Durrës|Durrës| . 49 people are injured in the capital,  |Tirana|Tirana| .         |580|580| |Pope_Vitalian|Pope_Vitalian| |953|953| |Abu_Ishaq_Ibrahim|Abu_Ishaq_Ibrahim| , Buyid prince    |1051|1051| |Bertha_of_Savoy|Bertha_Of_Savoy| |1371|1371| |Frederick_I,_Elector_of_Brandenburg|Frederick_I,_Elector_Of_Brandenburg| |1407|1407| |Leonello_dEste,_Marquis_of_Ferrara|Leonello_Deste,_Marquis_Of_Ferrara| , Italian noble    |1411|1411| |Richard_of_York,_3rd_Duke_of_York|Richard_Of_York,_3Rd_Duke_Of_York| , English politician,  |Lord_Protector_of_England|Lord_Protector_Of_England| |1415|1415| |Frederick_III,_Holy_Roman_Emperor|Frederick_Iii,_Holy_Roman_Emperor| |1428|1428| |Jingtai_Emperor|Jingtai_Emperor|  of China    |1433|1433| |Guillaume_Fichet|Guillaume_Fichet| , French scholar and academic    |1452|1452| |Girolamo_Savonarola|Girolamo_Savonarola| , Italian priest and philosopher    |1457|1457| |Hedwig_Jagiellon,_Duchess_of_Bavaria|Hedwig_Jagiellon,_Duchess_Of_Bavaria| , Polish princess    |1552|1552| |Barbara_Longhi|Barbara_Longhi| , Italian painter    |1559|1559| |Cigoli|Cigoli| , Italian painter and architect    |1629|1629| |Philip_Howard|Philip_Howard| , English cardinal    |1640|1640| |Philippe_I,_Duke_of_Orléans|Philippe_I,_Duke_Of_Orléans| , younger son of Louis XIII of France and his wife    |1645|1645| |Louis_Jolliet|Louis_Jolliet| , Canadian explorer    |1706|1706| |Polyxena_of_Hesse-Rotenburg|Polyxena_Of_Hesse-Rotenburg| |1756|1756| |John_Loudon_McAdam|John_Loudon_Mcadam| , Scottish engineer    |1758|1758| |Christopher_Gore|Christopher_Gore| , American soldier, lawyer, and politician, 8th  |Governor_of_Massachusetts|Governor_Of_Massachusetts| |1760|1760| |Ivan_Dmitriev|Ivan_Dmitriev| , Russian poet and politician,  |Minister_of_Justice_for_Imperial_Russia|List_Of_Ministers_Of_Justice_Of_Imperial_Russia| |1819|1819| |Princess_Louise_Marie_Thérèse_of_Artois|Princess_Louise_Marie_Thérèse_Of_Artois| |1840|1840| |Murad_V|Murad_V| , Ottoman sultan    |1842|1842| |Abdul_Hamid_II|Abdul_Hamid_Ii| , 34th Sultan of the Ottoman Empire    |1846|1846| |Mihály_Kolossa|Mihály_Kolossa| , Hungarian-Slovene author and poet    |1849|1849| |Maurice_Barrymore|Maurice_Barrymore| , American actor    |1853|1853| |Heike_Kamerlingh_Onnes|Heike_Kamerlingh_Onnes| , Dutch physicist and academic,  |Nobel_Prize|Nobel_Prize_In_Physics|  laureate    |1859|1859| |Francesc_Macià|Francesc_Macià| , Catalan colonel and politician, 122nd  |President_of_Catalonia|List_Of_Presidents_Of_The_Generalitat_De_Catalunya| |1860|1860| |Wilson_Kettle|Wilson_Kettle| , Canadian centenarian    |1862|1862| |James_E._Talmage|James_E._Talmage| , English-American religious leader and author    |1863|1863| |John_Bunny|John_Bunny| , American actor    |1866|1866| |Charles_Nicolle|Charles_Nicolle| , French-Tunisian microbiologist and academic,  |Nobel_Prize|Nobel_Prize_In_Physiology_Or_Medicine|  laureate   1866    |H._G._Wells|H._G._Wells| , English novelist, historian, and critic    |1867|1867| |Charles_Bathurst,_1st_Viscount_Bledisloe|Charles_Bathurst,_1St_Viscount_Bledisloe| , English politician, 4th  |Governor-General_of_New_Zealand|Governor-General_Of_New_Zealand|    1867    |Henry_L._Stimson|Henry_L._Stimson| , American colonel, lawyer, and politician, 46th  |United_States_Secretary_of_State|United_States_Secretary_Of_State| |1872|1872| |Henry_Tingle_Wilde|Henry_Tingle_Wilde| , English chief officer on the  |RMS_Titanic|Rms_Titanic| |1873|1873| |Papa_Jack_Laine|Papa_Jack_Laine| , American drummer and bandleader    |1874|1874| |Gustav_Holst|Gustav_Holst| , English composer and educator    |1878|1878| |Peter_McWilliam|Peter_Mcwilliam| , Scottish-English footballer and manager    |1882|1882| |Geevarghese_Ivanios|Geevarghese_Ivanios| , Indian metropolitan    |1884|1884| |Dénes_Kőnig|Dénes_Kőnig| , Hungarian mathematician and theorist    |1890|1890| |Max_Immelmann|Max_Immelmann| , German lieutenant and pilot   1890    |Charles_William_Train|Charles_William_Train| , English sergeant,  |Victoria_Cross|Victoria_Cross|  recipient    |1894|1894| |Anton_Piëch|Anton_Piëch| , Austrian lawyer and businessman    |1899|1899| |Frederick_Coutts|Frederick_Coutts| , Scottish 8th  |General_of_The_Salvation_Army|General_Of_The_Salvation_Army| |1902|1902| |Luis_Cernuda|Luis_Cernuda| , Spanish poet and critic   1902    |Allen_Lane|Allen_Lane| , English publisher, founded  |Penguin_Books|Penguin_Books|    1902    |Howie_Morenz|Howie_Morenz| , Canadian ice hockey player    |1903|1903| |Preston_Tucker|Preston_Tucker| , American engineer and businessman, designed the  |Tucker_Sedan|1948_Tucker_Sedan| |1904|1904| |Hans_Hartung|Hans_Hartung| , German-French painter    |1905|1905| |Robert_Lebel|Robert_Lebel| , Canadian businessman and politician    |1906|1906| |Henry_Beachell|Henry_Beachell| , American biologist and botanist    |1909|1909| |Kwame_Nkrumah|Kwame_Nkrumah| , Ghanaian educator and politician, 1st  |President_of_Ghana|President_Of_Ghana| |1910|1910| |Meinrad_Schütter|Meinrad_Schütter| , Swiss composer    |1912|1912| |Chuck_Jones|Chuck_Jones| , American animator, producer, and screenwriter   1912    |György_Sándor|György_Sándor| , Hungarian pianist and composer    |1916|1916| |Françoise_Giroud|Françoise_Giroud| , Swiss-French journalist and politician,  |French_Minister_of_Culture|Minister_Of_Culture| |1917|1917| |Phyllis_Nicolson|Phyllis_Nicolson| , English mathematician and academic    |1918|1918| |John_Gofman|John_Gofman| , American physicist, chemist, and biologist   1918    |Karl_Slover|Karl_Slover| , American actor   1918    |Juan_José_Arreola|Juan_José_Arreola| , Mexican writer and academic    |1919|1919| |Mario_Bunge|Mario_Bunge| , Argentinian-Canadian physicist and philosopher   1919    |Herman_Fowlkes,_Jr.|Herman_Fowlkes,_Jr.| , American trumpet player and educator   1919    |Fazlur_Rahman_Malik|Fazlur_Rahman_Malik| , Pakistani philosopher and scholar    |1920|1920| |Kenneth_McAlpine|Kenneth_Mcalpine| , British race car driver    |1921|1921| |John_McHale|John_Mchale| , American baseball player and manager    |1924|1924| |Hermann_Buhl|Hermann_Buhl| , Austrian mountaineer    |1926|1926| |Don_Dunstan|Don_Dunstan| , Fijian-Australian lawyer and politician, 35th  |Premier_of_South_Australia|Premier_Of_South_Australia|    1926    |Donald_A._Glaser|Donald_A._Glaser| , American physicist and neurobiologist,  |Nobel_Prize|Nobel_Prize_In_Physics|  laureate   1926    |Fereydoon_Moshiri|Fereydoon_Moshiri| , Iranian poet and critic    |1929|1929| |Sándor_Kocsis|Sándor_Kocsis| , Hungarian footballer and manager   1929    |Edgar_Valter|Edgar_Valter| , Estonian author and illustrator   1929    |Bernard_Williams|Bernard_Williams| , English-Italian philosopher and academic    |1930|1930| |John_Morgan|John_Morgan| , Welsh-Canadian actor and screenwriter   1930    |Bob_Stokoe|Bob_Stokoe| , English footballer and manager    |1931|1931| |Larry_Hagman|Larry_Hagman| , American actor, director, and producer    |1932|1932| |Shirley_Conran|Shirley_Conran| , English journalist and author    |1932|1932| |Marjorie_Fletcher|Marjorie_Fletcher| , English Director of the  |Womens_Royal_Naval_Service|Womens_Royal_Naval_Service|    1932    |Don_Preston|Don_Preston| , American keyboard player and composer    |1933|1933| |Allan_Jeans|Allan_Jeans| , Australian footballer and coach   1933    |Dick_Simon|Dick_Simon| , American race car driver    |1934|1934| |Leonard_Cohen|Leonard_Cohen| , Canadian singer-songwriter and poet   1934    |María_Rubio|María_Rubio| , Mexican actress    |1935|1935| |Jimmy_Armfield|Jimmy_Armfield| , English footballer and manager   1935    |Henry_Gibson|Henry_Gibson| , American actor    |1936|1936| |Ian_Albery|Ian_Albery| , English manager and producer   1936    |Dickey_Lee|Dickey_Lee| , American pop-country singer-songwriter and guitarist   1936    |Yury_Luzhkov|Yury_Luzhkov| , Russian soldier and politician, 2nd  |Mayor_of_Moscow|Mayor_Of_Moscow| |Diane_Rehm|Diane_Rehm| , American journalist and radio host    |1937|1937| |John_DAmico|John_Damico| , Canadian ice hockey player and referee    |1938|1938| |Doug_Moe|Doug_Moe| , American basketball player and coach   1938    |Olu_Falae|Olu_Falae| , Nigerian politician and government official    |1939|1939| |Agnivesh|Agnivesh| , Indian philosopher, academic, and politician    |1940|1940| |Ron_Fenton|Ron_Fenton| , English footballer, coach, and manager   1940    |Hermann_Knoflacher|Hermann_Knoflacher| , Austrian engineer and academic   1940    |Bill_Kurtis|Bill_Kurtis| , American journalist and producer    |1941|1941| |Jack_Brisco|Jack_Brisco| , American wrestler and manager   1941    |R._James_Woolsey,_Jr.|R._James_Woolsey,_Jr.| , American scholar and diplomat, 16th  |Director_of_Central_Intelligence|Director_Of_Central_Intelligence| |1942|1942| |Sam_McDowell|Sam_Mcdowell| , American baseball player    |1943|1943| |David_Hood|David_Hood| , American session bassist and trombone player    1943    |Jerry_Bruckheimer|Jerry_Bruckheimer| , American film and television producer    |1944|1944| |Steve_Beshear|Steve_Beshear| , American lawyer and politician, 61st  |Governor_of_Kentucky|Governor_Of_Kentucky| |Marcus_Binney|Marcus_Binney| , English historian and author   1944    |Fannie_Flagg|Fannie_Flagg| , American actress, comedian, and author   1944    |Hamilton_Jordan|Hamilton_Jordan| , American politician, 8th  |White_House_Chief_of_Staff|White_House_Chief_Of_Staff|    1944    |Bobby_Tench|Bobby_Tench| , English singer-songwriter and guitarist    |1945|1945| |Richard_Childress|Richard_Childress| , American race car driver and businessman   1945    |Shaw_Clifton|Shaw_Clifton| , Northern Irish 18th  |General_of_The_Salvation_Army|General_Of_The_Salvation_Army| |Kay_Ryan|Kay_Ryan| , American poet and educator    |1946|1946| |Rose_Garrard|Rose_Garrard| , English sculptor and author   1946    |Moritz_Leuenberger|Moritz_Leuenberger| , Swiss lawyer and politician, 87th  |President_of_the_Swiss_Confederation|President_Of_The_Swiss_Confederation| |Mart_Siimann|Mart_Siimann| , Estonian psychologist and politician, 12th  |Prime_Minister_of_Estonia|Prime_Minister_Of_Estonia| |1947|1947| |Don_Felder|Don_Felder| , American musician and songwriter    1947    |Keith_Harris|Keith_Harris| , English ventriloquist and singer   1947    |Rupert_Hine|Rupert_Hine| , English musician, songwriter, and record producer   1947    |Stephen_King|Stephen_King| , American author and screenwriter   1947    |Ed_Nimmervoll|Ed_Nimmervoll| , Austrian-Australian journalist, historian, and author   1947    |Marsha_Norman|Marsha_Norman| , American playwright and author    |1948|1948| |Jack_Dromey|Jack_Dromey| , English union leader and politician   1948    |Mitsuo_Momota|Mitsuo_Momota| , Japanese wrestler    |1949|1949| |Henry_Butler|Henry_Butler| , American pianist and photographer   1949    |Artis_Gilmore|Artis_Gilmore| , American basketball player and radio host   1949    |Odilo_Scherer|Odilo_Scherer| , Brazilian cardinal    |1950|1950| |Charles_Clarke|Charles_Clarke| , English economist and politician,  |Secretary_of_State_for_Education|Secretary_Of_State_For_Education| |Bill_Murray|Bill_Murray| , American actor, comedian, producer, and screenwriter    |1951|1951| |Bruce_Arena|Bruce_Arena| , American soccer player and manager   1951    |Aslan_Maskhadov|Aslan_Maskhadov| , Chechen general and politician, 3rd  |President_of_the_Chechen_Republic_of_Ichkeria|President_Of_The_Chechen_Republic_Of_Ichkeria| |1952|1952| |Dave_Gregory|Dave_Gregory| , English guitarist and keyboard player   1952    |John_Taylor,_Baron_Taylor_of_Warwick|John_Taylor,_Baron_Taylor_Of_Warwick| , English lawyer and politician    |1953|1953| |Arie_Luyendyk|Arie_Luyendyk| , Dutch race car driver and sportscaster   1953    |Reinhard_Marx|Reinhard_Marx| , German cardinal    |1954|1954| |Shinzō_Abe|Shinzō_Abe| , Japanese lawyer and politician, 90th  |Prime_Minister_of_Japan|Prime_Minister_Of_Japan| |Thomas_S._Ray|Thomas_S._Ray| , American ecologist and academic   1954    |Phil_Philthy_Animal_Taylor|Phil_Taylor| , English rock drummer     |1955|1955| |Richard_Hieb|Richard_Hieb| , American engineer and astronaut   1955    |Mika_Kaurismäki|Mika_Kaurismäki| , Finnish director, producer, and screenwriter    |1956|1956| |Jack_Givens|Jack_Givens| , American basketball player and sportscaster   1956    |Marta_Kauffman|Marta_Kauffman| , American screenwriter and producer   1956    |Ricky_Morton|Ricky_Morton| , American wrestler    |1957|1957| |Ethan_Coen|Ethan_Coen| , American director, producer, and screenwriter   1957    |Mark_Levin|Mark_Levin| , American lawyer, radio host, and author   1957    |Sidney_Moncrief|Sidney_Moncrief| , American basketball player and coach   1957    |Kevin_Rudd|Kevin_Rudd| , Australian politician and diplomat, 26th  |Prime_Minister_of_Australia|Prime_Minister_Of_Australia| |1958|1958| |Rick_Mahorn|Rick_Mahorn| , American basketball player and coach   1958    |Simon_Mayo|Simon_Mayo| , English radio host    |1959|1959| |Crin_Antonescu|Crin_Antonescu| , Romanian educator and politician, former Interim  |President_of_Romania|President_Of_Romania| |Andrzej_Buncol|Andrzej_Buncol| , Polish footballer   1959    |Dave_Coulier|Dave_Coulier| , American actor, comedian, producer, and screenwriter   1959    |Danny_Cox|Danny_Cox| , English-American baseball player and coach   1959    |Corinne_Drewery|Corinne_Drewery| , English singer-songwriter  and fashion designer    |1960|1960| |David_James_Elliott|David_James_Elliott| , Canadian-American actor and director   1960    |Masoumeh_Ebtekar|Masoumeh_Ebtekar| , Iranian journalist, politician and scientist, first woman Vice President of  |Iran|Iran| |Kelley_Eskridge|Kelley_Eskridge| , American author and screenwriter   1960    |Musalia_Mudavadi|Musalia_Mudavadi| , Kenyan politician and Former Deputy Prime Minister   1960    |Graham_Southern|Graham_Southern| , English art dealer and gallery owner   1960    |Maurizio_Cattelan|Maurizio_Cattelan| , Italian sculptor    |1961|1961| |Billy_Collins,_Jr.|Billy_Collins,_Jr.| , American boxer   1961    |Dan_Borislow|Dan_Borislow| , American businessman, invented the  |magicJack|Magicjack|    1961    |Nancy_Travis|Nancy_Travis| , American actress and producer    |1962|1962| |Rob_Morrow|Rob_Morrow| , American actor    |1963|1963| |Curtly_Ambrose|Curtly_Ambrose| , Antiguan cricketer and bass player   1963    |Cecil_Fielder|Cecil_Fielder| , American baseball player and manager   1963    |Angus_Macfadyen|Angus_Macfadyen| , Scottish actor and screenwriter   1963    |Mamoru_Samuragochi|Mamoru_Samuragochi| , Japanese composer   1963    |Trevor_Steven|Trevor_Steven| , English footballer   1963    |David_J._Wales|David_J._Wales| , British academic and educator    |1964|1964| |Jorge_Drexler|Jorge_Drexler| , Uruguayan singer-songwriter   1964    |Lester_Quitzau|Lester_Quitzau| , Canadian guitarist    |1965|1965| |Frédéric_Beigbeder|Frédéric_Beigbeder| , French author and critic   1965    |Cheryl_Hines|Cheryl_Hines| , American actress   1965    |Johanna_Vuoksenmaa|Johanna_Vuoksenmaa| , Finnish director and screenwriter    |1966|1966| |Kerrin_Lee-Gartner|Kerrin_Lee-Gartner| , Canadian skier and journalist    |1967|1967| |Faith_Hill|Faith_Hill| , American singer-songwriter, producer, and actress   1967    |Suman_Pokhrel|Suman_Pokhrel| , Nepali poet, lyricist and playwright   1967    |Tyler_Stewart|Tyler_Stewart| , Canadian drummer    |1968|1968| |Kevin_Buzzard|Kevin_Buzzard| , British mathematician   1968    |David_Jude_Jolicoeur|David_Jude_Jolicoeur| , American rapper, songwriter, and producer    1968    |Ricki_Lake|Ricki_Lake| , American actress, producer, and talk show host    |1969|1969| |Anne_Burrell|Anne_Burrell| , American chef and television host   1969    |Jason_Christiansen|Jason_Christiansen| , American baseball player   1969    |Curtis_Leschyshyn|Curtis_Leschyshyn| , Canadian ice hockey player and sportscaster    |1970|1970| |Melissa_Ferrick|Melissa_Ferrick| , American singer-songwriter and guitarist   1970    |Samantha_Power|Samantha_Power| , Irish-American journalist, academic, and diplomat, 28th  |United_States_Ambassador_to_the_United_Nations|United_States_Ambassador_To_The_United_Nations| |1971|1971| |John_Crawley|John_Crawley| , English cricketer and academic   1971    |Alfonso_Ribeiro|Alfonso_Ribeiro| , American actor and golf player   1971    |Luke_Wilson|Luke_Wilson| , American actor, director, and screenwriter    |1972|1972| |Olivia_Bonamy|Olivia_Bonamy| , French actress   1972    |Liam_Gallagher|Liam_Gallagher| , English singer-songwriter   1972    |Jon_Kitna|Jon_Kitna| , American football player and coach    |1973|1973| |Vanessa_Grigoriadis|Vanessa_Grigoriadis| , American journalist and author   1973    |Virginia_Ruano_Pascual|Virginia_Ruano_Pascual| , Spanish tennis player   1973    |Oswaldo_Sánchez|Oswaldo_Sánchez| , Mexican footballer    |1974|1974| |Bryce_Drew|Bryce_Drew| , American basketball player and coach   1974    |Jana_Kandarr|Jana_Kandarr| , German tennis player   1974    |Andy_Todd|Andy_Todd| , English footballer and manager    |1975|1975| |Doug_Davis|Doug_Davis| , American baseball player    |1976|1976| |Jonas_Bjerre|Jonas_Bjerre| , Danish singer-songwriter and guitarist   1976    |Poul_Hübertz|Poul_Hübertz| , Danish footballer and manager    |1977|1977| |Kārlis_Lācis|Kārlis_Lācis| , Latvian pianist and composer   1977    |Andre_Pärn|Andre_Pärn| , Estonian basketball player   1977    |Kohei_Sato|Kohei_Sato| , Japanese wrestler   1977    |Brian_Tallet|Brian_Tallet| , American baseball player    |1978|1978| |Paulo_Costanzo|Paulo_Costanzo| , Canadian actor, director, and producer   1978    |Luke_Godden|Luke_Godden| , Australian footballer   1978    |Doug_Howlett|Doug_Howlett| , New Zealand rugby player    |1979|1979| |James_Allan|James_Allan| , Scottish singer-songwriter and guitarist   1979    |Richard_Dunne|Richard_Dunne| , Irish footballer   1979    |Chris_Gayle|Chris_Gayle| , Jamaican cricketer   1979    |Julian_Gray|Julian_Gray| , English footballer   1979    |Monika_Merl|Monika_Merl| , German runner    |1980|1980| |Nyree_Kindred|Nyree_Kindred| , Welsh swimmer   1980    |Tomas_Scheckter|Tomas_Scheckter| , South African race car driver   1980    |Autumn_Reeser|Autumn_Reeser| , American actress   1980    |Kareena_Kapoor|Kareena_Kapoor| , Indian actress    |1981|1981| |Nicole_Richie|Nicole_Richie| , American actress, fashion designer, and author   1981    |Sarah_Whatmore|Sarah_Whatmore| , English singer-songwriter     |1982|1982| |Eduardo_Azevedo|Eduardo_Azevedo| , Brazilian race car driver   1982    |Christos_Tapoutos|Christos_Tapoutos| , Greek basketball player   1982    |Rowan_Vine|Rowan_Vine| , English footballer    |1983|1983| |Ndiss_Kaba_Badji|Ndiss_Kaba_Badji| , Senegalese athlete   1983    |Alex_Bailey|Alex_Bailey| , British footballer   1983    |Dwayne_Barker|Dwayne_Barker| , English rugby league player   1983    |Sarah_Rees_Brennan|Sarah_Rees_Brennan| , Irish writer   1983    |Stipe_Buljan|Stipe_Buljan| , Croatian footballer   1983    |John_Castillo|John_Castillo| , Colombian footballer   1983    |Fernando_Cavenaghi|Fernando_Cavenaghi| , Argentine footballer   1983    |Wagner_Diniz|Wagner_Diniz| , Brazilian footballer   1983    |Moustapha_Djallit|Moustapha_Djallit| , Algerian footballer   1983    |Francesco_Dracone|Francesco_Dracone| , Italian race car driver   1983    |Scott_Evans|Scott_Evans| , American actor   1983    |Anna_Favella|Anna_Favella| , Italian actress   1983    |Éder_Monteiro_Fernandes|Éder_Monteiro_Fernandes| , Brazilian footballer   1983    |Kristian_Gidlund|Kristian_Gidlund| , Swedish drummer and journalist   1983    |Maggie_Grace|Maggie_Grace| , American actress   1983    |Bryan_Willis_Hamilton|Bryan_Willis_Hamilton| , American musician   1983    |Liam_Harrison|Liam_Harrison| , British rugby league player   1983    |Cristian_Hidalgo|Cristian_Hidalgo| , Spanish footballer   1983    |Greg_Jennings|Greg_Jennings| , American football player   1983    |Dorothea_Kalpakidou|Dorothea_Kalpakidou| , Greek discus thrower   1983    |Derek_Landri|Derek_Landri| , American footballer   1983    |C._S._Magaoay|C._S._Magaoay| , American researcher and activist   1983    |Joseph_Mazzello|Joseph_Mazzello| , American actor, director, producer, and screenwriter   1983    |Anna_Meares|Anna_Meares| , Italian track cyclist   1983    |Reggie_Nelson|Reggie_Nelson| , American footballer   1983   Mark Nerkowski, American soccer player   1983    |Dênis_Oliveira_de_Souza|Dênis_Oliveira_De_Souza| , Brazilian footballer   1983    |Rasmus_Persson|Rasmus_Persson| , Swedish radio personality   1983    |Marcin_Piekarski|Marcin_Piekarski| , Polish luger   1983    |Rafael_Marques_Pinto|Rafael_Marques_Pinto| , Brazilian footballer   1983    |Tori_Polk|Tori_Polk| , American athlete   1983    |Miguel_Potes_Mina|Miguel_Potes_Mina| , Colombian footballer   1983    |Javier_Alejandro_Rabbia|Javier_Alejandro_Rabbia| , Argentine footballer   1983    |Wakakirin_Shinichi|Wakakirin_Shinichi| , Japanese sumo wrestler and mixed martial artist   1983    |Joana_Solnado|Joana_Solnado| , Portuguese actress   1983    |Ben_Richardson|Ben_Richardson| , British  |cinematographer|Cinematographer| |Asa_Taccone|Asa_Taccone| , American musician   1983    |Ronny_Toma|Ronny_Toma| , Italian footballer   1983    |Sanka_Wijegunaratne|Sanka_Wijegunaratne| , Sri Lankan cricketer   1983    |Ycare|Ycare| , French singer songwriter    |1984|1984| |Ben_Wildman-Tobriner|Ben_Wildman-Tobriner| , American swimmer   1984    |Wale|Wale| , American rapper    |1985|1985| |Justin_Durant|Justin_Durant| , American football player    |1986|1986| |Faris_Badwan|Faris_Badwan| , English singer-songwriter   1986    |Lindsey_Stirling|Lindsey_Stirling| , American violinist and composer    |1987|1987| |Jimmy_Clausen|Jimmy_Clausen| , American football player   1987    |Anthony_Don|Anthony_Don| , Australian rugby league player   1987    |Marcelo_Estigarribia|Marcelo_Estigarribia| , Paraguayan footballer   1987    |Murilo_Maccari|Murilo_Maccari| , Brazilian footballer   1987    |Ashley_Paris|Ashley_Paris| , American basketball player   1987    |Courtney_Paris|Courtney_Paris| , American basketball player   1987    |Michał_Pazdan|Michał_Pazdan| , Polish footballer   1987    |Ivelisse_Vélez|Ivelisse_Vélez| , Puerto Rican wrestler    |1988|1988| |Doug_Baldwin|Doug_Baldwin| , American football player   1988    |Bilawal_Bhutto_Zardari|Bilawal_Bhutto_Zardari| , Pakistani politician    |1989|1989| |Jason_Derulo|Jason_Derulo| , American singer-songwriter   1989    |Sandor_Earl|Sandor_Earl| , Australian rugby league player   1989    |Emma_Watkins|Emma_Watkins| , Australian singer and actress    |1990|1990| |Al-Farouq_Aminu|Al-Farouq_Aminu| , American basketball player   1990    |Danny_Batth|Danny_Batth| , English footballer   1990    |Rob_Cross|Rob_Cross| , English darts player   1990    |Ivan_Dorschner|Ivan_Dorschner| , American-Filipino model and actor   1990    |Sam_Kasiano|Sam_Kasiano| , New Zealand rugby league player    |1991|1991| |Anastassia_Kovalenko|Anastassia_Kovalenko| , Estonian motorcycle racer    |1992|1992| |Kim_Jong-dae|Chen| , South Korean singer-songwriter   1992    |Rodrigo_Godínez|Rodrigo_Godínez| , Mexican footballer    |1993|1993| |Kwon_Mina|Kwon_Mina| , South Korean singer and actress   1993    |Derik_Osede|Derik_Osede| , Spanish footballer   1993    |Ante_Rebić|Ante_Rebić| , Croatian footballer    |1998|1998| |Máscara_de_Bronce|Máscara_De_Bronce| , Mexican wrestler    |1999|1999| |Wang_Junkai|Wang_Junkai| , Chinese singer    |1999|1999| |Alexander_Isak|Alexander_Isak| , Eritrean-Swedish professional footballer          |19_BC|19_Bc| |Virgil|Virgil| , Roman poet    |454|454| |Flavius_Aetius|Flavius_Aetius| , Roman general and politician    |687|687| |Pope_Conon|Pope_Conon| |1026|1026| |Otto-William,_Count_of_Burgundy|Otto-William,_Count_Of_Burgundy| |1217|1217| |Lembitu|Lembitu| , Estonian king and military leader   1217    |Caupo_of_Turaida|Caupo_Of_Turaida| |1235|1235| |Andrew_II_of_Hungary|Andrew_Ii_Of_Hungary| |1256|1256| |William_of_Kilkenny|William_Of_Kilkenny| ,  |Lord_Chancellor|Lord_Chancellor|  of England    |1327|1327| |Edward_II_of_England|Edward_Ii_Of_England| |1397|1397| |Richard_FitzAlan,_11th_Earl_of_Arundel|Richard_Fitzalan,_11Th_Earl_Of_Arundel| , English admiral    |1558|1558| |Charles_V,_Holy_Roman_Emperor|Charles_V,_Holy_Roman_Emperor| |1576|1576| |Gerolamo_Cardano|Gerolamo_Cardano| , Italian mathematician, physician, and astrologer    |1586|1586| |Antoine_Perrenot_de_Granvelle|Antoine_Perrenot_De_Granvelle| , French cardinal and diplomat    |1629|1629| |Jan_Pieterszoon_Coen|Jan_Pieterszoon_Coen| , Governor-General of the  |Dutch_East_Indies|Dutch_East_Indies| |1637|1637| |William_V,_Landgrave_of_Hesse-Kassel|William_V,_Landgrave_Of_Hesse-Kassel| |1643|1643|    Emperor  |Hong_Taiji|Hong_Taiji|  of China    |1709|1709| |Ivan_Mazepa|Ivan_Mazepa| , Ukrainian statesman, Hetman of Zaporizhian Host    |1719|1719| |Johann_Heinrich_Acker|Johann_Heinrich_Acker| , German historian and academic    |1743|1743| |Jai_Singh_II|Jai_Singh_Ii| , Indian king    |1748|1748| |John_Balguy|John_Balguy| , English philosopher and author    |1796|1796| |François_Séverin_Marceau-Desgraviers|François_Séverin_Marceau-Desgraviers| , French general    |1798|1798| |George_Read|George_Read| , American lawyer and politician, 3rd  |Governor_of_Delaware|Governor_Of_Delaware| |1812|1812| |Emanuel_Schikaneder|Emanuel_Schikaneder| , German actor and playwright    |1832|1832| |Walter_Scott|Walter_Scott| , Scottish novelist, playwright, and poet    |1860|1860| |Arthur_Schopenhauer|Arthur_Schopenhauer| , German philosopher and author    |1874|1874| |Jean-Baptiste_Élie_de_Beaumont|Jean-Baptiste_Élie_De_Beaumont| , French geologist and engineer    |1880|1880| |Manuel_Montt|Manuel_Montt| , Chilean scholar and politician, 6th  |President_of_Chile|President_Of_Chile| |1887|1887| |Wazid_Ali_Shah|Wazid_Ali_Shah| , last Nawab of Awadh    |1904|1904| |Chief_Joseph|Chief_Joseph| , American tribal leader    |1905|1905| |Nikolay_Benardos|Nikolay_Benardos| , Ukrainian inventor    |1906|1906| |Samuel_Arnold|Samuel_Arnold| , American conspirator    |1926|1926| |Léon_Charles_Thévenin|Léon_Charles_Thévenin| , French engineer    |1933|1933| |Kenji_Miyazawa|Kenji_Miyazawa| , Japanese author and poet    |1938|1938| |Ivana_Brlić-Mažuranić|Ivana_Brlić-Mažuranić| , Croatian author and poet    |1939|1939| |Armand_Călinescu|Armand_Călinescu| , Romanian economist and politician, 39th  |Prime_Minister_of_Romania|Prime_Minister_Of_Romania| |1942|1942| |John_Symes|John_Symes| , English cricketer    |1944|1944| |Alexander_Koshetz|Alexander_Koshetz| , Ukrainian choral conductor, arranger, composer    |1944|1944| |Artur_Phleps|Artur_Phleps| , Romanian general    |1947|1947| |Harry_Carey|Harry_Carey| , American actor, director, producer, and screenwriter    |1953|1953| |Necmettin_Sadak|Necmettin_Sadak| , Turkish publisher and politician, 10th  |Turkish_Minister_of_Foreign_Affairs|List_Of_Ministers_Of_Foreign_Affairs| |1954|1954| |Mikimoto_Kōkichi|Mikimoto_Kōkichi| , Japanese businessman    |1956|1956| |Bill_Struth|Bill_Struth| , Scottish footballer and manager    |1957|1957| |Haakon_VII_of_Norway|Haakon_Vii_Of_Norway| |1958|1958| |Peter_Whitehead|Peter_Whitehead| , English race car driver    |1961|1961| |Ed_Oliver|Ed_Oliver| , American golfer    |1962|1962| |Bo_Carter|Bo_Carter| , American singer-songwriter and guitarist    |1963|1963| |Paulino_Masip|Paulino_Masip| , Spanish author, playwright, and screenwriter    |1964|1964| |Josef_Müller|Josef_Müller| , Croatian entomologist    |1966|1966| |Paul_Reynaud|Paul_Reynaud| , French lawyer and politician, 118th  |Prime_Minister_of_France|Prime_Minister_Of_France| |1971|1971| |Bernardo_Houssay|Bernardo_Houssay| , Argentinian physiologist and physician,  |Nobel_Prize|Nobel_Prize_In_Physiology_Or_Medicine|  laureate    |1972|1972| |Henry_de_Montherlant|Henry_De_Montherlant| , French essayist, novelist, and dramatist    |1974|1974| |Walter_Brennan|Walter_Brennan| , American actor   1974    |Jacqueline_Susann|Jacqueline_Susann| , American author and actress    |1975|1975| |Bedri_Rahmi_Eyüboğlu|Bedri_Rahmi_Eyüboğlu| , Turkish painter and poet    |1976|1976| |Orlando_Letelier|Orlando_Letelier| , Chilean economist and politician,  |Minister_of_Foreign_Affairs_for_Chile|Ministry_Of_Foreign_Affairs| |1982|1982| |Ivan_Bagramyan|Ivan_Bagramyan| , Russian general    |1983|1983| |Andrew_Brewin|Andrew_Brewin| , Canadian politician   1983    |Bob_Donham|Bob_Donham| , American basketball player   1983    |Bada_Rajan|Bada_Rajan| , Indian  |mobster|Gangster|    1983    |Birgit_Tengroth|Birgit_Tengroth| , Swedish actor   1983    |Willy_Trenk-Trebitsch|Willy_Trenk-Trebitsch| , Austrian actor   1983    |Xavier_Zubiri|Xavier_Zubiri| ,  |Basque|Basque_Country| |philosopher|Philosopher| |1985|1985| |Gu_Long|Gu_Long| , Chinese author and screenwriter    |1987|1987| |Jaco_Pastorius|Jaco_Pastorius| , American bass player, composer, and producer    |1988|1988| |Glenn_Robert_Davis|Glenn_Robert_Davis| , American lieutenant and politician    |1989|1989| |Rajini_Thiranagama|Rajini_Thiranagama| , Sri Lankan physician and academic    |1990|1990| |Takis_Kanellopoulos|Takis_Kanellopoulos| , Greek director, producer, and screenwriter    |1991|1991| |Gordon_Bashford|Gordon_Bashford| , English engineer    |1992|1992| |Tarachand_Barjatya|Tarachand_Barjatya| , Indian film producer, founded  |Rajshri_Productions|Rajshri_Productions| |1995|1995| |Rudy_Perpich|Rudy_Perpich| , American dentist and politician, 34th  |Governor_of_Minnesota|Governor_Of_Minnesota| |1998|1998| |Florence_Griffith_Joyner|Florence_Griffith_Joyner| , American sprinter    |2000|2000| |Jacques_Flynn|Jacques_Flynn| , Canadian lawyer and politician, 35th  |Canadian_Minister_of_Justice|Minister_Of_Justice|    2000    |Leonid_Rogozov|Leonid_Rogozov| , Russian physician and surgeon    |2002|2002| |Robert_L._Forward|Robert_L._Forward| , American physicist and engineer    |2004|2004| |Bob_Mason|Bob_Mason| , English actor and screenwriter    |2006|2006| |Tasos_Athanasiadis|Tasos_Athanasiadis| , Greek author    |2007|2007| |Hallgeir_Brenden|Hallgeir_Brenden| , Norwegian skier   2007    |Alice_Ghostley|Alice_Ghostley| , American actress   2007    |Rex_Humbard|Rex_Humbard| , American evangelist and television host    |2009|2009| |Robert_Ginty|Robert_Ginty| , American actor, director, and screenwriter    |2011|2011| |John_Du_Cann|John_Du_Cann| , English guitarist   2011    |Jun_Henmi|Jun_Henmi| , Japanese author and poet   2011    |Pamela_Ann_Rymer|Pamela_Ann_Rymer| , American lawyer and judge    |2012|2012| |José_Curbelo|José_Curbelo| , Cuban-American pianist and manager   2012    |Yehuda_Elkana|Yehuda_Elkana| , Israeli historian and philosopher   2012    |Sven_Hassel|Sven_Hassel| , Danish-German soldier and author   2012    |Bill_King|Bill_King| , English commander, sailor, and author   2012    |Tom_Umphlett|Tom_Umphlett| , American baseball player and manager    |2013|2013| |Kofi_Awoonor|Kofi_Awoonor| , Ghanaian author, poet, and diplomat   2013    |Michel_Brault|Michel_Brault| , Canadian director, producer, and screenwriter   2013    |Harl_H._Haas,_Jr.|Harl_H._Haas,_Jr.| , American lawyer, jurist, and politician   2013    |Walter_Wallmann|Walter_Wallmann| , German lawyer and politician,  |Minister-President_of_Hesse|List_Of_Ministers-President_Of_Hesse|    2013    |Ko_Wierenga|Ko_Wierenga| , Dutch lawyer and politician    |2014|2014| |Michael_Harari|Michael_Harari| , Israeli intelligence officer   2014    |Caldwell_Jones|Caldwell_Jones| , American basketball player and coach   2014    |Sheldon_Patinkin|Sheldon_Patinkin| , American director and playwright    |2015|2015| |Yoram_Gross|Yoram_Gross| , Polish-Australian director and producer   2015    |Ray_Warleigh|Ray_Warleigh| , Australian-English saxophonist and flute player   2015    |Richard_Williamson|Richard_Williamson| , American footballer and coach    |2018|2018| |Trần_Đại_Quang|Trần_Đại_Quang| , President of  |Vietnam|Vietnam|    2018    |Vitaliy_Masol|Vitaliy_Masol| , Ukrainian Former Prime Minister           |Autumnal_equinox|Autumnal_Equinox|  observances in the Northern Hemisphere,  |vernal_equinox|Vernal_Equinox|  observances in the Southern Hemisphere  |Spring_Day|Spring_Day| |feast_day|Calendar_Of_Saints| |Ephigenia_of_Ethiopia|Ephigenia_Of_Ethiopia| |Laurent-Joseph-Marius_Imbert|Laurent-Joseph-Marius_Imbert| |Matthew_the_Evangelist|Matthew_The_Evangelist| |Nativity_of_the_Theotokos|Nativity_Of_The_Theotokos| |September_21|September_21| |Arbor_Day|Arbor_Day| |Commemoration_of_the_Declaration_of_Martial_Law|Proclamation_No._1081| |Customs_Service_Day|Customs_Service_Day| |Founders_Day|Founders_Day|  and  |National_Volunteer_Day|National_Volunteer_Day| |Independence_Day|Independence_Day| , celebrates the independence of  |Armenia|Armenia|  from the  |Soviet_Union|Soviet_Union|  in 1991.    |Independence_Day|Independence_Day| , celebrates the independence of  |Belize|Belize|  from the United Kingdom in 1981.    |Independence_Day|Independence_Day| , celebrates the independence of  |Malta|Malta|  from the United Kingdom in 1964.    |International_Day_of_Peace|International_Day_Of_Peace| |National_Pecan_Cookie_Day|List_Of_Food_Daysseptember| |Students_Day|Students_Day| |Victory_over_the_Golden_Horde_in_the_Battle_of_Kulikovo|Victory_Over_The_Golden_Horde_In_The_Battle_Of_Kulikovo|      In the popular 1978 song  |September|September|  by  |Earth,_Wind_&_Fire|Earth,_Wind_&_Fire| , the date of September 21 is mentioned in the lyric Do you remember the 21st night of September? This reference has gained popularity on the internet due to the songs spread as an  |internet_meme|Internet_Meme| . 