|48_BC|48_Bc| |Pompey|Pompey|  is assassinated by order of King Ptolemy upon arriving in Egypt.    |235|235| |Pope_Pontian|Pope_Pontian|  resigns. He is exiled to the mines of Sardinia, along with  |Hippolytus_of_Rome|Hippolytus_Of_Rome| .    |351|351|    Constantius II  |defeats|Battle_Of_Mursa_Major|  the usurper Magnentius.    |365|365|    Roman usurper  |Procopius|Procopius|  bribes two legions passing by Constantinople, and proclaims himself emperor.    |935|935|    Duke  |Wenceslaus_I|Wenceslaus_I,_Duke_Of_Bohemia|  of Bohemia is murdered by a group of nobles led by his brother  |Boleslaus_I|Boleslaus_I,_Duke_Of_Bohemia| , who succeeds him.    |995|995| |Boleslaus_II,_Duke_of_Bohemia|Boleslaus_Ii,_Duke_Of_Bohemia| , kills most members of the rival Slavník dynasty.    |1066|1066|    William the Conqueror lands in  |England|England| , beginning the  |Norman_conquest|Norman_Conquest_Of_England| .    |1106|1106|    King Henry I of England  |defeats|Battle_Of_Tinchebray|  his brother, Robert Curthose.    |1238|1238|    King  |James_I_of_Aragon|James_I_Of_Aragon|  conquers Valencia from the Moors. Shortly thereafter, he proclaims himself  |king_of_Valencia|Kingdom_Of_Valencia| .    |1322|1322|    Louis IV, Holy Roman Emperor, defeats Frederick I of Austria in the  |Battle_of_Mühldorf|Battle_Of_Mühldorf| .    |1538|1538|    Ottoman–Venetian War: The Ottoman Navy scores a decisive victory over a Holy League fleet in the  |Battle_of_Preveza|Battle_Of_Preveza| .    |1542|1542| |Juan_Rodríguez_Cabrillo|Juan_Rodríguez_Cabrillo|  of Portugal arrives at what is now San Diego, California.    |1779|1779|    American Revolution:  |Samuel_Huntington|Samuel_Huntington|  is elected President of the Continental Congress, succeeding John Jay.    |1781|1781|    American Revolution: American forces backed by a French fleet begin the  |siege_of_Yorktown|Siege_Of_Yorktown| .    |1787|1787|    The Congress of the Confederation  |votes|History_Of_The_United_States_Constitution|  to send the newly-written United States Constitution to the state legislatures for approval.    |1821|1821|    The  |Declaration_of_Independence_of_the_Mexican_Empire|Declaration_Of_Independence_Of_The_Mexican_Empire|  is drafted. It will be made public on 13 October.    |1844|1844| |Oscar_I|Oscar_I_Of_Sweden|  of Sweden–Norway is crowned king of Sweden.    |1867|1867|    Toronto  |becomes_the_capital|History_Of_Toronto|  of Ontario, having also been the capital of Ontarios predecessors since 1796.    |1868|1868|    The  |Battle_of_Alcolea|Battle_Of_Alcolea|  causes Queen Isabella II of Spain to flee to France.    |1871|1871|    The Brazilian Parliament passes  |a_law|Rio_Branco_Law|  that frees all children thereafter born to slaves, and all government-owned slaves.    |1889|1889|    The  |General_Conference_on_Weights_and_Measures|General_Conference_On_Weights_And_Measures|  defines the  |length_of_a_meter|International_Prototype_Metre| .    |1892|1892|    The first night game for American football takes place  |in_a_contest|1892_Wyoming_Seminary_Vs._Mansfield_State_Normal_Football_Game|  between Wyoming Seminary and Mansfield State Normal.    |1893|1893|    Foundation of the Portuguese  |football_club|Association_Football|   FC Porto .    |1901|1901|    Philippine–American War: Filipino guerrillas  |kill|Balangiga_Massacre|  more than forty American soldiers while losing 28 of their own.    |1912|1912|    The  |Ulster_Covenant|Ulster_Covenant|  is signed by some 500,000 Ulster Protestant Unionists in opposition to the Third Irish Home Rule Bill.   1912   Corporal  |Frank_S._Scott|Frank_S._Scott|  of the United States Army becomes the first enlisted man to die in an airplane crash.    |1918|1918| |World_War_I|World_War_I| |Fifth_Battle_of_Ypres|Fifth_Battle_Of_Ypres|  begins.    |1919|1919| |Race_riots|Omaha_Race_Riot_Of_1919|  begin in Omaha, Nebraska.    |1924|1924|    The  |first_aerial_circumnavigation|First_Aerial_Circumnavigation|  is completed by a team from the US Army.    |1928|1928| |Alexander_Fleming|Alexander_Fleming|  notices a bacteria-killing mold growing in his laboratory, discovering what later became known as  |penicillin|Penicillin| .    |1939|1939| |World_War_II|World_War_Ii| |agree|German–Soviet_Treaty_Of_Friendship,_Cooperation_And_Demarcation|  on a division of Poland.   1939   World War II: The  |siege_of_Warsaw|Siege_Of_Warsaw|  comes to an end.    |1941|1941|    World War II: The  |Drama_uprising|Drama_Uprising|  against the Bulgarian occupation in northern Greece begins.   1941    |Ted_Williams|Ted_Williams|  achieves a .406 batting average for the season, and becomes the last major league baseball player to bat .400 or better.    |1944|1944|    World War II: Soviet Army troops liberate  |Klooga_concentration_camp|Klooga_Concentration_Camp|  in Estonia.    |1951|1951|    CBS makes the first  |color_televisions|Color_Television|  available for sale to the general public, but the product is discontinued less than a month later.    |1961|1961|    A  |military_coup|1961_Syrian_Coup_Détat|  in Damascus effectively ends the United Arab Republic, the union between Egypt and Syria.    |1970|1970|    Egyptian President  |Gamal_Abdel_Nasser|Gamal_Abdel_Nasser|  dies of a heart attack in Cairo.    |1971|1971|    The Parliament of the UK passes the  |Misuse_of_Drugs_Act_1971|Misuse_Of_Drugs_Act_1971| , banning the medicinal use of cannabis.    |1973|1973|    The  |ITT|Itt_Corporation|  Building in New York City is bombed in protest at ITTs alleged involvement in the  |coup_détat_in_Chile|1973_Chilean_Coup_Détat| .    |1975|1975|    The  |Spaghetti_House_siege|Spaghetti_House_Siege| , in which nine people are taken hostage, takes place in London.    |1986|1986|    The  |Democratic_Progressive_Party|Democratic_Progressive_Party|  becomes the first opposition party in Taiwan.    |1991|1991|    The  |Strategic_Air_Command|Strategic_Air_Command|  stands down from alert all ICBMs scheduled for deactivation under  |START_I|Start_I| , as well as its strategic bomber force.    |1992|1992|    A Pakistan International Airlines flight  |crashes|Pia_Flight_268|  into a hill in Nepal, killing all 167 passengers and crew.    |1994|1994|    The cruise ferry  sinks in the Baltic Sea, killing 852 people.    |1995|1995| |Bob_Denard|Bob_Denard|  and a group of mercenaries take the islands of the Comoros in a coup.    |1995|1995|    Israeli Prime Minister Yitzhak Rabin and PLO Chairman Yasser Arafat sign the  |Interim_Agreement_on_the_West_Bank_and_the_Gaza_Strip|Interim_Agreement_On_The_West_Bank_And_The_Gaza_Strip| .    |2000|2000| |Al-Aqsa_Intifada|Al-Aqsa_Intifada| |Ariel_Sharon|Ariel_Sharon|  visits  |Al-Aqsa_Mosque|Al-Aqsa_Mosque|  known to Jews as the  |Temple_Mount|Temple_Mount|  in  |Jerusalem|Jerusalem| .    |2008|2008| |Falcon_1|Falcon_1|  becomes the first privately developed liquid-fuel ground-launched vehicle to put a payload into orbit.    |2009|2009|    The military junta leading Guinea  |attacks_a_protest_rally|2009_Guinea_Protest| , killing or wounding 1400 people.    |2012|2012|    Somali and African Union forces launch a coordinated  |assault|Battle_Of_Kismayo|  on the Somali port of Kismayo to take back the city from al-Shabaab militants.    |2014|2014|    The  |2014_Hong_Kong_protests|2014_Hong_Kong_Protests|  begin in response to restrictive political reforms imposed by the  |NPC|National_Peoples_Congress|  in Beijing.    |2016|2016|    The  |2016_South_Australian_blackout|2016_South_Australian_Blackout|  occurs, lasting up to three days in some areas.    |2018|2018|    The 7.5 M w  |2018_Sulawesi_earthquake|2018_Sulawesi_Earthquake_And_Tsunami| , which triggered a large tsunami, leaves 4,340 dead and 10,679 injured.        |551_BC|551_Bc| |Confucius|Confucius| , Chinese teacher, editor, politician, and philosopher of the Spring and Autumn period of Chinese history.    |616|616| |Javanshir|Javanshir| , King of  |Caucasian_Albania|Caucasian_Albania| |1494|1494| |Agnolo_Firenzuola|Agnolo_Firenzuola| , Italian poet and playwright    |1555|1555| |Henri_de_La_Tour_dAuvergne|Henri_De_La_Tour_Dauvergne,_Vicomte_De_Turenne,_Duc_De_Bouillon| , Marshal of France    |1573|1573| |Théodore_de_Mayerne|Théodore_De_Mayerne| , Swiss physician     |1605|1605| |Ismaël_Bullialdus|Ismaël_Bullialdus| , French astronomer and mathematician    |1681|1681| |Johann_Mattheson|Johann_Mattheson| , German composer, lexicographer, and diplomat    |1705|1705| |Henry_Fox,_1st_Baron_Holland|Henry_Fox,_1St_Baron_Holland| , English politician,  |Secretary_of_State_for_the_Southern_Department|Secretary_Of_State_For_The_Southern_Department|    1705    |Johann_Peter_Kellner|Johann_Peter_Kellner| , German organist and composer    |1735|1735| |Augustus_FitzRoy,_3rd_Duke_of_Grafton|Augustus_Fitzroy,_3Rd_Duke_Of_Grafton| , English academic and politician,  |Prime_Minister_of_the_United_Kingdom|Prime_Minister_Of_The_United_Kingdom| |1746|1746| |William_Jones|William_Jones| , English-Welsh philologist and scholar    |1765|1765| |Frederick_Christian_II,_Duke_of_Schleswig-Holstein-Sonderburg-Augustenburg|Frederick_Christian_Ii,_Duke_Of_Schleswig-Holstein-Sonderburg-Augustenburg| |1803|1803| |Prosper_Mérimée|Prosper_Mérimée| , French archaeologist, historian, and author    |1809|1809| |Alvan_Wentworth_Chapman|Alvan_Wentworth_Chapman| , American physician and botanist    |1819|1819| |Narcís_Monturiol|Narcís_Monturiol| , Spanish engineer and publisher    |1821|1821| |Jonathan_Clarkson_Gibbs|Jonathan_Clarkson_Gibbs| , American minister and politician    |1823|1823| |Alexandre_Cabanel|Alexandre_Cabanel| , French painter and educator    |1824|1824| |Francis_Turner_Palgrave|Francis_Turner_Palgrave| , English poet and critic    |1836|1836| |Thomas_Crapper|Thomas_Crapper| , English plumber, invented the  |ballcock|Ballcock| |1841|1841| |Georges_Clemenceau|Georges_Clemenceau| , French journalist, physician, and politician, 85th  |Prime_Minister_of_France|Prime_Minister_Of_France| |1844|1844| |Robert_Stout|Robert_Stout| , Scottish-New Zealand lawyer and politician, 13th  |Prime_Minister_of_New_Zealand|Prime_Minister_Of_New_Zealand| |1852|1852| |Henri_Moissan|Henri_Moissan| , French chemist and academic,  |Nobel_Prize|Nobel_Prize_In_Chemistry|  laureate   1852    |Isis_Pogson|Isis_Pogson| , British astronomer and meteorologist    |1856|1856| |Kate_Douglas_Wiggin|Kate_Douglas_Wiggin| , American author and educator    |1860|1860| |Paul_Ulrich_Villard|Paul_Ulrich_Villard| , French chemist and physicist    |1861|1861| |Amélie_of_Orléans|Amélie_Of_Orléans| , queen consort of Portugal     |1867|1867| |Hiranuma_Kiichirō|Hiranuma_Kiichirō| , Japanese lawyer and politician, 35th  |Prime_Minister_of_Japan|Prime_Minister_Of_Japan|    1867    |James_Edwin_Campbell|James_Edwin_Campbell| , American poet, editor, short story writer and educator    |1877|1877| |Albert_Young|Albert_Young| , American boxer and promoter    |1878|1878| |Joseph_Ruddy|Joseph_Ruddy| , American swimmer and water polo player    |1870|1870| |Florent_Schmitt|Florent_Schmitt| , French composer and critic    |1881|1881| |Pedro_de_Cordoba|Pedro_De_Cordoba| , American actor    |1882|1882| |Mart_Saar|Mart_Saar| , Estonian organist and composer    |1885|1885| |Emil_Väre|Emil_Väre| , Finnish wrestler, coach, and referee    |1887|1887| |Avery_Brundage|Avery_Brundage| , American businessman, 5th  |President_of_the_International_Olympic_Committee|President_Of_The_International_Olympic_Committee| |1889|1889| |Jack_Fournier|Jack_Fournier| , American baseball player and coach    |1890|1890| |Florence_Violet_McKenzie|Florence_Violet_Mckenzie| , Australian electrical engineer     |1892|1892| |Elmer_Rice|Elmer_Rice| , American playwright    |1893|1893| |Hilda_Geiringer|Hilda_Geiringer| , Austrian mathematician    1893    |Giannis_Skarimpas|Giannis_Skarimpas| , Greek author, poet, and playwright    |1898|1898| |Carl_Clauberg|Carl_Clauberg| , German  |Nazi|Nazi|  physician    |1900|1900| |Isabel_Pell|Isabel_Pell| , American socialite, fought as part of the  |French_Resistance|French_Resistance|  during WWII    |1901|1901| |William_S._Paley|William_S._Paley| , American broadcaster, founded  |CBS|Cbs|    1901    |Ed_Sullivan|Ed_Sullivan| , American television host    |1903|1903| |Haywood_S._Hansell|Haywood_S._Hansell| , American general    |1905|1905| |Max_Schmeling|Max_Schmeling| , German boxer    |1907|1907| |Heikki_Savolainen|Heikki_Savolainen| , Finnish gymnast and physician   1907    |Bhagat_Singh|Bhagat_Singh| , Indian activist    |1909|1909| |Al_Capp|Al_Capp| , American author and illustrator    |1910|1910| |Diosdado_Macapagal|Diosdado_Macapagal| , Filipino lawyer and politician, 9th  |President_of_the_Philippines|President_Of_The_Philippines|    1910    |Wenceslao_Vinzons|Wenceslao_Vinzons| , Filipino lawyer and politician    |1913|1913| |Warja_Honegger-Lavater|Warja_Honegger-Lavater| , Swiss illustrator   1913    |Alice_Marble|Alice_Marble| , American tennis player    |1914|1914| |Maria_Franziska_von_Trapp|Maria_Franziska_Von_Trapp| , Austrian-American refugee and singer     |1915|1915| |Ethel_Rosenberg|Ethel_Rosenberg| , American spy    |1916|1916| |Peter_Finch|Peter_Finch| , English-Australian actor   1916    |Olga_Lepeshinskaya|Olga_Lepeshinskaya| , Ukrainian-Russian ballerina and educator    |1918|1918| |Ángel_Labruna|Ángel_Labruna| , Argentinian footballer and manager   1918    |Arnold_Stang|Arnold_Stang| , American actor    |1919|1919| |Doris_Singleton|Doris_Singleton| , American actress    |1922|1922| |Larry_Munson|Larry_Munson| , American sportscaster    |1923|1923| |Tuli_Kupferberg|Tuli_Kupferberg| , American singer, poet, and writer   1923    |John_Scott,_9th_Duke_of_Buccleuch|John_Scott,_9Th_Duke_Of_Buccleuch| , Scottish captain and politician,  |Lord_Lieutenant_of_Selkirkshire|Lord_Lieutenant_Of_Selkirkshire|    1923    |William_Windom|William_Windom| , American actor    |1924|1924| |Rudolf_Barshai|Rudolf_Barshai| , Russian-Swiss viola player and conductor   1924    |Marcello_Mastroianni|Marcello_Mastroianni| , Italian-French actor and singer    |1925|1925| |Seymour_Cray|Seymour_Cray| , American computer scientist, founded the  |CRAY_Computer_Company|Cray|    1925    |Cromwell_Everson|Cromwell_Everson| , South African composer   1925    |Martin_David_Kruskal|Martin_David_Kruskal| , American physicist and mathematician    |1926|1926| |Jerry_Clower|Jerry_Clower| , American soldier, comedian, and author    |1928|1928| |Koko_Taylor|Koko_Taylor| , American singer    |1929|1929| |Lata_Mangeshkar|Lata_Mangeshkar| , Indian playback singer and composer    |1930|1930| |Tommy_Collins|Tommy_Collins| , American country music singer-songwriter   1930    |Immanuel_Wallerstein|Immanuel_Wallerstein| , American sociologist, author, and academic    |1932|1932| |Jeremy_Isaacs|Jeremy_Isaacs| , Scottish screenwriter and producer   1932    |Víctor_Jara|Víctor_Jara| , Chilean singer-songwriter, poet, and director    |1933|1933| |Joe_Benton|Joe_Benton| , English soldier and politician   1933    |Miguel_Ortiz_Berrocal|Miguel_Ortiz_Berrocal| , Spanish sculptor and educator   1933    |Johnny_Country_Mathis|Johnny_Country_Mathis| , American singer-songwriter    |1934|1934| |Brigitte_Bardot|Brigitte_Bardot| , French actress    |1935|1935| |Bruce_Crampton|Bruce_Crampton| , Australian golfer   1935    |David_Hannay,_Baron_Hannay_of_Chiswick|David_Hannay,_Baron_Hannay_Of_Chiswick| , English diplomat,  |British_Permanent_Representative_to_the_United_Nations|Permanent_Representative_Of_The_United_Kingdom_To_The_United_Nations| |Ronald_Lacey|Ronald_Lacey| , English actor    |1936|1936| |Emmett_Chapman|Emmett_Chapman| , American guitarist, invented the  |Chapman_Stick|Chapman_Stick| |Eddie_Lumsden|Eddie_Lumsden| , Australian rugby league player   1936    |Robert_Wolders|Robert_Wolders| , Dutch television actor    |1937|1937| |Alice_Mahon|Alice_Mahon| , English trade union leader and politician   1937    |Glenn_Sutton|Glenn_Sutton| , American country music songwriter and record producer    |1938|1938| |Ben_E._King|Ben_E._King| , American singer-songwriter and producer    |1939|1939| |Stuart_Kauffman|Stuart_Kauffman| , American biologist and academic    |1941|1941| |David_Lewis|David_Lewis| , American philosopher and academic   1941    |Edmund_Stoiber|Edmund_Stoiber| , German lawyer and politician,  |Minister_President_of_Bavaria|Minister_President_Of_Bavaria| |1942|1942| |Pierre_Clémenti|Pierre_Clémenti| , French actor, director, producer, and screenwriter   1942    |Edward_Little_Buster_Forehand|Edward_Little_Buster_Forehand| , American singer-songwriter and guitarist    |1943|1943| |Warren_Lieberfarb|Warren_Lieberfarb| , American businessman   1943    |George_W._S._Trow|George_W._S._Trow| , American novelist, playwright, and critic   1943    |Nick_St._Nicholas|Nick_St._Nicholas| , German-Canadian bass player    |1944|1944| |Richie_Karl|Richie_Karl| , American golfer   1944    |Marcia_Muller|Marcia_Muller| , American journalist and author    |1945|1945| |Marielle_Goitschel|Marielle_Goitschel| , French skier   1945    |Manolis_Rasoulis|Manolis_Rasoulis| , Greek singer-songwriter and journalist   1945    |Fusako_Shigenobu|Fusako_Shigenobu| , Japanese activist, founded the  |Japanese_Red_Army|Japanese_Red_Army| |1946|1946| |Tom_Bower|Tom_Bower| , English journalist and author   1946    |Majid_Khan|Majid_Khan| , Indian-Pakistani cricketer    |1947|1947| |Bob_Carr|Bob_Carr| , Australian journalist and politician, 37th  |Australian_Minister_of_Foreign_Affairs|Minister_For_Foreign_Affairs| |Sheikh_Hasina|Sheikh_Hasina| , Bangladeshi politician, 10th  |Prime_Minister_of_Bangladesh|Prime_Minister_Of_Bangladesh| |Jon_Snow|Jon_Snow| , English journalist and academic   1947    |Rhonda_Hughes|Rhonda_Hughes| , American mathematician and academic    |1949|1949| |Jim_Henshaw|Jim_Henshaw| , Canadian actor, producer, and screenwriter    |1950|1950| |Paul_Burgess|Paul_Burgess| , English drummer   1950    |Christina_Hoff_Sommers|Christina_Hoff_Sommers| , American author and philosopher   1950    |John_Sayles|John_Sayles| , American novelist, director, and screenwriter    |1951|1951| |Jim_Diamond|Jim_Diamond| , Scottish singer-songwriter and musician    |1952|1952| |Christopher_Buckley|Christopher_Buckley| , American satirical novelist   1952    |Efthimis_Kioumourtzoglou|Efthimis_Kioumourtzoglou| , Greek basketball player and coach   1952    |Sylvia_Kristel|Sylvia_Kristel| , Dutch model and actress   1952    |Andy_Ward|Andy_Ward| , English drummer    |1953|1953| |Otmar_Hasler|Otmar_Hasler| , Liechtensteiner educator and politician, 11th  |Prime_Minister_of_Liechtenstein|Prime_Minister_Of_Liechtenstein| |1954|1954| |Steve_Largent|Steve_Largent| , American football player and politician   1954    |George_Lynch|George_Lynch| , American guitarist and songwriter   1954    |John_Scott|John_Scott| , English rugby player   1954    |Margot_Wallström|Margot_Wallström| , Swedish politician and diplomat, 42nd  |Swedish_Minister_for_Foreign_Affairs|Minister_For_Foreign_Affairs| |1955|1955| |Stéphane_Dion|Stéphane_Dion| , Canadian sociologist and politician, 15th  |Canadian_Minister_of_the_Environment|Minister_Of_The_Environment| |Mercy_Manci|Mercy_Manci| ,  |Xhosa|Xhosa_People| |sangoma|Sangoma|  and  |HIV|Hiv| |activist|Activism|  from  |South_Africa|South_Africa| |Kenny_Kirkland|Kenny_Kirkland| , American pianist    |1956|1956| |Martha_Isabel_Fandiño_Pinilla|Martha_Isabel_Fandiño_Pinilla| , Colombian-Italian mathematician and author    |1957|1957| |Bill_Cassidy|Bill_Cassidy| , American politician and physician    |1959|1959| |Ron_Fellows|Ron_Fellows| , Canadian race car driver   1959    |Laura_Bruce|Laura_Bruce| , American artist    |1960|1960| |Gary_Ayres|Gary_Ayres| , Australian footballer and coach   1960    |Tom_Byrum|Tom_Byrum| , American golfer   1960    |Frank_Hammerschlag|Frank_Hammerschlag| , German footballer and manager   1960    |Gus_Logie|Gus_Logie| , Trinidadian cricketer   1960    |Kamlesh_Patel,_Baron_Patel_of_Bradford|Kamlesh_Patel,_Baron_Patel_Of_Bradford| , English politician   1960    |Jennifer_Rush|Jennifer_Rush| , American singer-songwriter   1960    |Socrates_Villegas|Socrates_Villegas| , Filipino archbishop    |1961|1961| |Helen_Grant|Helen_Grant| , English lawyer and politician,  |Minister_for_Sport_and_the_Olympics|Minister_For_Sport_And_The_Olympics| |Gregory_Jbara|Gregory_Jbara| , American actor and singer   1961    |Quentin_Kawānanakoa|Quentin_Kawānanakoa| , American lawyer and politician   1961    |Anne_White|Anne_White| , American tennis player    |1962|1962| |Grant_Fuhr|Grant_Fuhr| , Canadian ice hockey player and coach   1962    |Laurie_Rinker|Laurie_Rinker| , American golfer   1962    |Dietmar_Schacht|Dietmar_Schacht| , German footballer and manager   1962    |Chuck_Taylor|Chuck_Taylor| , American journalist    |1963|1963| |Steve_Blackman|Steve_Blackman| , American wrestler and martial artist   1963    |Érik_Comas|Érik_Comas| , French race car driver   1963    |Greg_Weisman|Greg_Weisman| , American voice actor, producer, and screenwriter    |1964|1964| |Claudio_Borghi|Claudio_Borghi| , Argentinian footballer and manager   1964    |Gregor_Fisken|Gregor_Fisken| , Scottish race car driver   1964    |Janeane_Garofalo|Janeane_Garofalo| , American comedian, actress, and screenwriter   1964    |Paul_Jewell|Paul_Jewell| , English footballer and manager   1964    |Mārtiņš_Roze|Mārtiņš_Roze| , Latvian lawyer and politician    |1966|1966| |Scott_Adams|Scott_Adams| , American football player   1966    |Maria_Canals-Barrera|Maria_Canals-Barrera| , Cuban-American actress   1966    |Puri_Jagannadh|Puri_Jagannadh| , Indian director, producer, and screenwriter    |1967|1967| |Mira_Sorvino|Mira_Sorvino| , American actress   1967    |Moon_Zappa|Moon_Zappa| , American actress and author    |1968|1968| |Francois_Botha|Francois_Botha| , South African boxer and mixed martial artist   1968    |Mika_Häkkinen|Mika_Häkkinen| , Finnish race car driver   1968    |Trish_Keenan|Trish_Keenan| , English singer-songwriter and guitarist   1968    |Sean_Levert|Sean_Levert| , American R & B singer-songwriter and actor   1968    |Rob_Moroso|Rob_Moroso| , American race car driver   1968    |Naomi_Watts|Naomi_Watts| , English-Australian actress and producer    |1969|1969| |Kerri_Chandler|Kerri_Chandler| , electronic music producer and DJ   1969    |Marcel_Dost|Marcel_Dost| , Dutch decathlete   1969    |Ben_Greenman|Ben_Greenman| , American journalist and author   1969    |Piper_Kerman|Piper_Kerman| , American author and memoirist   1969    |Éric_Lapointe|Éric_Lapointe| , Canadian singer-songwriter and keyboard player   1969    |Sascha_Maassen|Sascha_Maassen| , German race car driver   1969    |Angus_Robertson|Angus_Robertson| , Scottish politician   1969    |Nico_Vaesen|Nico_Vaesen| , Belgian footballer    |1970|1970| |Kimiko_Date-Krumm|Kimiko_Date-Krumm| , Japanese tennis player   1970    |Mike_DeJean|Mike_Dejean| , American baseball player   1970    |Gualter_Salles|Gualter_Salles| , Brazilian race car driver    |1971|1971| |Joseph_Arthur|Joseph_Arthur| , American singer-songwriter and guitarist   1971    |George_Eustice|George_Eustice| , English lawyer and politician   1971    |Braam_van_Straaten|Braam_Van_Straaten| , South African rugby player   1971    |Alan_Wright|Alan_Wright| , English footballer and manager    |1972|1972| |Dita_Von_Teese|Dita_Von_Teese| , American model and dancer    |1973|1973| |Brian_Rafalski|Brian_Rafalski| , American ice hockey player    |1974|1974| |Marco_Di_Loreto|Marco_Di_Loreto| , Italian footballer and manager   1974    |Mariya_Kiselyova|Mariya_Kiselyova| , Russian swimmer   1974    |Joonas_Kolkka|Joonas_Kolkka| , Finnish footballer and coach   1974    |Shane_Webcke|Shane_Webcke| , Australian rugby league player and coach    |1975|1975| |Stuart_Clark|Stuart_Clark| , Australian cricketer and manager   1975    |Isamu_Jordan|Isamu_Jordan| , American journalist and academic   1975    |Lenny_Krayzelburg|Lenny_Krayzelburg| , Russian-American swimmer    |1976|1976| |Fedor_Emelianenko|Fedor_Emelianenko| , Russian mixed martial artist and politician    |1977|1977| |Ireneusz_Marcinkowski|Ireneusz_Marcinkowski| , Polish footballer   1977    |Pak_Se-ri|Pak_Se-Ri| , South Korean golfer   1977    |Young_Jeezy|Young_Jeezy| , American rapper    |1978|1978| |Ben_Edmondson|Ben_Edmondson| , Australian cricketer    |1979|1979| |Bam_Margera|Bam_Margera| , American skateboarder, actor, and stuntman   1979    |Taki_Tsan|Taki_Tsan| , American-Greek rapper and producer    |1980|1980| |Marlon_Parmer|Marlon_Parmer| , American basketball player    |1981|1981| |Greg_Anderson|Greg_Anderson| , American pianist and composer   1981    |Willy_Caballero|Willy_Caballero| , Argentine footballer   1981    |José_Calderón|José_Calderón| , Spanish basketball player   1981    |Jorge_Guagua|Jorge_Guagua| , Ecuadorian footballer   1981    |Iracema_Trevisan|Iracema_Trevisan| , Brazilian bass player    |1982|1982| |Aleksandr_Anyukov|Aleksandr_Anyukov| , Russian footballer   1982    |Abhinav_Bindra|Abhinav_Bindra| , Indian target shooter   1982    |Ray_Emery|Ray_Emery| , Canadian ice hockey player   1982    |Ranbir_Kapoor|Ranbir_Kapoor| , Indian actor and director   1982    |Nolwenn_Leroy|Nolwenn_Leroy| , French singer-songwriter and actress   1982    |Emeka_Okafor|Emeka_Okafor| , American basketball player   1982    |Dustin_Penner|Dustin_Penner| , Canadian ice hockey player   1982    |Aivar_Rehemaa|Aivar_Rehemaa| , Estonian skier   1982    |Anderson_Varejão|Anderson_Varejão| , Brazilian basketball player   1982    |St._Vincent|St._Vincent| , American singer-songwriter and guitarist    |1983|1983| |Stefan_Moore|Stefan_Moore| , English footballer   1983    |John_Schwalger|John_Schwalger| , New Zealand rugby player    |1984|1984| |Jenny_Omnichord|Jenny_Omnichord| , Canadian singer-songwriter   1984    |Luke_Pomersbach|Luke_Pomersbach| , Australian cricketer   1984    |Naim_Terbunja|Naim_Terbunja| , Kosovan-Swedish boxer   1984    |Melody_Thornton|Melody_Thornton| , American singer-songwriter and dancer   1984    |Mathieu_Valbuena|Mathieu_Valbuena| , French footballer   1984    |Ryan_Zimmerman|Ryan_Zimmerman| , American baseball player    |1985|1985| |Shindong|Shindong| , South Korean singer-songwriter and dancer   1985    |Alina_Ibragimova|Alina_Ibragimova| , Russian-English violinist    |1986|1986| |Andrés_Guardado|Andrés_Guardado| , Mexican footballer   1986    |Meskerem_Legesse|Meskerem_Legesse| , Ethiopian runner   1986    |Dominic_Waters|Dominic_Waters| , American basketball player    |1987|1987| |Pierre_Becken|Pierre_Becken| , German footballer   1987    |Gary_Deegan|Gary_Deegan| , Irish footballer   1987    |Hilary_Duff|Hilary_Duff| , American singer-songwriter and actress   1987    |Chloë_Hanslip|Chloë_Hanslip| , English violinist   1987    |Viktoria_Leks|Viktoria_Leks| , Estonian high jumper    |1988|1988| |Marin_Čilić|Marin_Čilić| , Croatian tennis player   1988    |Esmée_Denters|Esmée_Denters| , Dutch singer-songwriter   1988    |Aleks_Vrteski|Aleks_Vrteski| , Australian footballer   1988    |Worakls|Worakls| , French DJ and electronic musician    |1989|1989| |Çağla_Büyükakçay|Çağla_Büyükakçay| , Turkish tennis player   1989    |Darius_Johnson-Odom|Darius_Johnson-Odom| , American basketball player   1989    |Mark_Randall|Mark_Randall| , English footballer    |1990|1990| |Phoenix_Battye|Phoenix_Battye| , Australian rugby player    |1992|1992| |Khem_Birch|Khem_Birch| , Canadian professional basketball player   1992    |Adam_Thompson|Adam_Thompson| , English-Northern Irish footballer   1992    |Kōko_Tsurumi|Kōko_Tsurumi| , Japanese gymnast    |1993|1993| |Jodie_Williams|Jodie_Williams| , English sprinter    |1995|1995| |Jason_Williams|Jason_Williams| , English footballer          |48_BC|48_Bc| |Pompey|Pompey| , Roman general and politician    |782|782| |Leoba|Leoba| , Anglo-Saxon nun    |935|935| |Wenceslaus_I|Wenceslaus_I,_Duke_Of_Bohemia| , duke of Bohemia    |980|980| |Minamoto_no_Hiromasa|Minamoto_No_Hiromasa| , Japanese nobleman    |1197|1197| |Henry_VI|Henry_Vi,_Holy_Roman_Emperor| , Holy Roman Emperor    |1213|1213| |Gertrude_of_Merania|Gertrude_Of_Merania| , queen consort of Hungaria     |1330|1330| |Elizabeth_of_Bohemia|Elizabeth_Of_Bohemia| , queen consort of Bohemia    |1429|1429| |Cymburgis_of_Masovia|Cymburgis_Of_Masovia| , duchess consort of Austria    |1582|1582| |George_Buchanan|George_Buchanan| , Scottish historian and scholar    |1596|1596| |Margaret_Clifford|Margaret_Stanley,_Countess_Of_Derby| , countess of Derby    |1618|1618| |Josuah_Sylvester|Josuah_Sylvester| , English poet and translator    |1687|1687| |Francis_Turretin|Francis_Turretin| , Swiss-Italian theologian and academic    |1694|1694| |Gabriel_Mouton|Gabriel_Mouton| , French mathematician and theologian    |1702|1702| |Robert_Spencer,_2nd_Earl_of_Sunderland|Robert_Spencer,_2Nd_Earl_Of_Sunderland| , French-English lawyer and politician,  |Lord_President_of_the_Council|Lord_President_Of_The_Council| |1742|1742| |Jean_Baptiste_Massillon|Jean_Baptiste_Massillon| , French bishop    |1829|1829| |Nikolay_Raevsky|Nikolay_Raevsky| , Russian general and politician    |1844|1844| |Pyotr_Aleksandrovich_Tolstoy|Pyotr_Aleksandrovich_Tolstoy| , Russian general and politician    |1859|1859| |Carl_Ritter|Carl_Ritter| , German geographer and academic    |1873|1873| |Émile_Gaboriau|Émile_Gaboriau| , French journalist and author    |1891|1891| |Herman_Melville|Herman_Melville| , American author and poet    |1895|1895| |Louis_Pasteur|Louis_Pasteur| , French chemist and microbiologist    |1899|1899| |Giovanni_Segantini|Giovanni_Segantini| , Austrian painter    |1914|1914| |Richard_Warren_Sears|Richard_Warren_Sears| , American businessman, co-founded  |Sears|Sears| |1915|1915| |Saitō_Hajime|Saitō_Hajime| , Japanese samurai    |1918|1918| |Georg_Simmel|Georg_Simmel| , German sociologist and philosopher   1918    |Freddie_Stowers|Freddie_Stowers| , American soldier,  |Medal_of_Honor|Medal_Of_Honor|  recipient    |1925|1925| |Paul_Vermoyal|Paul_Vermoyal| , French actor    |1935|1935| |William_Kennedy_Dickson|William_Kennedy_Dickson| , French-Scottish actor, director, and producer, invented the  |Kinetoscope|Kinetoscope| |1938|1938| |Charles_Duryea|Charles_Duryea| , American engineer and businessman, founded the  |Duryea_Motor_Wagon_Company|Duryea_Motor_Wagon_Company| |1943|1943| |Sam_Ruben|Sam_Ruben| , American chemist and academic   1943    |Filippo_Illuminato|Filippo_Illuminato| , Italian partisan, Gold Medal of Military Valour     |1949|1949| |Archbishop_Chrysanthus_of_Athens|Archbishop_Chrysanthus_Of_Athens| |1953|1953| |Edwin_Hubble|Edwin_Hubble| , American astronomer and scholar    |1956|1956| |William_Boeing|William_Boeing| , American businessman, founded the  |Boeing_Company|Boeing| |1957|1957| |Luis_Cluzeau_Mortet|Luis_Cluzeau_Mortet| , Uruguayan violinist and composer    |1959|1959| |Rudolf_Caracciola|Rudolf_Caracciola| , German race car driver    |1962|1962| |Roger_Nimier|Roger_Nimier| , French soldier and author    |1964|1964| |Harpo_Marx|Harpo_Marx| , American comedian, actor, and singer    |1966|1966| |André_Breton|André_Breton| , French author and poet    |1970|1970| |John_Dos_Passos|John_Dos_Passos| , American novelist, poet, essayist, and playwright   1970    |Gamal_Abdel_Nasser|Gamal_Abdel_Nasser| , Egyptian colonel and politician, 2nd  |President_of_Egypt|President_Of_Egypt| |1978|1978| |Pope_John_Paul_I|Pope_John_Paul_I| |1979|1979| |John_Herbert_Chapman|John_Herbert_Chapman| , Canadian physicist and engineer    |1981|1981| |Rómulo_Betancourt|Rómulo_Betancourt| , Venezuelan journalist and politician,  |President_of_Venezuela|President_Of_Venezuela| |1982|1982| |Mabel_Albertson|Mabel_Albertson| , American actress    |1984|1984| |Cihad_Baban|Cihad_Baban| , Turkish journalist, author, and politician    |1989|1989| |Ferdinand_Marcos|Ferdinand_Marcos| , Filipino lawyer and politician, 10th  |President_of_the_Philippines|President_Of_The_Philippines| |1990|1990| |Larry_OBrien|Larry_Obrien| , American businessman and politician, 57th  |United_States_Postmaster_General|United_States_Postmaster_General| |1991|1991| |Miles_Davis|Miles_Davis| , American trumpet player, composer, and bandleader    |1993|1993| |Peter_De_Vries|Peter_De_Vries| , American editor and novelist   1993    |Alexander_A._Drabik|Alexander_A._Drabik| , American sergeant    |1994|1994| |Urmas_Alender|Urmas_Alender| , Estonian singer   1994    |José_Francisco_Ruiz_Massieu|José_Francisco_Ruiz_Massieu| , Mexican lawyer and politician, 6th  |Governor_of_Guerrero|Governor_Of_Guerrero|    1994    |Harry_Saltzman|Harry_Saltzman| , Canadian production manager and producer   1994    |K._A._Thangavelu|K._A._Thangavelu| , Indian film actor and comedian    |1999|1999| |Escott_Reid|Escott_Reid| , Canadian academic and diplomat    |2000|2000| |Pierre_Trudeau|Pierre_Trudeau| , Canadian journalist, lawyer, and politician, 15th  |Prime_Minister_of_Canada|Prime_Minister_Of_Canada| |2002|2002| |Patsy_Mink|Patsy_Mink| , American lawyer and politician   2002    |Hartland_Molson|Hartland_Molson| , Canadian captain and politician    |2003|2003| |Althea_Gibson|Althea_Gibson| , American tennis player and golfer   2003    |Elia_Kazan|Elia_Kazan| , American director, producer, and screenwriter   2003    |George_Odlum|George_Odlum| , Saint Lucian politician and diplomat    |2004|2004| |Geoffrey_Beene|Geoffrey_Beene| , American fashion designer    |2005|2005| |Constance_Baker_Motley|Constance_Baker_Motley| , American lawyer, judge, and politician    |2007|2007| |René_Desmaison|René_Desmaison| , French mountaineer   2007    |Wally_Parks|Wally_Parks| , American businessman, founded the  |National_Hot_Rod_Association|National_Hot_Rod_Association| |2009|2009| |Guillermo_Endara|Guillermo_Endara| , Panamanian lawyer and politician, 32nd  |President_of_Panama|President_Of_Panama|    2009    |Ulf_Larsson|Ulf_Larsson| , Swedish actor and director    |2010|2010| |Kurt_Albert|Kurt_Albert| , German mountaineer and photographer   2010    |Arthur_Penn|Arthur_Penn| , American director and producer   2010    |Dolores_Wilson|Dolores_Wilson| , American soprano and actress     |2012|2012| |Avraham_Adan|Avraham_Adan| , Israeli general   2012    |Chris_Economaki|Chris_Economaki| , American journalist and sportscaster   2012    |Brajesh_Mishra|Brajesh_Mishra| , Indian politician and diplomat, 1st  |Indian_National_Security_Advisor|National_Security_Advisor| |2013|2013| |James_Emanuel|James_Emanuel| , American-French poet and scholar   2013    |Jonathan_Fellows-Smith|Jonathan_Fellows-Smith| , South African cricketer and rugby player   2013    |George_Amon_Webster|George_Amon_Webster| , American singer and pianist    |2014|2014| |Dannie_Abse|Dannie_Abse| , Welsh physician, poet, and author   2014    |Joseph_H._Alexander|Joseph_H._Alexander| , American colonel and historian   2014    |Sheila_Faith|Sheila_Faith| , English dentist and politician   2014    |Tim_Rawlings|Tim_Rawlings| , English footballer and manager   2014    |Petr_Skoumal|Petr_Skoumal| , Czech pianist and composer    |2015|2015| |Alexander_Faris|Alexander_Faris| , Irish composer and conductor   2015    |Walter_Dale_Miller|Walter_Dale_Miller| , American rancher and politician, 29th  |Governor_of_South_Dakota|Governor_Of_South_Dakota|    2015    |Ignacio_Zoco|Ignacio_Zoco| , Spanish footballer    |2016|2016| |Agnes_Nixon|Agnes_Nixon| , American television writer and director   2016    |Gary_Glasberg|Gary_Glasberg| , American television writer and producer   2016    |Shimon_Peres|Shimon_Peres| , Polish-Israeli statesman and politician, 9th  |President_of_Israel|President_Of_Israel|    2016    |Gloria_Naylor|Gloria_Naylor| , American novelist    |2017|2017| |Daniel_Peer|Daniel_Peer| , Israeli television host and newsreader    |2018|2018| |Predrag_Ejdus|Predrag_Ejdus| , Serbian actor    |2019|2019| |José_José|José_José| , 71, Mexican singer , pancreas cancer          Christian  |feast_day|Feast_Day| |Aaron_of_Auxerre|Aaron_Of_Auxerre| |Annemund|Annemund| |Conval|Conval| |Eustochium|Eustochium| |Exuperius|Exuperius| |Faustus_of_Riez|Faustus_Of_Riez| |John_of_Dukla|John_Of_Dukla| |Leoba|Leoba| |Lorenzo_Ruiz|Lorenzo_Ruiz| |Paternus_of_Auch|Paternus_Of_Auch| |Richard_Rolle|Richard_Rolle| ,  |Walter_Hilton|Walter_Hilton|  and  |Margery_Kempe|Margery_Kempe| |Simón_de_Rojas|Simón_De_Rojas| |Wenceslas|Wenceslaus_I,_Duke_Of_Bohemia| |September_28|September_28| .    |Czech_Statehood_Day|Czech_Statehood_Day| |Freedom_from_Hunger_Day|Freedom_From_Hunger_Day| |International_Day_for_Universal_Access_to_Information|International_Day_For_Universal_Access_To_Information| |National_Day_of_Awareness_and_Unity_against_Child_Pornography|National_Day_Of_Awareness_And_Unity_Against_Child_Pornography| |Teachers_Day|Teachers_Day|  , ceremonies dedicated to  |Confucius|Confucius|  are also observed.    |World_Rabies_Day|World_Rabies_Day|   .