          It is frequently the day of the  |autumn|Autumn| al  |equinox|Equinox|  in the  |Northern_Hemisphere|Northern_Hemisphere|  and the day of the  |vernal|Spring|  equinox in the  |Southern_Hemisphere|Southern_Hemisphere| .        |904|904|    The warlord  |Zhu_Quanzhong|Zhu_Quanzhong|  kills  |Emperor_Zhaozong|Emperor_Zhaozong_Of_Tang| , the penultimate emperor of the Tang dynasty, after seizing control of the imperial government.    |1236|1236|    The Samogitians defeat the Livonian Brothers of the Sword in the  |Battle_of_Saule|Battle_Of_Saule| .    |1499|1499|    The  |Treaty_of_Basel|Treaty_Of_Basel|  concludes the  |Swabian_War|Swabian_War| .    |1586|1586|    The  |Battle_of_Zutphen|Battle_Of_Zutphen|  is a Spanish victory over the English and Dutch.    |1692|1692|    The last hanging of those convicted of witchcraft in the  |Salem_witch_trials|Salem_Witch_Trials| ; others are all eventually released.    |1711|1711|    The  |Tuscarora_War|Tuscarora_War|  begins in present-day North Carolina.    |1761|1761| |George_III|George_Iii_Of_The_United_Kingdom|  and  |Charlotte_of_Mecklenburg-Strelitz|Charlotte_Of_Mecklenburg-Strelitz|  are crowned King and Queen, respectively, of the Kingdom of Great Britain.    |1776|1776| |Nathan_Hale|Nathan_Hale|  is hanged for spying during the American Revolution.    |1789|1789|    The office of  |United_States_Postmaster_General|United_States_Postmaster_General|  is established.   1789    |Battle_of_Rymnik|Battle_Of_Rymnik| |1792|1792|    Primidi Vendémiaire  of year one of the French Republican Calendar as the French First Republic comes into being.    |1823|1823| |Joseph_Smith|Joseph_Smith|  claims to have found the  |golden_plates|Golden_Plates|  after being directed by God through the Angel Moroni to the place where they were buried.    |1857|1857|    The Russian warship  Lefort  capsizes and sinks during a storm in the Gulf of Finland, killing all 826 aboard.    |1862|1862|    A preliminary version of the  |Emancipation_Proclamation|Emancipation_Proclamation|  is released by Abraham Lincoln.    |1866|1866|    The  |Battle_of_Curupayty|Battle_Of_Curupayty|  is Paraguays only significant victory in the Paraguayan War.    |1885|1885| |Lord_Randolph_Churchill|Lord_Randolph_Churchill|  makes a speech in Ulster in opposition to the  |Irish_Home_Rule_movement|Irish_Home_Rule_Movement| .    |1888|1888|    The first issue of  National Geographic Magazine  is published.    |1892|1892| |Lindal_Railway_Incident|Lindal_Railway_Incident| , providing inspiration for The Lost Special by A.C. Doyle and the TV serial Lost.    |1896|1896| |Queen_Victoria|Queen_Victoria|  surpasses her grandfather King George III as the longest reigning monarch in British history.    |1910|1910|    The  |Duke_of_Yorks_Picture_House|Duke_Of_Yorks_Picture_House|  opens in Brighton, now the oldest continually operating cinema in Britain.    |1914|1914|    A German submarine  |sinks|Action_Of_22_September_1914|  three British cruisers over a seventy-minute period, killing almost 1500 sailors.    |1919|1919|    The  |steel_strike_of_1919|Steel_Strike_Of_1919| , led by the Amalgamated Association of Iron and Steel Workers, begins in Pennsylvania before spreading across the United States.    |1927|1927|    Jack Dempsey loses the  |Long_Count|The_Long_Count_Fight|  boxing match to Gene Tunney.    |1934|1934|    The  |Gresford_disaster|Gresford_Disaster|  in Wales kills 266 miners and rescuers.    |1937|1937| |Spanish_Civil_War|Spanish_Civil_War| |Battle_of_El_Mazuco|Battle_Of_El_Mazuco| .    |1939|1939| |World_War_II|World_War_Ii| |German–Soviet_military_parade_in_Brest-Litovsk|German–Soviet_Military_Parade_In_Brest-Litovsk|  is held to celebrate the successful invasion of Poland.    |1941|1941| |The_Holocaust_in_Ukraine|The_Holocaust_In_Ukraine| |Vinnytsia|Vinnytsia| , Ukraine. Those are the survivors of the previous killings that took place a few days earlier in which about 24,000 Jews were executed.    |1948|1948| |Gail_Halvorsen|Operation_Little_Vittles|  officially starts parachuting candy to children as part of the Berlin Airlift.   1948    |Israeli-Palestine_conflict|Israeli–Palestinian_Conflict| |All-Palestine_Government|All-Palestine_Government|  is established by the  |Arab_League|Arab_League| .     |1957|1957|    In Haiti,  |François_Duvalier|François_Duvalier|  is elected president.    |1960|1960|    The Sudanese Republic is renamed Mali after the withdrawal of Senegal from the  |Mali_Federation|Mali_Federation| .    |1965|1965|    The  |Indo-Pakistani_War_of_1965|Indo-Pakistani_War_Of_1965|  between India and Pakistan over Kashmir, ends after the United Nations calls for a ceasefire.    |1975|1975| |Sara_Jane_Moore|Sara_Jane_Moore|  tries to assassinate U.S. President Gerald Ford, but is foiled by the Secret Service.    |1979|1979|    A  |bright_flash|Vela_Incident| , resembling the detonation of a nuclear weapon, is observed near the Prince Edward Islands. Its cause is never determined.    |1980|1980|    Iraq  |invades|Iraqi_Invasion_Of_Iran|  Iran.    |1991|1991|    The  |Dead_Sea_Scrolls|Dead_Sea_Scrolls|  are made available to the public for the first time.    |1993|1993|    A barge strikes a railroad bridge near Mobile, Alabama, causing  |the_deadliest_train_wreck|1993_Big_Bayou_Canot_Train_Wreck|  in Amtrak history. Forty-seven passengers are killed.   1993   A  |Transair_Georgian_Airlines_Tu-154_is_shot_down|Transair_Georgia_Airliner_Shootdowns|  by a missile in Sukhumi, Georgia.    |1995|1995|    An E-3B AWACS  |crashes|1995_Alaska_Boeing_E-3_Sentry_Accident|  outside Elmendorf Air Force Base, Alaska after multiple bird strikes to two of the four engines soon after takeoff; all 24 on board are killed.   1995   The  |Nagerkovil_school_bombing|Nagerkovil_School_Bombing|  is carried out by the Sri Lanka Air Force in which at least 34 die, most of them ethnic Tamil schoolchildren.    |2013|2013|    At least 75 people are killed in a  |suicide_bombing|Peshawar_Church_Attack|  at a Christian church in  |Peshawar|Peshawar| , Pakistan.          |1013|1013| |Richeza_of_Poland,_Queen_of_Hungary|Richeza_Of_Poland,_Queen_Of_Hungary| |1211|1211| |Ibn_Khallikan|Ibn_Khallikan| , Iraqi scholar and judge    |1373|1373| |Thomas_le_Despenser,_1st_Earl_of_Gloucester|Thomas_Le_Despenser,_1St_Earl_Of_Gloucester| |1515|1515| |Anne_of_Cleves|Anne_Of_Cleves| |1547|1547| |Philipp_Nicodemus_Frischlin|Philipp_Nicodemus_Frischlin| , German philologist, mathematician, astronomer, and poet    |1552|1552|    Tsar  |Vasili_IV_of_Russia|Vasili_Iv_Of_Russia| |1593|1593| |Matthäus_Merian|Matthäus_Merian| , Swiss-German engraver and cartographer    |1601|1601| |Anne_of_Austria|Anne_Of_Austria| |1606|1606| |Li_Zicheng|Li_Zicheng| , Chinese emperor    |1680|1680| |Barthold_Heinrich_Brockes|Barthold_Heinrich_Brockes| , German poet    |1694|1694| |Philip_Stanhope,_4th_Earl_of_Chesterfield|Philip_Stanhope,_4Th_Earl_Of_Chesterfield| , English politician,  |Lord_Lieutenant_of_Ireland|Lord_Lieutenant_Of_Ireland| |1715|1715| |Jean-Étienne_Guettard|Jean-Étienne_Guettard| , French mineralogist and botanist    |1741|1741| |Peter_Simon_Pallas|Peter_Simon_Pallas| , German zoologist and botanist    |1743|1743| |Quintin_Craufurd|Quintin_Craufurd| , Scottish author    |1762|1762| |Elizabeth_Simcoe|Elizabeth_Simcoe| , English-Canadian painter and author    |1765|1765| |Paolo_Ruffini|Paolo_Ruffini| , Italian mathematician and philosopher    |1788|1788| |Theodore_Hook|Theodore_Hook| , English composer and educator    |1791|1791| |Michael_Faraday|Michael_Faraday| , English physicist and chemist    |1819|1819| |Wilhelm_Wattenbach|Wilhelm_Wattenbach| , German historian and academic    |1829|1829| |Tự_Đức|Tự_Đức| , Vietnamese emperor    |1833|1833| |Stephen_D._Lee|Stephen_D._Lee| , American general and academic    |1835|1835| |Alexander_Potebnja|Alexander_Potebnja| , Ukrainian linguist and philosopher    |1841|1841| |Andrejs_Pumpurs|Andrejs_Pumpurs| , Latvian soldier and poet    |1862|1862| |Anastasios_Charalambis|Anastasios_Charalambis| , Greek lieutenant and politician,  |Prime_Minister_of_Greece|Prime_Minister_Of_Greece| |1868|1868| |Louise_McKinney|Louise_Mckinney| , Canadian educator and politician    |1870|1870| |Charlotte_Cooper|Charlotte_Cooper| , English-Scottish tennis player   1870    |Arthur_Pryor|Arthur_Pryor| , American trombonist, composer, and bandleader    |1875|1875| |Mikalojus_Konstantinas_Čiurlionis|Mikalojus_Konstantinas_Čiurlionis| , Lithuanian painter and composer    |1876|1876| |André_Tardieu|André_Tardieu| , French journalist and politician, 67th  |Prime_Minister_of_France|Prime_Minister_Of_France| |1878|1878| |Shigeru_Yoshida|Shigeru_Yoshida| , Japanese politician and diplomat, 51st  |Prime_Minister_of_Japan|Prime_Minister_Of_Japan| |1880|1880| |Christabel_Pankhurst|Christabel_Pankhurst| , English activist, co-founded the  |Womens_Social_and_Political_Union|Womens_Social_And_Political_Union| |1882|1882| |Wilhelm_Keitel|Wilhelm_Keitel| , German field marshal    |1883|1883| |Ferenc_Oslay|Ferenc_Oslay| , Hungarian-Slovene historian and author   1883    |Frank_George_Woollard|Frank_George_Woollard| , English engineer    |1885|1885| |Gunnar_Asplund|Gunnar_Asplund| , Swedish architect and academic, designed the  |Stockholm_Public_Library|Stockholm_Public_Library|    1885    |Ben_Chifley|Ben_Chifley| , Australian engineer and politician, 16th  |Prime_Minister_of_Australia|Prime_Minister_Of_Australia|    1885    |Erich_von_Stroheim|Erich_Von_Stroheim| , Austrian-American actor, director, and screenwriter    |1887|1887| |Bhaurao_Patil|Bhaurao_Patil| , Indian educator and activist    |1889|1889| |Hooks_Dauss|Hooks_Dauss| , American baseball player    |1891|1891| |Alma_Thomas|Alma_Thomas| , American painter and educator    |1892|1892| |Billy_West|Billy_West| , American actor, director, and producer    |1894|1894| |Elisabeth_Rethberg|Elisabeth_Rethberg| , German soprano    |1895|1895| |Paul_Muni|Paul_Muni| , Ukrainian-born American actor    |1896|1896| |Uri_Zvi_Greenberg|Uri_Zvi_Greenberg| , Ukrainian-Israeli poet and journalist   1896    |Henry_Segrave|Henry_Segrave| , American-English race car driver    |1899|1899| |Elsie_Allen|Elsie_Allen| , Native American Pomo basket weaver     |1900|1900| |Paul_Hugh_Emmett|Paul_Hugh_Emmett| , American chemist and engineer   1900    |William_Spratling|William_Spratling| , American-Mexican silversmith and educator    |1901|1901| |Nadezhda_Alliluyeva|Nadezhda_Alliluyeva| , second wife of  |Joseph_Stalin|Joseph_Stalin|    1901    |Charles_Brenton_Huggins|Charles_Brenton_Huggins| , Canadian-American physician and physiologist,  |Nobel_Prize|Nobel_Prize_In_Physiology_Or_Medicine|  laureate    |1902|1902| |John_Houseman|John_Houseman| , Romanian-American actor and producer    |1905|1905| |Haakon_Lie|Haakon_Lie| , Norwegian lawyer and politician   1905    |Eugen_Sänger|Eugen_Sänger| , Czech-Austrian engineer    |1907|1907| |Maurice_Blanchot|Maurice_Blanchot| , French philosopher and author   1907    |Philip_Fotheringham-Parker|Philip_Fotheringham-Parker| , English race car driver   1907    |Hermann_Schlichting|Hermann_Schlichting| , German engineer and academic    |1908|1908| |Esphyr_Slobodkina|Esphyr_Slobodkina| , Russian-American author and illustrator    |1909|1909| |John_Engstead|John_Engstead| , American photographer and journalist    |1910|1910| |György_Faludy|György_Faludy| , Hungarian poet and author    |1912|1912| |Herbert_Mataré|Herbert_Mataré| , German physicist and academic   1912    |Martha_Scott|Martha_Scott| , American actress    |1913|1913| |Lillian_Chestney|Lillian_Chestney| , American painter and illustrator    |1915|1915| |Grigory_Frid|Grigory_Frid| , Russian pianist and composer    |1918|1918| |Hans_Scholl|Hans_Scholl| , German activist   1918    |Henryk_Szeryng|Henryk_Szeryng| , Mexican violinist and educator    |1920|1920| |Eric_Baker|Eric_Baker| , English activist, co-founded  |Amnesty_International|Amnesty_International|    1920    |Anders_Lassen|Anders_Lassen| , Danish-English soldier,  |Victoria_Cross|Victoria_Cross|  recipient   1920    |Bob_Lemon|Bob_Lemon| , American baseball player and manager   1920    |William_H._Riker|William_H._Riker| , American political scientist and academic    |1921|1921| |Will_Elder|Will_Elder| , Jewish-American illustrator    |1922|1922| |David_Sive|David_Sive| , American environmentalist and lawyer    |1923|1923| |Dannie_Abse|Dannie_Abse| , Welsh physician, poet, and author    |1924|1924| |Bernard_Gauthier|Bernard_Gauthier| , French cyclist   1924    |Charles_Keeping|Charles_Keeping| , English author and illustrator   1924    |Rosamunde_Pilcher|Rosamunde_Pilcher| , English author   1924    |Charles_Waterhouse|Charles_Waterhouse| , American painter, sculptor, and illustrator   1924    |J._William_Middendorf|J._William_Middendorf| , American soldier and politician, 14th  |United_States_Secretary_of_the_Navy|United_States_Secretary_Of_The_Navy| |Ray_Wetzel|Ray_Wetzel| , American trumpet player and composer    |1925|1925| |Virginia_Capers|Virginia_Capers| , American actress and singer   1925    |Leila_Hadley|Leila_Hadley| , American author    |1926|1926| |Bill_Smith|Bill_Smith| , American clarinet player and composer    |1927|1927| |Gordon_Astall|Gordon_Astall| , English footballer and coach   1927    |Tommy_Lasorda|Tommy_Lasorda| , American baseball player, coach, and manager    |1928|1928| |Eric_Broadley|Eric_Broadley| , English engineer and businessman, founded  |Lola_Cars|Lola_Cars|    1928    |James_Lawson|James_Lawson| , American activist, author, and academic   1928    |Eugene_Roche|Eugene_Roche| , American actor   1928    |Johnny_Valentine|Johnny_Valentine| , American wrestler    |1929|1929| |Serge_Garant|Serge_Garant| , Canadian composer and conductor   1929    |Carlo_Ubbiali|Carlo_Ubbiali| , Italian motorcycle racer    |1930|1930| |Joni_James|Joni_James| , American singer   1930    |T._S._Sinnathuray|T._S._Sinnathuray| , Judge of the  |High_Court_of_Singapore|High_Court_Of_Singapore| |1931|1931| |Fay_Weldon|Fay_Weldon| , English author and playwright   1931    |George_Younger,_4th_Viscount_Younger_of_Leckie|George_Younger,_4Th_Viscount_Younger_Of_Leckie| , Scottish banker and politician,  |Secretary_of_State_for_Defence|Secretary_Of_State_For_Defence| |1932|1932| |Algirdas_Brazauskas|Algirdas_Brazauskas| , Lithuanian politician, 2nd  |President_of_Lithuania|President_Of_Lithuania|    1932    |Ingemar_Johansson|Ingemar_Johansson| , Swedish boxer    |1933|1933| |Leonardo_Balada|Leonardo_Balada| , Spanish-American composer and educator   1933    |T._Cullen_Davis|T._Cullen_Davis| , American businessman   1933    |Carmelo_Simeone|Carmelo_Simeone| , Italian-Argentinian footballer   1933    |Jesco_von_Puttkamer|Jesco_Von_Puttkamer| , German-American engineer    |1934|1934| |Jack_McGregor|Jack_Mcgregor| , American captain, lawyer, and politician   1934    |Lute_Olson|Lute_Olson| , American basketball player and coach   1934    |T._Somasekaram|T._Somasekaram| , Sri Lankan geographer and politician, 37th  |Surveyor_General_of_Sri_Lanka|Surveyor_General_Of_Sri_Lanka| |1936|1936| |Maurice_Evans|Maurice_Evans| , English footballer and manager    |1937|1937| |Don_Rutherford|Don_Rutherford| , English rugby player    |1938|1938| |Gene_Mingo|Gene_Mingo| , American football player    |1939|1939| |Bogdan_Baltazar|Bogdan_Baltazar| , Romanian economist and engineer   1939    |Deborah_Lavin|Deborah_Lavin| , South African-English historian and academic   1939    |Gilbert_E._Patterson|Gilbert_E._Patterson| , American bishop   1939    |Junko_Tabei|Junko_Tabei| , Japanese mountaineer    |1940|1940| |Anna_Karina|Anna_Karina| , Danish-French actress, director, and screenwriter    |1941|1941| |Jeremiah_Wright|Jeremiah_Wright| , American pastor and theologian    |1942|1942| |Ole_Anderson|Ole_Anderson| , American wrestler   1942    |Candida_Lycett_Green|Candida_Lycett_Green| , Anglo-Irish journalist and author   1942    |Rubén_Salazar_Gómez|Rubén_Salazar_Gómez| , Colombian cardinal   1942    |David_Stern|David_Stern| , American lawyer and businessman    |1943|1943| |Toni_Basil|Toni_Basil| , American singer-songwriter, dancer, and actress   1943    |Barry_Cable|Barry_Cable| , Australian footballer and coach   1943    |Paul_Hoffert|Paul_Hoffert| , American keyboard player, composer, and academic    |1944|1944| |Brian_Gibson|Brian_Gibson| , English director, producer, and screenwriter    |1946|1946| |King_Sunny_Adé|King_Sunny_Adé| , Nigerian singer-songwriter and guitarist   1946    |Larry_Dierker|Larry_Dierker| , American baseball player and manager    |1947|1947| |Jo_Beverley|Jo_Beverley| , English-Canadian author   1947    |David_Drewry|David_Drewry| , English glaciologist and geophysicist   1947    |Norma_McCorvey|Norma_Mccorvey| , American activist   1947    |Robert_Morace|Robert_Morace| , American author and academic    |1948|1948| |Denis_Burke|Denis_Burke| , Australian soldier and politician, 6th  |Chief_Minister_of_the_Northern_Territory|Chief_Minister_Of_The_Northern_Territory| |Mark_Phillips|Mark_Phillips| , English equestrian, trainer, and journalist    |1949|1949| |James_Cartwright|James_Cartwright| , American general   1949    |Jim_McGinty|Jim_Mcginty| , Australian lawyer and politician,  |Attorney-General_of_Western_Australia|Attorney-General_Of_Western_Australia| |1951|1951| |David_Coverdale|David_Coverdale| , English singer-songwriter   1951    |Mike_Graham|Mike_Graham| , American wrestler and promoter   1951    |Doug_Somers|Doug_Somers| , American wrestler    |1952|1952| |Bob_Goodlatte|Bob_Goodlatte| , American lawyer and politician   1952    |Sukhumbhand_Paribatra|Sukhumbhand_Paribatra| , Thai political scientist and politician, 15th  |Governor_of_Bangkok|Governor_Of_Bangkok| |Américo_Rocca|Américo_Rocca| , Mexican wrestler    |1953|1953| |Richard_Fairbrass|Richard_Fairbrass| , English singer-songwriter, musician and producer    1953    |Ségolène_Royal|Ségolène_Royal| , French politician    |1955|1955| |Jeffrey_Leonard|Jeffrey_Leonard| , American baseball player and coach    |1956|1956| |Debby_Boone|Debby_Boone| , American singer, actress, and author   1956    |Doug_Wimbish|Doug_Wimbish| , American singer-songwriter and bass player    |1956|1956| |Ibrahim_Shema|Ibrahim_Shema| , Nigerian lawyer, politician    |1957|1957| |Steve_Carney|Steve_Carney| , English footballer   1957    |Nick_Cave|Nick_Cave| , Australian singer-songwriter, author, and actor   1957    |Johnette_Napolitano|Johnette_Napolitano| , American singer-songwriter and bass player    1957    |Giuseppe_Saronni|Giuseppe_Saronni| , Italian cyclist and manager    |1958|1958| |Andrea_Bocelli|Andrea_Bocelli| , Italian singer-songwriter and producer   1958    |Beth_Catlin|Beth_Catlin| , American Autistic savant    1958    |Neil_Cavuto|Neil_Cavuto| , American journalist and author   1958    |Joan_Jett|Joan_Jett| , American singer-songwriter, guitarist, producer, and actress    |1959|1959| |Tai_Babilonia|Tai_Babilonia| , American figure skater and talk show host   1959    |Saul_Perlmutter|Saul_Perlmutter| , American astrophysicist, astronomer, and academic,  |Nobel_Prize|Nobel_Prize_In_Physics|  Laureate    |1960|1960| |Scott_Baio|Scott_Baio| , American actor    |1961|1961| |Vince_Coleman|Vince_Coleman| , American baseball player   1961    |Liam_Fox|Liam_Fox| , Scottish physician and politician,  |Secretary_of_State_for_Defence|Secretary_Of_State_For_Defence| |Bonnie_Hunt|Bonnie_Hunt| , American actress, producer, and talk show host   1961    |Diane_Lemieux|Diane_Lemieux| , Canadian lawyer and politician   1961    |Catherine_Oxenberg|Catherine_Oxenberg| , American actress   1961    |Michael_Torke|Michael_Torke| , American composer    |1962|1962| |Martin_Crowe|Martin_Crowe| , New Zealand cricketer and sportscaster    |1964|1964| |Juha_Turunen|Juha_Turunen| , Finnish lawyer and politician   1964    |Ken_Vandermark|Ken_Vandermark| , American saxophonist and composer    |1965|1965| |Dan_Bucatinsky|Dan_Bucatinsky| , American actor, director, producer, and screenwriter   1965    |Andrii_Deshchytsia|Andrii_Deshchytsia| , Ukrainian politician and diplomat,  |Ukrainian_Minister_of_Foreign_Affairs|Ministry_Of_Foreign_Affairs| |Mark_Guthrie|Mark_Guthrie| , American baseball player   1965    |Robert_Satcher|Robert_Satcher| , American physician, engineer, and astronaut    |1966|1966| |Ruth_Jones|Ruth_Jones| , Welsh actress, producer, and screenwriter   1966    |Mike_Richter|Mike_Richter| , American ice hockey player   1966    |Michael_Shank|Michael_Shank| , American racing team owner     |1967|1967| |Matt_Besser|Matt_Besser| , American actor, director, producer, and screenwriter   1967    |Super_Delfin|Super_Delfin| , Japanese wrestler   1967    |Brian_Keene|Brian_Keene| , American novelist   1967    |Ian_Mortimer|Ian_Mortimer| , English historian and novelist   1967    |Rickard_Rydell|Rickard_Rydell| , Swedish race car driver   1967    |Félix_Savón|Félix_Savón| , Cuban boxer    |1969|1969| |Nicole_Bradtke|Nicole_Bradtke| , Australian tennis player and sportscaster   1969    |Tuomas_Kantelinen|Tuomas_Kantelinen| , Finnish composer and conductor   1969    |Sue_Perkins|Sue_Perkins| , English comedian, actress, and radio host   1969    |Matt_Sharp|Matt_Sharp| , American singer-songwriter and bass player    |1970|1970| |Gladys_Berejiklian|Gladys_Berejiklian| , Australian politician, 45th  |Premier_of_New_South_Wales|Premier_Of_New_South_Wales| |Mike_Matheny|Mike_Matheny| , American baseball player and manager   1970    |Mystikal|Mystikal| , American rapper and actor   1970    |Hitro_Okesene|Hitro_Okesene| , New Zealand rugby player and coach   1970    |Rupert_Penry-Jones|Rupert_Penry-Jones| , English actor   1970    |Emmanuel_Petit|Emmanuel_Petit| , French footballer    |1971|1971| |Elizabeth_Bear|Elizabeth_Bear| , American author and poet   1971    |Toomas_Krõm|Toomas_Krõm| , Estonian footballer   1971    |Luther_Reigns|Luther_Reigns| , American actor and wrestler    |1973|1973| |Yoo_Chae-yeong|Yoo_Chae-Yeong| , South Korean singer-songwriter and actress   1973    |Stéfan_Louw|Stéfan_Louw| , South African tenor and producer   1973    |Bob_Sapp|Bob_Sapp| , American wrestler    |1974|1974| |Kostas_Kaiafas|Kostas_Kaiafas| , Cypriot footballer and manager    |1975|1975| |Ethan_Moreau|Ethan_Moreau| , Canadian ice hockey player and scout    |1976|1976| |David_Berkeley|David_Berkeley| , American singer-songwriter and guitarist   1976    |Mo_Collins|Mo_Collins| , American football player and coach    |1978|1978| |Harry_Kewell|Harry_Kewell| , Australian footballer and coach    |1979|1979| |Emilie_Autumn|Emilie_Autumn| , American singer-songwriter, violinist, and poet   1979    |Phil_Waugh|Phil_Waugh| , Australian rugby player    |1980|1980| |Francesco_DIsa|Francesco_Disa| , Italian painter and journalist   1980    |Svenja_Weidemann|Svenja_Weidemann| , German tennis player    |1981|1981| |Alexei_Ramírez|Alexei_Ramírez| , Cuban baseball player   1981    |Subaru_Shibutani|Subaru_Shibutani| , Japanese singer-songwriter   1981    |Ingrid_Vetlesen|Ingrid_Vetlesen| , Norwegian soprano    |1982|1982| |Domenic_Cassisi|Domenic_Cassisi| , Australian footballer   1982    |Billie_Piper|Billie_Piper| , English actress and singer   1982    |Maarten_Stekelenburg|Maarten_Stekelenburg| , Dutch footballer    |1983|1983| |Kyla|Kyla| , British singer   1983    |Glenn_Loovens|Glenn_Loovens| , Dutch professional footballer   1983    |Petr_Tatíček|Petr_Tatíček| , Czech professional ice hockey   1983    |Tommy_Thelin|Tommy_Thelin| , Swedish footballer    |1984|1984| |Ross_Jarman|Ross_Jarman| , English drummer and songwriter   1984    |Thiago_Silva|Thiago_Silva| , Brazilian footballer    |1985|1985| |Matteo_Cavagna|Matteo_Cavagna| , Italian footballer   1985    |Faris_Haroun|Faris_Haroun| , Belgian footballer   1985    |Jamie_Mackie|Jamie_Mackie| , Scottish footballer   1985    |Tatiana_Maslany|Tatiana_Maslany| , Canadian actress   1985    |Ibragim_Todashev|Ibragim_Todashev| , Russian-American mixed martial artist    |1987|1987| |Derick_Brassard|Derick_Brassard| , Canadian ice hockey player   1987    |Stefan_Denifl|Stefan_Denifl| , Austrian cyclist   1987    |Tom_Felton|Tom_Felton| , English actor   1987    |Zdravko_Kuzmanović|Zdravko_Kuzmanović| , Serbian footballer    |1988|1988| |Nikita_Andreyev|Nikita_Andreyev| , Russian footballer    |1989|1989| |Jon_Bass|Jon_Bass| , American actor   1989    |Kim_Hyo-yeon|Kim_Hyo-Yeon| , South Korean singer, dancer, and actress    1989    |Sabine_Lisicki|Sabine_Lisicki| , German tennis player    |1990|1990| |Denard_Robinson|Denard_Robinson| , American football player    |1991|1991| |Kenny_Bromwich|Kenny_Bromwich| , New Zealand rugby league player   1991    |Joe_Wardle|Joe_Wardle| , English rugby league player    |1992|1992| |Philip_Hindes|Philip_Hindes| , English track cyclist    |1993|1993| |Yutakayama_Ryota|Yutakayama_Ryota| , Japanese sumo wrestler    |1994|1994| |Carlos_Correa|Carlos_Correa| , Puerto Rican-American baseball player   1994    |Park_Jin-young|Park_Jin-Young| , South Korean singer, dancer, and actor     |1995|1995| |Nayeon|Nayeon| , Korean singer            |189|189| |He_Jin|He_Jin| , Chinese general and regent    |530|530| |Pope_Felix_IV|Pope_Felix_Iv| |904|904| |Zhao_Zong|Emperor_Zhaozong_Of_Tang| , emperor of the  |Tang_Dynasty|Tang_Dynasty| |967|967| |Wichmann_II|Wichmann_The_Younger| , Frankish nobleman    |1072|1072| |Ouyang_Xiu|Ouyang_Xiu| , Chinese historian, poet, and politician    |1158|1158| |Otto_of_Freising|Otto_Of_Freising| , German bishop and chronicler    |1174|1174| |Uchtred,_Lord_of_Galloway|Uhtred_Of_Galloway| |1253|1253| |Dōgen|Dōgen| , Japanese monk and philosopher    |1345|1345| |Henry,_3rd_Earl_of_Lancaster|Henry,_3Rd_Earl_Of_Lancaster| , English politician,  |Lord_High_Steward|Lord_High_Steward| |1399|1399| |Thomas_de_Mowbray,_1st_Duke_of_Norfolk|Thomas_De_Mowbray,_1St_Duke_Of_Norfolk| , English politician,  |Earl_Marshal_of_The_United_Kingdom|Earl_Marshal| |1408|1408| |John_VII_Palaiologos|John_Vii_Palaiologos| ,  |Byzantine_Emperor|Byzantine_Emperor| |1457|1457| |Peter_II,_Duke_of_Brittany|Peter_Ii,_Duke_Of_Brittany| |1482|1482| |Philibert_I,_Duke_of_Savoy|Philibert_I,_Duke_Of_Savoy| |1520|1520| |Selim_I|Selim_I| , Ottoman sultan    |1531|1531| |Louise_of_Savoy|Louise_Of_Savoy| , French regent    |1539|1539| |Guru_Nanak|Guru_Nanak| , Sikh religious leader, founded  |Sikhism|Sikhism| |1554|1554| |Francisco_Vázquez_de_Coronado|Francisco_Vázquez_De_Coronado| , Spanish explorer    |1566|1566| |Johannes_Agricola|Johannes_Agricola| , German theologian and academic    |1576|1576| |Walter_Devereux,_1st_Earl_of_Essex|Walter_Devereux,_1St_Earl_Of_Essex| |1598|1598| |Gabriel_Spenser|Gabriel_Spenser| , English actor Helen Ostovich, Holger Schott Syme, Andrew Griffin, Locating the Queens Men, 1583-1603: Material Practices and Conditions of Playing, Ashgate Publishing, 2009, p.91.    |1607|1607| |Alessandro_Allori|Alessandro_Allori| , Italian painter and educator    |1662|1662| |John_Biddle|John_Biddle| , English minister and theologian    |1692|1692| |Martha_Corey|Martha_Corey| , American woman accused of  |witchcraft|Witchcraft| |1703|1703| |Vincenzo_Viviani|Vincenzo_Viviani| , Italian mathematician and physicist    |1756|1756| |Abu_l-Hasan_Ali_I|Abu_L-Hasan_Ali_I| , ruler of Tunisia    |1774|1774| |Pope_Clement_XIV|Pope_Clement_Xiv| |1776|1776| |Nathan_Hale|Nathan_Hale| , American soldier    |1777|1777| |John_Bartram|John_Bartram| , American botanist and explorer    |1828|1828| |Shaka_Zulu|Shaka| , Zulu chieftain and monarch of the  |Zulu_Kingdom|Zulu_Kingdom| |1852|1852| |William_Tierney_Clark|William_Tierney_Clark| , English engineer, designed  |Hammersmith_Bridge|Hammersmith_Bridge| |1872|1872| |Vladimir_Dal|Vladimir_Dal| , Russian lexicographer and linguist    |1873|1873| |Friedrich_Frey-Herosé|Friedrich_Frey-Herosé| , Swiss lawyer and politician    |1881|1881| |Solomon_L._Spink|Solomon_L._Spink| , American lawyer and politician    |1914|1914| |Alain-Fournier|Alain-Fournier| , French soldier and author    |1919|1919| |Alajos_Gáspár|Alajos_Gáspár| , Hungarian-Slovene author and poet    |1935|1935| |Elliott_Lewis|Elliott_Lewis| , Australian politician, 19th  |Premier_of_Tasmania|Premier_Of_Tasmania| |1952|1952| |Kaarlo_Juho_Ståhlberg|Kaarlo_Juho_Ståhlberg| , Finnish lawyer, judge, and politician, 1st  |President_of_Finland|President_Of_Finland| |1956|1956| |Frederick_Soddy|Frederick_Soddy| , English chemist and economist,  |Nobel_Prize|Nobel_Prize_In_Chemistry|  laureate    |1957|1957| |Soemu_Toyoda|Soemu_Toyoda| , Japanese admiral    |1961|1961| |Marion_Davies|Marion_Davies| , American actress and comedian    |1969|1969| |Adolfo_López_Mateos|Adolfo_López_Mateos| , Mexican politician, 48th  |President_of_Mexico|President_Of_Mexico| |1973|1973| |Paul_van_Zeeland|Paul_Van_Zeeland| , Belgian lawyer, economist, and politician, 38th  |Prime_Minister_of_Belgium|Prime_Minister_Of_Belgium| |1979|1979| |Abul_Ala_Maududi|Abul_Ala_Maududi| , Pakistani theologian, Islamic scholar and jurist    |1981|1981| |Harry_Warren|Harry_Warren| , American composer and songwriter    |1987|1987| |Hákun_Djurhuus|Hákun_Djurhuus| , Faroese educator and politician, 4th  |Prime_Minister_of_the_Faroe_Islands|Prime_Minister_Of_The_Faroe_Islands|    1987    |Dan_Rowan|Dan_Rowan| , American actor, comedian, and producer    |1988|1988| |Rais_Amrohvi|Rais_Amrohvi| , Pakistani psychoanalyst, scholar, and poet    |1989|1989| |Ambrose_Folorunsho_Alli|Ambrose_Folorunsho_Alli| , Nigerian academic and politician   1989    |Irving_Berlin|Irving_Berlin| , Russian-born American composer and songwriter    |1992|1992| |Aurelio_López|Aurelio_López| , Mexican baseball player    |1993|1993| |Maurice_Abravanel|Maurice_Abravanel| , Greek-American pianist and conductor    |1994|1994| |Leonard_Feather|Leonard_Feather| , English-American pianist, composer, producer, and journalist    |1996|1996| |Ludmilla_Chiriaeff|Ludmilla_Chiriaeff| , Latvian-Canadian ballerina, choreographer, and director   1996    |Dorothy_Lamour|Dorothy_Lamour| , American actress and singer    |1999|1999| |George_C._Scott|George_C._Scott| , American actor, director, and producer    |2000|2000| |Saburō_Sakai|Saburō_Sakai| , Japanese lieutenant and pilot    |2001|2001| |Isaac_Stern|Isaac_Stern| , Polish-Ukrainian violinist and conductor    |2002|2002| |Jan_de_Hartog|Jan_De_Hartog| , Dutch-American author and playwright    |2003|2003| |Gordon_Jump|Gordon_Jump| , American actor   2003    |Hugo_Young|Hugo_Young| , English journalist and author    |2004|2004| |Pete_Schoening|Pete_Schoening| , American mountaineer   2004    |Ray_Traylor_Jr.|Big_Boss_Man| , American professional wrestler better-known as the Big Boss Man    |2006|2006| |Edward_Albert|Edward_Albert| , American actor   2006    |Carla_Benschop|Carla_Benschop| , Dutch basketball player and educator    |2007|2007| |Alí-Muhammad_Varqá|Alí-Muhammad_Varqá| , last  |Hand_of_the_Cause_of_God|Hands_Of_The_Cause|  in the  |Bahá’í_Faith|Bahá’Í_Faith| |2007|2007| |Marcel_Marceau|Marcel_Marceau| , French mime and actor    |2008|2008| |Thomas_Dörflein|Thomas_Dörflein| , German zookeeper   2008    |Petrus_Schaesberg|Petrus_Schaesberg| , German painter, historian, and educator    |2009|2009| |Edward_Delaney|Edward_Delaney| , Irish sculptor    |2010|2010| |Eddie_Fisher|Eddie_Fisher| , American singer   2010    |Vyacheslav_Tsaryov|Vyacheslav_Tsaryov| , Russian footballer    |2011|2011| |Knut_Steen|Knut_Steen| , Norwegian sculptor    |2012|2012| |Hector_Abhayavardhana|Hector_Abhayavardhana| , Sri Lankan theorist and academic   2012    |Irving_Adler|Irving_Adler| , American mathematician, author, and academic   2012    |Juan_H._Cintrón_García|Juan_H._Cintrón_García| , Puerto Rican businessman and politician, 126th  |Mayor_of_Ponce|List_Of_Mayors_Of_Ponce,_Puerto_Rico|    2012    |Grigory_Frid|Grigory_Frid| , Russian pianist and composer   2012    |Jan_Hendrik_van_den_Berg|Jan_Hendrik_Van_Den_Berg| , Dutch psychiatrist and academic    |2013|2013| |Gary_Brandner|Gary_Brandner| , American author and screenwriter   2013    |Jane_Connell|Jane_Connell| , American actress and singer   2013    |David_H._Hubel|David_H._Hubel| , Canadian-American neurophysiologist and academic,  |Nobel_Prize|Nobel_Prize_In_Physiology_Or_Medicine|  laureate   2013    |Álvaro_Mutis|Álvaro_Mutis| , Colombian-Mexican author and poet   2013    |Hans_Erich_Slany|Hans_Erich_Slany| , German industrial designer, founded  |TEAMS_Design|Teams_Design| |2014|2014| |Fernando_Cabrita|Fernando_Cabrita| , Portuguese footballer and manager   2014    |Sahana_Pradhan|Sahana_Pradhan| , Nepalese politician,  |Nepalese_Minister_of_Foreign_Affairs|Ministry_Of_Foreign_Affairs|    2014    |Erik_van_der_Wurff|Erik_Van_Der_Wurff| , Dutch pianist, composer, and conductor   2014    |Hans_E._Wallman|Hans_E._Wallman| , Swedish director, producer, and composer    |2015|2015| |Yogi_Berra|Yogi_Berra| , American baseball player, coach, and manager   2015    |Joe_LeSage|Joe_Lesage| , American lawyer and politician   2015    |James_David_Santini|James_David_Santini| , American lawyer and politician   2015    |Richard_G._Scott|Richard_G._Scott| , American engineer and religious leader   2015    |Phyllis_Tickle|Phyllis_Tickle| , American author and academic    |2018|2018| |Chas_Hodges|Chas_Hodges| , English musician and singer    2018    |Edna_Molewa|Edna_Molewa| , South African politician    2018    |Mike_Labinjo|Mike_Labinjo| , Canadian professional  |gridiron_football|Gridiron_Football|  player           |American_Business_Womens_Day|American_Business_Womens_Day|    Christian  |feast_days|Calendar_Of_Saints| |Candidus|Saint_Candidus| |Digna_and_Emerita|Digna_And_Emerita| |Emmeram_of_Regensburg|Emmeram_Of_Regensburg| |Felix_and_Constantia|Felix_And_Constantia| |Ignatius_of_Santhià|Ignatius_Of_Santhià| |Laud_of_Coutances|Laud_Of_Coutances| |Maurice|Saint_Maurice| |Paul_Chong_Hasang|Paul_Chong_Hasang| |Phocas|Saint_Phocas| |Phocas,_Bishop_of_Sinope|Phocas,_Bishop_Of_Sinope| |Sadalberga|Sadalberga| |Saintin_de_Meaux|Saintin_De_Meaux| |Septimius_of_Iesi|Septimius_Of_Iesi| |Theban_Legion|Theban_Legion| |Thomas_of_Villanova|Thomas_Of_Villanova| |Philander_Chase|Philander_Chase| |September_22|September_22| |autumnal_equinox|Autumnal_Equinox|  in the Northern Hemisphere and the  |vernal_equinox|Vernal_Equinox|  in the Southern Hemisphere:    |Autumnal_Equinox_Day|Autumnal_Equinox_Day| |Mabon|Mabon|  in the Northern Hemisphere,  |Ostara|Ostara|  in the Southern Hemisphere.    The first day of  |Miķeļi|Miķeļi| |Independence_Day|Independence_Day| , celebrates the independence of  |Bulgaria|Bulgaria|  from the  |Ottoman_Empire|Ottoman_Empire|  in 1908.    |Independence_Day|Independence_Day| , celebrates the independence of  |Mali|Mali|  from France in 1960.    |Resistance_Fighting_Day|Resistance_Fighting_Day|  .